CSI_META: ts=3310902436 rssi=-31CSI_META: ts=3310902436 rssi=-31CSI_META: ts=3310902436 rssi=-31CSI_META: ts=3310902436 rssi=-31CSI_META: ts=3310902436 rssi=-31CSI_META: ts=3310902436 rssi=-31CSI_META: ts=3310902436 rssi=-31CSI_META: ts=3310902436 rssi=-31CSI_META: ts=3310902436 rssi=-31CSI_META: ts=3310902436 rssi=-31CSI_META: ts=3310902436 rssi=-31CSI_META: ts=3310902436 rssi=-31CSI_META: ts=3310902436 rssi=-31CSI_META: ts=3310902436 rssi=-31CSI_META: ts=3310902436 rssi=-31CSI_META: ts=3310902436 rssi=-31CSI_META: ts=3310902436 rssi=-31CSI_META: ts=3310902436 rssi=-31CSI_META: ts=3310902436 rssi=-31CSI_META: ts=3310902436 rssi=-31CSI_META: ts=3310902436 rssi=-31CSI_META: ts=3310902436 rssi=-31CSI_META: ts=3310902436 rssi=-31CSI_META: ts=3310902436 rssi=-31CSI_META: ts=3310902436 rssi=-31CSI_META: ts=3310902436 rssi=-31CSI_META: ts=3310902436 rssi=-31CSI_META: ts=3310902436 rssi=-31CSI_META: ts=3310902436 rssi=-31CSI_META: ts=3310902436 rssi=-31CSI_META: ts=3310902436 rssi=-31dary_channel=0 sig_mode=0 mcs=0 rate=9 cwb=0 sgi=0 stbc=0 ant=0 len=128 rx_state=0 seq=-1 tx_mac=52:40:27:94:0a:bb
CSI_DATA: 28 -64 1 0 -35 21 -31 23 -26 22 -22 21 -18 19 -15 15 -13 11 -13 8 -14 4 -15 1 -17 -1 -19 -2 -21 -2 -22 -2 -23 -1 -23 -1 -21 0 -19 0 -17 0 -15 0 -13 -1 -11 -1 -9 -3 -7 -4 -5 -6 0 0 0 0 0 0 0 0 0 0 0 0 0 0 0 0 0 0 0 0 0 0 9 8 7 8 4 8 1 8 -1 8 -4 9 -6 10 -9 11 -12 13 -14 16 -15 18 -16 20 -16 22 -15 22 -13 23 -12 22 -11 20 -10 18 -10 15 -12 12 -14 9 -18 7 -23 7 -28 7 -32 9 -35 13
CSI_META: ts=3311078349 rssi=-30 noise_floor=-98 channel=6 secondary_channel=0 sig_mode=0 mcs=0 rate=9 cwb=0 sgi=0 stbc=0 ant=0 len=128 rx_state=0 seq=-1 tx_mac=52:40:27:94:0a:bb
CSI_DATA: 28 -64 1 0 -9 13 -8 11 -8 8 -9 6 -9 5 -11 4 -12 4 -13 4 -13 5 -14 5 -14 6 -13 7 -12 7 -11 7 -10 7 -8 6 -7 5 -6 3 -6 2 -5 0 -5 -1 -5 -2 -5 -3 -5 -5 -5 -6 0 0 0 0 0 0 0 0 0 0 0 0 0 0 0 0 0 0 0 0 0 0 1 5 0 6 -1 7 -2 7 -2 8 -3 9 -3 9 -3 10 -3 11 -3 11 -3 11 -3 10 -3 9 -4 8 -5 7 -7 6 -8 6 -10 6 -12 7 -14 8 -15 9 -16 11 -16 13 -16 15 -15 16 -13 17
CSI_META: ts=3311435228 rssi=-31 noise_floor=-98 channel=6 secondary_channel=0 sig_mode=0 mcs=0 rate=9 cwb=0 sgi=0 stbc=0 ant=0 len=128 rx_state=0 seq=-1 tx_mac=52:40:27:94:0a:bb
CSI_DATA: 28 -64 1 0 16 10 16 9 16 9 16 7 16 6 15 5 14 4 13 3 12 3 11 3 10 3 10 3 9 4 9 5 8 5 8 5 8 5 7 5 7 5 6 5 6 5 6 5 5 5 4 5 3 5 0 0 0 0 0 0 0 0 0 0 0 0 0 0 0 0 0 0 0 0 0 0 8 -2 8 -1 8 -1 8 0 7 1 7 1 7 2 7 3 8 5 8 6 8 7 9 8 10 8 10 8 11 9 11 9 12 8 13 8 13 7 14 7 13 7 14 7 13 8 13 9 14 9 15 10
CSI_META: ts=3311487984 rssi=-31 noise_floor=-98 channel=6 secondary_channel=0 sig_mode=0 mcs=0 rate=9 cwb=0 sgi=0 stbc=0 ant=0 len=128 rx_state=0 seq=-1 tx_mac=52:40:27:94:0a:bb
CSI_DATA: 28 -64 1 0 16 2 18 3 20 2 20 1 21 0 20 -1 19 -3 17 -4 15 -4 12 -4 10 -3 8 -2 6 0 5 2 3 4 3 6 2 7 1 8 1 8 1 9 1 9 0 10 0 9 -1 9 -1 8 0 0 0 0 0 0 0 0 0 0 0 0 0 0 0 0 0 0 0 0 0 0 -10 -3 -10 -4 -9 -4 -8 -5 -8 -5 -6 -5 -5 -4 -3 -5 -1 -5 1 -6 3 -7 6 -8 8 -9 9 -11 11 -12 11 -14 10 -15 10 -17 9 -17 8 -17 7 -16 6 -15 5 -13 6 -10 7 -7 8 -4
CSI_META: ts=3312236916 rssi=-31 noise_floor=-98 channel=6 secondary_channel=0 sig_mode=0 mcs=0 rate=9 cwb=0 sgi=0 stbc=0 ant=0 len=128 rx_state=0 seq=-1 tx_mac=52:40:27:94:0a:bb
CSI_DATA: 28 -64 1 0 0 18 1 19 2 19 3 18 4 17 5 16 6 14 5 12 5 10 3 9 2 8 1 7 -1 7 -3 8 -4 8 -5 8 -5 8 -5 8 -5 8 -4 8 -4 7 -4 7 -4 6 -4 5 -4 3 0 0 0 0 0 0 0 0 0 0 0 0 0 0 0 0 0 0 0 0 0 0 8 -1 9 -1 8 -1 8 0 8 0 7 1 7 2 6 2 5 4 4 5 4 7 3 9 3 10 4 12 4 13 6 14 6 15 8 14 9 13 10 13 9 11 9 11 7 11 5 11 4 12 2 13
CSI_META: ts=3312237052 rssi=-32 noise_floor=-98 channel=6 secondary_channel=0 sig_mode=0 mcs=0 rate=9 cwb=0 sgi=0 stbc=0 ant=0 len=128 rx_state=0 seq=-1 tx_mac=52:40:27:94:0a:bb
CSI_DATA: 28 -64 1 0 -3 -30 -4 -31 -5 -32 -7 -31 -10 -29 -11 -27 -12 -24 -12 -21 -11 -19 -9 -17 -7 -15 -5 -13 -2 -12 0 -13 2 -13 4 -14 5 -14 5 -14 5 -14 5 -14 5 -14 5 -14 5 -13 6 -11 6 -10 0 0 0 0 0 0 0 0 0 0 0 0 0 0 0 0 0 0 0 0 0 0 -15 2 -14 0 -14 -1 -13 -2 -13 -2 -11 -4 -10 -5 -9 -7 -8 -9 -8 -12 -7 -15 -7 -17 -8 -20 -8 -22 -10 -23 -12 -25 -13 -24 -15 -24 -16 -22 -16 -21 -16 -19 -14 -18 -12 -18 -9 -19 -7 -20 -5 -23
CSI_META: ts=3312237170 rssi=-31 noise_floor=-98 channel=6 secondary_channel=0 sig_mode=0 mcs=0 rate=9 cwb=0 sgi=0 stbc=0 ant=0 len=128 rx_state=0 seq=-1 tx_mac=52:40:27:94:0a:bb
CSI_DATA: 28 -64 1 0 -12 -15 -13 -14 -14 -15 -14 -13 -15 -11 -15 -10 -14 -8 -13 -7 -12 -6 -10 -6 -9 -5 -7 -6 -6 -6 -5 -8 -3 -8 -3 -9 -2 -9 -3 -9 -2 -9 -3 -9 -3 -9 -2 -9 -2 -8 -1 -8 0 -7 0 0 0 0 0 0 0 0 0 0 0 0 0 0 0 0 0 0 0 0 0 0 -7 5 -7 4 -8 4 -8 3 -8 3 -7 2 -7 1 -7 -1 -7 -2 -8 -4 -8 -6 -9 -7 -10 -8 -11 -9 -12 -9 -14 -9 -14 -8 -16 -8 -15 -6 -16 -5 -15 -5 -14 -4 -13 -6 -11 -7 -10 -8 -10 -10
CSI_META: ts=3312240803 rssi=-31 noise_floor=-98 channel=6 secondary_channel=0 sig_mode=0 mcs=0 rate=9 cwb=0 sgi=0 stbc=0 ant=0 len=128 rx_state=0 seq=-1 tx_mac=52:40:27:94:0a:bb
CSI_DATA: 28 -64 1 0 -19 1 -19 2 -20 3 -19 4 -18 5 -17 6 -14 6 -13 6 -11 5 -9 4 -9 2 -9 1 -8 -1 -9 -2 -9 -3 -10 -4 -9 -4 -10 -4 -9 -4 -9 -3 -9 -4 -8 -3 -7 -3 -6 -4 -5 -4 0 0 0 0 0 0 0 0 0 0 0 0 0 0 0 0 0 0 0 0 0 0 0 8 0 8 -1 8 -2 8 -2 8 -2 7 -3 6 -4 6 -5 5 -7 4 -8 4 -10 3 -11 3 -13 4 -14 5 -15 6 -15 7 -16 8 -14 9 -14 9 -13 9 -12 8 -11 7 -12 5 -13 4 -14 2
CSI_META: ts=3312240966 rssi=-31 noise_floor=-98 channel=6 secondary_channel=0 sig_mode=0 mcs=0 rate=9 cwb=0 sgi=0 stbc=0 ant=0 len=128 rx_state=0 seq=-1 tx_mac=52:40:27:94:0a:bb
CSI_DATA: 28 -64 1 0 -1 18 -1 18 0 19 2 18 3 17 4 16 5 15 5 13 4 11 4 10 3 8 1 7 0 7 -2 7 -3 7 -4 7 -4 7 -5 7 -5 7 -5 7 -5 7 -5 7 -5 6 -5 5 -5 4 0 0 0 0 0 0 0 0 0 0 0 0 0 0 0 0 0 0 0 0 0 0 8 -1 8 0 8 0 7 0 7 1 6 2 5 3 4 4 4 5 3 7 3 8 3 10 3 12 3 13 4 14 5 14 6 15 7 14 8 13 8 13 8 11 7 11 5 11 4 11 3 12 1 13
CSI_META: ts=3312241102 rssi=-31 noise_floor=-98 channel=6 secondary_channel=0 sig_mode=0 mcs=0 rate=9 cwb=0 sgi=0 stbc=0 ant=0 len=128 rx_state=0 seq=-1 tx_mac=52:40:27:94:0a:bb
CSI_DATA: 28 -64 1 0 -5 -18 -6 -18 -7 -19 -8 -18 -9 -16 -10 -15 -10 -13 -10 -12 -8 -10 -7 -9 -6 -8 -5 -8 -3 -8 -1 -8 0 -9 0 -9 1 -9 1 -10 2 -9 1 -9 1 -9 1 -9 2 -8 2 -7 2 -6 0 0 0 0 0 0 0 0 0 0 0 0 0 0 0 0 0 0 0 0 0 0 -9 2 -9 1 -9 1 -8 0 -8 0 -7 -1 -7 -2 -7 -3 -6 -5 -6 -6 -6 -8 -6 -10 -6 -11 -7 -12 -8 -13 -10 -14 -11 -13 -12 -13 -12 -12 -13 -11 -12 -10 -11 -10 -9 -10 -8 -10 -6 -12 -6 -14
CSI_META: ts=3312614372 rssi=-31 noise_floor=-98 channel=6 secondary_channel=0 sig_mode=0 mcs=0 rate=9 cwb=0 sgi=0 stbc=0 ant=0 len=128 rx_state=0 seq=-1 tx_mac=52:40:27:94:0a:bb
CSI_DATA: 28 -64 1 0 -19 7 -20 5 -21 3 -23 3 -24 3 -25 4 -25 6 -24 8 -23 9 -21 10 -19 10 -17 9 -15 8 -13 6 -12 4 -11 1 -10 0 -10 -2 -9 -4 -10 -5 -10 -7 -10 -7 -10 -8 -10 -9 -9 -10 0 0 0 0 0 0 0 0 0 0 0 0 0 0 0 0 0 0 0 0 0 0 0 11 -2 12 -3 13 -4 13 -4 13 -4 13 -5 13 -5 13 -5 13 -6 12 -8 11 -9 9 -11 8 -14 7 -16 6 -18 6 -21 7 -22 9 -24 11 -25 13 -25 15 -23 17 -22 18 -21 18 -19 18 -18 16
CSI_META: ts=3312995386 rssi=-31 noise_floor=-98 channel=6 secondary_channel=0 sig_mode=0 mcs=0 rate=9 cwb=0 sgi=0 stbc=0 ant=0 len=128 rx_state=0 seq=-1 tx_mac=52:40:27:94:0a:bb
CSI_DATA: 28 -64 1 0 -5 -22 -6 -21 -6 -19 -7 -17 -7 -14 -6 -13 -5 -11 -3 -11 -2 -10 0 -10 0 -11 1 -11 1 -12 1 -13 1 -13 1 -12 1 -12 0 -11 0 -10 0 -9 0 -8 1 -7 2 -6 2 -5 3 -4 0 0 0 0 0 0 0 0 0 0 0 0 0 0 0 0 0 0 0 0 0 0 -7 -1 -7 -2 -6 -3 -5 -4 -4 -5 -3 -7 -3 -8 -3 -9 -3 -11 -3 -12 -3 -14 -4 -14 -5 -15 -5 -15 -6 -14 -6 -14 -6 -13 -5 -12 -4 -11 -3 -11 -2 -12 0 -13 1 -16 1 -17 1 -20 0 -22
CSI_META: ts=3315227110 rssi=-32 noise_floor=-98 channel=6 secondary_channel=0 sig_mode=0 mcs=0 rate=9 cwb=0 sgi=0 stbc=0 ant=0 len=128 rx_state=0 seq=-1 tx_mac=52:40:27:94:0a:bb
CSI_DATA: 28 -64 1 0 -8 -20 -5 -20 -3 -23 -2 -24 -2 -26 -3 -27 -5 -27 -6 -27 -8 -26 -10 -24 -10 -21 -10 -19 -9 -16 -7 -15 -5 -13 -3 -12 0 -10 2 -10 4 -9 5 -9 7 -10 8 -10 9 -10 9 -10 10 -9 0 0 0 0 0 0 0 0 0 0 0 0 0 0 0 0 0 0 0 0 0 0 -13 -2 -14 -3 -15 -4 -15 -5 -15 -5 -15 -5 -15 -6 -15 -6 -14 -7 -13 -8 -11 -9 -9 -11 -8 -12 -7 -15 -6 -17 -6 -21 -6 -23 -9 -26 -10 -26 -13 -28 -15 -27 -17 -27 -19 -26 -20 -24 -19 -22 -16 -21
CSI_META: ts=3315598586 rssi=-30 noise_floor=-98 channel=6 secondary_channel=0 sig_mode=0 mcs=0 rate=9 cwb=0 sgi=0 stbc=0 ant=0 len=128 rx_state=0 seq=-1 tx_mac=52:40:27:94:0a:bb
CSI_DATA: 28 -64 1 0 -8 10 -9 9 -10 9 -11 9 -12 9 -12 10 -11 11 -10 12 -9 12 -8 12 -7 11 -6 10 -5 9 -5 8 -5 6 -5 5 -5 3 -6 2 -6 1 -7 1 -7 0 -8 0 -8 -1 -8 -1 -8 -2 0 0 0 0 0 0 0 0 0 0 0 0 0 0 0 0 0 0 0 0 0 0 3 6 2 7 2 8 1 8 1 8 1 9 1 8 1 8 0 8 -1 8 -2 8 -3 7 -4 7 -6 7 -7 8 -9 9 -10 10 -10 12 -10 13 -10 15 -9 16 -8 16 -7 17 -6 16 -5 15 -5 14
CSI_META: ts=3315602481 rssi=-31 noise_floor=-98 channel=6 secondary_channel=0 sig_mode=0 mcs=0 rate=9 cwb=0 sgi=0 stbc=0 ant=0 len=128 rx_state=0 seq=-1 tx_mac=52:40:27:94:0a:bb
CSI_DATA: 28 -64 1 0 6 12 5 13 3 14 4 15 4 15 5 16 5 16 6 16 7 15 8 13 8 12 7 10 6 9 5 8 3 7 2 7 0 7 -1 6 -2 6 -3 6 -4 6 -5 7 -5 7 -6 7 -6 6 0 0 0 0 0 0 0 0 0 0 0 0 0 0 0 0 0 0 0 0 0 0 8 -1 8 0 9 0 9 1 9 1 9 1 9 2 9 2 9 3 8 3 8 4 7 5 6 6 5 8 5 10 5 12 5 14 7 15 9 15 10 16 12 15 13 15 14 15 14 13 14 12 12 11
CSI_META: ts=3315602617 rssi=-30 noise_floor=-98 channel=6 secondary_channel=0 sig_mode=0 mcs=0 rate=9 cwb=0 sgi=0 stbc=0 ant=0 len=128 rx_state=0 seq=-1 tx_mac=52:40:27:94:0a:bb
CSI_DATA: 28 -64 1 0 -9 -12 -7 -12 -6 -15 -7 -15 -7 -16 -8 -17 -9 -16 -10 -15 -11 -15 -11 -13 -11 -11 -10 -10 -8 -8 -7 -8 -5 -7 -4 -7 -2 -7 -1 -7 0 -7 1 -8 1 -8 2 -9 2 -9 3 -9 3 -8 0 0 0 0 0 0 0 0 0 0 0 0 0 0 0 0 0 0 0 0 0 0 -8 0 -9 -1 -10 -1 -10 -2 -11 -2 -11 -2 -10 -2 -11 -3 -10 -3 -10 -4 -9 -5 -8 -6 -7 -7 -7 -9 -7 -10 -7 -12 -8 -13 -9 -15 -11 -15 -13 -16 -14 -15 -16 -14 -16 -14 -16 -13 -16 -11 -14 -11
CSI_META: ts=3315602771 rssi=-30 noise_floor=-98 channel=6 secondary_channel=0 sig_mode=0 mcs=0 rate=9 cwb=0 sgi=0 stbc=0 ant=0 len=128 rx_state=0 seq=-1 tx_mac=52:40:27:94:0a:bb
CSI_DATA: 28 -64 1 0 -9 -12 -8 -12 -7 -14 -7 -15 -8 -15 -9 -16 -10 -16 -10 -15 -11 -14 -11 -13 -11 -11 -10 -9 -9 -8 -7 -8 -5 -8 -4 -7 -2 -7 -1 -7 0 -7 1 -8 1 -9 2 -9 2 -9 3 -9 3 -8 0 0 0 0 0 0 0 0 0 0 0 0 0 0 0 0 0 0 0 0 0 0 -8 1 -9 0 -10 0 -10 -1 -11 -1 -11 -1 -11 -1 -11 -2 -10 -2 -10 -3 -10 -4 -9 -5 -8 -6 -7 -8 -7 -9 -8 -12 -9 -13 -10 -14 -12 -14 -14 -15 -15 -14 -16 -13 -17 -13 -17 -11 -16 -10 -14 -10
CSI_META: ts=3315875193 rssi=-31 noise_floor=-98 channel=6 secondary_channel=0 sig_mode=0 mcs=0 rate=9 cwb=0 sgi=0 stbc=0 ant=0 len=128 rx_state=0 seq=-1 tx_mac=52:40:27:94:0a:bb
CSI_DATA: 28 -64 1 0 16 3 14 3 11 4 10 4 8 5 8 7 8 8 8 9 9 10 10 9 10 9 11 8 10 7 10 7 9 5 8 5 6 4 5 4 3 4 2 4 1 4 0 5 -1 6 -2 6 -3 6 0 0 0 0 0 0 0 0 0 0 0 0 0 0 0 0 0 0 0 0 0 0 3 -4 4 -3 5 -2 6 -1 7 0 8 0 9 1 10 0 11 1 12 0 12 0 12 0 11 0 10 0 10 1 9 2 8 3 8 5 9 7 10 8 12 9 14 10 15 11 18 10 19 9 20 8
CSI_META: ts=3315929487 rssi=-31 noise_floor=-98 channel=6 secondary_channel=0 sig_mode=0 mcs=0 rate=9 cwb=0 sgi=0 stbc=0 ant=0 len=128 rx_state=0 seq=-1 tx_mac=52:40:27:94:0a:bb
CSI_DATA: 28 -64 1 0 -14 0 -14 -1 -15 -3 -16 -4 -17 -3 -18 -3 -18 -2 -17 -1 -17 1 -16 1 -15 2 -13 2 -12 2 -10 1 -9 0 -8 -1 -7 -2 -6 -3 -5 -4 -5 -5 -5 -6 -5 -7 -5 -7 -5 -8 -4 -8 0 0 0 0 0 0 0 0 0 0 0 0 0 0 0 0 0 0 0 0 0 0 -4 7 -5 7 -6 8 -6 7 -6 8 -6 7 -7 7 -7 7 -7 6 -7 6 -8 4 -8 3 -10 2 -11 0 -12 0 -14 -1 -16 -1 -17 0 -18 1 -20 3 -20 4 -20 5 -19 7 -18 7 -17 7 -16 6
CSI_META: ts=3315929645 rssi=-31 noise_floor=-98 channel=6 secondary_channel=0 sig_mode=0 mcs=0 rate=9 cwb=0 sgi=0 stbc=0 ant=0 len=128 rx_state=0 seq=-1 tx_mac=52:40:27:94:0a:bb
CSI_DATA: 28 -64 1 0 -10 9 -11 8 -13 8 -14 7 -15 8 -15 9 -14 10 -13 11 -12 12 -10 12 -9 10 -8 9 -7 7 -7 7 -6 5 -7 3 -7 2 -7 0 -8 -1 -8 -1 -8 -2 -9 -2 -9 -2 -9 -3 -8 -3 0 0 0 0 0 0 0 0 0 0 0 0 0 0 0 0 0 0 0 0 0 0 3 6 2 7 1 8 1 9 1 10 1 9 0 10 0 10 0 10 -1 10 -1 9 -3 8 -4 8 -6 8 -7 7 -9 9 -10 9 -11 11 -12 12 -13 15 -12 16 -11 17 -10 17 -8 17 -7 16 -7 15
CSI_META: ts=3316244805 rssi=-31 noise_floor=-98 channel=6 secondary_channel=0 sig_mode=0 mcs=0 rate=9 cwb=0 sgi=0 stbc=0 ant=0 len=128 rx_state=0 seq=-1 tx_mac=52:40:27:94:0a:bb
CSI_DATA: 28 -64 1 0 2 -19 1 -20 0 -21 -2 -20 -3 -19 -5 -18 -5 -16 -5 -14 -4 -12 -3 -11 -2 -9 -1 -9 1 -8 2 -9 3 -9 4 -9 5 -9 4 -9 4 -9 4 -9 4 -8 4 -8 4 -7 4 -6 4 -5 0 0 0 0 0 0 0 0 0 0 0 0 0 0 0 0 0 0 0 0 0 0 -9 -2 -9 -2 -9 -3 -9 -3 -8 -3 -7 -4 -7 -4 -6 -5 -5 -6 -4 -7 -3 -9 -2 -11 -2 -13 -2 -14 -3 -15 -4 -16 -5 -17 -6 -17 -7 -16 -8 -15 -8 -14 -7 -13 -5 -13 -4 -13 -2 -13 0 -15
CSI_META: ts=3316291387 rssi=-31 noise_floor=-98 channel=6 secondary_channel=0 sig_mode=0 mcs=0 rate=9 cwb=0 sgi=0 stbc=0 ant=0 len=128 rx_state=0 seq=-1 tx_mac=52:40:27:94:0a:bb
CSI_DATA: 28 -64 1 0 -13 -18 -14 -16 -13 -15 -13 -12 -12 -10 -10 -9 -8 -8 -6 -8 -5 -9 -4 -9 -3 -10 -3 -11 -4 -11 -3 -12 -4 -12 -4 -12 -4 -11 -4 -10 -4 -9 -4 -8 -3 -7 -2 -7 -1 -6 0 -5 2 -5 0 0 0 0 0 0 0 0 0 0 0 0 0 0 0 0 0 0 0 0 0 0 -7 2 -7 0 -7 -1 -6 -2 -6 -3 -6 -4 -6 -6 -6 -7 -7 -9 -8 -10 -8 -11 -9 -12 -10 -12 -11 -11 -11 -11 -11 -10 -11 -9 -10 -9 -9 -8 -7 -9 -6 -10 -6 -12 -5 -14 -6 -16 -7 -18 -9 -20
CSI_META: ts=3316393878 rssi=-31 noise_floor=-98 channel=6 secondary_channel=0 sig_mode=0 mcs=0 rate=9 cwb=0 sgi=0 stbc=0 ant=0 len=128 rx_state=0 seq=-1 tx_mac=52:40:27:94:0a:bb
CSI_DATA: 28 -64 1 0 -13 -21 -14 -19 -13 -16 -13 -14 -12 -11 -10 -10 -8 -9 -5 -9 -4 -9 -2 -11 -2 -11 -2 -12 -2 -13 -2 -14 -2 -14 -3 -13 -3 -12 -3 -11 -2 -10 -2 -9 -2 -8 -1 -7 0 -6 2 -5 3 -4 0 0 0 0 0 0 0 0 0 0 0 0 0 0 0 0 0 0 0 0 0 0 -8 3 -8 2 -7 1 -7 -1 -6 -2 -6 -3 -6 -5 -6 -7 -7 -8 -8 -10 -9 -12 -9 -12 -11 -12 -11 -12 -12 -11 -12 -11 -12 -10 -11 -9 -10 -9 -8 -9 -7 -10 -5 -12 -4 -15 -4 -17 -6 -19 -7 -22
CSI_META: ts=3316394826 rssi=-31 noise_floor=-98 channel=6 secondary_channel=0 sig_mode=0 mcs=0 rate=9 cwb=0 sgi=0 stbc=0 ant=0 len=128 rx_state=0 seq=-1 tx_mac=52:40:27:94:0a:bb
CSI_DATA: 28 -64 1 0 17 15 17 13 17 11 15 8 14 7 11 6 9 5 7 6 6 6 4 8 4 9 4 10 4 11 4 12 5 12 5 11 5 10 5 9 4 8 4 7 3 6 2 5 0 5 -1 4 -3 4 0 0 0 0 0 0 0 0 0 0 0 0 0 0 0 0 0 0 0 0 0 0 5 -6 6 -5 5 -4 5 -2 5 0 6 1 6 2 7 4 8 6 9 7 11 8 12 8 13 8 14 7 14 7 13 6 13 5 12 5 11 5 9 6 8 7 8 9 7 12 8 14 10 16 12 18
CSI_META: ts=3316540380 rssi=-31 noise_floor=-98 channel=6 secondary_channel=0 sig_mode=0 mcs=0 rate=9 cwb=0 sgi=0 stbc=0 ant=0 len=128 rx_state=0 seq=-1 tx_mac=52:40:27:94:0a:bb
CSI_DATA: 28 -64 1 0 -29 -23 -28 -20 -27 -17 -25 -14 -23 -11 -20 -10 -16 -10 -13 -10 -12 -11 -10 -13 -10 -14 -10 -15 -10 -17 -10 -18 -11 -17 -11 -17 -11 -16 -10 -14 -9 -12 -8 -12 -7 -11 -5 -10 -3 -9 -1 -9 1 -8 0 0 0 0 0 0 0 0 0 0 0 0 0 0 0 0 0 0 0 0 0 0 -10 6 -10 4 -10 2 -10 0 -10 -2 -10 -4 -11 -6 -12 -9 -14 -11 -16 -12 -18 -13 -19 -14 -21 -13 -21 -12 -21 -11 -22 -11 -20 -10 -19 -10 -17 -10 -16 -11 -14 -13 -14 -16 -14 -20 -17 -23 -19 -25 -22 -27
CSI_META: ts=3316812467 rssi=-31 noise_floor=-98 channel=6 secondary_channel=0 sig_mode=0 mcs=0 rate=9 cwb=0 sgi=0 stbc=0 ant=0 len=128 rx_state=0 seq=-1 tx_mac=52:40:27:94:0a:bb
CSI_DATA: 28 -64 1 0 3 18 4 18 5 18 6 18 7 17 8 15 8 13 8 12 7 10 6 8 5 7 3 7 2 7 0 8 -1 8 -2 8 -2 8 -3 8 -3 8 -3 8 -3 8 -3 8 -3 7 -3 7 -4 6 0 0 0 0 0 0 0 0 0 0 0 0 0 0 0 0 0 0 0 0 0 0 8 -2 8 -2 8 -1 7 -1 7 0 6 1 6 2 5 3 5 5 4 7 4 8 4 10 5 11 6 12 7 13 8 13 9 13 10 13 10 12 11 11 10 10 9 10 8 10 7 10 5 11 4 13
CSI_META: ts=3316962548 rssi=-31 noise_floor=-98 channel=6 secondary_channel=0 sig_mode=0 mcs=0 rate=9 cwb=0 sgi=0 stbc=0 ant=0 len=128 rx_state=0 seq=-1 tx_mac=52:40:27:94:0a:bb
CSI_DATA: 28 -64 1 0 6 10 5 11 4 13 4 14 4 15 5 15 6 15 7 14 8 14 8 12 8 10 7 9 6 8 5 7 3 6 2 7 0 6 -1 6 -2 6 -3 6 -3 7 -4 7 -5 7 -5 7 -6 6 0 0 0 0 0 0 0 0 0 0 0 0 0 0 0 0 0 0 0 0 0 0 7 -1 8 0 8 0 9 1 9 1 9 1 9 1 9 2 9 2 9 3 8 4 7 5 6 6 5 7 5 9 5 11 6 12 7 14 8 13 10 14 11 14 13 13 14 13 14 12 14 11 12 10
CSI_META: ts=3317327456 rssi=-32 noise_floor=-98 channel=6 secondary_channel=0 sig_mode=0 mcs=0 rate=9 cwb=0 sgi=0 stbc=0 ant=0 len=128 rx_state=0 seq=-1 tx_mac=52:40:27:94:0a:bb
CSI_DATA: 28 -64 1 0 1 -29 0 -30 -1 -32 -4 -31 -6 -30 -8 -27 -8 -25 -9 -23 -9 -20 -7 -17 -5 -15 -3 -13 -1 -12 2 -13 3 -13 5 -13 7 -13 7 -13 7 -13 7 -13 7 -13 7 -12 7 -11 7 -10 7 -8 0 0 0 0 0 0 0 0 0 0 0 0 0 0 0 0 0 0 0 0 0 0 -14 0 -14 -1 -14 -1 -13 -2 -12 -3 -11 -4 -9 -6 -8 -7 -7 -9 -6 -12 -6 -15 -5 -17 -5 -20 -6 -22 -7 -23 -9 -25 -11 -25 -12 -25 -14 -23 -14 -21 -13 -20 -13 -19 -10 -19 -8 -18 -5 -20 -3 -22
CSI_META: ts=3317678850 rssi=-31 noise_floor=-98 channel=6 secondary_channel=0 sig_mode=0 mcs=0 rate=9 cwb=0 sgi=0 stbc=0 ant=0 len=128 rx_state=0 seq=-1 tx_mac=52:40:27:94:0a:bb
CSI_DATA: 28 -64 1 0 12 -13 11 -11 10 -10 10 -7 10 -6 10 -5 11 -4 12 -4 13 -4 13 -5 13 -5 13 -6 12 -6 11 -7 10 -6 9 -6 8 -5 7 -4 6 -3 5 -2 5 0 5 1 5 2 4 3 4 4 0 0 0 0 0 0 0 0 0 0 0 0 0 0 0 0 0 0 0 0 0 0 -1 -6 1 -7 2 -7 3 -7 5 -8 5 -8 6 -9 6 -10 7 -10 7 -10 7 -11 7 -10 7 -10 7 -9 7 -8 7 -7 8 -5 10 -5 12 -5 14 -5 15 -6 17 -7 18 -9 19 -11 19 -13 18 -15
CSI_META: ts=3317939203 rssi=-31 noise_floor=-98 channel=6 secondary_channel=0 sig_mode=0 mcs=0 rate=9 cwb=0 sgi=0 stbc=0 ant=0 len=128 rx_state=0 seq=-1 tx_mac=52:40:27:94:0a:bb
CSI_DATA: 28 -64 1 0 14 -19 12 -19 9 -19 8 -17 6 -15 5 -13 5 -11 5 -9 7 -8 8 -7 9 -7 10 -7 11 -7 11 -8 11 -8 10 -8 9 -8 8 -7 7 -6 6 -6 6 -5 5 -3 5 -2 5 -1 4 1 0 0 0 0 0 0 0 0 0 0 0 0 0 0 0 0 0 0 0 0 0 0 -6 -7 -5 -7 -3 -7 -2 -7 -1 -7 1 -7 2 -7 4 -8 5 -9 7 -10 8 -12 8 -13 8 -14 7 -15 7 -15 6 -15 5 -14 5 -14 5 -12 6 -11 7 -10 9 -10 11 -10 14 -11 16 -13 17 -15
CSI_META: ts=3317939599 rssi=-32 noise_floor=-98 channel=6 secondary_channel=0 sig_mode=0 mcs=0 rate=9 cwb=0 sgi=0 stbc=0 ant=0 len=128 rx_state=0 seq=-1 tx_mac=52:40:27:94:0a:bb
CSI_DATA: 28 -64 1 0 -30 -21 -29 -17 -27 -14 -25 -11 -22 -9 -19 -8 -16 -9 -13 -9 -12 -11 -11 -13 -11 -15 -12 -16 -12 -16 -13 -17 -13 -16 -14 -15 -13 -13 -12 -12 -9 -10 -8 -9 -7 -9 -5 -8 -3 -8 0 -8 2 -8 0 0 0 0 0 0 0 0 0 0 0 0 0 0 0 0 0 0 0 0 0 0 -11 7 -11 5 -11 4 -10 2 -11 0 -10 -2 -10 -4 -11 -7 -13 -9 -15 -11 -16 -13 -18 -14 -20 -13 -22 -13 -22 -12 -22 -11 -21 -9 -21 -8 -19 -8 -17 -9 -15 -11 -15 -14 -15 -18 -17 -20 -20 -23 -22 -25
CSI_META: ts=3318278483 rssi=-31 noise_floor=-98 channel=6 secondary_channel=0 sig_mode=0 mcs=0 rate=9 cwb=0 sgi=0 stbc=0 ant=0 len=128 rx_state=0 seq=-1 tx_mac=52:40:27:94:0a:bb
CSI_DATA: 28 -64 1 0 17 7 17 7 18 7 18 5 18 4 18 2 16 1 15 0 13 -1 11 0 9 0 8 1 7 3 7 4 6 5 6 6 6 6 6 6 6 6 6 7 6 7 5 6 4 6 4 6 3 6 0 0 0 0 0 0 0 0 0 0 0 0 0 0 0 0 0 0 0 0 0 0 4 -9 4 -8 5 -8 5 -7 5 -6 5 -5 5 -4 6 -3 7 -2 8 -1 9 1 11 2 12 2 14 3 15 2 16 2 16 1 17 0 16 -2 16 -2 15 -2 15 -2 13 -1 13 1 13 2 13 4
CSI_META: ts=3318451190 rssi=-32 noise_floor=-98 channel=6 secondary_channel=0 sig_mode=0 mcs=0 rate=9 cwb=0 sgi=0 stbc=0 ant=0 len=128 rx_state=0 seq=-1 tx_mac=52:40:27:94:0a:bb
CSI_DATA: 28 -64 1 0 15 13 13 16 11 18 13 20 13 21 15 21 16 21 17 19 18 18 18 16 18 14 16 12 15 10 12 9 9 9 6 8 4 8 2 9 0 9 -1 10 -2 11 -3 12 -4 12 -5 13 -6 12 0 0 0 0 0 0 0 0 0 0 0 0 0 0 0 0 0 0 0 0 0 0 11 -5 13 -5 13 -4 14 -4 15 -3 15 -3 14 -2 15 -2 14 -1 14 0 13 2 12 4 12 7 11 9 12 11 13 15 15 16 18 17 20 17 24 18 25 16 27 14 27 14 27 12 26 11 24 10
CSI_META: ts=3318575017 rssi=-31 noise_floor=-98 channel=6 secondary_channel=0 sig_mode=0 mcs=0 rate=9 cwb=0 sgi=0 stbc=0 ant=0 len=128 rx_state=0 seq=-1 tx_mac=52:40:27:94:0a:bb
CSI_DATA: 28 -64 1 0 -7 17 -6 15 -6 13 -6 10 -7 9 -9 8 -10 8 -11 8 -12 9 -12 10 -12 10 -11 11 -10 11 -9 11 -8 10 -7 9 -6 8 -5 6 -5 4 -5 3 -5 1 -6 0 -6 -1 -7 -2 -7 -3 0 0 0 0 0 0 0 0 0 0 0 0 0 0 0 0 0 0 0 0 0 0 2 5 1 5 0 6 -1 7 -2 8 -2 9 -3 10 -3 11 -3 12 -3 13 -3 13 -3 13 -3 12 -3 11 -4 10 -5 9 -6 9 -8 9 -10 9 -12 10 -13 12 -14 14 -14 16 -14 18 -13 20 -11 21
CSI_META: ts=3318655983 rssi=-31 noise_floor=-98 channel=6 secondary_channel=0 sig_mode=0 mcs=0 rate=9 cwb=0 sgi=0 stbc=0 ant=0 len=128 rx_state=0 seq=-1 tx_mac=52:40:27:94:0a:bb
CSI_DATA: 28 -64 1 0 -17 10 -17 11 -16 12 -15 13 -14 13 -12 13 -10 13 -9 13 -7 11 -7 10 -6 8 -7 6 -7 4 -8 4 -9 3 -9 2 -9 2 -10 1 -10 1 -10 1 -10 1 -9 1 -9 0 -8 0 -8 -1 0 0 0 0 0 0 0 0 0 0 0 0 0 0 0 0 0 0 0 0 0 0 4 7 3 8 3 7 2 7 1 7 0 6 -1 6 -2 6 -4 7 -6 7 -7 7 -9 8 -10 9 -11 10 -11 11 -11 13 -11 13 -10 14 -9 14 -8 14 -7 14 -7 13 -8 12 -8 10 -10 9 -12 9
CSI_META: ts=3318656110 rssi=-31 noise_floor=-98 channel=6 secondary_channel=0 sig_mode=0 mcs=0 rate=9 cwb=0 sgi=0 stbc=0 ant=0 len=128 rx_state=0 seq=-1 tx_mac=52:40:27:94:0a:bb
CSI_DATA: 28 -64 1 0 18 2 19 2 19 2 19 0 19 -2 18 -3 16 -4 14 -4 13 -4 11 -3 10 -2 9 -1 8 0 7 2 7 3 7 4 7 4 7 5 7 5 7 5 7 5 7 5 6 5 5 5 4 5 0 0 0 0 0 0 0 0 0 0 0 0 0 0 0 0 0 0 0 0 0 0 1 -10 2 -9 2 -9 3 -8 3 -7 4 -6 4 -5 5 -4 7 -4 8 -3 10 -2 11 -1 13 -1 14 -1 16 -2 16 -3 16 -4 16 -5 16 -6 15 -7 14 -6 13 -6 12 -4 13 -3 14 -1 15 1
CSI_META: ts=3318656282 rssi=-31 noise_floor=-98 channel=6 secondary_channel=0 sig_mode=0 mcs=0 rate=9 cwb=0 sgi=0 stbc=0 ant=0 len=128 rx_state=0 seq=-1 tx_mac=52:40:27:94:0a:bb
CSI_DATA: 28 -64 1 0 -6 -18 -8 -20 -8 -18 -11 -18 -11 -17 -11 -15 -11 -13 -10 -11 -8 -10 -8 -9 -6 -8 -5 -8 -3 -9 -1 -9 -1 -11 -1 -10 0 -11 0 -11 0 -10 0 -10 0 -10 0 -8 0 -8 0 -7 2 -6 0 0 0 0 0 0 0 0 0 0 0 0 0 0 0 0 0 0 0 0 0 0 -9 1 -10 0 -9 0 -10 -1 -9 -1 -9 -2 -8 -2 -8 -3 -7 -4 -7 -5 -7 -7 -7 -9 -7 -10 -7 -12 -9 -14 -9 -13 -11 -15 -11 -13 -13 -13 -13 -12 -13 -11 -12 -11 -10 -10 -10 -10 -8 -11 -7 -14
CSI_META: ts=3319127145 rssi=-32 noise_floor=-98 channel=6 secondary_channel=0 sig_mode=0 mcs=0 rate=9 cwb=0 sgi=0 stbc=0 ant=0 len=128 rx_state=0 seq=-1 tx_mac=52:40:27:94:0a:bb
CSI_DATA: 28 -64 1 0 26 -11 22 -9 19 -6 18 -3 17 -1 17 2 19 4 19 4 22 4 23 3 23 2 23 1 22 -1 20 -2 18 -2 16 -2 13 -1 11 -1 9 1 7 3 6 4 5 6 5 8 4 9 3 11 0 0 0 0 0 0 0 0 0 0 0 0 0 0 0 0 0 0 0 0 0 0 1 -9 4 -8 6 -8 8 -7 11 -7 12 -7 14 -8 15 -9 16 -9 18 -10 18 -11 16 -11 16 -10 15 -9 15 -7 14 -5 15 -3 17 -1 19 1 22 2 26 2 29 1 32 0 34 -3 35 -6 35 -9
CSI_META: ts=3319167976 rssi=-31 noise_floor=-98 channel=6 secondary_channel=0 sig_mode=0 mcs=0 rate=9 cwb=0 sgi=0 stbc=0 ant=0 len=128 rx_state=0 seq=-1 tx_mac=52:40:27:94:0a:bb
CSI_DATA: 28 -64 1 0 -25 -4 -23 -2 -21 -1 -19 0 -17 1 -15 1 -12 0 -11 -1 -10 -3 -10 -4 -10 -5 -11 -6 -11 -7 -12 -7 -12 -7 -12 -7 -11 -6 -11 -5 -10 -5 -9 -5 -8 -4 -7 -4 -5 -4 -4 -5 -2 -5 0 0 0 0 0 0 0 0 0 0 0 0 0 0 0 0 0 0 0 0 0 0 -3 6 -4 5 -5 4 -6 3 -6 1 -7 0 -8 0 -10 -1 -12 -1 -14 -2 -15 -2 -16 -1 -16 -1 -16 0 -16 1 -16 1 -15 1 -14 1 -13 0 -12 -1 -13 -3 -13 -5 -15 -7 -17 -8 -19 -9 -22 -9
CSI_META: ts=3319427148 rssi=-32 noise_floor=-98 channel=6 secondary_channel=0 sig_mode=0 mcs=0 rate=9 cwb=0 sgi=0 stbc=0 ant=0 len=128 rx_state=0 seq=-1 tx_mac=52:40:27:94:0a:bb
CSI_DATA: 28 -64 1 0 26 -13 27 -14 27 -16 26 -18 24 -19 21 -20 18 -19 15 -19 13 -17 11 -15 11 -12 10 -9 10 -6 11 -4 13 -3 13 -1 14 0 14 1 14 1 14 1 14 1 13 1 13 2 12 2 11 3 0 0 0 0 0 0 0 0 0 0 0 0 0 0 0 0 0 0 0 0 0 0 -9 -13 -7 -13 -6 -13 -5 -12 -4 -12 -2 -12 0 -11 2 -11 4 -11 7 -11 10 -12 13 -13 15 -14 16 -16 17 -18 17 -20 16 -21 15 -24 14 -23 12 -23 11 -22 11 -20 11 -18 13 -16 15 -14 18 -13
CSI_META: ts=3319691930 rssi=-31 noise_floor=-98 channel=6 secondary_channel=0 sig_mode=0 mcs=0 rate=9 cwb=0 sgi=0 stbc=0 ant=0 len=128 rx_state=0 seq=-1 tx_mac=52:40:27:94:0a:bb
CSI_DATA: 28 -64 1 0 9 -17 9 -18 9 -19 7 -19 5 -19 4 -18 2 -17 1 -16 1 -14 1 -12 1 -10 2 -9 3 -8 5 -7 6 -7 7 -6 7 -6 8 -6 8 -6 8 -6 7 -6 7 -5 7 -5 7 -4 6 -3 0 0 0 0 0 0 0 0 0 0 0 0 0 0 0 0 0 0 0 0 0 0 -8 -5 -8 -6 -8 -6 -7 -6 -6 -6 -5 -7 -4 -6 -3 -7 -1 -8 0 -9 2 -10 3 -12 3 -13 4 -14 4 -16 3 -17 2 -18 1 -18 0 -18 -1 -17 -1 -16 -1 -15 0 -14 2 -13 4 -13 6 -14
CSI_META: ts=3320127569 rssi=-31 noise_floor=-98 channel=6 secondary_channel=0 sig_mode=0 mcs=0 rate=9 cwb=0 sgi=0 stbc=0 ant=0 len=128 rx_state=0 seq=-1 tx_mac=52:40:27:94:0a:bb
CSI_DATA: 28 -64 1 0 -5 22 -3 20 -1 19 0 17 0 15 0 13 0 11 -2 10 -3 9 -4 8 -5 9 -6 9 -6 9 -7 10 -6 11 -6 10 -6 10 -5 9 -4 8 -4 7 -4 6 -4 5 -4 4 -5 3 -5 1 0 0 0 0 0 0 0 0 0 0 0 0 0 0 0 0 0 0 0 0 0 0 6 3 5 4 3 4 2 5 1 6 0 6 -1 7 -2 9 -2 10 -3 12 -3 13 -2 14 -2 14 -1 14 -1 14 0 14 0 13 0 12 -1 11 -2 11 -4 11 -5 11 -7 13 -8 15 -9 17 -9 20
CSI_META: ts=3320593226 rssi=-32 noise_floor=-98 channel=6 secondary_channel=0 sig_mode=0 mcs=0 rate=9 cwb=0 sgi=0 stbc=0 ant=0 len=128 rx_state=0 seq=-1 tx_mac=52:40:27:94:0a:bb
CSI_DATA: 28 -64 1 0 -10 17 -13 16 -15 16 -17 16 -18 17 -18 19 -18 20 -16 22 -14 22 -12 22 -10 20 -9 19 -7 16 -7 14 -7 11 -8 8 -8 6 -9 4 -10 2 -11 1 -12 0 -13 -1 -14 -1 -14 -2 -14 -3 0 0 0 0 0 0 0 0 0 0 0 0 0 0 0 0 0 0 0 0 0 0 8 9 8 11 8 12 7 12 7 13 7 13 6 13 6 13 5 13 3 13 1 13 -1 13 -4 13 -6 14 -9 15 -11 18 -12 20 -13 23 -12 25 -11 28 -10 29 -7 30 -6 30 -4 29 -3 27 -3 25
CSI_META: ts=3321834601 rssi=-31 noise_floor=-98 channel=6 secondary_channel=0 sig_mode=0 mcs=0 rate=9 cwb=0 sgi=0 stbc=0 ant=0 len=128 rx_state=0 seq=-1 tx_mac=52:40:27:94:0a:bb
CSI_DATA: 28 -64 1 0 -7 -17 -7 -18 -8 -18 -10 -17 -11 -16 -11 -14 -11 -13 -10 -11 -9 -10 -8 -8 -6 -8 -5 -7 -3 -7 -1 -8 0 -9 0 -9 1 -10 1 -10 1 -9 1 -10 1 -9 1 -9 1 -8 2 -7 2 -6 0 0 0 0 0 0 0 0 0 0 0 0 0 0 0 0 0 0 0 0 0 0 -9 3 -9 2 -9 2 -9 2 -8 1 -8 0 -7 -1 -7 -2 -6 -3 -7 -5 -7 -7 -7 -9 -8 -10 -8 -11 -9 -12 -11 -13 -12 -12 -13 -12 -14 -11 -14 -10 -13 -9 -12 -8 -10 -9 -9 -9 -8 -11 -6 -13
CSI_META: ts=3322751984 rssi=-31 noise_floor=-98 channel=6 secondary_channel=0 sig_mode=0 mcs=0 rate=9 cwb=0 sgi=0 stbc=0 ant=0 len=128 rx_state=0 seq=-1 tx_mac=52:40:27:94:0a:bb
CSI_DATA: 28 -64 1 0 13 -12 13 -13 14 -15 12 -15 11 -15 9 -15 7 -14 6 -13 5 -12 4 -10 4 -8 5 -6 6 -5 7 -4 8 -4 9 -3 9 -3 9 -2 9 -3 9 -2 8 -2 8 -2 7 -2 6 -1 6 0 0 0 0 0 0 0 0 0 0 0 0 0 0 0 0 0 0 0 0 0 0 0 -7 -7 -6 -8 -6 -8 -5 -7 -5 -7 -4 -7 -3 -7 -2 -7 0 -7 2 -8 3 -9 5 -9 6 -10 7 -12 7 -13 7 -15 6 -15 6 -17 4 -16 4 -16 3 -15 3 -14 3 -13 5 -11 7 -10 9 -10
CSI_META: ts=3322959607 rssi=-31 noise_floor=-98 channel=6 secondary_channel=0 sig_mode=0 mcs=0 rate=9 cwb=0 sgi=0 stbc=0 ant=0 len=128 rx_state=0 seq=-1 tx_mac=52:40:27:94:0a:bb
CSI_DATA: 28 -64 1 0 -2 -37 -5 -35 -6 -32 -7 -28 -7 -24 -6 -21 -4 -18 -2 -17 0 -17 3 -17 4 -18 5 -19 5 -19 5 -21 5 -21 4 -20 3 -19 2 -17 2 -15 2 -14 2 -12 3 -10 4 -8 6 -6 7 -4 0 0 0 0 0 0 0 0 0 0 0 0 0 0 0 0 0 0 0 0 0 0 -13 -4 -11 -5 -10 -6 -8 -7 -6 -9 -4 -10 -3 -12 -2 -15 -1 -17 -1 -20 -1 -23 -2 -24 -3 -25 -4 -25 -5 -25 -6 -24 -7 -22 -6 -22 -5 -20 -2 -20 0 -20 3 -21 5 -25 6 -27 6 -31 5 -35
CSI_META: ts=3323571180 rssi=-31 noise_floor=-98 channel=6 secondary_channel=0 sig_mode=0 mcs=0 rate=9 cwb=0 sgi=0 stbc=0 ant=0 len=128 rx_state=0 seq=-1 tx_mac=52:40:27:94:0a:bb
CSI_DATA: 28 -64 1 0 8 -17 7 -15 7 -13 7 -10 8 -8 9 -7 11 -7 11 -7 12 -8 13 -8 13 -9 12 -9 11 -10 10 -10 9 -10 8 -8 7 -7 6 -6 5 -4 5 -3 5 -2 5 0 5 1 5 2 5 4 0 0 0 0 0 0 0 0 0 0 0 0 0 0 0 0 0 0 0 0 0 0 -3 -6 -1 -7 0 -8 1 -9 2 -10 2 -10 3 -11 3 -12 3 -13 3 -14 3 -14 3 -13 3 -12 4 -11 4 -10 5 -9 6 -8 9 -8 10 -9 13 -9 14 -11 15 -13 16 -15 16 -17 15 -19 14 -21
CSI_META: ts=3323826757 rssi=-31 noise_floor=-98 channel=6 secondary_channel=0 sig_mode=0 mcs=0 rate=9 cwb=0 sgi=0 stbc=0 ant=0 len=128 rx_state=0 seq=-1 tx_mac=52:40:27:94:0a:bb
CSI_DATA: 28 -64 1 0 25 17 28 17 29 15 30 13 30 10 29 7 27 5 24 3 21 2 18 3 15 4 13 5 11 7 10 9 9 11 9 12 8 13 8 13 8 13 8 13 8 12 7 12 6 11 5 11 3 10 0 0 0 0 0 0 0 0 0 0 0 0 0 0 0 0 0 0 0 0 0 0 8 -13 9 -12 9 -12 9 -11 10 -9 10 -8 10 -6 10 -4 12 -2 13 1 15 3 17 5 20 7 22 8 24 7 25 6 27 5 28 3 28 1 27 0 25 -1 24 -1 21 2 21 4 21 7 21 10
CSI_META: ts=3326503638 rssi=-31 noise_floor=-98 channel=6 secondary_channel=0 sig_mode=0 mcs=0 rate=9 cwb=0 sgi=0 stbc=0 ant=0 len=128 rx_state=0 seq=-1 tx_mac=52:40:27:94:0a:bb
CSI_DATA: 28 -64 1 0 -27 -26 -28 -22 -26 -20 -25 -16 -22 -13 -20 -12 -16 -11 -14 -11 -12 -12 -10 -14 -9 -15 -9 -16 -9 -18 -9 -19 -10 -19 -10 -18 -10 -17 -10 -16 -8 -14 -8 -13 -7 -12 -5 -11 -3 -10 -1 -9 1 -8 0 0 0 0 0 0 0 0 0 0 0 0 0 0 0 0 0 0 0 0 0 0 -10 5 -10 3 -10 1 -10 -1 -10 -3 -11 -6 -11 -8 -12 -10 -14 -12 -16 -14 -18 -15 -19 -16 -20 -15 -21 -14 -21 -13 -21 -13 -19 -12 -18 -11 -17 -11 -15 -13 -14 -15 -14 -18 -13 -21 -15 -25 -18 -27 -20 -30
CSI_META: ts=3326887308 rssi=-31 noise_floor=-98 channel=6 secondary_channel=0 sig_mode=0 mcs=0 rate=9 cwb=0 sgi=0 stbc=0 ant=0 len=128 rx_state=0 seq=-1 tx_mac=52:40:27:94:0a:bb
CSI_DATA: 28 -64 1 0 4 -13 6 -13 7 -13 8 -14 8 -14 8 -16 7 -16 5 -17 4 -17 3 -16 2 -14 1 -13 1 -11 2 -10 3 -8 4 -6 5 -5 5 -5 6 -3 7 -3 7 -3 8 -3 8 -3 8 -2 8 -2 0 0 0 0 0 0 0 0 0 0 0 0 0 0 0 0 0 0 0 0 0 0 -6 -5 -6 -7 -6 -8 -6 -8 -6 -9 -6 -9 -6 -9 -5 -10 -5 -10 -4 -10 -4 -10 -2 -9 -1 -10 1 -10 3 -11 4 -13 5 -14 5 -16 4 -17 4 -19 3 -20 1 -21 0 -20 -1 -20 -2 -19 -1 -18
CSI_META: ts=3327625305 rssi=-31 noise_floor=-98 channel=6 secondary_channel=0 sig_mode=0 mcs=0 rate=9 cwb=0 sgi=0 stbc=0 ant=0 len=128 rx_state=0 seq=-1 tx_mac=52:40:27:94:0a:bb
CSI_DATA: 28 -64 1 0 -21 -31 -22 -28 -21 -25 -21 -21 -19 -18 -17 -16 -13 -14 -11 -14 -8 -15 -6 -16 -6 -17 -5 -18 -5 -19 -5 -21 -6 -21 -6 -20 -6 -18 -6 -17 -5 -15 -5 -14 -4 -13 -3 -11 -1 -10 1 -9 3 -8 0 0 0 0 0 0 0 0 0 0 0 0 0 0 0 0 0 0 0 0 0 0 -12 2 -11 0 -10 -1 -10 -4 -9 -6 -9 -8 -9 -10 -9 -13 -11 -15 -12 -17 -14 -19 -15 -20 -16 -19 -17 -19 -17 -17 -18 -17 -16 -15 -15 -15 -14 -14 -12 -16 -10 -18 -9 -20 -8 -24 -9 -27 -11 -31 -13 -34
CSI_META: ts=3328006246 rssi=-31 noise_floor=-98 channel=6 secondary_channel=0 sig_mode=0 mcs=0 rate=9 cwb=0 sgi=0 stbc=0 ant=0 len=128 rx_state=0 seq=-1 tx_mac=52:40:27:94:0a:bb
CSI_DATA: 28 -64 1 0 15 -9 13 -8 12 -6 11 -4 11 -3 11 -1 12 0 12 0 13 0 14 -1 14 -1 14 -2 14 -3 13 -3 12 -3 10 -3 9 -3 7 -2 6 -1 5 0 5 1 4 2 4 3 3 5 3 6 0 0 0 0 0 0 0 0 0 0 0 0 0 0 0 0 0 0 0 0 0 0 2 -6 3 -6 4 -6 6 -6 7 -6 8 -6 8 -6 9 -7 9 -7 10 -8 10 -8 9 -8 9 -7 9 -6 9 -5 9 -4 9 -2 11 -2 13 -1 15 0 16 -1 19 -2 20 -3 21 -5 22 -7 21 -9
CSI_META: ts=3331329973 rssi=-30 noise_floor=-98 channel=6 secondary_channel=0 sig_mode=0 mcs=0 rate=9 cwb=0 sgi=0 stbc=0 ant=0 len=128 rx_state=0 seq=-1 tx_mac=52:40:27:94:0a:bb
CSI_DATA: 28 -64 1 0 5 -22 3 -21 2 -20 0 -18 0 -16 0 -14 0 -12 1 -11 2 -10 4 -10 5 -9 5 -10 6 -10 6 -11 6 -11 6 -11 6 -11 5 -10 4 -9 4 -8 4 -7 3 -6 3 -5 4 -3 4 -2 0 0 0 0 0 0 0 0 0 0 0 0 0 0 0 0 0 0 0 0 0 0 -7 -4 -5 -5 -4 -5 -3 -6 -2 -6 -1 -7 0 -8 1 -10 2 -11 2 -12 2 -14 2 -15 1 -15 1 -15 0 -15 0 -15 0 -14 0 -13 1 -12 2 -12 3 -11 5 -12 7 -14 8 -15 9 -17 9 -20
CSI_META: ts=3332587374 rssi=-31 noise_floor=-98 channel=6 secondary_channel=0 sig_mode=0 mcs=0 rate=9 cwb=0 sgi=0 stbc=0 ant=0 len=128 rx_state=0 seq=-1 tx_mac=52:40:27:94:0a:bb
CSI_DATA: 28 -64 1 0 5 -17 4 -15 4 -13 5 -11 6 -9 7 -9 8 -9 9 -9 9 -10 9 -11 9 -11 8 -11 8 -11 7 -12 6 -11 5 -10 4 -8 4 -7 4 -5 4 -4 4 -3 4 -2 5 -1 5 0 6 1 0 0 0 0 0 0 0 0 0 0 0 0 0 0 0 0 0 0 0 0 0 0 -2 -6 -1 -6 0 -7 1 -8 1 -9 2 -10 2 -10 2 -11 2 -12 2 -12 2 -12 2 -12 2 -11 3 -11 3 -10 4 -9 5 -8 7 -9 9 -9 10 -10 11 -12 12 -14 12 -16 12 -18 11 -19 10 -21
CSI_META: ts=3333094371 rssi=-31 noise_floor=-98 channel=6 secondary_channel=0 sig_mode=0 mcs=0 rate=9 cwb=0 sgi=0 stbc=0 ant=0 len=128 rx_state=0 seq=-1 tx_mac=52:40:27:94:0a:bb
CSI_DATA: 28 -64 1 0 11 5 11 6 10 8 11 9 12 9 13 9 14 9 14 8 14 6 14 5 13 4 12 3 10 3 9 3 7 3 6 4 4 4 3 4 2 5 1 6 1 7 0 7 0 8 0 8 -1 8 0 0 0 0 0 0 0 0 0 0 0 0 0 0 0 0 0 0 0 0 0 0 5 -6 6 -6 7 -6 8 -5 8 -5 8 -5 8 -4 8 -4 8 -4 8 -3 8 -2 8 0 8 1 9 3 10 4 11 6 12 6 14 6 16 6 17 5 18 4 19 3 19 2 18 1 17 1 16 1
CSI_META: ts=3333471908 rssi=-31 noise_floor=-98 channel=6 secondary_channel=0 sig_mode=0 mcs=0 rate=9 cwb=0 sgi=0 stbc=0 ant=0 len=128 rx_state=0 seq=-1 tx_mac=52:40:27:94:0a:bb
CSI_DATA: 28 -64 1 0 13 10 11 9 9 9 7 8 6 9 5 9 4 10 4 11 4 12 5 12 6 12 7 12 7 11 7 10 7 10 6 8 5 7 4 6 2 5 1 5 0 5 -1 5 -2 5 -3 5 -5 4 0 0 0 0 0 0 0 0 0 0 0 0 0 0 0 0 0 0 0 0 0 0 5 -1 6 1 6 2 6 3 7 4 8 4 8 5 9 5 10 6 10 6 10 6 10 6 9 5 8 5 7 6 6 7 5 8 5 10 5 11 6 13 7 14 8 16 10 17 12 17 14 16 15 15
CSI_META: ts=3334220466 rssi=-31 noise_floor=-98 channel=6 secondary_channel=0 sig_mode=0 mcs=0 rate=9 cwb=0 sgi=0 stbc=0 ant=0 len=128 rx_state=0 seq=-1 tx_mac=52:40:27:94:0a:bb
CSI_DATA: 28 -64 1 0 -13 3 -14 2 -14 1 -16 0 -17 0 -17 1 -17 2 -17 4 -16 4 -15 5 -13 5 -12 5 -10 4 -9 3 -8 2 -7 1 -7 -1 -6 -2 -6 -3 -6 -4 -7 -5 -7 -5 -7 -6 -7 -6 -6 -7 0 0 0 0 0 0 0 0 0 0 0 0 0 0 0 0 0 0 0 0 0 0 -1 7 -2 8 -3 8 -4 8 -4 8 -4 8 -4 8 -4 8 -5 8 -5 7 -6 6 -7 5 -8 4 -10 3 -11 2 -13 3 -14 3 -16 4 -17 5 -18 7 -18 8 -17 10 -16 11 -15 11 -14 10 -13 9
CSI_META: ts=3334375861 rssi=-31 noise_floor=-98 channel=6 secondary_channel=0 sig_mode=0 mcs=0 rate=9 cwb=0 sgi=0 stbc=0 ant=0 len=128 rx_state=0 seq=-1 tx_mac=52:40:27:94:0a:bb
CSI_DATA: 28 -64 1 0 -36 -8 -35 -5 -31 -3 -28 -1 -25 0 -22 0 -18 -2 -16 -3 -15 -5 -15 -7 -16 -9 -16 -10 -17 -11 -18 -11 -18 -10 -18 -10 -17 -9 -16 -7 -14 -7 -12 -6 -11 -6 -9 -6 -7 -7 -5 -7 -3 -8 0 0 0 0 0 0 0 0 0 0 0 0 0 0 0 0 0 0 0 0 0 0 -7 10 -7 8 -8 6 -9 4 -10 2 -11 1 -12 -1 -14 -3 -17 -4 -20 -5 -22 -5 -23 -5 -24 -4 -25 -3 -24 -2 -24 0 -22 0 -21 0 -19 -2 -19 -4 -19 -6 -20 -8 -21 -12 -25 -14 -29 -15 -31 -15
CSI_META: ts=3334428723 rssi=-31 noise_floor=-98 channel=6 secondary_channel=0 sig_mode=0 mcs=0 rate=9 cwb=0 sgi=0 stbc=0 ant=0 len=128 rx_state=0 seq=-1 tx_mac=52:40:27:94:0a:bb
CSI_DATA: 28 -64 1 0 -24 5 -22 7 -19 7 -17 7 -14 7 -13 6 -11 4 -10 3 -10 1 -10 -1 -11 -2 -12 -2 -12 -3 -13 -3 -13 -2 -13 -2 -12 -2 -12 -1 -10 -1 -9 -1 -8 -2 -7 -2 -6 -3 -5 -3 -3 -4 0 0 0 0 0 0 0 0 0 0 0 0 0 0 0 0 0 0 0 0 0 0 1 7 0 6 -2 6 -3 4 -4 4 -5 3 -7 3 -9 3 -10 4 -12 4 -14 4 -14 5 -15 6 -14 7 -14 7 -13 8 -12 7 -11 7 -11 5 -11 4 -12 2 -13 1 -15 0 -18 -1 -21 -1 -23 0
CSI_META: ts=3334429013 rssi=-31 noise_floor=-98 channel=6 secondary_channel=0 sig_mode=0 mcs=0 rate=9 cwb=0 sgi=0 stbc=0 ant=0 len=128 rx_state=0 seq=-1 tx_mac=52:40:27:94:0a:bb
CSI_DATA: 28 -64 1 0 23 -3 21 -4 19 -5 17 -6 14 -6 12 -6 10 -5 9 -3 9 -1 9 1 9 2 10 3 10 3 11 3 12 3 12 3 11 2 10 1 9 1 9 1 7 1 6 2 5 3 4 3 2 4 0 0 0 0 0 0 0 0 0 0 0 0 0 0 0 0 0 0 0 0 0 0 0 -7 1 -6 2 -5 3 -5 5 -4 6 -4 7 -3 9 -3 10 -4 12 -3 13 -3 14 -3 15 -4 14 -5 14 -6 13 -6 12 -6 11 -5 10 -4 11 -3 11 -1 13 0 14 2 17 4 19 4 22 2
CSI_META: ts=3334644433 rssi=-31 noise_floor=-98 channel=6 secondary_channel=0 sig_mode=0 mcs=0 rate=9 cwb=0 sgi=0 stbc=0 ant=0 len=128 rx_state=0 seq=-1 tx_mac=52:40:27:94:0a:bb
CSI_DATA: 28 -64 1 0 20 -8 18 -9 16 -9 14 -9 12 -8 11 -7 9 -5 8 -4 9 -3 9 -1 10 -1 11 0 11 0 12 0 12 0 12 0 11 -1 10 -1 8 -1 8 -1 6 -1 5 0 5 1 4 2 3 3 0 0 0 0 0 0 0 0 0 0 0 0 0 0 0 0 0 0 0 0 0 0 -1 -8 0 -7 1 -7 2 -6 3 -5 4 -5 5 -4 7 -4 9 -4 10 -5 12 -6 12 -6 13 -7 13 -8 12 -8 11 -8 10 -8 10 -8 9 -6 10 -5 10 -3 12 -2 13 -1 16 -1 19 -2 20 -3
CSI_META: ts=3334732785 rssi=-32 noise_floor=-98 channel=6 secondary_channel=0 sig_mode=0 mcs=0 rate=9 cwb=0 sgi=0 stbc=0 ant=0 len=128 rx_state=0 seq=-1 tx_mac=52:40:27:94:0a:bb
CSI_DATA: 28 -64 1 0 -10 -26 -8 -22 -5 -20 -3 -17 0 -16 2 -17 5 -18 5 -20 6 -22 5 -23 3 -23 2 -23 1 -22 0 -22 -1 -20 -1 -17 0 -14 0 -12 1 -10 2 -8 4 -7 6 -6 7 -4 9 -4 10 -3 0 0 0 0 0 0 0 0 0 0 0 0 0 0 0 0 0 0 0 0 0 0 -8 -4 -7 -6 -7 -8 -7 -10 -7 -12 -7 -13 -7 -15 -9 -16 -9 -17 -10 -18 -10 -18 -10 -18 -9 -16 -8 -15 -6 -15 -4 -15 -1 -15 1 -17 3 -19 3 -23 4 -25 2 -29 2 -33 -1 -34 -5 -36 -7 -35
CSI_META: ts=3334944001 rssi=-31 noise_floor=-98 channel=6 secondary_channel=0 sig_mode=0 mcs=0 rate=9 cwb=0 sgi=0 stbc=0 ant=0 len=128 rx_state=0 seq=-1 tx_mac=52:40:27:94:0a:bb
CSI_DATA: 28 -64 1 0 -1 18 0 19 1 20 3 19 4 19 5 17 6 15 6 14 5 12 5 10 3 9 2 8 0 8 -1 8 -2 8 -3 8 -4 8 -5 8 -5 7 -5 8 -5 7 -5 7 -5 7 -5 6 -5 5 0 0 0 0 0 0 0 0 0 0 0 0 0 0 0 0 0 0 0 0 0 0 9 -1 8 0 8 0 7 1 6 2 6 3 5 4 4 5 4 6 3 8 3 10 3 11 3 13 3 14 4 15 5 15 6 15 7 15 8 14 8 13 8 12 7 12 6 12 4 12 2 13 1 15
CSI_META: ts=3334945954 rssi=-31 noise_floor=-98 channel=6 secondary_channel=0 sig_mode=0 mcs=0 rate=9 cwb=0 sgi=0 stbc=0 ant=0 len=128 rx_state=0 seq=-1 tx_mac=52:40:27:94:0a:bb
CSI_DATA: 28 -64 1 0 18 2 19 1 20 0 19 -1 19 -3 17 -4 16 -5 14 -5 12 -5 10 -4 9 -3 8 -1 8 0 8 1 8 3 8 4 8 4 8 4 8 4 8 4 7 4 7 4 6 4 5 4 4 4 0 0 0 0 0 0 0 0 0 0 0 0 0 0 0 0 0 0 0 0 0 0 0 -10 1 -10 2 -9 2 -9 3 -8 3 -7 4 -6 4 -5 6 -4 7 -3 9 -3 11 -2 13 -2 14 -2 15 -3 16 -4 16 -5 16 -7 15 -7 15 -7 14 -8 13 -7 12 -5 12 -4 13 -2 14 0
CSI_META: ts=3335170590 rssi=-31 noise_floor=-98 channel=6 secondary_channel=0 sig_mode=0 mcs=0 rate=9 cwb=0 sgi=0 stbc=0 ant=0 len=128 rx_state=0 seq=-1 tx_mac=52:40:27:94:0a:bb
CSI_DATA: 28 -64 1 0 0 18 1 19 2 20 4 18 5 18 6 16 6 14 6 12 5 10 4 9 3 8 1 8 0 7 -2 8 -3 8 -4 8 -4 8 -5 8 -4 8 -4 8 -4 8 -4 7 -4 7 -4 6 -5 4 0 0 0 0 0 0 0 0 0 0 0 0 0 0 0 0 0 0 0 0 0 0 9 -2 9 -1 8 0 8 0 8 1 7 1 6 2 5 3 5 5 4 6 4 8 4 9 4 11 4 12 5 13 6 14 7 15 8 14 9 13 10 12 9 11 8 11 7 11 5 11 4 12 2 14
CSI_META: ts=3336766793 rssi=-31 noise_floor=-98 channel=6 secondary_channel=0 sig_mode=0 mcs=0 rate=9 cwb=0 sgi=0 stbc=0 ant=0 len=128 rx_state=0 seq=-1 tx_mac=52:40:27:94:0a:bb
CSI_DATA: 28 -64 1 0 -6 -28 -5 -24 -3 -22 0 -19 2 -18 4 -18 6 -18 7 -20 7 -22 7 -23 5 -24 4 -24 2 -23 2 -22 1 -20 0 -18 1 -15 1 -13 2 -11 3 -9 4 -8 6 -6 8 -5 9 -4 10 -2 0 0 0 0 0 0 0 0 0 0 0 0 0 0 0 0 0 0 0 0 0 0 -8 -6 -7 -8 -6 -10 -5 -12 -5 -14 -5 -15 -5 -16 -6 -18 -6 -19 -7 -19 -7 -20 -7 -19 -5 -18 -4 -17 -3 -16 -1 -17 2 -17 4 -18 6 -20 7 -23 7 -26 7 -30 6 -33 3 -35 0 -37 -2 -38
CSI_META: ts=3337152356 rssi=-31 noise_floor=-98 channel=6 secondary_channel=0 sig_mode=0 mcs=0 rate=9 cwb=0 sgi=0 stbc=0 ant=0 len=128 rx_state=0 seq=-1 tx_mac=52:40:27:94:0a:bb
CSI_DATA: 28 -64 1 0 19 0 20 0 21 -2 20 -3 19 -4 18 -5 17 -6 14 -7 12 -6 11 -5 9 -4 8 -2 7 0 7 1 7 2 8 4 8 4 8 5 8 5 8 5 7 5 7 5 6 5 6 5 4 5 0 0 0 0 0 0 0 0 0 0 0 0 0 0 0 0 0 0 0 0 0 0 -2 -10 -2 -10 -1 -9 0 -9 1 -8 1 -7 2 -7 3 -6 5 -5 7 -5 9 -4 11 -4 12 -4 14 -5 15 -6 16 -7 15 -8 15 -10 14 -10 13 -10 12 -10 12 -9 11 -7 12 -5 13 -3 14 -2
CSI_META: ts=3337844104 rssi=-31 noise_floor=-98 channel=6 secondary_channel=0 sig_mode=0 mcs=0 rate=9 cwb=0 sgi=0 stbc=0 ant=0 len=128 rx_state=0 seq=-1 tx_mac=52:40:27:94:0a:bb
CSI_DATA: 28 -64 1 0 15 -25 13 -21 12 -18 13 -14 13 -12 15 -10 17 -9 18 -10 20 -11 20 -12 20 -13 19 -14 18 -14 16 -15 14 -14 13 -12 11 -10 9 -9 8 -6 8 -4 8 -2 8 0 8 2 9 4 9 5 0 0 0 0 0 0 0 0 0 0 0 0 0 0 0 0 0 0 0 0 0 0 -2 -10 0 -11 2 -11 4 -12 6 -13 6 -15 7 -15 8 -17 8 -18 8 -18 8 -19 9 -18 8 -16 9 -15 9 -14 10 -12 12 -11 15 -10 18 -11 21 -12 23 -14 25 -17 27 -20 27 -23 26 -26 23 -28
CSI_META: ts=3338237376 rssi=-31 noise_floor=-98 channel=6 secondary_channel=0 sig_mode=0 mcs=0 rate=9 cwb=0 sgi=0 stbc=0 ant=0 len=128 rx_state=0 seq=-1 tx_mac=52:40:27:94:0a:bb
CSI_DATA: 28 -64 1 0 15 -9 12 -8 11 -6 10 -4 10 -3 11 -2 12 -1 12 0 13 -1 14 -1 14 -2 14 -2 13 -3 12 -4 11 -4 10 -3 8 -3 7 -2 6 -1 5 0 4 1 4 2 4 3 3 4 3 5 0 0 0 0 0 0 0 0 0 0 0 0 0 0 0 0 0 0 0 0 0 0 1 -6 3 -5 4 -6 5 -5 6 -6 7 -6 8 -6 8 -7 9 -7 10 -8 10 -8 9 -8 9 -7 9 -6 8 -5 9 -4 9 -3 11 -2 12 -1 14 -1 16 -1 18 -2 19 -3 20 -5 21 -7 20 -9
CSI_META: ts=3340990516 rssi=-32 noise_floor=-98 channel=6 secondary_channel=0 sig_mode=0 mcs=0 rate=9 cwb=0 sgi=0 stbc=0 ant=0 len=128 rx_state=0 seq=-1 tx_mac=52:40:27:94:0a:bb
CSI_DATA: 28 -64 1 0 2 30 4 31 6 32 8 30 10 29 12 26 12 24 12 21 11 18 9 16 7 13 4 12 2 12 -1 13 -3 13 -4 14 -5 14 -5 14 -6 14 -6 14 -5 13 -6 13 -6 12 -6 11 -7 9 0 0 0 0 0 0 0 0 0 0 0 0 0 0 0 0 0 0 0 0 0 0 14 -2 14 -1 13 0 12 1 11 1 10 3 9 4 8 6 8 8 7 11 6 15 6 17 7 19 8 21 9 22 11 24 13 24 15 23 16 21 16 20 16 18 14 17 11 18 9 18 7 20 4 22
CSI_META: ts=3340990674 rssi=-31 noise_floor=-98 channel=6 secondary_channel=0 sig_mode=0 mcs=0 rate=9 cwb=0 sgi=0 stbc=0 ant=0 len=128 rx_state=0 seq=-1 tx_mac=52:40:27:94:0a:bb
CSI_DATA: 28 -64 1 0 15 9 17 9 17 8 18 7 17 5 17 4 15 3 13 2 11 1 10 1 8 2 7 3 6 4 5 6 6 7 5 7 5 8 5 8 4 8 5 7 4 7 4 7 4 6 3 6 1 5 0 0 0 0 0 0 0 0 0 0 0 0 0 0 0 0 0 0 0 0 0 0 4 -8 5 -8 5 -7 5 -8 5 -6 5 -6 5 -4 6 -3 6 -2 7 -1 8 0 10 1 11 2 13 3 15 3 15 3 16 2 16 1 17 -1 16 -1 15 -1 14 -1 12 0 12 1 12 2 13 5
CSI_META: ts=3340990837 rssi=-31 noise_floor=-98 channel=6 secondary_channel=0 sig_mode=0 mcs=0 rate=9 cwb=0 sgi=0 stbc=0 ant=0 len=128 rx_state=0 seq=-1 tx_mac=52:40:27:94:0a:bb
CSI_DATA: 28 -64 1 0 16 -9 16 -10 16 -11 15 -12 14 -13 12 -13 11 -13 9 -12 8 -11 7 -9 6 -8 6 -6 6 -4 7 -3 8 -2 8 -1 9 -1 9 -1 9 -1 9 0 8 -1 8 0 8 0 7 0 6 1 0 0 0 0 0 0 0 0 0 0 0 0 0 0 0 0 0 0 0 0 0 0 -5 -8 -4 -8 -4 -8 -3 -8 -2 -8 -1 -7 0 -7 1 -7 3 -7 5 -7 6 -8 8 -8 9 -9 10 -11 10 -11 10 -13 10 -14 9 -15 8 -15 7 -14 6 -14 6 -13 7 -11 8 -10 9 -9 12 -8
CSI_META: ts=3341369841 rssi=-32 noise_floor=-98 channel=6 secondary_channel=0 sig_mode=0 mcs=0 rate=9 cwb=0 sgi=0 stbc=0 ant=0 len=128 rx_state=0 seq=-1 tx_mac=52:40:27:94:0a:bb
CSI_DATA: 28 -64 1 0 -26 -10 -23 -9 -18 -9 -16 -10 -13 -11 -12 -14 -11 -16 -12 -17 -13 -18 -14 -19 -16 -18 -17 -17 -17 -15 -16 -14 -15 -12 -14 -10 -11 -9 -9 -8 -6 -8 -4 -8 -2 -8 0 -9 1 -9 3 -10 5 -11 0 0 0 0 0 0 0 0 0 0 0 0 0 0 0 0 0 0 0 0 0 0 -8 3 -9 2 -10 0 -12 -2 -13 -3 -15 -4 -16 -4 -17 -5 -19 -5 -20 -4 -20 -4 -20 -4 -18 -4 -17 -4 -16 -5 -14 -7 -13 -9 -13 -12 -14 -15 -15 -17 -18 -20 -21 -21 -23 -22 -27 -22 -30 -20 -32 -18
CSI_META: ts=3341927250 rssi=-32 noise_floor=-98 channel=6 secondary_channel=0 sig_mode=0 mcs=0 rate=9 cwb=0 sgi=0 stbc=0 ant=0 len=128 rx_state=0 seq=-1 tx_mac=52:40:27:94:0a:bb
CSI_DATA: 28 -64 1 0 12 14 10 16 9 19 10 20 10 22 12 22 14 22 14 21 16 20 16 18 16 15 14 13 13 11 11 10 8 10 5 9 2 9 0 9 -2 9 -3 10 -4 10 -5 11 -6 11 -7 11 -8 10 0 0 0 0 0 0 0 0 0 0 0 0 0 0 0 0 0 0 0 0 0 0 11 -5 12 -4 13 -4 14 -4 15 -4 15 -3 14 -2 14 -2 14 -1 13 0 12 2 11 5 11 7 11 10 11 12 12 15 13 17 17 19 20 18 22 19 24 18 26 16 26 15 26 13 25 11 22 11
CSI_META: ts=3342058012 rssi=-31 noise_floor=-98 channel=6 secondary_channel=0 sig_mode=0 mcs=0 rate=9 cwb=0 sgi=0 stbc=0 ant=0 len=128 rx_state=0 seq=-1 tx_mac=52:40:27:94:0a:bb
CSI_DATA: 28 -64 1 0 30 -16 27 -17 23 -17 20 -16 17 -15 15 -14 13 -11 12 -9 13 -7 14 -5 15 -3 16 -2 17 -2 17 -3 18 -3 18 -3 16 -4 15 -4 13 -4 12 -3 11 -2 10 -1 8 0 7 1 6 3 0 0 0 0 0 0 0 0 0 0 0 0 0 0 0 0 0 0 0 0 0 0 -3 -11 0 -10 1 -10 3 -9 5 -8 7 -8 8 -8 11 -8 13 -9 15 -10 17 -11 18 -12 18 -13 18 -14 17 -15 16 -14 15 -14 14 -13 14 -11 15 -9 16 -7 19 -6 21 -5 25 -5 28 -7 31 -9
CSI_META: ts=3342533564 rssi=-32 noise_floor=-98 channel=6 secondary_channel=0 sig_mode=0 mcs=0 rate=9 cwb=0 sgi=0 stbc=0 ant=0 len=128 rx_state=0 seq=-1 tx_mac=52:40:27:94:0a:bb
CSI_DATA: 28 -64 1 0 -15 26 -15 28 -13 30 -11 30 -8 30 -6 29 -4 27 -2 25 -2 21 -2 19 -2 15 -4 13 -6 11 -8 11 -10 10 -11 9 -12 9 -13 8 -13 8 -13 8 -13 8 -12 8 -12 7 -12 6 -11 4 0 0 0 0 0 0 0 0 0 0 0 0 0 0 0 0 0 0 0 0 0 0 13 6 12 7 11 7 10 7 8 8 7 8 5 9 3 10 2 12 -1 13 -3 16 -5 18 -5 20 -6 22 -5 24 -4 27 -3 27 -1 28 1 27 2 26 3 24 2 23 0 22 -3 20 -5 20 -8 21
CSI_META: ts=3342836100 rssi=-31 noise_floor=-98 channel=6 secondary_channel=0 sig_mode=0 mcs=0 rate=9 cwb=0 sgi=0 stbc=0 ant=0 len=128 rx_state=0 seq=-1 tx_mac=52:40:27:94:0a:bb
CSI_DATA: 28 -64 1 0 -8 -11 -7 -12 -5 -14 -6 -15 -7 -15 -8 -16 -9 -16 -9 -15 -10 -14 -10 -13 -10 -11 -9 -9 -8 -8 -6 -7 -4 -7 -3 -7 -1 -7 0 -7 1 -7 1 -8 2 -8 2 -8 3 -8 3 -8 4 -8 0 0 0 0 0 0 0 0 0 0 0 0 0 0 0 0 0 0 0 0 0 0 -7 1 -8 0 -9 0 -10 -1 -10 -1 -11 -1 -11 -1 -11 -2 -10 -2 -10 -2 -10 -3 -8 -4 -8 -5 -7 -7 -7 -9 -7 -11 -8 -12 -9 -14 -11 -14 -13 -14 -15 -14 -16 -13 -16 -13 -16 -11 -16 -10 -14 -10
CSI_META: ts=3343027207 rssi=-30 noise_floor=-98 channel=6 secondary_channel=0 sig_mode=0 mcs=0 rate=9 cwb=0 sgi=0 stbc=0 ant=0 len=128 rx_state=0 seq=-1 tx_mac=52:40:27:94:0a:bb
CSI_DATA: 28 -64 1 0 -17 8 -15 6 -13 4 -13 3 -12 2 -13 0 -13 -1 -14 -1 -15 -1 -15 -1 -16 0 -16 1 -15 1 -14 2 -13 2 -12 2 -10 2 -8 1 -7 0 -6 -1 -6 -2 -5 -3 -5 -4 -4 -5 -4 -7 0 0 0 0 0 0 0 0 0 0 0 0 0 0 0 0 0 0 0 0 0 0 -3 5 -5 4 -6 4 -7 4 -8 4 -9 4 -10 5 -11 5 -12 6 -12 6 -12 6 -12 5 -11 5 -11 4 -10 3 -11 2 -11 1 -13 -1 -14 -1 -16 -1 -18 -1 -20 0 -21 1 -23 2 -24 4 -23 6
CSI_META: ts=3343234153 rssi=-31 noise_floor=-98 channel=6 secondary_channel=0 sig_mode=0 mcs=0 rate=9 cwb=0 sgi=0 stbc=0 ant=0 len=128 rx_state=0 seq=-1 tx_mac=52:40:27:94:0a:bb
CSI_DATA: 28 -64 1 0 -11 8 -12 6 -13 6 -15 6 -16 6 -16 7 -16 8 -14 9 -13 10 -12 10 -11 10 -10 9 -9 8 -7 6 -7 5 -7 3 -7 1 -7 0 -7 -1 -7 -2 -8 -3 -8 -3 -8 -4 -9 -4 -8 -5 0 0 0 0 0 0 0 0 0 0 0 0 0 0 0 0 0 0 0 0 0 0 1 7 1 8 0 9 0 9 0 9 -1 9 -1 10 -1 9 -2 9 -3 9 -4 8 -5 7 -6 7 -8 6 -10 6 -11 7 -13 8 -14 9 -14 11 -14 13 -14 14 -13 15 -12 16 -11 16 -10 15 -9 14
CSI_META: ts=3344460489 rssi=-31 noise_floor=-98 channel=6 secondary_channel=0 sig_mode=0 mcs=0 rate=9 cwb=0 sgi=0 stbc=0 ant=0 len=128 rx_state=0 seq=-1 tx_mac=52:40:27:94:0a:bb
CSI_DATA: 28 -64 1 0 9 -10 10 -9 12 -9 13 -8 14 -9 14 -10 13 -11 12 -12 11 -13 10 -13 8 -12 7 -11 6 -9 6 -8 5 -7 5 -5 6 -3 6 -2 6 -1 6 0 7 0 8 1 7 2 8 2 8 3 0 0 0 0 0 0 0 0 0 0 0 0 0 0 0 0 0 0 0 0 0 0 -4 -8 -3 -9 -2 -10 -2 -10 -2 -10 -2 -10 -2 -10 -1 -10 -1 -10 0 -10 2 -9 3 -9 5 -8 6 -8 8 -8 9 -10 10 -10 12 -13 12 -14 11 -16 11 -17 9 -18 9 -18 8 -18 7 -17 7 -16
CSI_META: ts=3344924824 rssi=-31 noise_floor=-98 channel=6 secondary_channel=0 sig_mode=0 mcs=0 rate=9 cwb=0 sgi=0 stbc=0 ant=0 len=128 rx_state=0 seq=-1 tx_mac=52:40:27:94:0a:bb
CSI_DATA: 28 -64 1 0 -4 -19 -5 -19 -5 -20 -7 -18 -8 -18 -9 -16 -9 -15 -9 -13 -8 -11 -7 -10 -5 -9 -4 -8 -2 -8 -1 -8 1 -8 2 -9 2 -9 3 -9 3 -9 3 -9 3 -9 3 -9 3 -8 3 -7 3 -6 0 0 0 0 0 0 0 0 0 0 0 0 0 0 0 0 0 0 0 0 0 0 -9 2 -9 1 -9 1 -8 0 -8 0 -7 -1 -7 -2 -6 -3 -6 -5 -6 -6 -6 -8 -6 -10 -6 -11 -7 -13 -8 -13 -9 -14 -10 -13 -11 -14 -12 -12 -12 -12 -11 -10 -11 -10 -9 -10 -8 -11 -6 -12 -4 -13
CSI_META: ts=3347398036 rssi=-31 noise_floor=-98 channel=6 secondary_channel=0 sig_mode=0 mcs=0 rate=9 cwb=0 sgi=0 stbc=0 ant=0 len=128 rx_state=0 seq=-1 tx_mac=52:40:27:94:0a:bb
CSI_DATA: 28 -64 1 0 -10 -26 -12 -27 -13 -27 -15 -26 -16 -24 -18 -22 -17 -19 -16 -16 -15 -15 -12 -13 -10 -11 -8 -11 -5 -11 -3 -12 -2 -14 -1 -14 0 -14 1 -14 1 -14 1 -14 1 -14 1 -14 2 -13 2 -12 3 -10 0 0 0 0 0 0 0 0 0 0 0 0 0 0 0 0 0 0 0 0 0 0 -13 5 -13 4 -13 3 -12 2 -12 1 -11 -1 -10 -2 -10 -4 -10 -6 -10 -9 -10 -11 -11 -14 -12 -16 -13 -18 -15 -18 -17 -19 -18 -19 -19 -17 -20 -16 -20 -14 -19 -13 -18 -13 -16 -14 -14 -14 -12 -17 -10 -20
CSI_META: ts=3347927195 rssi=-32 noise_floor=-98 channel=6 secondary_channel=0 sig_mode=0 mcs=0 rate=9 cwb=0 sgi=0 stbc=0 ant=0 len=128 rx_state=0 seq=-1 tx_mac=52:40:27:94:0a:bb
CSI_DATA: 28 -64 1 0 29 2 31 1 32 -1 32 -3 30 -5 28 -7 26 -8 22 -9 19 -8 17 -7 14 -5 13 -2 12 0 11 2 12 5 12 7 12 7 12 8 12 8 12 8 11 8 11 8 10 8 9 8 7 8 0 0 0 0 0 0 0 0 0 0 0 0 0 0 0 0 0 0 0 0 0 0 -2 -15 -1 -15 0 -15 1 -14 2 -13 3 -12 4 -10 6 -9 8 -8 10 -6 14 -6 16 -5 19 -5 22 -6 24 -7 24 -9 25 -11 24 -13 24 -14 22 -15 20 -15 19 -13 17 -11 18 -8 19 -5 21 -2
CSI_META: ts=3348103979 rssi=-31 noise_floor=-98 channel=6 secondary_channel=0 sig_mode=0 mcs=0 rate=9 cwb=0 sgi=0 stbc=0 ant=0 len=128 rx_state=0 seq=-1 tx_mac=52:40:27:94:0a:bb
CSI_DATA: 28 -64 1 0 26 -14 22 -12 20 -9 19 -6 18 -4 19 -2 20 0 20 0 23 1 23 0 24 -1 23 -2 22 -3 21 -5 19 -5 18 -4 15 -3 12 -3 10 -1 9 1 8 2 7 4 6 6 5 8 5 10 0 0 0 0 0 0 0 0 0 0 0 0 0 0 0 0 0 0 0 0 0 0 3 -9 5 -9 7 -9 10 -9 11 -9 12 -9 14 -10 15 -11 16 -12 17 -12 17 -12 16 -12 16 -11 15 -9 15 -7 15 -6 16 -3 18 -2 21 -1 25 0 27 -1 31 -3 33 -4 35 -7 36 -10 35 -13
CSI_META: ts=3348385013 rssi=-30 noise_floor=-98 channel=6 secondary_channel=0 sig_mode=0 mcs=0 rate=9 cwb=0 sgi=0 stbc=0 ant=0 len=128 rx_state=0 seq=-1 tx_mac=52:40:27:94:0a:bb
CSI_DATA: 28 -64 1 0 2 18 2 15 1 14 -1 11 -2 10 -3 10 -4 11 -5 12 -6 12 -5 13 -5 13 -4 14 -3 13 -2 13 -2 12 -2 11 -2 9 -2 8 -2 6 -3 5 -3 4 -4 3 -5 2 -6 2 -7 1 0 0 0 0 0 0 0 0 0 0 0 0 0 0 0 0 0 0 0 0 0 0 4 4 3 5 3 6 2 7 2 8 2 9 2 10 2 10 3 11 3 12 3 12 2 11 2 11 1 10 0 9 -1 10 -2 10 -4 11 -5 11 -6 14 -6 16 -5 18 -5 20 -4 21 -2 22 -1 22
CSI_META: ts=3349534051 rssi=-31 noise_floor=-98 channel=6 secondary_channel=0 sig_mode=0 mcs=0 rate=9 cwb=0 sgi=0 stbc=0 ant=0 len=128 rx_state=0 seq=-1 tx_mac=52:40:27:94:0a:bb
CSI_DATA: 28 -64 1 0 7 -37 3 -35 1 -33 -1 -29 -2 -25 -2 -22 0 -19 1 -18 3 -16 5 -16 7 -15 8 -16 9 -17 9 -19 9 -19 9 -18 8 -18 7 -16 6 -15 5 -13 5 -12 5 -10 5 -8 6 -6 7 -4 0 0 0 0 0 0 0 0 0 0 0 0 0 0 0 0 0 0 0 0 0 0 -10 -7 -9 -7 -7 -8 -5 -9 -3 -10 -1 -12 0 -13 1 -16 2 -18 4 -20 3 -23 3 -24 3 -25 1 -25 0 -25 -1 -24 -1 -23 -1 -21 0 -20 3 -19 5 -19 8 -20 11 -23 13 -25 14 -29 14 -33
CSI_META: ts=3349785262 rssi=-30 noise_floor=-98 channel=6 secondary_channel=0 sig_mode=0 mcs=0 rate=9 cwb=0 sgi=0 stbc=0 ant=0 len=128 rx_state=0 seq=-1 tx_mac=52:40:27:94:0a:bb
CSI_DATA: 28 -64 1 0 3 22 4 20 5 19 6 16 5 14 5 12 4 11 2 10 1 9 -1 9 -2 10 -2 10 -3 11 -3 12 -3 12 -2 12 -2 11 -1 10 -1 9 -1 8 -1 7 -2 7 -2 5 -3 4 -4 3 0 0 0 0 0 0 0 0 0 0 0 0 0 0 0 0 0 0 0 0 0 0 6 1 5 2 4 3 3 4 3 5 2 6 2 7 1 9 1 10 2 12 2 13 3 14 3 14 4 14 4 13 4 13 4 12 4 12 3 11 1 11 0 11 -1 13 -3 15 -3 17 -2 19 -2 21
CSI_META: ts=3349887987 rssi=-31 noise_floor=-98 channel=6 secondary_channel=0 sig_mode=0 mcs=0 rate=9 cwb=0 sgi=0 stbc=0 ant=0 len=128 rx_state=0 seq=-1 tx_mac=52:40:27:94:0a:bb
CSI_DATA: 28 -64 1 0 10 -8 12 -7 13 -6 14 -6 15 -6 15 -8 15 -8 14 -10 13 -10 12 -10 11 -10 9 -9 8 -8 7 -7 6 -5 6 -4 6 -2 6 -1 6 0 6 1 7 2 7 2 7 3 7 4 7 4 0 0 0 0 0 0 0 0 0 0 0 0 0 0 0 0 0 0 0 0 0 0 -2 -9 -1 -9 -1 -10 -1 -10 0 -10 0 -11 0 -10 1 -10 1 -10 2 -9 3 -9 4 -8 6 -7 8 -7 9 -7 11 -7 12 -9 13 -10 14 -11 14 -13 13 -15 13 -16 11 -16 11 -16 10 -15 10 -14
CSI_META: ts=3350145297 rssi=-31 noise_floor=-98 channel=6 secondary_channel=0 sig_mode=0 mcs=0 rate=9 cwb=0 sgi=0 stbc=0 ant=0 len=128 rx_state=0 seq=-1 tx_mac=52:40:27:94:0a:bb
CSI_DATA: 28 -64 1 0 9 20 10 17 10 16 10 13 9 11 8 10 6 9 4 9 2 9 1 10 1 10 1 11 1 12 1 13 2 12 2 12 2 11 2 10 1 8 1 7 0 6 0 5 -1 5 -3 4 -4 3 0 0 0 0 0 0 0 0 0 0 0 0 0 0 0 0 0 0 0 0 0 0 7 -2 7 -1 6 0 5 1 5 2 4 4 4 5 4 7 4 9 5 10 5 12 6 12 7 13 7 12 8 12 9 11 8 10 8 10 7 9 5 10 4 10 3 12 2 14 2 16 3 18 4 20
CSI_META: ts=3350690652 rssi=-31 noise_floor=-98 channel=6 secondary_channel=0 sig_mode=0 mcs=0 rate=9 cwb=0 sgi=0 stbc=0 ant=0 len=128 rx_state=0 seq=-1 tx_mac=52:40:27:94:0a:bb
CSI_DATA: 28 -64 1 0 27 -3 28 -4 29 -6 28 -8 26 -9 25 -11 22 -11 19 -12 16 -10 14 -9 13 -7 12 -5 11 -2 12 0 12 1 12 3 13 4 13 4 12 4 13 4 12 5 12 5 11 5 10 5 8 5 0 0 0 0 0 0 0 0 0 0 0 0 0 0 0 0 0 0 0 0 0 0 -3 -14 -1 -14 0 -13 1 -12 2 -11 2 -10 4 -9 6 -9 8 -8 11 -7 13 -7 15 -6 18 -7 20 -8 21 -9 21 -11 21 -13 21 -14 20 -15 19 -15 17 -15 17 -14 16 -11 17 -9 19 -7 20 -5
CSI_META: ts=3352427305 rssi=-32 noise_floor=-98 channel=6 secondary_channel=0 sig_mode=0 mcs=0 rate=9 cwb=0 sgi=0 stbc=0 ant=0 len=128 rx_state=0 seq=-1 tx_mac=52:40:27:94:0a:bb
CSI_DATA: 28 -64 1 0 17 -31 14 -30 11 -29 8 -26 6 -23 5 -20 5 -16 6 -14 8 -12 10 -11 12 -10 14 -10 14 -11 15 -12 15 -13 14 -12 13 -12 11 -11 10 -10 9 -9 8 -8 7 -6 7 -4 7 -2 7 1 0 0 0 0 0 0 0 0 0 0 0 0 0 0 0 0 0 0 0 0 0 0 -10 -7 -7 -8 -6 -8 -4 -9 -2 -9 0 -10 2 -11 4 -13 5 -15 7 -17 8 -20 8 -21 7 -22 7 -23 5 -23 4 -23 3 -21 3 -20 4 -18 6 -16 8 -15 12 -15 15 -17 18 -19 20 -21 21 -26
CSI_META: ts=3353574409 rssi=-31 noise_floor=-98 channel=6 secondary_channel=0 sig_mode=0 mcs=0 rate=9 cwb=0 sgi=0 stbc=0 ant=0 len=128 rx_state=0 seq=-1 tx_mac=52:40:27:94:0a:bb
CSI_DATA: 28 -64 1 0 -10 -9 -9 -10 -8 -12 -9 -13 -10 -14 -11 -14 -11 -13 -12 -12 -12 -12 -13 -10 -12 -9 -11 -7 -10 -7 -8 -6 -6 -6 -5 -6 -3 -6 -2 -6 -1 -7 0 -7 1 -8 1 -8 1 -9 2 -9 3 -9 0 0 0 0 0 0 0 0 0 0 0 0 0 0 0 0 0 0 0 0 0 0 -7 3 -8 2 -9 2 -10 2 -10 2 -10 1 -10 1 -10 1 -10 1 -10 0 -9 -2 -8 -3 -8 -4 -8 -6 -9 -8 -10 -10 -11 -10 -12 -11 -14 -11 -16 -11 -17 -10 -18 -9 -18 -8 -18 -7 -17 -6 -16 -6
CSI_META: ts=3353928267 rssi=-32 noise_floor=-98 channel=6 secondary_channel=0 sig_mode=0 mcs=0 rate=9 cwb=0 sgi=0 stbc=0 ant=0 len=128 rx_state=0 seq=-1 tx_mac=52:40:27:94:0a:bb
CSI_DATA: 28 -64 1 0 24 24 24 20 24 18 22 14 20 11 17 10 14 9 10 9 8 11 7 12 6 14 6 15 6 16 7 18 7 17 8 17 7 16 7 14 6 12 5 11 5 9 3 9 1 8 -1 7 -3 6 0 0 0 0 0 0 0 0 0 0 0 0 0 0 0 0 0 0 0 0 0 0 9 -7 8 -5 8 -4 8 -2 9 1 9 3 9 5 10 7 12 10 14 11 15 13 17 14 18 13 19 12 19 11 19 10 18 9 17 9 15 8 13 10 12 12 11 15 11 19 13 22 15 25 18 27
CSI_META: ts=3356811240 rssi=-32 noise_floor=-98 channel=6 secondary_channel=0 sig_mode=0 mcs=0 rate=9 cwb=0 sgi=0 stbc=0 ant=0 len=128 rx_state=0 seq=-1 tx_mac=52:40:27:94:0a:bb
CSI_DATA: 28 -64 1 0 27 10 23 8 19 9 16 9 13 11 12 12 12 15 12 16 13 17 14 17 15 17 16 16 16 15 16 13 15 11 14 10 11 9 9 7 6 7 4 7 3 7 0 8 -1 9 -3 9 -5 9 0 0 0 0 0 0 0 0 0 0 0 0 0 0 0 0 0 0 0 0 0 0 8 -4 9 -2 11 -1 12 1 14 2 14 3 16 4 17 4 19 4 20 4 20 4 18 4 18 4 16 4 15 5 13 8 12 10 13 12 13 15 16 18 18 20 21 20 24 22 28 21 30 19 31 17
CSI_META: ts=3357045549 rssi=-31 noise_floor=-98 channel=6 secondary_channel=0 sig_mode=0 mcs=0 rate=9 cwb=0 sgi=0 stbc=0 ant=0 len=128 rx_state=0 seq=-1 tx_mac=52:40:27:94:0a:bb
CSI_DATA: 28 -64 1 0 -2 -13 0 -13 2 -15 2 -15 2 -17 1 -17 0 -18 -2 -18 -2 -17 -3 -15 -4 -14 -4 -12 -3 -10 -2 -9 0 -8 1 -7 2 -6 3 -6 4 -6 5 -6 5 -6 6 -6 6 -6 7 -5 6 -5 0 0 0 0 0 0 0 0 0 0 0 0 0 0 0 0 0 0 0 0 0 0 -7 -2 -8 -4 -8 -5 -8 -5 -9 -6 -9 -6 -9 -6 -9 -6 -9 -6 -8 -7 -7 -7 -5 -8 -4 -8 -3 -9 -2 -11 -1 -13 -2 -14 -2 -16 -3 -17 -4 -19 -6 -19 -7 -19 -8 -18 -9 -17 -9 -16 -8 -15
CSI_META: ts=3357260791 rssi=-31 noise_floor=-98 channel=6 secondary_channel=0 sig_mode=0 mcs=0 rate=9 cwb=0 sgi=0 stbc=0 ant=0 len=128 rx_state=0 seq=-1 tx_mac=52:40:27:94:0a:bb
CSI_DATA: 28 -64 1 0 -8 15 -8 16 -7 17 -6 18 -5 18 -3 17 -2 16 -1 14 -1 12 -1 10 -1 9 -2 7 -3 6 -5 5 -6 5 -7 4 -8 4 -8 4 -8 4 -8 4 -8 4 -8 4 -8 3 -7 3 -7 1 0 0 0 0 0 0 0 0 0 0 0 0 0 0 0 0 0 0 0 0 0 0 8 1 8 1 7 2 7 2 6 3 5 3 4 4 3 4 2 6 1 7 0 8 -1 10 -1 12 -1 13 -1 14 0 15 1 16 2 16 3 15 3 15 4 13 3 12 2 11 0 11 -2 11 -4 12
CSI_META: ts=3357597567 rssi=-32 noise_floor=-98 channel=6 secondary_channel=0 sig_mode=0 mcs=0 rate=9 cwb=0 sgi=0 stbc=0 ant=0 len=128 rx_state=0 seq=-1 tx_mac=52:40:27:94:0a:bb
CSI_DATA: 28 -64 1 0 -17 23 -14 19 -14 16 -14 12 -15 10 -16 8 -18 8 -20 8 -21 9 -22 10 -21 11 -20 12 -19 13 -17 13 -15 12 -14 11 -12 9 -10 7 -9 4 -9 2 -9 0 -9 -2 -9 -4 -10 -6 -10 -7 0 0 0 0 0 0 0 0 0 0 0 0 0 0 0 0 0 0 0 0 0 0 2 8 -1 9 -3 10 -5 11 -6 12 -7 13 -8 15 -8 16 -9 17 -9 18 -9 19 -9 18 -9 17 -9 15 -10 13 -11 12 -13 10 -16 10 -18 10 -22 11 -24 13 -26 16 -27 19 -27 22 -26 25 -24 27
CSI_META: ts=3357710620 rssi=-31 noise_floor=-98 channel=6 secondary_channel=0 sig_mode=0 mcs=0 rate=9 cwb=0 sgi=0 stbc=0 ant=0 len=128 rx_state=0 seq=-1 tx_mac=52:40:27:94:0a:bb
CSI_DATA: 28 -64 1 0 -2 -13 0 -13 2 -15 2 -15 2 -16 1 -17 1 -17 0 -17 -2 -17 -3 -16 -3 -15 -3 -13 -3 -11 -2 -10 -1 -9 0 -7 1 -6 3 -6 4 -5 4 -5 5 -5 6 -5 7 -5 7 -5 7 -4 0 0 0 0 0 0 0 0 0 0 0 0 0 0 0 0 0 0 0 0 0 0 -8 -3 -9 -4 -9 -4 -9 -5 -9 -5 -9 -5 -9 -6 -8 -6 -7 -6 -7 -6 -6 -7 -5 -8 -3 -9 -2 -10 -1 -12 -1 -14 -1 -15 -2 -17 -3 -18 -4 -19 -6 -19 -7 -19 -8 -18 -8 -17 -8 -16 -7 -15
CSI_META: ts=3358489257 rssi=-31 noise_floor=-98 channel=6 secondary_channel=0 sig_mode=0 mcs=0 rate=9 cwb=0 sgi=0 stbc=0 ant=0 len=128 rx_state=0 seq=-1 tx_mac=52:40:27:94:0a:bb
CSI_DATA: 28 -64 1 0 -12 7 -12 6 -13 5 -15 5 -15 5 -16 6 -16 7 -15 8 -14 9 -13 9 -12 9 -11 8 -9 7 -8 6 -7 5 -7 3 -7 2 -7 0 -7 -1 -7 -2 -7 -3 -8 -3 -8 -4 -8 -5 -7 -5 0 0 0 0 0 0 0 0 0 0 0 0 0 0 0 0 0 0 0 0 0 0 1 8 0 8 0 9 -1 9 -1 9 -1 9 -1 9 -2 9 -2 9 -3 8 -5 8 -6 7 -7 6 -9 6 -10 6 -12 6 -13 7 -14 9 -15 10 -15 12 -14 13 -13 14 -13 15 -12 15 -11 14 -10 13
CSI_META: ts=3361822721 rssi=-31 noise_floor=-98 channel=6 secondary_channel=0 sig_mode=0 mcs=0 rate=9 cwb=0 sgi=0 stbc=0 ant=0 len=128 rx_state=0 seq=-1 tx_mac=52:40:27:94:0a:bb
CSI_DATA: 28 -64 1 0 1 -30 1 -26 2 -24 3 -20 6 -18 8 -17 10 -18 11 -19 11 -20 11 -21 10 -22 9 -22 8 -22 7 -22 5 -20 5 -18 4 -15 4 -13 5 -10 5 -8 6 -6 7 -5 8 -3 10 -2 11 0 0 0 0 0 0 0 0 0 0 0 0 0 0 0 0 0 0 0 0 0 0 0 -6 -8 -5 -10 -4 -11 -3 -13 -2 -15 -2 -16 -1 -17 -1 -19 -2 -20 -2 -21 -2 -21 -2 -21 -2 -20 -1 -19 1 -17 2 -17 5 -17 8 -18 10 -19 12 -22 13 -24 13 -29 13 -32 11 -34 8 -36 6 -38
CSI_META: ts=3362027848 rssi=-31 noise_floor=-98 channel=6 secondary_channel=0 sig_mode=0 mcs=0 rate=9 cwb=0 sgi=0 stbc=0 ant=0 len=128 rx_state=0 seq=-1 tx_mac=52:40:27:94:0a:bb
CSI_DATA: 28 -64 1 0 -11 -17 -9 -14 -7 -14 -5 -12 -3 -12 -2 -12 0 -13 0 -14 0 -15 -1 -16 -2 -16 -2 -16 -3 -15 -3 -15 -3 -13 -4 -12 -2 -10 -2 -9 -1 -7 0 -6 1 -6 3 -5 4 -5 5 -4 6 -4 0 0 0 0 0 0 0 0 0 0 0 0 0 0 0 0 0 0 0 0 0 0 -6 -2 -6 -3 -6 -4 -6 -6 -7 -7 -7 -8 -7 -9 -8 -10 -9 -11 -9 -11 -10 -11 -9 -11 -9 -10 -8 -10 -6 -10 -6 -10 -4 -11 -3 -12 -2 -14 -1 -16 -2 -18 -3 -20 -4 -22 -6 -23 -9 -23 -10 -23
CSI_META: ts=3362030134 rssi=-31 noise_floor=-98 channel=6 secondary_channel=0 sig_mode=0 mcs=0 rate=9 cwb=0 sgi=0 stbc=0 ant=0 len=128 rx_state=0 seq=-1 tx_mac=52:40:27:94:0a:bb
CSI_DATA: 28 -64 1 0 -2 18 -2 15 -3 14 -4 11 -5 10 -7 10 -8 10 -9 11 -9 12 -9 13 -8 13 -7 14 -7 13 -5 13 -5 12 -4 10 -4 8 -4 6 -4 5 -5 3 -5 2 -6 1 -7 0 -8 0 -8 -1 0 0 0 0 0 0 0 0 0 0 0 0 0 0 0 0 0 0 0 0 0 0 4 3 3 4 2 5 1 6 0 8 0 9 -1 10 -1 11 -1 13 0 13 0 14 0 14 0 13 0 12 -1 11 -2 10 -4 10 -5 10 -7 11 -9 12 -10 14 -10 16 -10 19 -9 21 -7 23 -5 24
CSI_META: ts=3362280635 rssi=-31 noise_floor=-98 channel=6 secondary_channel=0 sig_mode=0 mcs=0 rate=9 cwb=0 sgi=0 stbc=0 ant=0 len=128 rx_state=0 seq=-1 tx_mac=52:40:27:94:0a:bb
CSI_DATA: 28 -64 1 0 -19 -8 -18 -9 -18 -12 -19 -13 -20 -14 -22 -14 -23 -13 -23 -11 -23 -9 -22 -7 -21 -6 -19 -5 -17 -4 -14 -4 -12 -5 -10 -6 -8 -7 -6 -8 -5 -9 -4 -10 -4 -11 -4 -12 -3 -13 -3 -13 -1 -13 0 0 0 0 0 0 0 0 0 0 0 0 0 0 0 0 0 0 0 0 0 0 -9 7 -11 6 -12 6 -13 6 -13 6 -14 6 -14 5 -14 5 -14 4 -14 3 -14 1 -13 -1 -14 -3 -14 -5 -16 -7 -18 -9 -20 -10 -22 -10 -25 -10 -27 -8 -29 -7 -29 -5 -29 -4 -29 -2 -27 -1 -24 -2
CSI_META: ts=3362421102 rssi=-31 noise_floor=-98 channel=6 secondary_channel=0 sig_mode=0 mcs=0 rate=9 cwb=0 sgi=0 stbc=0 ant=0 len=128 rx_state=0 seq=-1 tx_mac=52:40:27:94:0a:bb
CSI_DATA: 28 -64 1 0 1 -13 3 -12 5 -13 6 -13 6 -14 5 -15 5 -16 4 -17 3 -17 2 -16 1 -14 0 -13 0 -12 0 -10 1 -9 2 -7 3 -6 4 -5 4 -4 5 -4 6 -3 7 -3 7 -3 8 -2 8 -2 0 0 0 0 0 0 0 0 0 0 0 0 0 0 0 0 0 0 0 0 0 0 -8 -4 -8 -5 -8 -6 -8 -7 -8 -6 -7 -7 -7 -7 -7 -7 -6 -7 -5 -7 -4 -8 -2 -8 -1 -9 0 -10 2 -11 2 -13 2 -15 2 -17 1 -18 0 -19 -2 -19 -3 -19 -4 -19 -4 -18 -4 -17 -3 -16
CSI_META: ts=3362421518 rssi=-31 noise_floor=-98 channel=6 secondary_channel=0 sig_mode=0 mcs=0 rate=9 cwb=0 sgi=0 stbc=0 ant=0 len=128 rx_state=0 seq=-1 tx_mac=52:40:27:94:0a:bb
CSI_DATA: 28 -64 1 0 9 -8 9 -6 13 -7 12 -6 14 -6 14 -8 14 -8 13 -9 13 -10 11 -10 9 -10 8 -9 6 -7 6 -8 5 -5 6 -4 5 -2 6 -1 6 0 6 1 6 1 7 3 7 3 6 3 6 4 0 0 0 0 0 0 0 0 0 0 0 0 0 0 0 0 0 0 0 0 0 0 -2 -8 -2 -8 -2 -10 -1 -9 -1 -11 -1 -9 0 -10 0 -9 0 -9 2 -9 3 -8 4 -7 6 -7 7 -7 8 -6 10 -8 10 -8 13 -11 12 -11 13 -13 12 -14 11 -16 11 -16 10 -16 8 -14 8 -13
CSI_META: ts=3362661263 rssi=-32 noise_floor=-98 channel=6 secondary_channel=0 sig_mode=0 mcs=0 rate=9 cwb=0 sgi=0 stbc=0 ant=0 len=128 rx_state=0 seq=-1 tx_mac=52:40:27:94:0a:bb
CSI_DATA: 28 -64 1 0 23 -4 21 -5 19 -6 16 -6 14 -6 12 -5 10 -4 9 -2 8 0 9 2 9 3 10 4 11 4 12 4 12 4 12 3 11 3 10 2 8 1 7 1 6 2 5 2 3 3 2 3 1 4 0 0 0 0 0 0 0 0 0 0 0 0 0 0 0 0 0 0 0 0 0 0 -2 -8 -1 -8 0 -7 1 -6 2 -5 4 -5 5 -4 7 -4 9 -3 11 -4 12 -4 13 -5 14 -6 14 -7 14 -8 13 -8 11 -8 11 -7 10 -6 10 -4 10 -3 12 -1 13 1 16 2 19 2 21 2
CSI_META: ts=3362697795 rssi=-31 noise_floor=-98 channel=6 secondary_channel=0 sig_mode=0 mcs=0 rate=9 cwb=0 sgi=0 stbc=0 ant=0 len=128 rx_state=0 seq=-1 tx_mac=52:40:27:94:0a:bb
CSI_DATA: 28 -64 1 0 -16 -10 -14 -9 -11 -9 -9 -9 -7 -9 -7 -10 -6 -12 -6 -13 -7 -14 -7 -14 -9 -14 -9 -13 -10 -12 -9 -12 -9 -11 -8 -9 -7 -8 -5 -7 -4 -6 -2 -6 -1 -6 0 -6 1 -6 3 -7 4 -7 0 0 0 0 0 0 0 0 0 0 0 0 0 0 0 0 0 0 0 0 0 0 -6 1 -7 -1 -7 -2 -8 -3 -9 -4 -10 -5 -10 -6 -11 -6 -12 -6 -12 -6 -13 -6 -12 -6 -11 -6 -11 -6 -9 -6 -8 -7 -7 -9 -7 -10 -7 -12 -8 -14 -10 -16 -12 -17 -13 -18 -16 -18 -18 -18 -19 -16
CSI_META: ts=3362697922 rssi=-31 noise_floor=-98 channel=6 secondary_channel=0 sig_mode=0 mcs=0 rate=9 cwb=0 sgi=0 stbc=0 ant=0 len=128 rx_state=0 seq=-1 tx_mac=52:40:27:94:0a:bb
CSI_DATA: 28 -64 1 0 -1 16 -1 14 -2 12 -3 10 -4 9 -6 9 -7 10 -7 11 -8 11 -8 12 -7 13 -6 12 -5 12 -3 12 -3 10 -3 9 -3 7 -3 5 -3 4 -4 3 -5 2 -6 1 -7 1 -7 0 -8 -1 0 0 0 0 0 0 0 0 0 0 0 0 0 0 0 0 0 0 0 0 0 0 3 3 2 4 1 5 1 6 0 7 0 8 -1 9 -1 10 0 11 -1 12 -1 12 0 12 0 11 0 11 -1 10 -2 9 -3 9 -4 9 -6 9 -7 11 -8 13 -8 16 -9 18 -8 19 -7 20 -5 21
CSI_META: ts=3362698049 rssi=-31 noise_floor=-98 channel=6 secondary_channel=0 sig_mode=0 mcs=0 rate=9 cwb=0 sgi=0 stbc=0 ant=0 len=128 rx_state=0 seq=-1 tx_mac=52:40:27:94:0a:bb
CSI_DATA: 28 -64 1 0 15 -8 13 -6 12 -5 10 -3 10 -1 10 0 11 1 11 2 13 2 13 2 13 1 13 1 13 0 13 -1 11 -2 10 -1 8 -1 7 -1 6 0 5 1 4 1 3 3 2 4 2 5 1 5 0 0 0 0 0 0 0 0 0 0 0 0 0 0 0 0 0 0 0 0 0 0 2 -5 3 -5 5 -5 6 -5 7 -5 7 -6 8 -6 9 -6 9 -7 10 -7 10 -7 9 -7 9 -6 9 -5 8 -4 8 -3 9 -1 11 0 12 1 14 1 16 1 18 0 20 -1 21 -2 21 -4 20 -6
CSI_META: ts=3364061281 rssi=-31 noise_floor=-98 channel=6 secondary_channel=0 sig_mode=0 mcs=0 rate=9 cwb=0 sgi=0 stbc=0 ant=0 len=128 rx_state=0 seq=-1 tx_mac=52:40:27:94:0a:bb
CSI_DATA: 28 -64 1 0 -13 25 -11 21 -11 18 -11 15 -13 13 -14 12 -16 12 -16 13 -18 13 -18 15 -17 15 -16 16 -14 16 -12 16 -11 15 -10 13 -9 11 -8 9 -8 6 -8 4 -8 2 -10 1 -10 -1 -11 -2 -11 -4 0 0 0 0 0 0 0 0 0 0 0 0 0 0 0 0 0 0 0 0 0 0 2 8 0 9 -2 9 -4 10 -5 11 -6 12 -7 14 -8 15 -8 17 -9 17 -9 18 -9 18 -9 17 -8 15 -9 14 -10 13 -11 12 -14 11 -16 11 -19 13 -21 15 -22 18 -24 21 -24 24 -22 26 -20 29
CSI_META: ts=3364127835 rssi=-31 noise_floor=-98 channel=6 secondary_channel=0 sig_mode=0 mcs=0 rate=9 cwb=0 sgi=0 stbc=0 ant=0 len=128 rx_state=0 seq=-1 tx_mac=52:40:27:94:0a:bb
CSI_DATA: 28 -64 1 0 22 -16 23 -17 23 -19 21 -21 19 -21 16 -22 14 -21 11 -20 10 -18 8 -16 7 -13 8 -10 8 -8 9 -7 11 -5 12 -4 13 -4 13 -3 13 -3 13 -3 13 -3 13 -2 12 -2 11 -1 10 0 0 0 0 0 0 0 0 0 0 0 0 0 0 0 0 0 0 0 0 0 0 0 -8 -11 -7 -12 -6 -12 -5 -12 -4 -11 -2 -11 -1 -10 1 -11 3 -11 6 -11 8 -12 11 -13 12 -14 14 -16 14 -18 14 -20 14 -22 12 -23 11 -23 10 -23 9 -21 8 -20 9 -19 11 -17 13 -15 15 -15
CSI_META: ts=3364428404 rssi=-31 noise_floor=-98 channel=6 secondary_channel=0 sig_mode=0 mcs=0 rate=9 cwb=0 sgi=0 stbc=0 ant=0 len=128 rx_state=0 seq=-1 tx_mac=52:40:27:94:0a:bb
CSI_DATA: 28 -64 1 0 -18 -6 -15 -5 -12 -6 -11 -6 -9 -7 -9 -8 -8 -10 -9 -10 -10 -11 -11 -11 -12 -10 -12 -10 -12 -8 -12 -7 -11 -6 -9 -5 -7 -5 -6 -4 -5 -5 -3 -5 -3 -6 -1 -6 -1 -7 0 -8 1 -8 0 0 0 0 0 0 0 0 0 0 0 0 0 0 0 0 0 0 0 0 0 0 -5 2 -6 1 -7 -1 -7 -2 -8 -3 -9 -3 -10 -4 -11 -4 -12 -5 -13 -5 -13 -5 -13 -5 -12 -4 -11 -4 -11 -4 -10 -5 -9 -6 -9 -8 -9 -9 -10 -11 -11 -12 -13 -13 -15 -14 -17 -14 -19 -13 -20 -11
CSI_META: ts=3364633595 rssi=-31 noise_floor=-98 channel=6 secondary_channel=0 sig_mode=0 mcs=0 rate=9 cwb=0 sgi=0 stbc=0 ant=0 len=128 rx_state=0 seq=-1 tx_mac=52:40:27:94:0a:bb
CSI_DATA: 28 -64 1 0 -20 8 -20 6 -21 4 -23 3 -24 4 -25 5 -25 7 -24 8 -23 9 -21 11 -19 10 -17 10 -15 9 -13 7 -12 5 -11 3 -10 1 -10 -1 -10 -3 -10 -4 -11 -6 -11 -6 -11 -7 -11 -8 -10 -9 0 0 0 0 0 0 0 0 0 0 0 0 0 0 0 0 0 0 0 0 0 0 -2 11 -4 12 -5 13 -5 13 -6 13 -6 13 -6 13 -6 13 -7 12 -8 11 -9 10 -10 8 -12 7 -15 6 -17 5 -19 5 -21 6 -23 8 -25 9 -26 12 -26 14 -25 17 -24 17 -22 18 -21 17 -19 16
CSI_META: ts=3365134762 rssi=-31 noise_floor=-98 channel=6 secondary_channel=0 sig_mode=0 mcs=0 rate=9 cwb=0 sgi=0 stbc=0 ant=0 len=128 rx_state=0 seq=-1 tx_mac=52:40:27:94:0a:bb
CSI_DATA: 28 -64 1 0 -3 -38 -6 -34 -7 -32 -8 -28 -8 -24 -7 -21 -4 -18 -3 -17 0 -17 2 -17 4 -17 4 -19 5 -19 5 -21 5 -21 4 -20 3 -19 2 -17 2 -15 2 -14 2 -12 3 -10 4 -9 5 -6 7 -5 0 0 0 0 0 0 0 0 0 0 0 0 0 0 0 0 0 0 0 0 0 0 -13 -3 -11 -5 -9 -6 -8 -7 -6 -9 -5 -10 -3 -12 -3 -15 -2 -18 -2 -20 -3 -23 -3 -24 -4 -25 -6 -25 -6 -25 -8 -24 -8 -22 -7 -21 -5 -19 -3 -19 0 -19 2 -22 4 -24 5 -28 6 -31 5 -36
CSI_META: ts=3366484122 rssi=-31 noise_floor=-98 channel=6 secondary_channel=0 sig_mode=0 mcs=0 rate=9 cwb=0 sgi=0 stbc=0 ant=0 len=128 rx_state=0 seq=-1 tx_mac=52:40:27:94:0a:bb
CSI_DATA: 28 -64 1 0 15 -23 15 -25 14 -26 12 -27 9 -26 7 -26 5 -25 3 -23 3 -20 2 -18 3 -15 4 -13 5 -10 7 -10 9 -9 10 -8 11 -8 11 -8 11 -8 11 -7 11 -7 11 -7 11 -6 10 -5 10 -3 0 0 0 0 0 0 0 0 0 0 0 0 0 0 0 0 0 0 0 0 0 0 -11 -8 -11 -9 -10 -9 -9 -9 -7 -9 -6 -10 -4 -10 -3 -10 0 -12 2 -13 4 -15 6 -17 7 -18 7 -20 7 -22 6 -24 5 -25 3 -26 1 -25 1 -24 0 -23 0 -22 2 -21 4 -19 7 -18 10 -20
CSI_META: ts=3366745692 rssi=-31 noise_floor=-98 channel=6 secondary_channel=0 sig_mode=0 mcs=0 rate=9 cwb=0 sgi=0 stbc=0 ant=0 len=128 rx_state=0 seq=-1 tx_mac=52:40:27:94:0a:bb
CSI_DATA: 28 -64 1 0 -2 -20 -1 -20 2 -22 3 -23 3 -24 2 -25 1 -25 -1 -26 -3 -25 -4 -23 -5 -21 -5 -19 -5 -17 -3 -15 -2 -13 0 -11 2 -10 4 -9 5 -8 7 -8 8 -8 9 -8 9 -8 10 -7 11 -6 0 0 0 0 0 0 0 0 0 0 0 0 0 0 0 0 0 0 0 0 0 0 -12 -4 -12 -6 -12 -7 -13 -8 -12 -8 -13 -9 -12 -9 -12 -9 -11 -10 -10 -10 -8 -11 -6 -12 -4 -13 -3 -15 -2 -17 -1 -20 -1 -23 -2 -25 -4 -26 -6 -27 -8 -28 -10 -28 -11 -27 -12 -26 -12 -24 -11 -23
CSI_META: ts=3368588689 rssi=-30 noise_floor=-98 channel=6 secondary_channel=0 sig_mode=0 mcs=0 rate=9 cwb=0 sgi=0 stbc=0 ant=0 len=128 rx_state=0 seq=-1 tx_mac=52:40:27:94:0a:bb
CSI_DATA: 28 -64 1 0 16 -8 14 -7 12 -5 11 -4 11 -2 11 -1 12 1 12 1 13 1 14 0 14 0 14 -1 14 -2 13 -3 12 -3 10 -2 9 -2 7 -1 6 -1 5 1 5 2 4 3 3 4 3 5 2 6 0 0 0 0 0 0 0 0 0 0 0 0 0 0 0 0 0 0 0 0 0 0 2 -6 3 -6 4 -6 6 -6 7 -6 7 -6 8 -6 9 -7 10 -7 10 -7 10 -8 10 -7 9 -7 9 -6 9 -5 9 -3 9 -2 11 -1 12 0 15 0 17 0 19 -1 20 -2 21 -4 22 -6 21 -8
CSI_META: ts=3369231642 rssi=-32 noise_floor=-98 channel=6 secondary_channel=0 sig_mode=0 mcs=0 rate=9 cwb=0 sgi=0 stbc=0 ant=0 len=128 rx_state=0 seq=-1 tx_mac=52:40:27:94:0a:bb
CSI_DATA: 28 -64 1 0 -37 5 -33 7 -31 8 -27 9 -24 9 -21 8 -18 5 -16 4 -15 2 -15 -1 -16 -3 -17 -4 -17 -5 -19 -5 -19 -5 -19 -5 -18 -4 -17 -4 -15 -3 -14 -3 -13 -4 -12 -4 -10 -4 -8 -5 -6 -6 0 0 0 0 0 0 0 0 0 0 0 0 0 0 0 0 0 0 0 0 0 0 -1 10 -3 8 -5 7 -7 6 -8 5 -10 4 -12 4 -15 4 -17 4 -20 4 -22 5 -22 6 -23 7 -23 8 -22 8 -21 9 -19 8 -18 7 -17 5 -18 3 -18 0 -21 -1 -23 -3 -28 -4 -31 -4 -34 -3
CSI_META: ts=3369934373 rssi=-31 noise_floor=-98 channel=6 secondary_channel=0 sig_mode=0 mcs=0 rate=9 cwb=0 sgi=0 stbc=0 ant=0 len=128 rx_state=0 seq=-1 tx_mac=52:40:27:94:0a:bb
CSI_DATA: 28 -64 1 0 -12 -8 -11 -9 -10 -11 -11 -12 -11 -13 -13 -13 -13 -12 -14 -11 -14 -10 -14 -9 -14 -7 -13 -6 -11 -5 -9 -5 -8 -5 -6 -5 -4 -6 -3 -6 -2 -7 -1 -7 -1 -8 0 -9 0 -9 1 -9 1 -9 0 0 0 0 0 0 0 0 0 0 0 0 0 0 0 0 0 0 0 0 0 0 -8 3 -9 3 -9 3 -10 2 -10 2 -10 2 -10 2 -10 1 -10 1 -10 0 -9 -1 -9 -3 -9 -4 -9 -6 -10 -7 -11 -9 -12 -10 -14 -11 -16 -10 -17 -10 -18 -9 -19 -7 -19 -7 -19 -6 -18 -5 -17 -5
CSI_META: ts=3370142966 rssi=-31 noise_floor=-98 channel=6 secondary_channel=0 sig_mode=0 mcs=0 rate=9 cwb=0 sgi=0 stbc=0 ant=0 len=128 rx_state=0 seq=-1 tx_mac=52:40:27:94:0a:bb
CSI_DATA: 28 -64 1 0 -8 15 -7 13 -6 11 -6 9 -8 8 -8 7 -10 6 -11 7 -11 7 -12 8 -11 8 -11 9 -10 9 -9 10 -8 9 -7 8 -6 7 -6 5 -5 4 -5 3 -5 1 -5 0 -6 -1 -6 -2 -6 -3 0 0 0 0 0 0 0 0 0 0 0 0 0 0 0 0 0 0 0 0 0 0 1 5 0 5 -2 6 -3 7 -3 8 -4 8 -4 9 -4 10 -4 11 -4 11 -5 11 -4 11 -4 10 -4 9 -5 8 -6 7 -7 7 -8 7 -10 7 -12 8 -13 9 -14 11 -15 13 -15 15 -14 16 -12 18
CSI_META: ts=3370572792 rssi=-31 noise_floor=-98 channel=6 secondary_channel=0 sig_mode=0 mcs=0 rate=9 cwb=0 sgi=0 stbc=0 ant=0 len=128 rx_state=0 seq=-1 tx_mac=52:40:27:94:0a:bb
CSI_DATA: 28 -64 1 0 -17 -16 -17 -14 -16 -12 -15 -10 -14 -8 -12 -8 -10 -7 -8 -7 -7 -8 -6 -9 -6 -10 -5 -10 -5 -11 -5 -12 -6 -12 -6 -11 -6 -11 -5 -10 -5 -9 -5 -8 -4 -7 -3 -7 -2 -6 -1 -6 1 -5 0 0 0 0 0 0 0 0 0 0 0 0 0 0 0 0 0 0 0 0 0 0 -7 3 -7 2 -7 0 -6 -1 -6 -2 -7 -4 -7 -5 -8 -7 -8 -8 -10 -9 -11 -10 -12 -10 -12 -9 -13 -9 -13 -8 -13 -8 -12 -7 -11 -7 -10 -7 -9 -8 -8 -9 -8 -11 -8 -14 -9 -16 -11 -17 -12 -19
CSI_META: ts=3370791376 rssi=-31 noise_floor=-98 channel=6 secondary_channel=0 sig_mode=0 mcs=0 rate=9 cwb=0 sgi=0 stbc=0 ant=0 len=128 rx_state=0 seq=-1 tx_mac=52:40:27:94:0a:bb
CSI_DATA: 28 -64 1 0 11 7 10 8 10 10 11 11 12 12 13 11 14 10 14 9 14 8 13 6 12 5 11 4 9 4 7 4 5 5 4 6 2 6 1 6 1 7 0 8 0 8 0 8 0 8 -1 8 -2 8 0 0 0 0 0 0 0 0 0 0 0 0 0 0 0 0 0 0 0 0 0 0 5 -5 6 -4 7 -4 8 -4 9 -4 9 -4 9 -4 9 -4 10 -3 10 -3 9 -2 9 -1 8 1 8 3 9 4 10 6 11 7 13 8 15 8 17 8 18 7 19 5 19 5 19 3 17 3 16 3
CSI_META: ts=3371027603 rssi=-31 noise_floor=-98 channel=6 secondary_channel=0 sig_mode=0 mcs=0 rate=9 cwb=0 sgi=0 stbc=0 ant=0 len=128 rx_state=0 seq=-1 tx_mac=52:40:27:94:0a:bb
CSI_DATA: 28 -64 1 0 13 13 11 11 9 11 7 10 5 10 3 10 2 12 2 13 2 14 3 15 3 15 4 14 5 14 5 13 5 12 5 10 4 9 3 7 1 6 0 5 -1 5 -2 5 -4 5 -5 4 -6 4 0 0 0 0 0 0 0 0 0 0 0 0 0 0 0 0 0 0 0 0 0 0 5 -1 6 1 6 2 7 4 7 5 8 6 8 6 9 7 10 7 10 7 11 8 10 7 9 7 8 7 7 7 5 8 4 9 4 11 4 12 4 15 5 16 7 18 8 20 10 21 13 20 14 20
CSI_META: ts=3371274212 rssi=-31 noise_floor=-98 channel=6 secondary_channel=0 sig_mode=0 mcs=0 rate=9 cwb=0 sgi=0 stbc=0 ant=0 len=128 rx_state=0 seq=-1 tx_mac=52:40:27:94:0a:bb
CSI_DATA: 28 -64 1 0 12 -4 13 -2 14 -1 15 0 16 -1 17 -2 17 -2 16 -4 16 -5 15 -6 13 -6 12 -5 10 -5 9 -4 8 -3 7 -1 6 0 6 1 5 2 5 3 5 4 6 5 6 6 5 6 5 6 0 0 0 0 0 0 0 0 0 0 0 0 0 0 0 0 0 0 0 0 0 0 1 -8 2 -9 3 -9 3 -9 4 -10 4 -9 4 -9 4 -9 5 -9 5 -8 6 -7 7 -6 8 -5 9 -4 11 -3 12 -3 14 -3 15 -4 17 -5 18 -7 18 -8 17 -10 16 -10 16 -11 15 -10 14 -10
CSI_META: ts=3371494403 rssi=-31 noise_floor=-98 channel=6 secondary_channel=0 sig_mode=0 mcs=0 rate=9 cwb=0 sgi=0 stbc=0 ant=0 len=128 rx_state=0 seq=-1 tx_mac=52:40:27:94:0a:bb
CSI_DATA: 28 -64 1 0 -2 -18 -2 -15 -1 -14 0 -12 2 -11 3 -11 5 -11 5 -12 5 -13 5 -14 4 -14 4 -15 3 -14 2 -14 2 -13 1 -12 1 -10 1 -8 2 -7 2 -5 3 -5 4 -4 4 -3 6 -2 6 -1 0 0 0 0 0 0 0 0 0 0 0 0 0 0 0 0 0 0 0 0 0 0 -5 -5 -4 -6 -3 -7 -2 -8 -2 -9 -2 -10 -2 -11 -2 -12 -3 -12 -3 -13 -3 -13 -2 -13 -2 -12 -2 -11 -1 -11 0 -11 2 -11 3 -12 5 -12 6 -14 6 -16 6 -18 5 -21 4 -22 3 -22 2 -23
CSI_META: ts=3371577377 rssi=-31 noise_floor=-98 channel=6 secondary_channel=0 sig_mode=0 mcs=0 rate=9 cwb=0 sgi=0 stbc=0 ant=0 len=128 rx_state=0 seq=-1 tx_mac=52:40:27:94:0a:bb
CSI_DATA: 28 -64 1 0 29 -2 25 -2 21 1 19 3 18 5 18 7 19 9 19 10 21 10 22 9 23 8 23 6 22 4 21 3 19 2 16 2 13 2 10 3 8 3 7 5 5 7 4 8 3 10 2 11 1 12 0 0 0 0 0 0 0 0 0 0 0 0 0 0 0 0 0 0 0 0 0 0 5 -8 7 -6 9 -5 11 -4 13 -2 14 -2 15 -2 18 -2 20 -3 21 -3 21 -3 21 -3 20 -3 19 -2 18 -2 16 0 15 3 17 5 18 7 21 10 24 11 28 11 31 10 35 9 37 6 37 2
CSI_META: ts=3372253878 rssi=-31 noise_floor=-98 channel=6 secondary_channel=0 sig_mode=0 mcs=0 rate=9 cwb=0 sgi=0 stbc=0 ant=0 len=128 rx_state=0 seq=-1 tx_mac=52:40:27:94:0a:bb
CSI_DATA: 28 -64 1 0 5 17 6 17 7 17 8 16 9 15 10 13 10 11 8 10 7 8 6 7 4 6 2 6 1 7 -1 8 -2 9 -2 9 -2 9 -2 9 -2 9 -2 8 -2 8 -2 7 -2 6 -2 5 -3 4 0 0 0 0 0 0 0 0 0 0 0 0 0 0 0 0 0 0 0 0 0 0 7 -4 8 -3 8 -3 8 -3 8 -2 7 -1 7 -1 6 0 6 2 6 3 5 5 5 7 6 8 7 10 8 11 9 12 10 11 12 11 12 10 12 9 12 8 11 7 9 8 8 8 6 9 5 11
CSI_META: ts=3374156499 rssi=-31 noise_floor=-98 channel=6 secondary_channel=0 sig_mode=0 mcs=0 rate=9 cwb=0 sgi=0 stbc=0 ant=0 len=128 rx_state=0 seq=-1 tx_mac=52:40:27:94:0a:bb
CSI_DATA: 28 -64 1 0 -17 -9 -18 -8 -19 -8 -19 -7 -19 -5 -18 -4 -17 -2 -15 -1 -13 -1 -12 -1 -10 -2 -9 -3 -8 -4 -7 -5 -7 -6 -6 -7 -6 -8 -6 -8 -6 -8 -6 -8 -6 -8 -5 -8 -5 -8 -4 -7 -3 -7 0 0 0 0 0 0 0 0 0 0 0 0 0 0 0 0 0 0 0 0 0 0 -4 8 -4 7 -5 7 -5 6 -5 5 -5 4 -6 3 -7 2 -8 1 -9 -1 -10 -2 -12 -3 -13 -3 -15 -3 -16 -3 -17 -2 -17 -1 -17 0 -17 1 -16 2 -16 2 -14 1 -13 0 -13 -2 -13 -3 -13 -6
CSI_META: ts=3374720982 rssi=-31 noise_floor=-98 channel=6 secondary_channel=0 sig_mode=0 mcs=0 rate=9 cwb=0 sgi=0 stbc=0 ant=0 len=128 rx_state=0 seq=-1 tx_mac=52:40:27:94:0a:bb
CSI_DATA: 28 -64 1 0 -17 3 -15 3 -13 1 -12 -1 -11 -2 -12 -4 -12 -5 -13 -5 -14 -5 -15 -4 -15 -3 -15 -2 -15 -1 -13 -1 -12 0 -10 -1 -9 -1 -7 -2 -6 -2 -5 -3 -4 -5 -4 -6 -3 -7 -3 -7 -2 -8 0 0 0 0 0 0 0 0 0 0 0 0 0 0 0 0 0 0 0 0 0 0 -2 5 -4 4 -5 3 -7 3 -8 2 -9 2 -10 2 -11 2 -12 3 -13 3 -13 4 -13 4 -12 4 -11 3 -11 3 -10 1 -10 0 -11 -2 -13 -3 -14 -4 -16 -5 -18 -4 -20 -3 -22 -2 -23 0 -23 2
CSI_META: ts=3374721127 rssi=-31 noise_floor=-98 channel=6 secondary_channel=0 sig_mode=0 mcs=0 rate=9 cwb=0 sgi=0 stbc=0 ant=0 len=128 rx_state=0 seq=-1 tx_mac=52:40:27:94:0a:bb
CSI_DATA: 28 -64 1 0 -15 9 -13 8 -12 6 -11 4 -11 3 -11 1 -12 0 -13 1 -14 0 -15 1 -15 2 -14 3 -14 4 -12 4 -11 4 -10 4 -8 2 -7 2 -6 0 -6 -1 -5 -2 -5 -3 -5 -4 -5 -5 -5 -6 0 0 0 0 0 0 0 0 0 0 0 0 0 0 0 0 0 0 0 0 0 0 -2 5 -3 4 -4 4 -6 5 -7 5 -8 5 -8 6 -9 6 -10 7 -10 7 -11 7 -10 7 -9 6 -9 6 -9 5 -9 4 -10 3 -11 2 -13 1 -15 1 -17 1 -18 3 -20 4 -22 5 -21 7 -21 9
CSI_META: ts=3374724870 rssi=-31 noise_floor=-98 channel=6 secondary_channel=0 sig_mode=0 mcs=0 rate=9 cwb=0 sgi=0 stbc=0 ant=0 len=128 rx_state=0 seq=-1 tx_mac=52:40:27:94:0a:bb
CSI_DATA: 28 -64 1 0 16 -6 14 -5 12 -4 11 -2 10 -1 11 1 11 2 11 2 13 3 13 2 14 2 14 1 13 1 13 0 12 -1 10 0 9 -1 7 0 6 0 5 1 4 2 3 3 2 4 2 5 1 6 0 0 0 0 0 0 0 0 0 0 0 0 0 0 0 0 0 0 0 0 0 0 2 -6 3 -5 4 -5 6 -5 7 -5 8 -6 8 -6 9 -6 10 -7 10 -7 10 -7 10 -7 9 -6 9 -5 9 -4 9 -3 9 -1 11 0 12 1 14 1 16 1 18 0 20 0 21 -1 22 -3 21 -5
CSI_META: ts=3374724987 rssi=-31 noise_floor=-98 channel=6 secondary_channel=0 sig_mode=0 mcs=0 rate=9 cwb=0 sgi=0 stbc=0 ant=0 len=128 rx_state=0 seq=-1 tx_mac=52:40:27:94:0a:bb
CSI_DATA: 28 -64 1 0 6 -17 5 -14 6 -12 6 -9 7 -8 9 -8 10 -8 10 -8 11 -9 11 -10 10 -11 9 -11 8 -11 7 -11 6 -10 5 -8 5 -7 4 -5 4 -4 4 -2 5 -1 5 0 6 1 6 2 6 3 0 0 0 0 0 0 0 0 0 0 0 0 0 0 0 0 0 0 0 0 0 0 -4 -5 -2 -6 -1 -7 0 -7 1 -8 2 -9 2 -10 3 -11 3 -12 3 -13 3 -13 3 -13 2 -13 3 -12 3 -10 4 -10 5 -8 7 -9 8 -8 11 -10 12 -11 13 -13 14 -15 13 -17 12 -19 11 -20
CSI_META: ts=3374725141 rssi=-31 noise_floor=-98 channel=6 secondary_channel=0 sig_mode=0 mcs=0 rate=9 cwb=0 sgi=0 stbc=0 ant=0 len=128 rx_state=0 seq=-1 tx_mac=52:40:27:94:0a:bb
CSI_DATA: 28 -64 1 0 2 -28 2 -25 4 -22 5 -18 7 -16 9 -16 11 -16 12 -17 13 -19 13 -20 12 -21 11 -21 9 -21 8 -21 7 -19 6 -16 5 -14 5 -12 5 -9 6 -7 6 -5 7 -3 9 -2 10 -1 11 1 0 0 0 0 0 0 0 0 0 0 0 0 0 0 0 0 0 0 0 0 0 0 -6 -7 -5 -9 -3 -11 -2 -13 -1 -14 -1 -16 -1 -17 -1 -19 -1 -20 -1 -21 -1 -21 -1 -21 -1 -19 0 -18 1 -17 3 -16 6 -16 8 -17 11 -18 13 -20 14 -23 14 -27 14 -30 13 -33 11 -35 8 -37
CSI_META: ts=3378406581 rssi=-31 noise_floor=-98 channel=6 secondary_channel=0 sig_mode=0 mcs=0 rate=9 cwb=0 sgi=0 stbc=0 ant=0 len=128 rx_state=0 seq=-1 tx_mac=52:40:27:94:0a:bb
CSI_DATA: 28 -64 1 0 36 -6 32 -8 30 -10 26 -10 22 -9 20 -9 17 -6 15 -5 15 -2 15 0 16 2 17 3 18 4 19 3 19 3 19 3 18 2 16 1 15 1 13 1 12 1 10 2 8 3 6 4 4 5 0 0 0 0 0 0 0 0 0 0 0 0 0 0 0 0 0 0 0 0 0 0 1 -12 2 -10 4 -9 6 -7 8 -6 9 -5 11 -4 14 -4 16 -4 19 -4 21 -5 22 -6 23 -7 23 -8 22 -9 21 -9 18 -9 18 -8 17 -6 18 -4 18 -2 21 0 23 2 27 3 31 2 34 1
CSI_META: ts=3379370541 rssi=-31 noise_floor=-98 channel=6 secondary_channel=0 sig_mode=0 mcs=0 rate=9 cwb=0 sgi=0 stbc=0 ant=0 len=128 rx_state=0 seq=-1 tx_mac=52:40:27:94:0a:bb
CSI_DATA: 28 -64 1 0 -13 13 -13 14 -12 16 -11 16 -9 16 -8 15 -6 14 -5 14 -4 12 -4 10 -4 8 -5 6 -6 5 -7 4 -8 4 -9 3 -9 3 -10 3 -9 3 -9 3 -9 3 -9 2 -8 2 -8 1 -7 0 0 0 0 0 0 0 0 0 0 0 0 0 0 0 0 0 0 0 0 0 0 0 7 5 6 5 6 5 5 6 4 6 4 5 2 6 1 6 0 7 -2 7 -4 9 -5 10 -6 11 -6 12 -7 14 -6 15 -5 16 -4 16 -3 16 -3 15 -2 15 -2 14 -3 12 -5 11 -6 11 -8 11
CSI_META: ts=3380505619 rssi=-32 noise_floor=-98 channel=6 secondary_channel=0 sig_mode=0 mcs=0 rate=9 cwb=0 sgi=0 stbc=0 ant=0 len=128 rx_state=0 seq=-1 tx_mac=52:40:27:94:0a:bb
CSI_DATA: 28 -64 1 0 -22 -23 -23 -23 -24 -23 -26 -20 -26 -17 -26 -15 -25 -12 -23 -10 -20 -8 -17 -7 -15 -8 -12 -8 -10 -10 -8 -12 -7 -13 -6 -14 -5 -15 -5 -15 -5 -15 -5 -15 -5 -15 -5 -14 -4 -13 -3 -13 -1 -11 0 0 0 0 0 0 0 0 0 0 0 0 0 0 0 0 0 0 0 0 0 0 -11 10 -12 8 -12 8 -12 6 -12 5 -11 3 -11 1 -11 -1 -12 -3 -13 -5 -14 -8 -16 -10 -18 -12 -20 -13 -22 -13 -24 -13 -25 -12 -27 -11 -27 -9 -26 -7 -25 -6 -23 -6 -20 -8 -19 -9 -18 -12 -18 -16
CSI_META: ts=3380885714 rssi=-31 noise_floor=-98 channel=6 secondary_channel=0 sig_mode=0 mcs=0 rate=9 cwb=0 sgi=0 stbc=0 ant=0 len=128 rx_state=0 seq=-1 tx_mac=52:40:27:94:0a:bb
CSI_DATA: 28 -64 1 0 -19 6 -19 6 -19 8 -18 8 -17 9 -16 10 -14 10 -12 10 -10 9 -9 8 -8 6 -8 4 -8 3 -9 1 -9 0 -10 -1 -10 -1 -10 -2 -10 -2 -10 -2 -10 -2 -10 -2 -9 -2 -8 -3 -7 -3 0 0 0 0 0 0 0 0 0 0 0 0 0 0 0 0 0 0 0 0 0 0 3 8 2 8 1 8 0 7 0 7 -1 6 -2 6 -3 6 -5 6 -7 5 -9 6 -10 6 -12 7 -13 7 -13 8 -14 10 -13 11 -13 12 -12 12 -11 12 -11 12 -10 11 -10 9 -11 8 -12 7 -14 6
CSI_META: ts=3381559746 rssi=-31 noise_floor=-98 channel=6 secondary_channel=0 sig_mode=0 mcs=0 rate=9 cwb=0 sgi=0 stbc=0 ant=0 len=128 rx_state=0 seq=-1 tx_mac=52:40:27:94:0a:bb
CSI_DATA: 28 -64 1 0 -17 -11 -14 -9 -12 -10 -9 -9 -7 -10 -6 -11 -5 -12 -5 -13 -5 -14 -6 -15 -7 -15 -8 -14 -9 -13 -9 -13 -8 -11 -8 -10 -6 -8 -5 -7 -3 -7 -2 -6 -1 -6 0 -6 2 -6 3 -6 5 -6 0 0 0 0 0 0 0 0 0 0 0 0 0 0 0 0 0 0 0 0 0 0 -6 1 -7 -1 -8 -2 -8 -3 -9 -4 -10 -5 -10 -6 -11 -6 -12 -6 -13 -6 -13 -6 -12 -6 -12 -6 -11 -6 -9 -7 -8 -7 -7 -9 -7 -11 -7 -12 -8 -15 -9 -16 -11 -18 -13 -19 -15 -19 -17 -18 -18 -17
CSI_META: ts=3382144216 rssi=-32 noise_floor=-98 channel=6 secondary_channel=0 sig_mode=0 mcs=0 rate=9 cwb=0 sgi=0 stbc=0 ant=0 len=128 rx_state=0 seq=-1 tx_mac=52:40:27:94:0a:bb
CSI_DATA: 28 -64 1 0 6 -28 5 -23 6 -20 8 -16 10 -14 11 -14 14 -13 15 -15 16 -16 16 -17 15 -19 14 -19 12 -18 11 -19 9 -17 8 -14 7 -11 7 -9 6 -6 7 -4 7 -3 8 0 9 1 10 2 11 4 0 0 0 0 0 0 0 0 0 0 0 0 0 0 0 0 0 0 0 0 0 0 -7 -7 -5 -8 -3 -10 -2 -11 0 -13 0 -15 1 -16 1 -18 1 -20 1 -21 1 -22 0 -21 0 -20 1 -18 2 -17 3 -16 5 -15 8 -16 11 -15 14 -18 16 -20 17 -24 18 -28 17 -30 15 -33 12 -35
CSI_META: ts=3382246409 rssi=-31 noise_floor=-98 channel=6 secondary_channel=0 sig_mode=0 mcs=0 rate=9 cwb=0 sgi=0 stbc=0 ant=0 len=128 rx_state=0 seq=-1 tx_mac=52:40:27:94:0a:bb
CSI_DATA: 28 -64 1 0 29 2 25 2 21 3 19 4 17 7 16 9 17 11 16 12 18 13 19 13 20 12 21 11 21 9 20 8 18 7 17 6 14 5 11 5 9 5 7 6 5 6 3 8 2 9 0 10 -2 10 0 0 0 0 0 0 0 0 0 0 0 0 0 0 0 0 0 0 0 0 0 0 7 -6 9 -5 11 -4 12 -3 14 -2 15 -2 16 -1 18 -1 19 -2 20 -2 21 -2 20 -2 19 -1 17 0 16 1 15 3 15 6 16 8 18 10 21 13 23 14 27 14 30 14 34 13 36 10 36 7
CSI_META: ts=3382452931 rssi=-31 noise_floor=-98 channel=6 secondary_channel=0 sig_mode=0 mcs=0 rate=9 cwb=0 sgi=0 stbc=0 ant=0 len=128 rx_state=0 seq=-1 tx_mac=52:40:27:94:0a:bb
CSI_DATA: 28 -64 1 0 -16 18 -14 18 -11 18 -9 16 -7 14 -6 13 -6 10 -6 9 -7 7 -9 6 -10 5 -11 5 -11 5 -12 6 -12 6 -12 6 -11 6 -10 6 -8 5 -8 5 -7 4 -6 3 -6 1 -6 0 -5 -1 0 0 0 0 0 0 0 0 0 0 0 0 0 0 0 0 0 0 0 0 0 0 4 6 3 5 2 5 0 6 -1 5 -3 6 -4 7 -5 7 -7 9 -8 10 -9 11 -9 12 -9 13 -9 14 -7 14 -7 14 -6 13 -6 12 -6 10 -7 10 -8 9 -10 8 -13 9 -15 10 -17 11 -18 14
CSI_META: ts=3382695188 rssi=-32 noise_floor=-98 channel=6 secondary_channel=0 sig_mode=0 mcs=0 rate=9 cwb=0 sgi=0 stbc=0 ant=0 len=128 rx_state=0 seq=-1 tx_mac=52:40:27:94:0a:bb
CSI_DATA: 28 -64 1 0 12 -16 15 -14 18 -14 19 -14 21 -15 21 -16 21 -18 18 -20 17 -21 15 -20 13 -19 11 -17 9 -15 8 -13 8 -10 8 -7 9 -5 9 -3 10 -1 11 1 11 1 12 2 13 3 13 4 12 5 0 0 0 0 0 0 0 0 0 0 0 0 0 0 0 0 0 0 0 0 0 0 -7 -11 -6 -13 -6 -14 -5 -15 -5 -15 -5 -16 -5 -15 -4 -15 -3 -15 -2 -15 0 -14 2 -14 5 -13 8 -13 10 -14 13 -16 15 -18 16 -21 16 -23 16 -26 14 -28 12 -29 11 -30 9 -29 8 -28 8 -25
CSI_META: ts=3383027568 rssi=-32 noise_floor=-98 channel=6 secondary_channel=0 sig_mode=0 mcs=0 rate=9 cwb=0 sgi=0 stbc=0 ant=0 len=128 rx_state=0 seq=-1 tx_mac=52:40:27:94:0a:bb
CSI_DATA: 28 -64 1 0 -10 -19 -8 -19 -6 -23 -6 -24 -6 -25 -7 -26 -9 -27 -10 -26 -12 -24 -13 -23 -13 -20 -12 -17 -11 -15 -9 -13 -6 -12 -3 -11 -1 -10 1 -10 3 -10 5 -10 6 -11 7 -11 8 -11 8 -11 9 -10 0 0 0 0 0 0 0 0 0 0 0 0 0 0 0 0 0 0 0 0 0 0 -13 1 -14 0 -15 -1 -16 -2 -16 -2 -16 -2 -16 -3 -16 -3 -15 -4 -14 -5 -13 -6 -11 -8 -10 -10 -9 -13 -9 -16 -9 -19 -11 -21 -13 -24 -15 -24 -18 -25 -20 -24 -22 -23 -23 -23 -23 -20 -23 -19 -20 -17
CSI_META: ts=3383264604 rssi=-31 noise_floor=-98 channel=6 secondary_channel=0 sig_mode=0 mcs=0 rate=9 cwb=0 sgi=0 stbc=0 ant=0 len=128 rx_state=0 seq=-1 tx_mac=52:40:27:94:0a:bb
CSI_DATA: 28 -64 1 0 -28 -12 -24 -10 -20 -11 -17 -11 -14 -12 -13 -14 -12 -16 -13 -18 -14 -19 -15 -19 -17 -19 -18 -17 -18 -16 -17 -14 -16 -13 -15 -11 -12 -10 -10 -9 -7 -8 -5 -8 -4 -9 -1 -9 0 -10 2 -11 4 -11 0 0 0 0 0 0 0 0 0 0 0 0 0 0 0 0 0 0 0 0 0 0 -9 3 -10 1 -12 -1 -13 -2 -14 -4 -16 -5 -17 -6 -18 -6 -20 -6 -21 -6 -21 -6 -20 -6 -19 -6 -18 -6 -16 -7 -15 -9 -14 -11 -14 -14 -14 -16 -16 -19 -18 -21 -22 -23 -25 -24 -28 -23 -32 -22 -33 -20
CSI_META: ts=3383477027 rssi=-31 noise_floor=-98 channel=6 secondary_channel=0 sig_mode=0 mcs=0 rate=9 cwb=0 sgi=0 stbc=0 ant=0 len=128 rx_state=0 seq=-1 tx_mac=52:40:27:94:0a:bb
CSI_DATA: 28 -64 1 0 -9 10 -10 9 -12 9 -13 9 -13 10 -13 11 -13 12 -12 13 -11 13 -9 13 -8 11 -7 11 -6 9 -6 8 -6 6 -6 4 -6 3 -7 2 -7 0 -8 0 -8 -1 -9 -1 -9 -1 -9 -2 -9 -2 0 0 0 0 0 0 0 0 0 0 0 0 0 0 0 0 0 0 0 0 0 0 3 6 3 7 2 8 2 9 2 9 2 9 1 10 1 9 1 9 0 9 -1 9 -3 8 -4 8 -6 8 -7 8 -9 9 -10 11 -11 12 -11 14 -11 16 -10 17 -9 18 -8 18 -7 18 -6 17 -6 16
CSI_META: ts=3383680017 rssi=-31 noise_floor=-98 channel=6 secondary_channel=0 sig_mode=0 mcs=0 rate=9 cwb=0 sgi=0 stbc=0 ant=0 len=128 rx_state=0 seq=-1 tx_mac=52:40:27:94:0a:bb
CSI_DATA: 28 -64 1 0 -15 12 -15 13 -14 14 -13 15 -12 15 -10 15 -8 15 -7 14 -6 12 -5 10 -5 8 -6 7 -6 5 -7 4 -8 4 -9 3 -9 3 -10 2 -9 2 -10 2 -9 2 -9 2 -9 1 -8 0 -8 0 0 0 0 0 0 0 0 0 0 0 0 0 0 0 0 0 0 0 0 0 0 0 6 6 5 7 4 7 3 7 3 6 2 6 0 6 -1 7 -2 7 -4 7 -6 8 -7 9 -8 10 -9 12 -9 13 -9 14 -8 15 -7 16 -6 16 -5 15 -4 14 -4 13 -5 12 -7 11 -9 11 -10 11
CSI_META: ts=3384371511 rssi=-32 noise_floor=-98 channel=6 secondary_channel=0 sig_mode=0 mcs=0 rate=9 cwb=0 sgi=0 stbc=0 ant=0 len=128 rx_state=0 seq=-1 tx_mac=52:40:27:94:0a:bb
CSI_DATA: 28 -64 1 0 36 -3 33 -6 30 -7 26 -8 23 -8 20 -7 17 -5 15 -3 15 0 15 2 16 4 17 5 18 6 18 5 19 5 19 5 17 4 16 3 14 2 13 2 11 2 9 3 7 4 5 5 3 6 0 0 0 0 0 0 0 0 0 0 0 0 0 0 0 0 0 0 0 0 0 0 1 -12 2 -11 4 -9 6 -7 8 -6 9 -5 11 -4 13 -4 16 -3 19 -3 21 -4 22 -5 23 -6 23 -7 22 -8 21 -8 19 -8 19 -8 18 -6 17 -3 18 -1 21 1 23 4 27 5 31 5 34 4
CSI_META: ts=3384511831 rssi=-31 noise_floor=-98 channel=6 secondary_channel=0 sig_mode=0 mcs=0 rate=9 cwb=0 sgi=0 stbc=0 ant=0 len=128 rx_state=0 seq=-1 tx_mac=52:40:27:94:0a:bb
CSI_DATA: 28 -64 1 0 -8 9 -9 8 -11 8 -12 8 -13 8 -13 10 -12 10 -12 11 -10 11 -9 12 -8 11 -7 10 -6 8 -5 7 -5 5 -6 3 -6 2 -6 1 -6 0 -7 -1 -8 -2 -8 -2 -8 -3 -8 -3 -8 -4 0 0 0 0 0 0 0 0 0 0 0 0 0 0 0 0 0 0 0 0 0 0 4 5 4 6 3 7 3 8 3 8 3 8 3 8 2 8 2 8 1 8 0 8 -2 7 -3 7 -5 7 -6 8 -8 9 -9 10 -10 12 -9 14 -9 15 -8 16 -7 17 -6 18 -5 17 -4 16 -4 14
CSI_META: ts=3384651340 rssi=-32 noise_floor=-98 channel=6 secondary_channel=0 sig_mode=0 mcs=0 rate=9 cwb=0 sgi=0 stbc=0 ant=0 len=128 rx_state=0 seq=-1 tx_mac=52:40:27:94:0a:bb
CSI_DATA: 28 -64 1 0 -4 20 -7 20 -10 22 -11 22 -11 24 -10 26 -9 26 -6 27 -5 26 -3 24 -1 22 -1 19 -2 16 -2 14 -4 12 -5 10 -7 8 -9 7 -10 6 -12 5 -12 5 -13 5 -13 5 -14 4 -14 3 0 0 0 0 0 0 0 0 0 0 0 0 0 0 0 0 0 0 0 0 0 0 10 6 10 8 10 9 10 10 10 11 10 12 10 12 10 12 10 13 8 12 7 13 4 13 2 13 0 15 -3 17 -4 20 -5 22 -5 25 -4 27 -2 30 0 31 3 32 4 31 6 30 6 28 5 26
CSI_META: ts=3384651449 rssi=-31 noise_floor=-98 channel=6 secondary_channel=0 sig_mode=0 mcs=0 rate=9 cwb=0 sgi=0 stbc=0 ant=0 len=128 rx_state=0 seq=-1 tx_mac=52:40:27:94:0a:bb
CSI_DATA: 28 -64 1 0 -10 8 -12 7 -12 6 -14 6 -15 7 -15 8 -14 9 -14 10 -12 10 -11 11 -10 10 -8 9 -7 8 -6 6 -7 5 -6 3 -6 1 -7 0 -7 -1 -8 -2 -8 -2 -8 -2 -9 -3 -8 -3 -8 -4 0 0 0 0 0 0 0 0 0 0 0 0 0 0 0 0 0 0 0 0 0 0 3 6 2 7 1 8 1 9 1 9 1 9 1 9 0 9 0 9 -1 8 -2 8 -3 8 -5 7 -6 7 -8 7 -9 8 -11 9 -11 10 -13 13 -13 14 -12 16 -11 16 -9 16 -8 17 -7 16 -7 15
CSI_META: ts=3384651585 rssi=-31 noise_floor=-98 channel=6 secondary_channel=0 sig_mode=0 mcs=0 rate=9 cwb=0 sgi=0 stbc=0 ant=0 len=128 rx_state=0 seq=-1 tx_mac=52:40:27:94:0a:bb
CSI_DATA: 28 -64 1 0 3 -12 5 -13 6 -12 7 -15 7 -15 7 -16 6 -17 4 -17 2 -16 1 -15 0 -14 0 -12 0 -11 1 -8 2 -8 3 -6 4 -5 5 -5 6 -4 6 -4 7 -4 7 -4 7 -4 7 -3 7 -3 0 0 0 0 0 0 0 0 0 0 0 0 0 0 0 0 0 0 0 0 0 0 -6 -4 -6 -6 -6 -7 -6 -8 -6 -8 -7 -9 -6 -9 -7 -9 -6 -9 -5 -8 -5 -9 -3 -9 -2 -9 0 -10 1 -11 3 -11 3 -14 3 -15 3 -18 2 -19 1 -20 0 -20 -3 -18 -3 -19 -3 -18 -3 -17
CSI_META: ts=3384655064 rssi=-31 noise_floor=-98 channel=6 secondary_channel=0 sig_mode=0 mcs=0 rate=9 cwb=0 sgi=0 stbc=0 ant=0 len=128 rx_state=0 seq=-1 tx_mac=52:40:27:94:0a:bb
CSI_DATA: 28 -64 1 0 9 8 8 10 7 12 7 12 8 13 9 13 10 13 10 12 11 11 11 10 10 9 10 7 9 6 7 6 5 5 4 5 2 5 1 5 0 6 -1 6 -2 7 -2 7 -3 7 -4 7 -4 7 0 0 0 0 0 0 0 0 0 0 0 0 0 0 0 0 0 0 0 0 0 0 7 -3 8 -3 8 -3 9 -3 9 -2 9 -2 9 -2 9 -1 9 -1 8 0 8 1 7 3 7 4 7 6 7 8 8 9 9 10 11 11 13 11 14 11 16 10 17 9 17 9 16 7 16 7 14 6
CSI_META: ts=3384655236 rssi=-31 noise_floor=-98 channel=6 secondary_channel=0 sig_mode=0 mcs=0 rate=9 cwb=0 sgi=0 stbc=0 ant=0 len=128 rx_state=0 seq=-1 tx_mac=52:40:27:94:0a:bb
CSI_DATA: 28 -64 1 0 -11 -8 -11 -10 -10 -11 -11 -12 -12 -13 -13 -13 -14 -12 -14 -10 -14 -9 -14 -8 -13 -7 -11 -6 -9 -5 -8 -5 -6 -5 -4 -6 -3 -6 -2 -7 -1 -8 -1 -8 -2 -9 -1 -9 -1 -9 0 -9 0 -8 0 0 0 0 0 0 0 0 0 0 0 0 0 0 0 0 0 0 0 0 0 0 -6 3 -7 2 -8 2 -9 2 -10 2 -10 1 -10 2 -11 2 -11 2 -11 1 -10 0 -9 -2 -9 -3 -9 -4 -9 -6 -10 -8 -11 -9 -13 -10 -15 -10 -17 -10 -18 -9 -19 -7 -19 -7 -19 -6 -18 -5 -16 -5
CSI_META: ts=3384655372 rssi=-31 noise_floor=-98 channel=6 secondary_channel=0 sig_mode=0 mcs=0 rate=9 cwb=0 sgi=0 stbc=0 ant=0 len=128 rx_state=0 seq=-1 tx_mac=52:40:27:94:0a:bb
CSI_DATA: 28 -64 1 0 12 1 12 2 13 4 14 5 15 5 16 5 16 4 16 3 16 2 15 0 14 0 12 0 10 -1 9 0 8 0 6 2 5 2 4 3 4 4 3 5 3 6 3 7 2 7 2 7 1 8 0 0 0 0 0 0 0 0 0 0 0 0 0 0 0 0 0 0 0 0 0 0 3 -7 5 -7 5 -8 6 -8 6 -8 6 -7 6 -7 6 -7 6 -6 7 -5 7 -4 8 -3 8 -1 9 0 11 1 12 2 13 2 16 2 17 1 18 0 19 -2 19 -3 18 -4 18 -4 17 -4 15 -4
CSI_META: ts=3384695769 rssi=-32 noise_floor=-98 channel=6 secondary_channel=0 sig_mode=0 mcs=0 rate=9 cwb=0 sgi=0 stbc=0 ant=0 len=128 rx_state=0 seq=-1 tx_mac=52:40:27:94:0a:bb
CSI_DATA: 28 -64 1 0 29 7 31 6 32 5 32 2 31 0 29 -3 27 -4 23 -5 20 -5 18 -4 16 -3 14 0 12 2 12 4 11 6 11 8 11 9 11 9 11 9 11 10 11 10 10 9 9 9 8 9 6 9 0 0 0 0 0 0 0 0 0 0 0 0 0 0 0 0 0 0 0 0 0 0 2 -15 3 -14 4 -14 4 -13 5 -11 6 -10 7 -8 8 -7 10 -5 13 -4 16 -2 18 -2 21 -2 23 -2 25 -3 26 -4 26 -6 26 -8 25 -9 24 -10 23 -9 22 -8 20 -6 21 -3 21 -1 23 2
CSI_META: ts=3385023960 rssi=-32 noise_floor=-98 channel=6 secondary_channel=0 sig_mode=0 mcs=0 rate=9 cwb=0 sgi=0 stbc=0 ant=0 len=128 rx_state=0 seq=-1 tx_mac=52:40:27:94:0a:bb
CSI_DATA: 28 -64 1 0 -28 1 -24 1 -20 -1 -18 -3 -16 -5 -16 -8 -16 -10 -17 -11 -18 -12 -19 -12 -21 -11 -21 -10 -21 -8 -21 -7 -19 -6 -17 -5 -14 -4 -12 -4 -9 -4 -7 -5 -6 -6 -4 -7 -2 -9 -1 -10 1 -11 0 0 0 0 0 0 0 0 0 0 0 0 0 0 0 0 0 0 0 0 0 0 -6 6 -8 4 -10 4 -12 3 -14 3 -15 2 -16 3 -18 3 -19 4 -20 4 -20 4 -19 4 -18 3 -17 2 -15 1 -15 -2 -15 -4 -16 -7 -18 -9 -21 -11 -24 -12 -28 -11 -30 -11 -33 -9 -36 -7 -35 -4
CSI_META: ts=3385160518 rssi=-31 noise_floor=-98 channel=6 secondary_channel=0 sig_mode=0 mcs=0 rate=9 cwb=0 sgi=0 stbc=0 ant=0 len=128 rx_state=0 seq=-1 tx_mac=52:40:27:94:0a:bb
CSI_DATA: 28 -64 1 0 9 -7 10 -6 12 -5 13 -4 14 -5 15 -6 15 -7 14 -8 13 -9 12 -9 11 -9 9 -8 7 -7 7 -6 6 -5 6 -3 5 -1 5 0 5 1 5 3 5 3 6 4 6 4 6 5 5 5 0 0 0 0 0 0 0 0 0 0 0 0 0 0 0 0 0 0 0 0 0 0 -3 -7 -3 -8 -2 -9 -2 -10 -2 -10 -2 -10 -2 -10 -2 -10 -1 -10 0 -9 1 -8 2 -8 4 -7 6 -6 7 -7 9 -8 10 -9 12 -10 12 -12 13 -13 12 -15 11 -16 10 -16 9 -16 8 -15 8 -14
CSI_META: ts=3385690577 rssi=-31 noise_floor=-98 channel=6 secondary_channel=0 sig_mode=0 mcs=0 rate=9 cwb=0 sgi=0 stbc=0 ant=0 len=128 rx_state=0 seq=-1 tx_mac=52:40:27:94:0a:bb
CSI_DATA: 28 -64 1 0 -14 -1 -14 -3 -14 -5 -15 -5 -16 -5 -17 -5 -17 -5 -17 -3 -17 -2 -16 -1 -15 0 -14 0 -12 0 -11 0 -9 -1 -8 -2 -7 -3 -6 -4 -5 -5 -5 -6 -4 -7 -4 -7 -4 -8 -3 -8 -3 -9 0 0 0 0 0 0 0 0 0 0 0 0 0 0 0 0 0 0 0 0 0 0 -4 7 -5 7 -6 7 -7 7 -7 7 -7 6 -7 6 -7 6 -7 5 -8 4 -8 3 -9 2 -10 1 -11 -1 -12 -2 -14 -2 -15 -2 -17 -2 -18 -1 -20 0 -20 2 -20 3 -20 4 -19 4 -18 4 -17 4
CSI_META: ts=3385727985 rssi=-31 noise_floor=-98 channel=6 secondary_channel=0 sig_mode=0 mcs=0 rate=9 cwb=0 sgi=0 stbc=0 ant=0 len=128 rx_state=0 seq=-1 tx_mac=52:40:27:94:0a:bb
CSI_DATA: 28 -64 1 0 8 -17 7 -15 7 -13 7 -10 8 -8 9 -7 10 -7 11 -7 12 -8 12 -9 12 -9 12 -10 11 -10 10 -10 9 -10 8 -8 7 -7 6 -6 5 -4 5 -3 5 -2 5 0 5 1 6 2 5 3 0 0 0 0 0 0 0 0 0 0 0 0 0 0 0 0 0 0 0 0 0 0 -2 -6 -1 -7 0 -8 1 -8 2 -9 3 -10 3 -11 4 -12 4 -12 4 -13 4 -13 4 -13 4 -12 4 -11 5 -10 6 -9 7 -8 9 -8 11 -8 13 -9 14 -11 15 -12 16 -15 16 -17 15 -19 14 -21
CSI_META: ts=3386311175 rssi=-32 noise_floor=-98 channel=6 secondary_channel=0 sig_mode=0 mcs=0 rate=9 cwb=0 sgi=0 stbc=0 ant=0 len=128 rx_state=0 seq=-1 tx_mac=52:40:27:94:0a:bb
CSI_DATA: 28 -64 1 0 22 -20 23 -21 22 -23 20 -24 18 -25 15 -25 12 -23 9 -22 8 -19 7 -16 7 -13 8 -10 10 -8 12 -6 13 -5 15 -4 15 -4 15 -4 15 -4 14 -4 13 -3 13 -4 12 -2 11 -1 9 0 0 0 0 0 0 0 0 0 0 0 0 0 0 0 0 0 0 0 0 0 0 0 -11 -11 -10 -11 -10 -12 -9 -12 -8 -12 -6 -11 -5 -11 -3 -11 0 -11 2 -12 5 -14 7 -15 10 -17 11 -19 12 -21 12 -24 11 -25 9 -27 7 -27 6 -26 5 -25 5 -23 5 -21 8 -19 11 -17 14 -17
CSI_META: ts=3386311271 rssi=-31 noise_floor=-98 channel=6 secondary_channel=0 sig_mode=0 mcs=0 rate=9 cwb=0 sgi=0 stbc=0 ant=0 len=128 rx_state=0 seq=-1 tx_mac=52:40:27:94:0a:bb
CSI_DATA: 28 -64 1 0 -20 -1 -19 0 -21 1 -19 2 -18 4 -17 5 -15 5 -14 6 -12 5 -10 4 -9 2 -8 1 -8 -1 -9 -2 -8 -3 -9 -4 -9 -4 -9 -5 -9 -4 -9 -4 -9 -4 -8 -4 -7 -4 -7 -4 -5 -4 0 0 0 0 0 0 0 0 0 0 0 0 0 0 0 0 0 0 0 0 0 0 0 8 -1 8 -2 8 -2 7 -2 8 -3 6 -4 6 -4 5 -5 4 -8 3 -9 3 -11 2 -12 2 -14 3 -14 3 -16 5 -15 6 -16 8 -14 8 -14 8 -13 8 -12 7 -12 7 -12 4 -13 3 -13 1
CSI_META: ts=3386534157 rssi=-31 noise_floor=-98 channel=6 secondary_channel=0 sig_mode=0 mcs=0 rate=9 cwb=0 sgi=0 stbc=0 ant=0 len=128 rx_state=0 seq=-1 tx_mac=52:40:27:94:0a:bb
CSI_DATA: 28 -64 1 0 -23 4 -21 5 -19 6 -16 6 -14 6 -13 4 -11 3 -10 2 -11 0 -11 -1 -12 -2 -13 -2 -13 -2 -14 -2 -13 -1 -13 -1 -12 0 -10 0 -9 -1 -8 -1 -7 -1 -6 -2 -5 -3 -4 -4 -3 -5 0 0 0 0 0 0 0 0 0 0 0 0 0 0 0 0 0 0 0 0 0 0 -2 7 -2 7 -3 6 -4 5 -5 4 -6 3 -7 2 -8 2 -10 2 -12 1 -14 1 -14 2 -15 3 -15 4 -15 5 -15 5 -13 5 -13 5 -12 4 -12 3 -12 1 -13 0 -15 -2 -17 -2 -20 -2 -22 -2
CSI_META: ts=3387827538 rssi=-32 noise_floor=-98 channel=6 secondary_channel=0 sig_mode=0 mcs=0 rate=9 cwb=0 sgi=0 stbc=0 ant=0 len=128 rx_state=0 seq=-1 tx_mac=52:40:27:94:0a:bb
CSI_DATA: 28 -64 1 0 -14 -25 -12 -22 -8 -20 -6 -18 -3 -17 -1 -18 1 -19 1 -21 1 -23 1 -24 -1 -24 -2 -24 -3 -23 -4 -22 -4 -20 -4 -18 -3 -15 -2 -13 -1 -11 1 -9 2 -8 4 -7 6 -6 8 -6 9 -5 0 0 0 0 0 0 0 0 0 0 0 0 0 0 0 0 0 0 0 0 0 0 -9 -4 -8 -6 -8 -8 -8 -10 -8 -12 -9 -13 -10 -14 -10 -15 -11 -17 -12 -17 -12 -17 -12 -17 -11 -16 -10 -15 -7 -15 -6 -16 -3 -16 -2 -19 0 -20 1 -24 0 -27 -2 -30 -3 -33 -6 -35 -10 -35 -12 -35
CSI_META: ts=3388230305 rssi=-30 noise_floor=-98 channel=6 secondary_channel=0 sig_mode=0 mcs=0 rate=9 cwb=0 sgi=0 stbc=0 ant=0 len=128 rx_state=0 seq=-1 tx_mac=52:40:27:94:0a:bb
CSI_DATA: 28 -64 1 0 -23 3 -21 4 -19 5 -17 5 -14 6 -13 4 -11 3 -10 2 -10 0 -10 -1 -11 -2 -12 -3 -13 -3 -13 -3 -13 -2 -13 -2 -12 -2 -11 -1 -9 -1 -9 -1 -8 -2 -7 -2 -5 -3 -5 -4 -3 -5 0 0 0 0 0 0 0 0 0 0 0 0 0 0 0 0 0 0 0 0 0 0 -1 7 -2 6 -3 5 -4 4 -5 3 -6 3 -7 2 -9 2 -10 2 -12 1 -14 2 -15 2 -15 3 -15 4 -14 5 -14 5 -13 5 -12 5 -12 4 -12 2 -12 1 -13 -1 -15 -2 -18 -3 -20 -3 -22 -2
CSI_META: ts=3389107220 rssi=-31 noise_floor=-98 channel=6 secondary_channel=0 sig_mode=0 mcs=0 rate=9 cwb=0 sgi=0 stbc=0 ant=0 len=128 rx_state=0 seq=-1 tx_mac=52:40:27:94:0a:bb
CSI_DATA: 28 -64 1 0 -5 -19 -6 -19 -7 -20 -8 -19 -10 -18 -10 -16 -10 -14 -10 -13 -8 -11 -7 -10 -6 -9 -4 -8 -3 -8 -1 -9 0 -9 0 -10 1 -10 1 -10 1 -10 1 -10 1 -10 2 -9 2 -9 2 -8 3 -7 0 0 0 0 0 0 0 0 0 0 0 0 0 0 0 0 0 0 0 0 0 0 -9 1 -10 1 -9 0 -9 0 -9 -1 -8 -2 -7 -3 -7 -4 -6 -5 -6 -7 -6 -9 -5 -11 -6 -12 -7 -13 -8 -14 -9 -15 -11 -15 -12 -14 -12 -13 -12 -12 -12 -11 -11 -10 -9 -11 -8 -11 -6 -12 -5 -15
CSI_META: ts=3389107392 rssi=-31 noise_floor=-98 channel=6 secondary_channel=0 sig_mode=0 mcs=0 rate=9 cwb=0 sgi=0 stbc=0 ant=0 len=128 rx_state=0 seq=-1 tx_mac=52:40:27:94:0a:bb
CSI_DATA: 28 -64 1 0 9 15 11 16 12 15 14 14 14 13 14 11 13 9 12 8 10 6 9 6 8 5 6 5 4 6 3 7 2 8 1 8 1 9 1 9 1 9 1 9 1 8 0 8 0 8 -1 7 -1 6 0 0 0 0 0 0 0 0 0 0 0 0 0 0 0 0 0 0 0 0 0 0 7 -6 8 -5 7 -4 7 -4 7 -3 7 -2 6 -1 6 0 6 2 7 3 7 5 8 7 9 8 10 9 12 10 12 9 14 9 14 8 15 7 15 6 14 5 13 5 11 6 10 7 9 9 9 11
CSI_META: ts=3389261732 rssi=-32 noise_floor=-98 channel=6 secondary_channel=0 sig_mode=0 mcs=0 rate=9 cwb=0 sgi=0 stbc=0 ant=0 len=128 rx_state=0 seq=-1 tx_mac=52:40:27:94:0a:bb
CSI_DATA: 28 -64 1 0 -13 -15 -12 -17 -9 -20 -11 -21 -11 -22 -13 -22 -14 -22 -15 -20 -16 -19 -16 -17 -16 -15 -15 -13 -12 -11 -10 -10 -7 -10 -5 -10 -3 -10 -1 -10 1 -10 1 -11 2 -12 3 -13 3 -13 4 -13 5 -12 0 0 0 0 0 0 0 0 0 0 0 0 0 0 0 0 0 0 0 0 0 0 -11 2 -13 1 -14 1 -15 0 -15 -1 -15 -1 -15 -1 -15 -1 -15 -2 -15 -3 -13 -4 -13 -6 -11 -8 -11 -10 -11 -13 -12 -16 -13 -18 -15 -20 -18 -20 -20 -20 -22 -19 -24 -18 -25 -17 -24 -15 -24 -13 -22 -13
CSI_META: ts=3389408006 rssi=-31 noise_floor=-98 channel=6 secondary_channel=0 sig_mode=0 mcs=0 rate=9 cwb=0 sgi=0 stbc=0 ant=0 len=128 rx_state=0 seq=-1 tx_mac=52:40:27:94:0a:bb
CSI_DATA: 28 -64 1 0 -12 -15 -10 -13 -8 -12 -6 -11 -4 -11 -3 -12 -2 -12 -2 -13 -2 -14 -3 -15 -4 -15 -5 -14 -5 -14 -5 -13 -5 -12 -5 -10 -4 -9 -3 -8 -2 -7 -1 -6 0 -6 1 -6 3 -5 4 -5 5 -5 0 0 0 0 0 0 0 0 0 0 0 0 0 0 0 0 0 0 0 0 0 0 -6 -2 -6 -4 -6 -5 -6 -6 -6 -7 -7 -8 -7 -9 -8 -9 -8 -10 -9 -10 -9 -10 -8 -10 -8 -9 -7 -9 -6 -9 -5 -10 -4 -10 -3 -12 -2 -13 -3 -15 -4 -17 -5 -19 -6 -21 -8 -21 -10 -21 -11 -21
CSI_META: ts=3389414058 rssi=-31 noise_floor=-98 channel=6 secondary_channel=0 sig_mode=0 mcs=0 rate=9 cwb=0 sgi=0 stbc=0 ant=0 len=128 rx_state=0 seq=-1 tx_mac=52:40:27:94:0a:bb
CSI_DATA: 28 -64 1 0 -8 -17 -6 -14 -5 -13 -3 -11 -2 -11 0 -12 1 -12 2 -13 2 -14 1 -15 1 -15 0 -15 -1 -14 -1 -14 -1 -13 -2 -11 -1 -10 -1 -8 0 -7 1 -6 1 -5 3 -4 4 -4 5 -3 6 -2 0 0 0 0 0 0 0 0 0 0 0 0 0 0 0 0 0 0 0 0 0 0 -6 -3 -5 -4 -5 -6 -5 -7 -6 -8 -6 -9 -6 -9 -7 -10 -7 -10 -7 -11 -7 -11 -7 -11 -6 -10 -5 -10 -4 -9 -3 -10 -2 -11 0 -12 0 -13 1 -15 0 -17 -1 -19 -1 -21 -3 -22 -5 -22 -6 -22
CSI_META: ts=3389982850 rssi=-31 noise_floor=-98 channel=6 secondary_channel=0 sig_mode=0 mcs=0 rate=9 cwb=0 sgi=0 stbc=0 ant=0 len=128 rx_state=0 seq=-1 tx_mac=52:40:27:94:0a:bb
CSI_DATA: 28 -64 1 0 20 9 19 6 18 5 16 3 14 2 12 2 10 2 8 3 7 4 7 5 7 7 7 7 8 8 9 9 9 8 9 7 8 6 7 6 6 5 6 4 5 4 3 4 2 4 1 4 -1 4 0 0 0 0 0 0 0 0 0 0 0 0 0 0 0 0 0 0 0 0 0 0 4 -6 5 -5 5 -4 5 -3 5 -1 5 0 6 1 7 2 9 3 10 4 11 5 12 5 13 5 14 4 14 3 14 2 12 2 12 2 11 2 10 3 10 5 10 6 10 9 12 11 14 12 16 13
CSI_META: ts=3390540492 rssi=-32 noise_floor=-98 channel=6 secondary_channel=0 sig_mode=0 mcs=0 rate=9 cwb=0 sgi=0 stbc=0 ant=0 len=128 rx_state=0 seq=-1 tx_mac=52:40:27:94:0a:bb
CSI_DATA: 28 -64 1 0 -12 -3 -12 -4 -12 -6 -13 -7 -14 -7 -15 -7 -16 -7 -16 -5 -16 -5 -15 -3 -14 -2 -13 -2 -11 -2 -9 -2 -8 -2 -6 -3 -5 -4 -4 -5 -3 -5 -3 -6 -2 -7 -2 -8 -2 -8 -1 -8 -1 -9 0 0 0 0 0 0 0 0 0 0 0 0 0 0 0 0 0 0 0 0 0 0 -4 6 -5 7 -5 7 -6 7 -6 7 -6 7 -7 6 -7 6 -7 6 -7 5 -8 3 -8 2 -9 1 -10 -1 -11 -2 -12 -3 -14 -3 -16 -3 -17 -2 -18 -1 -19 1 -19 2 -19 2 -18 3 -17 3 -15 3
CSI_META: ts=3390750748 rssi=-31 noise_floor=-98 channel=6 secondary_channel=0 sig_mode=0 mcs=0 rate=9 cwb=0 sgi=0 stbc=0 ant=0 len=128 rx_state=0 seq=-1 tx_mac=52:40:27:94:0a:bb
CSI_DATA: 28 -64 1 0 14 10 13 8 10 8 8 8 6 9 5 10 4 11 4 12 5 13 5 13 6 13 7 13 8 12 8 11 7 10 7 8 5 7 4 6 2 5 1 5 0 4 -2 5 -3 5 -4 5 -5 5 0 0 0 0 0 0 0 0 0 0 0 0 0 0 0 0 0 0 0 0 0 0 5 -2 5 0 6 1 7 2 8 3 9 4 9 4 10 5 11 5 11 5 12 5 11 5 11 4 10 4 8 5 7 6 6 7 6 9 6 11 7 13 8 15 10 16 11 17 14 17 16 17 18 16
CSI_META: ts=3391052813 rssi=-31 noise_floor=-98 channel=6 secondary_channel=0 sig_mode=0 mcs=0 rate=9 cwb=0 sgi=0 stbc=0 ant=0 len=128 rx_state=0 seq=-1 tx_mac=52:40:27:94:0a:bb
CSI_DATA: 28 -64 1 0 7 15 6 13 4 12 2 10 1 10 -1 10 -2 11 -2 12 -2 13 -2 14 -1 14 -1 14 0 13 0 13 1 12 1 10 0 8 0 7 -1 6 -2 5 -3 4 -4 4 -5 3 -6 2 -7 1 0 0 0 0 0 0 0 0 0 0 0 0 0 0 0 0 0 0 0 0 0 0 5 1 5 3 5 4 5 5 5 6 5 7 5 8 6 8 6 9 7 9 7 10 6 9 6 9 5 8 4 8 2 9 1 9 0 11 -1 12 -1 14 -1 16 1 18 1 20 3 21 5 21 7 21
CSI_META: ts=3391197030 rssi=-31 noise_floor=-98 channel=6 secondary_channel=0 sig_mode=0 mcs=0 rate=9 cwb=0 sgi=0 stbc=0 ant=0 len=128 rx_state=0 seq=-1 tx_mac=52:40:27:94:0a:bb
CSI_DATA: 28 -64 1 0 4 18 5 18 6 18 8 17 9 16 10 14 9 12 8 11 7 9 6 8 4 7 3 7 1 7 0 8 -1 8 -2 9 -2 9 -2 9 -2 9 -2 9 -2 8 -2 8 -2 7 -3 6 -3 5 0 0 0 0 0 0 0 0 0 0 0 0 0 0 0 0 0 0 0 0 0 0 8 -3 9 -2 8 -2 8 -1 8 -1 7 0 6 1 6 2 6 3 5 5 5 7 5 9 5 10 6 12 7 12 8 13 9 13 11 13 12 11 12 10 11 9 10 9 9 9 7 10 6 11 5 13
CSI_META: ts=3394534427 rssi=-31 noise_floor=-98 channel=6 secondary_channel=0 sig_mode=0 mcs=0 rate=9 cwb=0 sgi=0 stbc=0 ant=0 len=128 rx_state=0 seq=-1 tx_mac=52:40:27:94:0a:bb
CSI_DATA: 28 -64 1 0 -7 16 -6 14 -6 11 -6 9 -7 8 -8 7 -9 7 -10 7 -11 8 -11 8 -11 9 -11 10 -10 10 -9 10 -8 9 -7 8 -6 7 -5 5 -5 4 -5 3 -5 1 -5 0 -6 -1 -6 -2 -7 -3 0 0 0 0 0 0 0 0 0 0 0 0 0 0 0 0 0 0 0 0 0 0 2 5 0 6 -1 6 -2 7 -2 8 -3 9 -3 10 -3 10 -3 11 -3 11 -3 11 -3 11 -3 10 -4 9 -5 8 -6 8 -7 7 -8 8 -10 8 -12 9 -13 11 -13 13 -14 15 -14 17 -13 18 -11 19
CSI_META: ts=3395263873 rssi=-32 noise_floor=-98 channel=6 secondary_channel=0 sig_mode=0 mcs=0 rate=9 cwb=0 sgi=0 stbc=0 ant=0 len=128 rx_state=0 seq=-1 tx_mac=52:40:27:94:0a:bb
CSI_DATA: 28 -64 1 0 -6 -20 -3 -21 0 -24 0 -25 0 -26 -2 -28 -3 -28 -5 -28 -7 -27 -8 -24 -9 -21 -8 -18 -7 -16 -4 -14 -2 -13 1 -11 3 -10 5 -10 7 -10 8 -10 8 -10 9 -10 10 -10 10 -10 10 -8 0 0 0 0 0 0 0 0 0 0 0 0 0 0 0 0 0 0 0 0 0 0 -11 -1 -13 -3 -14 -4 -14 -5 -15 -6 -16 -6 -16 -7 -16 -7 -16 -7 -15 -8 -13 -9 -11 -10 -9 -11 -7 -13 -6 -15 -6 -19 -6 -22 -7 -25 -9 -26 -11 -28 -14 -28 -17 -28 -18 -28 -18 -25 -18 -23 -16 -21
CSI_META: ts=3395353603 rssi=-31 noise_floor=-98 channel=6 secondary_channel=0 sig_mode=0 mcs=0 rate=9 cwb=0 sgi=0 stbc=0 ant=0 len=128 rx_state=0 seq=-1 tx_mac=52:40:27:94:0a:bb
CSI_DATA: 28 -64 1 0 -19 1 -16 1 -14 -1 -12 -2 -11 -3 -11 -5 -11 -7 -12 -7 -12 -8 -13 -8 -14 -8 -15 -7 -15 -6 -14 -5 -13 -4 -12 -3 -10 -3 -8 -3 -6 -3 -5 -4 -4 -5 -3 -5 -2 -6 -1 -7 0 -7 0 0 0 0 0 0 0 0 0 0 0 0 0 0 0 0 0 0 0 0 0 0 -4 4 -6 3 -7 3 -8 2 -9 2 -10 2 -11 2 -12 2 -13 2 -14 2 -13 3 -13 3 -12 2 -11 1 -11 0 -10 -1 -10 -3 -11 -4 -13 -6 -14 -7 -16 -8 -19 -8 -21 -7 -23 -6 -24 -4 -24 -3
CSI_META: ts=3395661584 rssi=-31 noise_floor=-98 channel=6 secondary_channel=0 sig_mode=0 mcs=0 rate=9 cwb=0 sgi=0 stbc=0 ant=0 len=128 rx_state=0 seq=-1 tx_mac=52:40:27:94:0a:bb
CSI_DATA: 28 -64 1 0 -15 -13 -13 -11 -10 -11 -8 -10 -6 -10 -4 -11 -3 -12 -3 -13 -3 -14 -4 -15 -5 -15 -6 -15 -7 -14 -6 -13 -6 -12 -6 -10 -5 -9 -4 -8 -2 -7 -2 -6 0 -6 1 -5 2 -5 4 -5 5 -5 0 0 0 0 0 0 0 0 0 0 0 0 0 0 0 0 0 0 0 0 0 0 -6 0 -7 -2 -7 -3 -8 -4 -8 -5 -9 -6 -9 -6 -10 -7 -11 -7 -12 -7 -12 -7 -12 -7 -11 -7 -10 -7 -8 -7 -7 -8 -6 -9 -5 -11 -5 -13 -5 -15 -6 -17 -8 -19 -9 -20 -12 -21 -14 -20 -16 -19
CSI_META: ts=3396038415 rssi=-32 noise_floor=-98 channel=6 secondary_channel=0 sig_mode=0 mcs=0 rate=9 cwb=0 sgi=0 stbc=0 ant=0 len=128 rx_state=0 seq=-1 tx_mac=52:40:27:94:0a:bb
CSI_DATA: 28 -64 1 0 -9 -20 -6 -21 -4 -24 -4 -25 -4 -26 -6 -27 -7 -27 -9 -27 -11 -26 -12 -24 -12 -21 -11 -18 -9 -16 -8 -14 -5 -13 -3 -11 0 -11 2 -11 4 -10 5 -10 6 -11 7 -11 8 -11 9 -11 9 -10 0 0 0 0 0 0 0 0 0 0 0 0 0 0 0 0 0 0 0 0 0 0 -14 -1 -15 -2 -15 -3 -16 -4 -16 -5 -16 -5 -16 -5 -15 -5 -15 -6 -14 -7 -12 -9 -11 -10 -9 -12 -8 -14 -8 -17 -7 -21 -9 -23 -10 -25 -13 -26 -16 -27 -18 -26 -20 -26 -21 -25 -21 -23 -20 -21 -18 -20
CSI_META: ts=3396038578 rssi=-31 noise_floor=-98 channel=6 secondary_channel=0 sig_mode=0 mcs=0 rate=9 cwb=0 sgi=0 stbc=0 ant=0 len=128 rx_state=0 seq=-1 tx_mac=52:40:27:94:0a:bb
CSI_DATA: 28 -64 1 0 -13 3 -14 2 -14 1 -16 0 -17 0 -17 1 -17 2 -17 3 -15 5 -14 6 -13 6 -11 5 -10 4 -9 2 -8 1 -7 -1 -7 -2 -7 -4 -6 -4 -7 -5 -7 -6 -7 -6 -7 -6 -7 -7 -6 -7 0 0 0 0 0 0 0 0 0 0 0 0 0 0 0 0 0 0 0 0 0 0 0 7 -1 7 -2 8 -3 9 -3 9 -3 9 -3 9 -4 9 -4 9 -4 9 -5 8 -5 7 -6 6 -8 4 -10 4 -12 4 -14 4 -15 5 -17 6 -17 7 -17 9 -17 10 -15 12 -14 12 -13 12 -12 11
CSI_META: ts=3396038732 rssi=-31 noise_floor=-98 channel=6 secondary_channel=0 sig_mode=0 mcs=0 rate=9 cwb=0 sgi=0 stbc=0 ant=0 len=128 rx_state=0 seq=-1 tx_mac=52:40:27:94:0a:bb
CSI_DATA: 28 -64 1 0 -10 8 -11 8 -12 7 -13 7 -14 9 -14 10 -13 10 -12 12 -11 11 -10 11 -9 10 -8 9 -7 8 -6 6 -6 5 -6 3 -7 2 -7 1 -7 0 -8 -1 -8 -1 -9 -2 -9 -2 -9 -3 -8 -3 0 0 0 0 0 0 0 0 0 0 0 0 0 0 0 0 0 0 0 0 0 0 2 7 1 8 1 8 1 9 0 9 0 10 1 9 0 9 0 9 -1 9 -2 8 -4 7 -5 7 -7 7 -8 7 -10 7 -11 9 -12 10 -13 12 -12 14 -11 16 -10 17 -9 16 -9 16 -8 15 -8 14
CSI_META: ts=3396563230 rssi=-32 noise_floor=-98 channel=6 secondary_channel=0 sig_mode=0 mcs=0 rate=9 cwb=0 sgi=0 stbc=0 ant=0 len=128 rx_state=0 seq=-1 tx_mac=52:40:27:94:0a:bb
CSI_DATA: 28 -64 1 0 21 -29 18 -29 15 -28 12 -25 9 -22 8 -20 8 -16 8 -14 10 -12 11 -10 13 -9 15 -9 15 -9 17 -10 17 -11 17 -10 15 -10 13 -10 12 -9 11 -8 9 -7 9 -5 8 -3 7 -1 7 1 0 0 0 0 0 0 0 0 0 0 0 0 0 0 0 0 0 0 0 0 0 0 -9 -9 -7 -9 -5 -9 -2 -9 0 -10 2 -10 4 -11 6 -13 8 -15 10 -17 11 -19 11 -20 11 -22 10 -22 9 -22 7 -22 6 -21 6 -20 7 -17 8 -15 11 -14 13 -14 17 -15 21 -16 24 -19 25 -23
CSI_META: ts=3399692206 rssi=-31 noise_floor=-98 channel=6 secondary_channel=0 sig_mode=0 mcs=0 rate=9 cwb=0 sgi=0 stbc=0 ant=0 len=128 rx_state=0 seq=-1 tx_mac=52:40:27:94:0a:bb
CSI_DATA: 28 -64 1 0 -32 20 -28 21 -24 21 -21 20 -18 18 -16 16 -14 12 -13 10 -14 8 -15 6 -17 5 -18 4 -19 4 -20 5 -20 6 -20 6 -18 6 -17 6 -15 5 -14 4 -13 3 -11 2 -10 1 -9 -1 -8 -4 0 0 0 0 0 0 0 0 0 0 0 0 0 0 0 0 0 0 0 0 0 0 3 11 1 10 -1 9 -4 9 -6 8 -8 8 -10 8 -12 9 -15 10 -17 11 -19 13 -19 14 -20 15 -19 16 -18 16 -17 17 -16 16 -15 15 -15 13 -16 10 -17 9 -21 8 -24 8 -28 8 -31 10 -33 13
CSI_META: ts=3400119643 rssi=-32 noise_floor=-98 channel=6 secondary_channel=0 sig_mode=0 mcs=0 rate=9 cwb=0 sgi=0 stbc=0 ant=0 len=128 rx_state=0 seq=-1 tx_mac=52:40:27:94:0a:bb
CSI_DATA: 28 -64 1 0 9 -19 11 -16 15 -17 16 -17 18 -18 18 -20 17 -22 15 -23 14 -24 11 -23 9 -21 7 -20 7 -17 6 -15 6 -12 7 -8 8 -6 9 -4 10 -2 11 -1 12 0 12 1 13 1 13 2 13 3 0 0 0 0 0 0 0 0 0 0 0 0 0 0 0 0 0 0 0 0 0 0 -9 -9 -9 -11 -9 -13 -8 -13 -8 -14 -9 -14 -8 -14 -8 -15 -7 -15 -6 -14 -4 -14 -1 -14 1 -14 4 -14 7 -15 9 -18 10 -20 11 -24 11 -26 10 -29 9 -31 6 -32 5 -32 3 -31 2 -29 2 -27
CSI_META: ts=3400371207 rssi=-31 noise_floor=-98 channel=6 secondary_channel=0 sig_mode=0 mcs=0 rate=9 cwb=0 sgi=0 stbc=0 ant=0 len=128 rx_state=0 seq=-1 tx_mac=52:40:27:94:0a:bb
CSI_DATA: 28 -64 1 0 12 -2 12 -1 13 1 14 2 15 2 16 1 17 1 16 -1 16 -2 15 -3 13 -3 12 -3 10 -3 9 -2 7 -1 6 0 5 1 5 2 4 3 4 4 4 5 4 6 4 7 3 7 3 7 0 0 0 0 0 0 0 0 0 0 0 0 0 0 0 0 0 0 0 0 0 0 1 -8 2 -8 3 -9 3 -9 4 -9 4 -9 4 -9 4 -9 4 -8 5 -8 5 -7 6 -5 7 -4 8 -3 10 -2 12 -2 13 -2 15 -3 16 -4 18 -5 18 -7 18 -8 17 -9 16 -9 15 -9 14 -9
CSI_META: ts=3400577631 rssi=-31 noise_floor=-98 channel=6 secondary_channel=0 sig_mode=0 mcs=0 rate=9 cwb=0 sgi=0 stbc=0 ant=0 len=128 rx_state=0 seq=-1 tx_mac=52:40:27:94:0a:bb
CSI_DATA: 28 -64 1 0 -18 -10 -17 -12 -16 -15 -18 -16 -19 -16 -21 -17 -21 -15 -22 -13 -22 -11 -21 -9 -19 -8 -17 -6 -15 -6 -12 -6 -9 -7 -8 -8 -5 -9 -4 -10 -3 -11 -3 -12 -3 -13 -3 -14 -2 -13 -1 -13 -1 -12 0 0 0 0 0 0 0 0 0 0 0 0 0 0 0 0 0 0 0 0 0 0 -9 6 -10 5 -12 5 -13 4 -14 4 -15 4 -15 4 -15 4 -16 4 -15 3 -15 2 -14 0 -14 -2 -14 -5 -14 -7 -16 -10 -18 -11 -20 -12 -23 -12 -26 -12 -28 -10 -29 -8 -29 -7 -29 -5 -27 -4 -24 -4
CSI_META: ts=3400678427 rssi=-31 noise_floor=-98 channel=6 secondary_channel=0 sig_mode=0 mcs=0 rate=9 cwb=0 sgi=0 stbc=0 ant=0 len=128 rx_state=0 seq=-1 tx_mac=52:40:27:94:0a:bb
CSI_DATA: 28 -64 1 0 -6 18 -6 19 -5 20 -3 19 -1 19 0 17 1 16 1 14 1 12 1 10 -1 9 -2 8 -3 7 -5 7 -6 8 -6 7 -7 7 -7 7 -7 7 -7 7 -6 6 -6 6 -6 5 -6 4 -6 3 0 0 0 0 0 0 0 0 0 0 0 0 0 0 0 0 0 0 0 0 0 0 8 3 8 3 7 4 7 4 6 4 6 5 5 5 4 5 3 6 1 7 0 9 -1 11 -1 12 -2 14 -1 15 -1 16 1 17 2 17 3 17 4 16 4 15 4 14 2 13 0 13 -1 13 -3 14
CSI_META: ts=3400926356 rssi=-31 noise_floor=-98 channel=6 secondary_channel=0 sig_mode=0 mcs=0 rate=9 cwb=0 sgi=0 stbc=0 ant=0 len=128 rx_state=0 seq=-1 tx_mac=52:40:27:94:0a:bb
CSI_DATA: 28 -64 1 0 11 -16 13 -14 16 -15 17 -15 18 -16 18 -18 17 -19 15 -20 14 -21 11 -20 9 -18 8 -16 7 -14 7 -12 7 -9 7 -7 8 -5 9 -4 10 -2 11 -1 11 -1 12 0 12 0 12 1 12 2 0 0 0 0 0 0 0 0 0 0 0 0 0 0 0 0 0 0 0 0 0 0 -6 -10 -5 -11 -5 -13 -4 -14 -4 -15 -4 -15 -4 -15 -4 -15 -3 -15 -2 -15 -1 -14 1 -14 4 -13 6 -13 8 -14 11 -15 12 -17 14 -19 14 -21 14 -24 13 -26 11 -28 9 -28 7 -27 7 -25 6 -24
CSI_META: ts=3401087998 rssi=-31 noise_floor=-98 channel=6 secondary_channel=0 sig_mode=0 mcs=0 rate=9 cwb=0 sgi=0 stbc=0 ant=0 len=128 rx_state=0 seq=-1 tx_mac=52:40:27:94:0a:bb
CSI_DATA: 28 -64 1 0 -16 12 -18 10 -19 9 -21 9 -22 9 -22 11 -22 12 -21 14 -20 15 -17 15 -16 14 -14 13 -12 12 -11 10 -10 7 -10 5 -10 3 -10 1 -10 -1 -11 -2 -11 -3 -12 -4 -12 -5 -12 -6 -11 -6 0 0 0 0 0 0 0 0 0 0 0 0 0 0 0 0 0 0 0 0 0 0 2 11 1 12 0 13 0 14 0 14 -1 14 -1 14 -1 13 -2 13 -4 12 -6 12 -7 11 -9 10 -12 9 -14 9 -16 10 -18 12 -20 14 -20 16 -21 20 -19 21 -18 23 -17 23 -15 23 -14 22 -13 20
CSI_META: ts=3401294638 rssi=-32 noise_floor=-98 channel=6 secondary_channel=0 sig_mode=0 mcs=0 rate=9 cwb=0 sgi=0 stbc=0 ant=0 len=128 rx_state=0 seq=-1 tx_mac=52:40:27:94:0a:bb
CSI_DATA: 28 -64 1 0 -3 -36 -6 -33 -7 -31 -8 -26 -8 -23 -7 -20 -4 -17 -2 -16 1 -16 3 -16 4 -17 5 -18 5 -19 5 -21 4 -20 3 -20 2 -18 1 -16 1 -14 1 -13 2 -11 3 -9 4 -7 6 -5 7 -4 0 0 0 0 0 0 0 0 0 0 0 0 0 0 0 0 0 0 0 0 0 0 -13 -3 -12 -4 -10 -5 -8 -6 -7 -7 -5 -9 -3 -11 -3 -13 -2 -16 -2 -19 -1 -21 -2 -23 -3 -24 -5 -24 -6 -24 -8 -24 -8 -22 -7 -21 -6 -18 -4 -18 -1 -18 1 -19 4 -23 5 -26 6 -29 5 -34
CSI_META: ts=3402828520 rssi=-31 noise_floor=-98 channel=6 secondary_channel=0 sig_mode=0 mcs=0 rate=9 cwb=0 sgi=0 stbc=0 ant=0 len=128 rx_state=0 seq=-1 tx_mac=52:40:27:94:0a:bb
CSI_DATA: 28 -64 1 0 -13 -2 -13 -4 -13 -5 -14 -6 -15 -7 -16 -6 -16 -6 -16 -4 -16 -3 -16 -2 -15 -1 -13 -1 -12 -1 -10 -1 -9 -2 -7 -3 -6 -3 -5 -4 -4 -5 -3 -6 -3 -7 -3 -8 -3 -8 -2 -9 -2 -9 0 0 0 0 0 0 0 0 0 0 0 0 0 0 0 0 0 0 0 0 0 0 -4 6 -5 7 -6 7 -6 7 -7 7 -7 7 -7 6 -7 6 -7 6 -7 5 -8 4 -8 2 -9 1 -10 0 -12 -2 -13 -2 -15 -3 -16 -2 -18 -2 -19 0 -20 1 -20 2 -19 3 -18 4 -17 4 -16 4
CSI_META: ts=3403035924 rssi=-30 noise_floor=-98 channel=6 secondary_channel=0 sig_mode=0 mcs=0 rate=9 cwb=0 sgi=0 stbc=0 ant=0 len=128 rx_state=0 seq=-1 tx_mac=52:40:27:94:0a:bb
CSI_DATA: 28 -64 1 0 -15 17 -12 17 -11 17 -8 15 -7 13 -6 11 -6 10 -6 8 -7 7 -8 6 -9 5 -10 5 -10 5 -11 6 -11 6 -11 6 -10 6 -9 6 -8 5 -8 5 -7 4 -7 3 -6 2 -6 0 -5 -1 0 0 0 0 0 0 0 0 0 0 0 0 0 0 0 0 0 0 0 0 0 0 4 6 2 5 1 5 -1 5 -2 5 -3 6 -4 6 -5 7 -7 9 -8 10 -8 11 -8 12 -8 12 -8 12 -7 12 -7 13 -6 11 -6 11 -6 9 -7 9 -9 8 -10 8 -12 9 -14 9 -16 11 -17 13
CSI_META: ts=3403238386 rssi=-32 noise_floor=-98 channel=6 secondary_channel=0 sig_mode=0 mcs=0 rate=9 cwb=0 sgi=0 stbc=0 ant=0 len=128 rx_state=0 seq=-1 tx_mac=52:40:27:94:0a:bb
CSI_DATA: 28 -64 1 0 19 -21 16 -18 15 -15 15 -11 15 -9 16 -7 18 -5 19 -6 20 -6 21 -7 22 -8 21 -9 20 -10 18 -11 16 -10 15 -9 13 -8 10 -7 9 -5 8 -3 8 0 7 1 7 3 7 6 7 7 0 0 0 0 0 0 0 0 0 0 0 0 0 0 0 0 0 0 0 0 0 0 0 -9 2 -9 4 -10 6 -11 8 -12 9 -13 9 -13 10 -15 11 -16 12 -16 12 -17 11 -16 11 -15 11 -14 11 -12 12 -10 13 -8 16 -7 19 -7 22 -7 25 -9 27 -11 30 -14 30 -17 30 -20 28 -23
CSI_META: ts=3403446071 rssi=-31 noise_floor=-98 channel=6 secondary_channel=0 sig_mode=0 mcs=0 rate=9 cwb=0 sgi=0 stbc=0 ant=0 len=128 rx_state=0 seq=-1 tx_mac=52:40:27:94:0a:bb
CSI_DATA: 28 -64 1 0 11 -6 11 -4 13 -3 14 -3 15 -3 16 -4 16 -5 15 -6 14 -7 13 -8 11 -8 10 -7 8 -6 8 -5 7 -4 6 -2 6 0 5 1 5 2 6 3 6 4 6 4 6 5 6 5 5 6 0 0 0 0 0 0 0 0 0 0 0 0 0 0 0 0 0 0 0 0 0 0 -1 -8 -1 -9 0 -9 1 -10 1 -10 1 -10 2 -10 1 -10 2 -10 3 -9 3 -8 5 -7 6 -6 7 -6 9 -5 10 -5 12 -6 14 -7 14 -9 15 -10 15 -11 14 -13 13 -14 12 -14 11 -13 11 -12
CSI_META: ts=3403852488 rssi=-31 noise_floor=-98 channel=6 secondary_channel=0 sig_mode=0 mcs=0 rate=9 cwb=0 sgi=0 stbc=0 ant=0 len=128 rx_state=0 seq=-1 tx_mac=52:40:27:94:0a:bb
CSI_DATA: 28 -64 1 0 0 18 1 19 2 20 4 19 5 18 6 17 7 15 6 13 6 11 5 10 4 9 2 8 1 8 -1 8 -2 8 -3 8 -4 8 -4 8 -4 8 -4 8 -4 8 -4 8 -4 7 -5 7 -5 6 0 0 0 0 0 0 0 0 0 0 0 0 0 0 0 0 0 0 0 0 0 0 9 -1 9 0 8 0 7 1 7 1 6 2 5 3 5 4 4 6 4 7 3 9 3 11 3 12 4 13 5 15 6 15 7 15 8 15 9 13 9 13 9 12 8 11 6 12 5 12 3 12 2 14
CSI_META: ts=3404136758 rssi=-31 noise_floor=-98 channel=6 secondary_channel=0 sig_mode=0 mcs=0 rate=9 cwb=0 sgi=0 stbc=0 ant=0 len=128 rx_state=0 seq=-1 tx_mac=52:40:27:94:0a:bb
CSI_DATA: 28 -64 1 0 -28 -9 -29 -8 -30 -7 -29 -5 -29 -2 -28 0 -25 1 -22 3 -19 2 -17 1 -15 0 -13 -2 -12 -4 -12 -6 -11 -8 -11 -9 -11 -10 -11 -10 -11 -10 -11 -10 -10 -10 -10 -10 -9 -9 -8 -9 -6 -9 0 0 0 0 0 0 0 0 0 0 0 0 0 0 0 0 0 0 0 0 0 0 -4 13 -5 12 -5 12 -6 11 -6 10 -7 8 -7 7 -9 5 -10 4 -13 2 -15 0 -17 -1 -19 -1 -22 -1 -23 0 -25 1 -25 2 -26 5 -25 6 -24 7 -22 7 -21 6 -20 4 -20 1 -20 -1 -21 -4
CSI_META: ts=3404186919 rssi=-31 noise_floor=-98 channel=6 secondary_channel=0 sig_mode=0 mcs=0 rate=9 cwb=0 sgi=0 stbc=0 ant=0 len=128 rx_state=0 seq=-1 tx_mac=52:40:27:94:0a:bb
CSI_DATA: 28 -64 1 0 8 -9 10 -8 11 -7 12 -7 13 -7 14 -8 14 -10 13 -11 12 -11 10 -12 9 -11 8 -10 7 -9 6 -8 5 -6 5 -4 5 -3 5 -2 5 0 6 1 6 1 7 2 7 3 7 3 7 4 0 0 0 0 0 0 0 0 0 0 0 0 0 0 0 0 0 0 0 0 0 0 -4 -8 -3 -9 -3 -9 -2 -10 -2 -10 -2 -10 -2 -10 -2 -10 -1 -9 0 -9 1 -9 2 -8 4 -8 6 -7 8 -8 9 -9 10 -10 11 -12 11 -13 11 -15 10 -16 9 -17 8 -17 7 -17 7 -16 6 -15
CSI_META: ts=3404447486 rssi=-31 noise_floor=-98 channel=6 secondary_channel=0 sig_mode=0 mcs=0 rate=9 cwb=0 sgi=0 stbc=0 ant=0 len=128 rx_state=0 seq=-1 tx_mac=52:40:27:94:0a:bb
CSI_DATA: 28 -64 1 0 1 -28 0 -29 -2 -30 -4 -29 -6 -28 -8 -26 -9 -23 -9 -20 -8 -18 -6 -16 -5 -14 -2 -13 0 -12 2 -13 4 -13 5 -13 6 -13 6 -14 6 -13 6 -13 6 -13 5 -12 5 -11 6 -9 6 -7 0 0 0 0 0 0 0 0 0 0 0 0 0 0 0 0 0 0 0 0 0 0 -14 -1 -14 -2 -14 -3 -13 -3 -12 -4 -11 -5 -9 -6 -8 -7 -7 -9 -6 -11 -5 -14 -4 -16 -4 -19 -4 -21 -6 -22 -7 -24 -9 -24 -11 -24 -13 -23 -13 -22 -13 -20 -11 -19 -9 -19 -8 -18 -5 -19 -2 -22
CSI_META: ts=3404694097 rssi=-31 noise_floor=-98 channel=6 secondary_channel=0 sig_mode=0 mcs=0 rate=9 cwb=0 sgi=0 stbc=0 ant=0 len=128 rx_state=0 seq=-1 tx_mac=52:40:27:94:0a:bb
CSI_DATA: 28 -64 1 0 33 16 32 12 30 10 27 7 25 5 21 4 18 5 15 5 13 8 12 9 12 11 12 13 13 14 13 15 13 15 14 14 13 13 12 12 11 10 10 9 8 9 7 8 5 8 2 7 0 7 0 0 0 0 0 0 0 0 0 0 0 0 0 0 0 0 0 0 0 0 0 0 7 -9 8 -7 8 -5 9 -3 10 -1 11 1 12 3 13 5 16 6 18 8 20 9 22 9 23 8 23 7 23 5 22 5 21 4 20 4 18 5 17 7 16 9 17 12 17 16 20 19 24 21 27 22
CSI_META: ts=3405277315 rssi=-32 noise_floor=-98 channel=6 secondary_channel=0 sig_mode=0 mcs=0 rate=9 cwb=0 sgi=0 stbc=0 ant=0 len=128 rx_state=0 seq=-1 tx_mac=52:40:27:94:0a:bb
CSI_DATA: 28 -64 1 0 17 -10 19 -6 21 -5 23 -4 25 -4 27 -6 26 -8 25 -10 24 -12 21 -13 19 -12 16 -11 14 -9 12 -8 11 -5 10 -2 9 1 10 3 9 4 10 6 10 7 11 8 10 8 10 9 9 9 0 0 0 0 0 0 0 0 0 0 0 0 0 0 0 0 0 0 0 0 0 0 -2 -12 -1 -13 1 -15 1 -16 2 -16 2 -17 2 -16 2 -17 3 -16 4 -16 4 -14 6 -13 8 -11 11 -9 14 -9 16 -9 19 -10 22 -12 24 -14 25 -16 25 -20 24 -22 22 -23 20 -23 18 -22 17 -21
CSI_META: ts=3405827604 rssi=-32 noise_floor=-98 channel=6 secondary_channel=0 sig_mode=0 mcs=0 rate=9 cwb=0 sgi=0 stbc=0 ant=0 len=128 rx_state=0 seq=-1 tx_mac=52:40:27:94:0a:bb
CSI_DATA: 28 -64 1 0 -18 11 -19 8 -21 7 -23 6 -25 7 -26 8 -26 10 -24 12 -23 14 -21 14 -19 13 -17 13 -15 11 -13 9 -12 6 -11 4 -10 1 -10 -1 -10 -3 -11 -4 -11 -6 -12 -7 -11 -7 -12 -8 -11 -9 0 0 0 0 0 0 0 0 0 0 0 0 0 0 0 0 0 0 0 0 0 0 2 12 1 13 0 14 0 15 0 15 -1 15 -1 15 -1 15 -2 14 -4 13 -5 12 -7 11 -10 10 -13 9 -15 9 -18 10 -20 11 -22 14 -23 16 -24 19 -23 21 -21 24 -20 24 -18 24 -17 23 -15 21
CSI_META: ts=3406096396 rssi=-32 noise_floor=-98 channel=6 secondary_channel=0 sig_mode=0 mcs=0 rate=9 cwb=0 sgi=0 stbc=0 ant=0 len=128 rx_state=0 seq=-1 tx_mac=52:40:27:94:0a:bb
CSI_DATA: 28 -64 1 0 -29 10 -30 12 -29 14 -28 15 -25 17 -23 18 -20 17 -16 16 -14 14 -13 11 -12 8 -12 5 -13 3 -14 1 -15 -1 -16 -2 -17 -2 -17 -2 -16 -2 -16 -2 -15 -2 -14 -2 -12 -3 -11 -4 -9 -5 0 0 0 0 0 0 0 0 0 0 0 0 0 0 0 0 0 0 0 0 0 0 6 12 5 13 4 13 3 13 2 13 1 12 0 11 -1 11 -4 10 -7 10 -10 10 -13 10 -15 11 -18 13 -19 15 -20 17 -19 19 -19 21 -17 22 -15 22 -14 21 -13 19 -13 17 -15 14 -17 12 -20 10
CSI_META: ts=3406690317 rssi=-31 noise_floor=-98 channel=6 secondary_channel=0 sig_mode=0 mcs=0 rate=9 cwb=0 sgi=0 stbc=0 ant=0 len=128 rx_state=0 seq=-1 tx_mac=52:40:27:94:0a:bb
CSI_DATA: 28 -64 1 0 16 10 14 12 13 15 15 16 16 17 17 17 19 17 18 15 19 13 19 11 18 9 17 8 14 7 12 6 9 7 7 7 5 8 3 8 1 9 0 10 0 11 -1 12 -2 12 -2 12 -3 12 0 0 0 0 0 0 0 0 0 0 0 0 0 0 0 0 0 0 0 0 0 0 9 -7 11 -6 12 -6 13 -5 13 -5 13 -5 13 -4 13 -4 13 -3 13 -2 13 0 12 2 12 4 12 7 13 9 14 11 16 13 19 14 21 13 24 13 26 12 27 9 27 9 26 7 25 6 23 6
CSI_META: ts=3406954995 rssi=-31 noise_floor=-98 channel=6 secondary_channel=0 sig_mode=0 mcs=0 rate=9 cwb=0 sgi=0 stbc=0 ant=0 len=128 rx_state=0 seq=-1 tx_mac=52:40:27:94:0a:bb
CSI_DATA: 28 -64 1 0 -19 -7 -18 -10 -18 -12 -19 -13 -20 -14 -22 -13 -23 -13 -23 -11 -23 -9 -22 -8 -21 -6 -19 -5 -16 -4 -14 -4 -11 -5 -10 -6 -8 -7 -6 -8 -5 -9 -4 -10 -4 -11 -3 -12 -3 -13 -2 -13 -1 -13 0 0 0 0 0 0 0 0 0 0 0 0 0 0 0 0 0 0 0 0 0 0 -9 7 -11 7 -12 7 -13 7 -13 6 -13 6 -13 6 -13 6 -13 5 -14 3 -14 2 -13 -1 -13 -3 -14 -5 -16 -7 -18 -9 -20 -10 -23 -11 -25 -9 -27 -8 -29 -6 -29 -4 -29 -3 -29 -2 -27 -2 -24 -2
CSI_META: ts=3407027614 rssi=-31 noise_floor=-98 channel=6 secondary_channel=0 sig_mode=0 mcs=0 rate=9 cwb=0 sgi=0 stbc=0 ant=0 len=128 rx_state=0 seq=-1 tx_mac=52:40:27:94:0a:bb
CSI_DATA: 28 -64 1 0 -22 11 -19 12 -17 12 -14 11 -12 11 -11 9 -9 7 -9 6 -9 4 -10 2 -11 1 -12 1 -13 1 -13 1 -13 2 -14 2 -12 2 -11 2 -10 2 -9 2 -8 1 -7 0 -7 -1 -6 -2 -5 -3 0 0 0 0 0 0 0 0 0 0 0 0 0 0 0 0 0 0 0 0 0 0 2 7 1 7 -1 6 -2 5 -4 5 -5 5 -6 5 -8 5 -10 6 -11 7 -12 7 -13 9 -13 9 -13 10 -12 11 -11 11 -10 10 -10 9 -10 8 -10 6 -11 5 -13 4 -15 4 -18 4 -20 5 -22 7
CSI_META: ts=3407234310 rssi=-31 noise_floor=-98 channel=6 secondary_channel=0 sig_mode=0 mcs=0 rate=9 cwb=0 sgi=0 stbc=0 ant=0 len=128 rx_state=0 seq=-1 tx_mac=52:40:27:94:0a:bb
CSI_DATA: 28 -64 1 0 -1 -23 -3 -21 -4 -20 -4 -17 -4 -15 -4 -13 -2 -12 -1 -11 0 -11 1 -11 2 -11 2 -12 2 -12 2 -13 2 -13 2 -12 1 -12 1 -11 1 -9 1 -8 1 -7 1 -6 2 -5 3 -4 4 -3 0 0 0 0 0 0 0 0 0 0 0 0 0 0 0 0 0 0 0 0 0 0 -8 -4 -7 -4 -6 -5 -5 -5 -4 -6 -3 -6 -2 -7 -1 -9 -1 -10 0 -12 0 -14 0 -15 -1 -15 -2 -16 -2 -15 -3 -15 -4 -14 -3 -14 -3 -13 -2 -12 0 -12 1 -13 3 -15 4 -17 4 -19 4 -21
CSI_META: ts=3407382041 rssi=-31 noise_floor=-98 channel=6 secondary_channel=0 sig_mode=0 mcs=0 rate=9 cwb=0 sgi=0 stbc=0 ant=0 len=128 rx_state=0 seq=-1 tx_mac=52:40:27:94:0a:bb
CSI_DATA: 28 -64 1 0 -7 -29 -6 -25 -4 -23 -1 -20 1 -19 3 -19 5 -20 5 -21 6 -23 5 -24 4 -24 3 -24 2 -23 1 -23 0 -21 0 -18 0 -16 1 -14 2 -11 3 -10 4 -8 5 -7 7 -6 9 -5 10 -4 0 0 0 0 0 0 0 0 0 0 0 0 0 0 0 0 0 0 0 0 0 0 -8 -6 -7 -9 -6 -10 -5 -12 -5 -14 -5 -16 -5 -17 -5 -18 -5 -19 -6 -20 -6 -21 -6 -20 -6 -19 -4 -18 -3 -17 -1 -17 1 -18 3 -19 5 -21 7 -24 7 -27 6 -31 5 -34 2 -36 -1 -37 -3 -38
CSI_META: ts=3407587157 rssi=-31 noise_floor=-98 channel=6 secondary_channel=0 sig_mode=0 mcs=0 rate=9 cwb=0 sgi=0 stbc=0 ant=0 len=128 rx_state=0 seq=-1 tx_mac=52:40:27:94:0a:bb
CSI_DATA: 28 -64 1 0 -8 -17 -9 -18 -10 -18 -11 -17 -12 -15 -13 -14 -12 -12 -12 -10 -10 -10 -9 -8 -7 -7 -6 -7 -4 -7 -3 -8 -2 -9 -1 -9 0 -9 0 -9 0 -9 0 -10 0 -10 1 -9 1 -9 1 -8 2 -7 0 0 0 0 0 0 0 0 0 0 0 0 0 0 0 0 0 0 0 0 0 0 -8 4 -8 3 -8 3 -8 2 -8 1 -7 0 -7 -1 -7 -3 -7 -4 -7 -6 -7 -8 -8 -9 -9 -10 -10 -11 -11 -12 -12 -12 -14 -11 -14 -10 -14 -9 -14 -9 -13 -8 -12 -8 -11 -8 -9 -9 -9 -10 -8 -13
CSI_META: ts=3407846421 rssi=-31 noise_floor=-98 channel=6 secondary_channel=0 sig_mode=0 mcs=0 rate=9 cwb=0 sgi=0 stbc=0 ant=0 len=128 rx_state=0 seq=-1 tx_mac=52:40:27:94:0a:bb
CSI_DATA: 28 -64 1 0 -2 -13 0 -13 1 -15 2 -15 1 -16 1 -17 0 -17 -1 -17 -2 -17 -3 -16 -4 -14 -4 -13 -4 -11 -2 -10 -1 -9 0 -7 1 -6 2 -6 3 -5 4 -5 5 -5 6 -5 6 -5 7 -5 7 -4 0 0 0 0 0 0 0 0 0 0 0 0 0 0 0 0 0 0 0 0 0 0 -8 -2 -9 -4 -9 -4 -9 -5 -9 -5 -9 -5 -9 -5 -9 -5 -8 -6 -7 -6 -6 -7 -5 -8 -4 -9 -2 -10 -2 -12 -2 -13 -2 -15 -3 -17 -4 -18 -5 -18 -7 -18 -8 -18 -8 -18 -9 -17 -9 -16 -8 -15
CSI_META: ts=3408064010 rssi=-32 noise_floor=-98 channel=6 secondary_channel=0 sig_mode=0 mcs=0 rate=9 cwb=0 sgi=0 stbc=0 ant=0 len=128 rx_state=0 seq=-1 tx_mac=52:40:27:94:0a:bb
CSI_DATA: 28 -64 1 0 16 10 15 13 14 16 15 17 16 18 18 18 19 18 20 17 20 15 20 12 19 11 18 9 15 7 13 7 10 7 7 7 4 7 3 8 1 9 -1 10 -1 11 -2 12 -3 12 -4 13 -5 12 0 0 0 0 0 0 0 0 0 0 0 0 0 0 0 0 0 0 0 0 0 0 9 -9 11 -8 11 -8 13 -8 13 -8 13 -7 13 -7 13 -6 13 -5 13 -4 12 -1 12 1 13 3 13 6 14 8 16 11 18 12 21 13 23 12 27 11 28 10 29 7 29 7 28 5 27 4 24 4
CSI_META: ts=3409548804 rssi=-32 noise_floor=-98 channel=6 secondary_channel=0 sig_mode=0 mcs=0 rate=9 cwb=0 sgi=0 stbc=0 ant=0 len=128 rx_state=0 seq=-1 tx_mac=52:40:27:94:0a:bb
CSI_DATA: 28 -64 1 0 8 -20 10 -18 13 -20 15 -20 16 -21 15 -23 14 -24 12 -25 10 -26 8 -24 6 -22 5 -20 5 -17 5 -15 5 -12 6 -10 7 -7 8 -6 10 -5 11 -4 11 -3 13 -2 13 -2 14 -1 13 0 0 0 0 0 0 0 0 0 0 0 0 0 0 0 0 0 0 0 0 0 0 0 -10 -9 -9 -11 -9 -13 -9 -13 -9 -14 -9 -14 -8 -14 -8 -14 -7 -14 -5 -14 -3 -14 -1 -14 1 -15 5 -15 7 -17 8 -20 9 -22 10 -25 9 -27 8 -30 6 -31 4 -32 2 -32 1 -31 0 -29 1 -27
CSI_META: ts=3410736134 rssi=-31 noise_floor=-98 channel=6 secondary_channel=0 sig_mode=0 mcs=0 rate=9 cwb=0 sgi=0 stbc=0 ant=0 len=128 rx_state=0 seq=-1 tx_mac=52:40:27:94:0a:bb
CSI_DATA: 28 -64 1 0 -14 -2 -14 -3 -13 -5 -15 -5 -16 -5 -17 -5 -17 -4 -17 -3 -17 -2 -16 0 -15 0 -13 0 -12 0 -10 0 -8 -1 -7 -2 -6 -3 -5 -4 -5 -5 -5 -6 -5 -7 -4 -8 -4 -8 -4 -8 -3 -9 0 0 0 0 0 0 0 0 0 0 0 0 0 0 0 0 0 0 0 0 0 0 -4 6 -5 7 -6 7 -6 7 -7 7 -7 7 -7 7 -7 6 -7 6 -7 5 -8 4 -8 2 -9 1 -10 0 -12 -1 -13 -2 -15 -2 -16 -2 -18 -1 -19 1 -20 2 -20 4 -19 4 -18 5 -17 5 -16 4
CSI_META: ts=3411020502 rssi=-31 noise_floor=-98 channel=6 secondary_channel=0 sig_mode=0 mcs=0 rate=9 cwb=0 sgi=0 stbc=0 ant=0 len=128 rx_state=0 seq=-1 tx_mac=52:40:27:94:0a:bb
CSI_DATA: 28 -64 1 0 -18 13 -16 14 -13 13 -11 12 -10 11 -9 10 -8 8 -8 7 -8 5 -9 4 -10 3 -11 3 -12 3 -12 3 -12 3 -12 4 -11 4 -10 3 -9 3 -8 3 -7 2 -7 1 -6 0 -5 -1 -5 -2 0 0 0 0 0 0 0 0 0 0 0 0 0 0 0 0 0 0 0 0 0 0 2 5 1 5 0 5 -2 5 -3 5 -4 5 -5 5 -7 6 -8 7 -9 8 -10 9 -10 10 -10 10 -10 11 -9 11 -8 11 -8 10 -8 9 -8 8 -9 7 -10 6 -11 6 -13 5 -16 6 -18 7 -19 9
CSI_META: ts=3411162437 rssi=-31 noise_floor=-98 channel=6 secondary_channel=0 sig_mode=0 mcs=0 rate=9 cwb=0 sgi=0 stbc=0 ant=0 len=128 rx_state=0 seq=-1 tx_mac=52:40:27:94:0a:bb
CSI_DATA: 28 -64 1 0 -17 8 -18 9 -17 10 -16 11 -15 12 -13 12 -11 12 -9 11 -8 10 -7 8 -7 6 -7 5 -8 3 -8 2 -9 1 -9 0 -10 0 -10 0 -10 0 -10 0 -9 0 -9 0 -8 0 -8 -1 -7 -2 0 0 0 0 0 0 0 0 0 0 0 0 0 0 0 0 0 0 0 0 0 0 4 7 3 8 2 8 2 7 1 7 0 7 -1 6 -2 6 -4 6 -6 6 -7 7 -9 7 -10 8 -11 9 -12 10 -12 11 -11 12 -10 13 -9 14 -9 14 -8 13 -7 12 -8 10 -9 9 -11 8 -12 8
CSI_META: ts=3411162764 rssi=-31 noise_floor=-98 channel=6 secondary_channel=0 sig_mode=0 mcs=0 rate=9 cwb=0 sgi=0 stbc=0 ant=0 len=128 rx_state=0 seq=-1 tx_mac=52:40:27:94:0a:bb
CSI_DATA: 28 -64 1 0 14 12 14 11 16 11 16 9 16 8 16 6 15 4 14 3 12 3 10 3 8 3 6 3 5 4 5 6 4 7 4 8 4 8 4 8 3 8 3 8 3 8 3 8 2 7 1 7 1 6 0 0 0 0 0 0 0 0 0 0 0 0 0 0 0 0 0 0 0 0 0 0 5 -8 5 -7 5 -7 5 -6 6 -5 6 -4 6 -3 6 -2 7 0 8 1 9 3 10 4 11 5 13 6 14 5 15 5 15 4 16 3 16 1 15 1 15 0 14 1 13 2 12 4 11 5 12 8
CSI_META: ts=3412569379 rssi=-31 noise_floor=-98 channel=6 secondary_channel=0 sig_mode=0 mcs=0 rate=9 cwb=0 sgi=0 stbc=0 ant=0 len=128 rx_state=0 seq=-1 tx_mac=52:40:27:94:0a:bb
CSI_DATA: 28 -64 1 0 11 -19 9 -19 7 -18 6 -16 4 -14 4 -12 4 -10 4 -9 5 -8 7 -7 7 -7 9 -7 9 -7 9 -8 9 -9 9 -8 8 -8 7 -8 6 -7 5 -6 5 -5 4 -4 4 -3 4 -1 4 0 0 0 0 0 0 0 0 0 0 0 0 0 0 0 0 0 0 0 0 0 0 0 -5 -6 -4 -6 -3 -6 -2 -6 0 -6 1 -7 2 -7 3 -8 5 -9 6 -10 6 -12 6 -13 6 -13 6 -14 5 -14 4 -14 4 -13 3 -12 4 -11 5 -10 6 -10 8 -10 10 -10 12 -11 14 -13 14 -16
CSI_META: ts=3412689653 rssi=-31 noise_floor=-98 channel=6 secondary_channel=0 sig_mode=0 mcs=0 rate=9 cwb=0 sgi=0 stbc=0 ant=0 len=128 rx_state=0 seq=-1 tx_mac=52:40:27:94:0a:bb
CSI_DATA: 28 -64 1 0 15 10 16 10 16 10 17 8 17 7 17 5 16 4 14 2 12 2 10 1 9 2 7 3 6 4 5 5 5 6 5 7 4 8 4 8 4 8 4 8 4 8 4 7 3 7 3 6 1 6 0 0 0 0 0 0 0 0 0 0 0 0 0 0 0 0 0 0 0 0 0 0 4 -8 5 -7 5 -7 5 -6 5 -5 5 -4 5 -3 6 -2 7 -1 7 1 9 2 10 3 11 4 13 4 14 4 15 4 16 3 16 2 16 1 16 0 15 0 14 0 12 1 12 2 12 4 12 6
CSI_META: ts=3413172024 rssi=-31 noise_floor=-98 channel=6 secondary_channel=0 sig_mode=0 mcs=0 rate=9 cwb=0 sgi=0 stbc=0 ant=0 len=128 rx_state=0 seq=-1 tx_mac=52:40:27:94:0a:bb
CSI_DATA: 28 -64 1 0 -15 -12 -13 -10 -10 -10 -8 -9 -6 -10 -5 -11 -4 -12 -4 -13 -4 -14 -5 -15 -6 -15 -7 -15 -8 -14 -7 -13 -7 -12 -7 -10 -5 -9 -4 -8 -3 -7 -2 -6 0 -6 1 -5 2 -5 4 -5 5 -5 0 0 0 0 0 0 0 0 0 0 0 0 0 0 0 0 0 0 0 0 0 0 -6 1 -7 -1 -7 -2 -8 -3 -9 -4 -10 -5 -10 -5 -11 -6 -12 -6 -12 -6 -12 -6 -12 -6 -11 -5 -10 -6 -9 -6 -8 -7 -7 -9 -6 -11 -6 -12 -6 -14 -8 -16 -9 -18 -11 -19 -14 -19 -16 -18 -17 -18
CSI_META: ts=3413692638 rssi=-32 noise_floor=-98 channel=6 secondary_channel=0 sig_mode=0 mcs=0 rate=9 cwb=0 sgi=0 stbc=0 ant=0 len=128 rx_state=0 seq=-1 tx_mac=52:40:27:94:0a:bb
CSI_DATA: 28 -64 1 0 0 -21 3 -21 7 -23 7 -23 7 -25 7 -26 6 -28 4 -28 2 -28 0 -26 -1 -24 -2 -21 -2 -19 -1 -17 1 -14 2 -12 4 -10 6 -9 7 -7 9 -7 9 -7 11 -6 12 -6 13 -5 13 -4 0 0 0 0 0 0 0 0 0 0 0 0 0 0 0 0 0 0 0 0 0 0 -13 -6 -13 -8 -13 -9 -13 -10 -13 -10 -13 -11 -12 -10 -12 -11 -11 -11 -9 -12 -7 -13 -5 -14 -3 -15 -1 -17 1 -19 1 -22 2 -24 1 -28 -1 -29 -3 -31 -5 -32 -7 -31 -8 -31 -9 -29 -9 -27 -8 -26
CSI_META: ts=3413692792 rssi=-31 noise_floor=-98 channel=6 secondary_channel=0 sig_mode=0 mcs=0 rate=9 cwb=0 sgi=0 stbc=0 ant=0 len=128 rx_state=0 seq=-1 tx_mac=52:40:27:94:0a:bb
CSI_DATA: 28 -64 1 0 6 -11 8 -10 10 -10 11 -11 12 -11 12 -12 11 -13 10 -13 8 -14 6 -14 5 -13 4 -11 4 -9 5 -7 5 -6 5 -4 6 -2 7 -1 7 -1 7 0 8 0 8 0 8 0 8 0 7 1 0 0 0 0 0 0 0 0 0 0 0 0 0 0 0 0 0 0 0 0 0 0 -5 -5 -5 -6 -5 -8 -5 -9 -5 -9 -5 -10 -4 -10 -5 -10 -4 -10 -4 -10 -4 -9 -2 -9 0 -9 1 -9 4 -9 5 -11 7 -12 7 -14 7 -16 8 -16 6 -18 6 -19 3 -19 2 -19 1 -18 2 -16
CSI_META: ts=3413693069 rssi=-32 noise_floor=-98 channel=6 secondary_channel=0 sig_mode=0 mcs=0 rate=9 cwb=0 sgi=0 stbc=0 ant=0 len=128 rx_state=0 seq=-1 tx_mac=52:40:27:94:0a:bb
CSI_DATA: 28 -64 1 0 -19 10 -20 7 -22 7 -24 5 -26 6 -27 7 -26 9 -25 11 -24 13 -22 14 -19 13 -17 12 -15 11 -13 9 -12 7 -11 4 -10 1 -10 -1 -11 -3 -11 -4 -11 -6 -12 -7 -12 -7 -12 -8 -11 -9 0 0 0 0 0 0 0 0 0 0 0 0 0 0 0 0 0 0 0 0 0 0 1 13 0 13 -1 15 -2 15 -3 15 -3 15 -3 15 -4 14 -4 14 -6 13 -7 12 -9 10 -12 9 -14 9 -17 8 -20 9 -22 11 -24 13 -25 15 -25 17 -25 20 -23 22 -22 23 -20 23 -18 22 -17 20
CSI_META: ts=3414368293 rssi=-31 noise_floor=-98 channel=6 secondary_channel=0 sig_mode=0 mcs=0 rate=9 cwb=0 sgi=0 stbc=0 ant=0 len=128 rx_state=0 seq=-1 tx_mac=52:40:27:94:0a:bb
CSI_DATA: 28 -64 1 0 14 9 12 8 9 8 8 8 6 8 5 10 5 10 4 11 5 12 6 12 7 12 7 11 8 11 8 10 7 8 6 7 5 6 3 5 2 5 1 4 0 4 -2 5 -3 5 -4 5 -5 5 0 0 0 0 0 0 0 0 0 0 0 0 0 0 0 0 0 0 0 0 0 0 5 -2 5 0 5 1 6 2 7 3 7 4 8 5 9 5 10 6 10 6 11 6 10 6 10 5 9 5 8 5 7 6 6 7 5 9 5 10 6 12 7 14 9 15 10 16 12 16 15 16 16 15
CSI_META: ts=3414692905 rssi=-32 noise_floor=-98 channel=6 secondary_channel=0 sig_mode=0 mcs=0 rate=9 cwb=0 sgi=0 stbc=0 ant=0 len=128 rx_state=0 seq=-1 tx_mac=52:40:27:94:0a:bb
CSI_DATA: 28 -64 1 0 25 -18 25 -19 24 -21 22 -22 20 -23 18 -23 15 -23 12 -22 10 -20 9 -17 8 -14 9 -11 9 -9 11 -7 12 -6 13 -4 14 -4 14 -3 14 -4 15 -3 14 -3 14 -3 13 -2 12 -1 11 0 0 0 0 0 0 0 0 0 0 0 0 0 0 0 0 0 0 0 0 0 0 0 -9 -13 -7 -13 -6 -13 -5 -13 -4 -12 -3 -12 -1 -11 1 -11 4 -11 6 -12 9 -13 12 -15 14 -16 15 -18 16 -20 15 -22 14 -23 13 -25 11 -25 11 -24 9 -23 9 -22 9 -20 11 -18 14 -16 17 -16
CSI_META: ts=3415732405 rssi=-31 noise_floor=-98 channel=6 secondary_channel=0 sig_mode=0 mcs=0 rate=9 cwb=0 sgi=0 stbc=0 ant=0 len=128 rx_state=0 seq=-1 tx_mac=52:40:27:94:0a:bb
CSI_DATA: 28 -64 1 0 -17 10 -15 9 -12 6 -12 4 -12 2 -13 1 -13 0 -14 0 -15 0 -16 1 -16 2 -16 3 -15 3 -14 3 -13 4 -11 3 -10 3 -8 1 -7 0 -6 -1 -6 -2 -5 -4 -5 -5 -5 -6 -4 -7 0 0 0 0 0 0 0 0 0 0 0 0 0 0 0 0 0 0 0 0 0 0 -1 5 -3 5 -4 5 -6 5 -7 5 -8 6 -9 6 -10 7 -11 7 -11 8 -11 9 -11 8 -10 8 -10 7 -10 6 -10 4 -11 3 -12 2 -14 1 -16 1 -18 1 -20 2 -21 4 -23 6 -23 8 -22 10
CSI_META: ts=3416345624 rssi=-31 noise_floor=-98 channel=6 secondary_channel=0 sig_mode=0 mcs=0 rate=9 cwb=0 sgi=0 stbc=0 ant=0 len=128 rx_state=0 seq=-1 tx_mac=52:40:27:94:0a:bb
CSI_DATA: 28 -64 1 0 -11 -15 -12 -15 -12 -15 -14 -14 -14 -12 -15 -11 -14 -10 -13 -8 -12 -7 -10 -6 -9 -6 -7 -6 -6 -6 -4 -7 -3 -8 -3 -8 -2 -9 -2 -9 -2 -9 -2 -9 -1 -10 -2 -9 -1 -9 -1 -8 0 -7 0 0 0 0 0 0 0 0 0 0 0 0 0 0 0 0 0 0 0 0 0 0 -7 5 -8 4 -8 4 -8 3 -7 2 -7 1 -7 0 -7 -1 -7 -2 -8 -4 -8 -6 -9 -7 -10 -8 -11 -9 -12 -10 -14 -10 -14 -9 -15 -8 -15 -7 -15 -6 -15 -5 -14 -5 -12 -6 -11 -7 -10 -9 -10 -11
CSI_META: ts=3417235158 rssi=-31 noise_floor=-98 channel=6 secondary_channel=0 sig_mode=0 mcs=0 rate=9 cwb=0 sgi=0 stbc=0 ant=0 len=128 rx_state=0 seq=-1 tx_mac=52:40:27:94:0a:bb
CSI_DATA: 28 -64 1 0 9 6 9 8 8 10 9 11 10 12 11 12 11 11 12 10 12 9 12 8 11 7 10 5 8 5 7 5 5 4 3 5 2 5 0 6 -1 6 -1 7 -2 7 -2 8 -2 8 -3 8 -3 7 0 0 0 0 0 0 0 0 0 0 0 0 0 0 0 0 0 0 0 0 0 0 5 -5 6 -5 7 -5 8 -5 8 -5 9 -5 8 -4 9 -4 9 -4 9 -4 8 -2 8 -1 8 1 8 2 8 4 9 6 10 7 12 8 14 8 16 8 17 7 18 5 18 5 18 3 17 3 16 2
CSI_META: ts=3417472002 rssi=-31 noise_floor=-98 channel=6 secondary_channel=0 sig_mode=0 mcs=0 rate=9 cwb=0 sgi=0 stbc=0 ant=0 len=128 rx_state=0 seq=-1 tx_mac=52:40:27:94:0a:bb
CSI_DATA: 28 -64 1 0 28 7 24 6 20 7 17 8 15 9 15 11 14 13 14 15 15 16 17 16 18 15 19 14 19 13 18 11 17 10 15 9 12 7 10 6 7 6 6 7 4 7 2 8 0 9 -1 10 -4 11 0 0 0 0 0 0 0 0 0 0 0 0 0 0 0 0 0 0 0 0 0 0 8 -5 10 -3 11 -2 12 0 14 1 15 2 16 2 18 2 19 2 20 2 20 2 19 2 19 2 18 3 16 4 14 7 14 9 14 11 16 13 18 16 20 18 24 19 27 19 30 18 33 16 34 14
CSI_META: ts=3418128380 rssi=-31 noise_floor=-98 channel=6 secondary_channel=0 sig_mode=0 mcs=0 rate=9 cwb=0 sgi=0 stbc=0 ant=0 len=128 rx_state=0 seq=-1 tx_mac=52:40:27:94:0a:bb
CSI_DATA: 28 -64 1 0 -5 21 -3 20 -1 19 0 17 0 14 0 12 0 10 -2 10 -3 8 -4 9 -5 9 -6 9 -6 10 -6 11 -6 11 -5 11 -5 10 -4 9 -4 8 -3 7 -3 6 -4 4 -4 3 -5 2 -5 1 0 0 0 0 0 0 0 0 0 0 0 0 0 0 0 0 0 0 0 0 0 0 6 3 5 4 4 4 3 4 2 5 1 5 -1 6 -1 7 -2 9 -3 10 -3 12 -3 13 -3 14 -2 14 -1 15 0 14 0 14 0 12 0 11 -1 11 -3 11 -4 11 -6 12 -7 14 -8 16 -9 19
CSI_META: ts=3418188499 rssi=-30 noise_floor=-98 channel=6 secondary_channel=0 sig_mode=0 mcs=0 rate=9 cwb=0 sgi=0 stbc=0 ant=0 len=128 rx_state=0 seq=-1 tx_mac=52:40:27:94:0a:bb
CSI_DATA: 28 -64 1 0 -22 7 -21 9 -18 9 -16 9 -14 8 -12 7 -11 6 -10 4 -10 3 -10 2 -11 1 -12 1 -13 0 -13 0 -13 0 -12 1 -12 1 -11 1 -10 1 -9 1 -8 0 -7 0 -7 -1 -6 -2 -5 -3 0 0 0 0 0 0 0 0 0 0 0 0 0 0 0 0 0 0 0 0 0 0 -1 7 -2 6 -3 5 -4 4 -5 4 -7 3 -7 3 -10 3 -11 3 -12 4 -13 5 -14 5 -14 6 -14 7 -14 7 -13 6 -13 6 -12 6 -12 5 -12 4 -13 3 -14 1 -15 1 -18 2 -20 2 -22 3
CSI_META: ts=3418428584 rssi=-31 noise_floor=-98 channel=6 secondary_channel=0 sig_mode=0 mcs=0 rate=9 cwb=0 sgi=0 stbc=0 ant=0 len=128 rx_state=0 seq=-1 tx_mac=52:40:27:94:0a:bb
CSI_DATA: 28 -64 1 0 -13 2 -13 0 -14 -1 -15 -2 -16 -2 -17 -1 -17 -1 -17 1 -16 2 -15 3 -14 3 -13 3 -11 3 -9 2 -8 1 -7 -1 -6 -2 -6 -3 -5 -4 -6 -5 -6 -6 -6 -6 -6 -7 -5 -7 -5 -8 0 0 0 0 0 0 0 0 0 0 0 0 0 0 0 0 0 0 0 0 0 0 -2 7 -3 7 -4 8 -5 8 -5 8 -5 8 -5 8 -5 8 -5 7 -6 6 -7 5 -7 4 -8 3 -9 2 -11 1 -13 1 -14 1 -16 2 -18 3 -18 5 -18 6 -18 7 -17 8 -17 9 -15 9 -14 8
CSI_META: ts=3418496007 rssi=-30 noise_floor=-98 channel=6 secondary_channel=0 sig_mode=0 mcs=0 rate=9 cwb=0 sgi=0 stbc=0 ant=0 len=128 rx_state=0 seq=-1 tx_mac=52:40:27:94:0a:bb
CSI_DATA: 28 -64 1 0 -19 -4 -16 -3 -13 -4 -12 -5 -11 -6 -10 -7 -10 -8 -10 -9 -11 -10 -12 -10 -13 -9 -13 -8 -13 -8 -12 -7 -12 -6 -11 -5 -9 -4 -7 -4 -6 -4 -5 -4 -4 -5 -2 -6 -1 -6 0 -7 1 -7 0 0 0 0 0 0 0 0 0 0 0 0 0 0 0 0 0 0 0 0 0 0 -6 2 -6 1 -7 0 -8 -1 -9 -1 -10 -1 -11 -2 -12 -2 -13 -2 -13 -2 -13 -2 -13 -2 -12 -2 -11 -2 -11 -3 -10 -4 -9 -6 -10 -7 -11 -8 -12 -10 -14 -11 -16 -11 -18 -12 -20 -11 -22 -10 -22 -8
CSI_META: ts=3418727654 rssi=-32 noise_floor=-98 channel=6 secondary_channel=0 sig_mode=0 mcs=0 rate=9 cwb=0 sgi=0 stbc=0 ant=0 len=128 rx_state=0 seq=-1 tx_mac=52:40:27:94:0a:bb
CSI_DATA: 28 -64 1 0 -27 9 -23 8 -20 5 -19 2 -18 -1 -19 -3 -20 -5 -21 -5 -23 -5 -24 -4 -25 -3 -24 -2 -23 0 -21 1 -18 1 -16 1 -13 0 -11 -1 -9 -3 -8 -5 -7 -7 -6 -8 -5 -10 -5 -11 -4 -12 0 0 0 0 0 0 0 0 0 0 0 0 0 0 0 0 0 0 0 0 0 0 -2 8 -4 7 -7 7 -9 6 -11 5 -13 5 -14 6 -17 7 -18 8 -19 8 -20 9 -19 9 -18 9 -17 8 -16 7 -15 4 -16 2 -17 -1 -20 -2 -23 -3 -26 -4 -29 -3 -32 -2 -35 1 -36 4 -35 7
CSI_META: ts=3418727808 rssi=-31 noise_floor=-98 channel=6 secondary_channel=0 sig_mode=0 mcs=0 rate=9 cwb=0 sgi=0 stbc=0 ant=0 len=128 rx_state=0 seq=-1 tx_mac=52:40:27:94:0a:bb
CSI_DATA: 28 -64 1 0 -19 3 -17 2 -13 1 -13 -1 -12 -3 -12 -5 -12 -6 -13 -6 -13 -6 -15 -6 -16 -5 -16 -4 -16 -3 -14 -2 -13 -2 -11 -2 -10 -2 -8 -2 -6 -3 -5 -4 -4 -5 -3 -5 -3 -6 -2 -7 -1 -9 0 0 0 0 0 0 0 0 0 0 0 0 0 0 0 0 0 0 0 0 0 0 -3 5 -4 4 -6 3 -8 3 -8 2 -10 3 -11 3 -12 3 -13 3 -13 4 -14 5 -13 5 -12 5 -12 4 -12 2 -10 1 -11 -1 -11 -2 -14 -4 -15 -5 -17 -6 -20 -6 -21 -4 -23 -2 -25 -1 -25 1
CSI_META: ts=3418727953 rssi=-31 noise_floor=-98 channel=6 secondary_channel=0 sig_mode=0 mcs=0 rate=9 cwb=0 sgi=0 stbc=0 ant=0 len=128 rx_state=0 seq=-1 tx_mac=52:40:27:94:0a:bb
CSI_DATA: 28 -64 1 0 -16 7 -14 6 -13 4 -11 2 -11 1 -11 -1 -12 -2 -13 -2 -14 -3 -15 -2 -15 -2 -15 0 -14 0 -14 1 -12 1 -11 1 -9 1 -8 0 -7 -1 -6 -1 -5 -3 -4 -4 -4 -5 -4 -6 -3 -7 0 0 0 0 0 0 0 0 0 0 0 0 0 0 0 0 0 0 0 0 0 0 -3 4 -4 4 -5 4 -6 3 -8 4 -8 4 -10 4 -10 4 -11 5 -11 5 -12 6 -11 5 -10 5 -10 4 -9 3 -10 2 -10 1 -11 -1 -12 -1 -15 -2 -16 -2 -18 -1 -20 0 -21 1 -22 3 -22 4
CSI_META: ts=3424435244 rssi=-31 noise_floor=-98 channel=6 secondary_channel=0 sig_mode=0 mcs=0 rate=9 cwb=0 sgi=0 stbc=0 ant=0 len=128 rx_state=0 seq=-1 tx_mac=52:40:27:94:0a:bb
CSI_DATA: 28 -64 1 0 8 -23 6 -22 4 -21 3 -19 2 -16 1 -15 2 -12 3 -11 4 -10 5 -9 7 -9 8 -9 9 -9 9 -10 9 -10 8 -10 8 -10 7 -9 6 -8 5 -7 5 -7 5 -5 4 -4 5 -2 5 -1 0 0 0 0 0 0 0 0 0 0 0 0 0 0 0 0 0 0 0 0 0 0 -7 -4 -6 -5 -5 -6 -3 -6 -2 -6 0 -7 0 -8 2 -10 2 -11 3 -13 4 -14 4 -15 3 -16 2 -16 2 -16 1 -16 0 -15 0 -14 1 -13 3 -12 4 -11 6 -12 9 -13 11 -14 12 -17 12 -20
CSI_META: ts=3424686914 rssi=-31 noise_floor=-98 channel=6 secondary_channel=0 sig_mode=0 mcs=0 rate=9 cwb=0 sgi=0 stbc=0 ant=0 len=128 rx_state=0 seq=-1 tx_mac=52:40:27:94:0a:bb
CSI_DATA: 28 -64 1 0 -23 0 -22 1 -20 2 -17 3 -15 3 -13 2 -12 1 -11 0 -10 -1 -10 -2 -11 -3 -12 -4 -12 -4 -13 -4 -13 -3 -13 -3 -11 -2 -10 -2 -9 -2 -8 -2 -7 -2 -6 -2 -5 -3 -4 -4 -3 -5 0 0 0 0 0 0 0 0 0 0 0 0 0 0 0 0 0 0 0 0 0 0 -4 7 -4 6 -5 5 -5 4 -6 2 -6 2 -7 1 -9 0 -10 -1 -12 -1 -14 -1 -14 -1 -15 0 -16 0 -16 1 -15 2 -14 2 -14 2 -13 1 -12 0 -13 -1 -13 -3 -14 -4 -17 -5 -19 -5 -21 -5
CSI_META: ts=3424753107 rssi=-32 noise_floor=-98 channel=6 secondary_channel=0 sig_mode=0 mcs=0 rate=9 cwb=0 sgi=0 stbc=0 ant=0 len=128 rx_state=0 seq=-1 tx_mac=52:40:27:94:0a:bb
CSI_DATA: 28 -64 1 0 27 11 28 10 29 9 29 7 29 5 28 3 26 1 23 -1 21 -2 18 -2 16 0 13 1 12 4 11 5 10 8 10 9 9 10 9 10 9 10 9 11 9 11 8 10 8 10 7 10 5 10 0 0 0 0 0 0 0 0 0 0 0 0 0 0 0 0 0 0 0 0 0 0 5 -14 6 -13 6 -12 7 -11 7 -10 7 -8 8 -6 9 -5 11 -3 13 -1 15 0 17 2 20 3 22 3 24 3 25 1 26 0 27 -2 26 -4 25 -4 24 -5 23 -5 20 -2 20 0 21 2 22 5
CSI_META: ts=3425082594 rssi=-31 noise_floor=-98 channel=6 secondary_channel=0 sig_mode=0 mcs=0 rate=9 cwb=0 sgi=0 stbc=0 ant=0 len=128 rx_state=0 seq=-1 tx_mac=52:40:27:94:0a:bb
CSI_DATA: 28 -64 1 0 6 -29 5 -25 6 -22 7 -19 9 -16 11 -15 13 -15 14 -16 15 -17 15 -19 15 -19 13 -20 12 -20 11 -20 9 -19 8 -17 7 -14 6 -12 6 -9 6 -7 7 -5 7 -3 9 -2 9 0 10 2 0 0 0 0 0 0 0 0 0 0 0 0 0 0 0 0 0 0 0 0 0 0 -5 -9 -4 -10 -2 -12 -1 -14 0 -15 0 -16 0 -18 1 -19 1 -20 1 -21 1 -21 1 -21 1 -19 2 -18 4 -17 5 -16 8 -15 11 -16 13 -17 16 -20 17 -22 18 -26 18 -30 17 -33 14 -34 12 -36
CSI_META: ts=3425459241 rssi=-31 noise_floor=-98 channel=6 secondary_channel=0 sig_mode=0 mcs=0 rate=9 cwb=0 sgi=0 stbc=0 ant=0 len=128 rx_state=0 seq=-1 tx_mac=52:40:27:94:0a:bb
CSI_DATA: 28 -64 1 0 11 13 9 11 8 10 6 9 4 9 3 10 2 12 1 12 2 13 2 14 3 14 4 13 4 13 5 12 5 11 4 9 3 8 2 7 1 6 0 5 -1 5 -2 5 -4 4 -5 4 -6 4 0 0 0 0 0 0 0 0 0 0 0 0 0 0 0 0 0 0 0 0 0 0 5 0 5 2 6 3 6 4 6 5 7 6 7 7 8 7 9 8 9 7 9 8 9 8 8 7 7 7 6 7 5 8 4 9 3 11 3 12 3 14 4 16 6 18 7 19 9 19 11 19 12 19
CSI_META: ts=3425853368 rssi=-32 noise_floor=-98 channel=6 secondary_channel=0 sig_mode=0 mcs=0 rate=9 cwb=0 sgi=0 stbc=0 ant=0 len=128 rx_state=0 seq=-1 tx_mac=52:40:27:94:0a:bb
CSI_DATA: 28 -64 1 0 21 2 20 5 21 7 22 8 24 9 26 8 26 7 26 5 26 3 25 1 23 0 20 -1 18 -1 16 0 13 1 11 3 9 4 7 5 6 6 5 8 5 10 5 11 4 12 3 13 2 13 0 0 0 0 0 0 0 0 0 0 0 0 0 0 0 0 0 0 0 0 0 0 6 -12 7 -12 9 -13 9 -13 10 -12 10 -12 10 -12 10 -11 11 -10 11 -8 12 -6 13 -4 14 -2 16 0 18 2 21 3 23 3 26 2 28 1 30 -1 31 -3 31 -6 30 -7 29 -7 28 -7 25 -7
CSI_META: ts=3425971224 rssi=-32 noise_floor=-98 channel=6 secondary_channel=0 sig_mode=0 mcs=0 rate=9 cwb=0 sgi=0 stbc=0 ant=0 len=128 rx_state=0 seq=-1 tx_mac=52:40:27:94:0a:bb
CSI_DATA: 28 -64 1 0 19 2 20 1 21 1 20 -1 20 -3 18 -4 17 -5 15 -5 13 -5 11 -4 9 -3 8 -1 8 0 7 2 7 3 7 5 7 5 7 5 7 5 7 6 7 6 7 6 6 6 5 6 4 5 0 0 0 0 0 0 0 0 0 0 0 0 0 0 0 0 0 0 0 0 0 0 -2 -10 -1 -10 0 -10 0 -9 1 -8 2 -7 2 -6 4 -6 5 -5 7 -4 9 -3 11 -3 13 -3 14 -4 15 -5 16 -6 16 -7 16 -9 15 -9 14 -10 13 -9 12 -8 12 -7 12 -4 13 -3 14 -1
CSI_META: ts=3426107981 rssi=-32 noise_floor=-98 channel=6 secondary_channel=0 sig_mode=0 mcs=0 rate=9 cwb=0 sgi=0 stbc=0 ant=0 len=128 rx_state=0 seq=-1 tx_mac=52:40:27:94:0a:bb
CSI_DATA: 28 -64 1 0 -8 30 -7 30 -5 33 -2 31 0 31 3 29 4 26 4 23 4 20 3 18 1 15 -1 13 -3 12 -5 12 -7 12 -9 12 -10 12 -10 12 -10 12 -10 12 -9 11 -9 11 -9 10 -9 9 -9 6 0 0 0 0 0 0 0 0 0 0 0 0 0 0 0 0 0 0 0 0 0 0 14 3 13 4 13 4 11 5 11 5 9 6 7 7 6 9 4 11 2 13 1 15 0 18 0 20 0 23 1 24 2 27 4 27 6 27 7 25 9 24 8 22 8 21 5 21 2 20 0 21 -3 23
CSI_META: ts=3426450173 rssi=-31 noise_floor=-98 channel=6 secondary_channel=0 sig_mode=0 mcs=0 rate=9 cwb=0 sgi=0 stbc=0 ant=0 len=128 rx_state=0 seq=-1 tx_mac=52:40:27:94:0a:bb
CSI_DATA: 28 -64 1 0 35 -6 32 -8 30 -10 26 -10 22 -10 20 -9 17 -6 15 -5 15 -2 15 0 16 2 17 3 18 4 19 4 19 3 19 3 17 2 16 2 14 1 13 1 11 2 10 2 8 3 7 4 4 6 0 0 0 0 0 0 0 0 0 0 0 0 0 0 0 0 0 0 0 0 0 0 0 -11 2 -10 4 -9 5 -7 7 -7 9 -6 11 -5 13 -5 16 -4 19 -5 21 -6 22 -7 22 -8 22 -9 21 -9 20 -10 18 -9 18 -9 17 -7 18 -4 18 -2 21 0 23 2 27 3 31 3 34 1
CSI_META: ts=3427083698 rssi=-30 noise_floor=-98 channel=6 secondary_channel=0 sig_mode=0 mcs=0 rate=9 cwb=0 sgi=0 stbc=0 ant=0 len=128 rx_state=0 seq=-1 tx_mac=52:40:27:94:0a:bb
CSI_DATA: 28 -64 1 0 1 12 0 12 -1 13 -2 14 -1 15 -1 16 0 16 1 15 2 14 3 13 3 12 3 10 2 9 1 8 -1 7 -2 6 -3 6 -4 5 -5 5 -6 5 -6 5 -6 5 -6 5 -6 5 -7 4 0 0 0 0 0 0 0 0 0 0 0 0 0 0 0 0 0 0 0 0 0 0 6 1 6 2 7 3 7 3 7 4 8 5 7 5 8 5 8 5 7 5 6 6 5 6 4 7 3 8 2 9 1 11 1 13 2 14 3 15 4 16 5 16 7 16 8 16 8 15 8 14 8 13
CSI_META: ts=3428531259 rssi=-31 noise_floor=-98 channel=6 secondary_channel=0 sig_mode=0 mcs=0 rate=9 cwb=0 sgi=0 stbc=0 ant=0 len=128 rx_state=0 seq=-1 tx_mac=52:40:27:94:0a:bb
CSI_DATA: 28 -64 1 0 -6 -18 -7 -19 -8 -19 -9 -18 -10 -17 -11 -16 -11 -14 -11 -12 -10 -11 -8 -9 -7 -8 -5 -8 -3 -8 -2 -8 -1 -9 0 -9 1 -9 1 -10 2 -10 2 -10 2 -10 2 -10 2 -9 2 -8 3 -7 0 0 0 0 0 0 0 0 0 0 0 0 0 0 0 0 0 0 0 0 0 0 -9 3 -9 3 -9 2 -8 2 -8 1 -7 0 -7 -1 -7 -3 -7 -4 -6 -6 -7 -8 -7 -10 -8 -11 -9 -12 -10 -13 -12 -13 -12 -13 -13 -12 -14 -11 -14 -10 -14 -9 -12 -9 -11 -9 -9 -10 -8 -11 -6 -13
CSI_META: ts=3428531413 rssi=-31 noise_floor=-98 channel=6 secondary_channel=0 sig_mode=0 mcs=0 rate=9 cwb=0 sgi=0 stbc=0 ant=0 len=128 rx_state=0 seq=-1 tx_mac=52:40:27:94:0a:bb
CSI_DATA: 28 -64 1 0 -18 -9 -18 -8 -19 -8 -19 -7 -19 -5 -19 -3 -17 -2 -15 -1 -14 -1 -12 -1 -10 -2 -9 -2 -8 -4 -7 -5 -6 -6 -6 -7 -6 -8 -6 -8 -6 -8 -6 -8 -6 -8 -5 -8 -5 -8 -4 -7 -3 -7 0 0 0 0 0 0 0 0 0 0 0 0 0 0 0 0 0 0 0 0 0 0 -4 8 -4 8 -5 7 -5 6 -5 6 -5 4 -6 4 -6 2 -7 2 -9 0 -10 -2 -11 -3 -13 -3 -15 -3 -15 -3 -17 -2 -17 -1 -18 0 -17 1 -17 3 -16 2 -15 2 -14 0 -13 -1 -13 -3 -13 -5
CSI_META: ts=3428531549 rssi=-31 noise_floor=-98 channel=6 secondary_channel=0 sig_mode=0 mcs=0 rate=9 cwb=0 sgi=0 stbc=0 ant=0 len=128 rx_state=0 seq=-1 tx_mac=52:40:27:94:0a:bb
CSI_DATA: 28 -64 1 0 18 2 19 1 19 0 19 -1 19 -3 18 -4 16 -5 14 -5 12 -5 10 -4 9 -3 8 -1 7 0 7 2 7 3 7 4 7 5 7 5 7 5 7 5 7 5 6 5 6 5 5 5 4 5 0 0 0 0 0 0 0 0 0 0 0 0 0 0 0 0 0 0 0 0 0 0 -1 -10 -1 -10 0 -10 1 -9 1 -8 2 -7 2 -6 3 -6 5 -5 7 -4 8 -3 10 -3 12 -3 13 -4 15 -5 15 -6 15 -7 15 -8 15 -9 14 -9 13 -9 12 -8 11 -6 12 -5 12 -3 13 -1
CSI_META: ts=3428851165 rssi=-30 noise_floor=-98 channel=6 secondary_channel=0 sig_mode=0 mcs=0 rate=9 cwb=0 sgi=0 stbc=0 ant=0 len=128 rx_state=0 seq=-1 tx_mac=52:40:27:94:0a:bb
CSI_DATA: 28 -64 1 0 -20 -6 -21 -5 -20 -4 -21 -3 -20 -1 -19 0 -17 1 -16 2 -14 1 -12 1 -11 0 -10 -1 -9 -3 -8 -4 -8 -5 -8 -6 -8 -7 -8 -7 -8 -7 -8 -7 -8 -7 -7 -7 -6 -6 -6 -6 -4 -6 0 0 0 0 0 0 0 0 0 0 0 0 0 0 0 0 0 0 0 0 0 0 -3 9 -4 8 -5 8 -5 7 -5 6 -5 5 -6 5 -7 3 -8 2 -9 1 -10 0 -12 -1 -14 -1 -15 -1 -16 0 -18 0 -18 1 -18 3 -18 4 -17 4 -16 4 -15 4 -14 2 -14 1 -15 -1 -15 -3
CSI_META: ts=3428927655 rssi=-32 noise_floor=-98 channel=6 secondary_channel=0 sig_mode=0 mcs=0 rate=9 cwb=0 sgi=0 stbc=0 ant=0 len=128 rx_state=0 seq=-1 tx_mac=52:40:27:94:0a:bb
CSI_DATA: 28 -64 1 0 18 10 16 13 15 16 16 17 17 18 19 18 21 18 21 17 22 14 21 13 20 10 19 9 16 8 14 7 11 7 8 8 5 8 3 9 2 9 1 11 -1 11 -1 13 -2 13 -3 13 -4 13 0 0 0 0 0 0 0 0 0 0 0 0 0 0 0 0 0 0 0 0 0 0 10 -9 11 -8 13 -8 13 -7 14 -7 14 -7 14 -6 14 -6 14 -5 14 -3 14 -1 13 1 13 4 14 7 15 9 17 11 19 13 22 14 25 13 28 12 29 11 31 8 30 8 30 6 28 5 25 5
CSI_META: ts=3429340601 rssi=-30 noise_floor=-98 channel=6 secondary_channel=0 sig_mode=0 mcs=0 rate=9 cwb=0 sgi=0 stbc=0 ant=0 len=128 rx_state=0 seq=-1 tx_mac=52:40:27:94:0a:bb
CSI_DATA: 28 -64 1 0 -23 -3 -22 -1 -20 0 -18 1 -16 2 -14 1 -12 1 -11 0 -10 -2 -10 -3 -10 -4 -11 -5 -11 -5 -12 -5 -11 -6 -12 -5 -11 -4 -10 -4 -9 -3 -9 -3 -8 -4 -7 -3 -5 -4 -4 -4 -3 -5 0 0 0 0 0 0 0 0 0 0 0 0 0 0 0 0 0 0 0 0 0 0 -4 6 -4 5 -5 4 -6 2 -6 2 -7 1 -8 0 -9 -1 -11 -1 -13 -2 -14 -2 -15 -1 -15 0 -15 0 -15 1 -15 1 -14 1 -13 1 -12 0 -12 -1 -13 -2 -13 -4 -14 -6 -17 -7 -19 -7 -21 -7
CSI_META: ts=3429853885 rssi=-32 noise_floor=-98 channel=6 secondary_channel=0 sig_mode=0 mcs=0 rate=9 cwb=0 sgi=0 stbc=0 ant=0 len=128 rx_state=0 seq=-1 tx_mac=52:40:27:94:0a:bb
CSI_DATA: 28 -64 1 0 33 -11 31 -13 27 -13 24 -14 21 -13 18 -12 16 -9 14 -7 14 -5 14 -3 15 -1 16 0 18 1 18 0 19 0 18 0 17 -1 16 -1 14 -1 13 -1 12 0 10 0 9 2 7 3 6 4 0 0 0 0 0 0 0 0 0 0 0 0 0 0 0 0 0 0 0 0 0 0 -1 -12 0 -10 2 -10 4 -8 6 -8 8 -7 10 -6 12 -6 15 -6 17 -7 19 -8 20 -9 20 -11 20 -12 20 -12 18 -12 17 -12 16 -11 16 -10 16 -7 18 -5 20 -4 22 -2 26 -2 30 -2 32 -4
CSI_META: ts=3430226269 rssi=-31 noise_floor=-98 channel=6 secondary_channel=0 sig_mode=0 mcs=0 rate=9 cwb=0 sgi=0 stbc=0 ant=0 len=128 rx_state=0 seq=-1 tx_mac=52:40:27:94:0a:bb
CSI_DATA: 28 -64 1 0 -15 17 -13 17 -10 17 -8 15 -7 13 -6 11 -6 9 -7 8 -7 6 -9 6 -10 6 -11 5 -11 6 -11 7 -11 7 -10 7 -9 7 -8 6 -7 5 -7 5 -6 3 -6 2 -6 1 -5 -1 -5 -2 0 0 0 0 0 0 0 0 0 0 0 0 0 0 0 0 0 0 0 0 0 0 4 6 3 6 2 6 0 6 -1 5 -2 6 -4 6 -5 7 -6 7 -8 8 -9 10 -9 11 -9 12 -9 12 -8 13 -7 13 -7 12 -6 12 -6 10 -7 9 -8 8 -10 8 -12 8 -14 9 -16 10 -17 13
CSI_META: ts=3430313850 rssi=-31 noise_floor=-98 channel=6 secondary_channel=0 sig_mode=0 mcs=0 rate=9 cwb=0 sgi=0 stbc=0 ant=0 len=128 rx_state=0 seq=-1 tx_mac=52:40:27:94:0a:bb
CSI_DATA: 28 -64 1 0 8 -36 5 -35 2 -33 1 -29 -1 -25 -1 -23 0 -19 2 -17 4 -16 6 -15 8 -15 9 -16 10 -16 11 -18 10 -18 10 -17 9 -17 8 -16 7 -14 6 -13 6 -12 6 -10 6 -7 6 -6 7 -3 0 0 0 0 0 0 0 0 0 0 0 0 0 0 0 0 0 0 0 0 0 0 -10 -7 -9 -8 -7 -8 -5 -9 -3 -10 -1 -12 1 -13 2 -16 3 -18 4 -20 4 -23 3 -24 3 -25 2 -25 0 -24 0 -24 -1 -22 0 -21 1 -20 4 -19 5 -19 8 -20 11 -22 14 -25 15 -28 15 -33
CSI_META: ts=3430945165 rssi=-30 noise_floor=-98 channel=6 secondary_channel=0 sig_mode=0 mcs=0 rate=9 cwb=0 sgi=0 stbc=0 ant=0 len=128 rx_state=0 seq=-1 tx_mac=52:40:27:94:0a:bb
CSI_DATA: 28 -64 1 0 -13 5 -13 4 -14 3 -15 3 -16 3 -16 4 -16 5 -15 6 -15 7 -13 7 -12 7 -10 6 -9 5 -8 4 -7 3 -7 1 -7 0 -7 -2 -7 -2 -7 -3 -7 -4 -8 -4 -8 -4 -8 -5 -7 -5 0 0 0 0 0 0 0 0 0 0 0 0 0 0 0 0 0 0 0 0 0 0 -1 7 -2 7 -3 8 -3 8 -3 9 -4 9 -4 9 -4 9 -4 9 -5 8 -5 7 -6 6 -7 6 -9 5 -10 4 -12 4 -13 5 -14 6 -16 7 -16 9 -16 10 -15 12 -15 12 -14 12 -13 12 -12 11
CSI_META: ts=3431091218 rssi=-31 noise_floor=-98 channel=6 secondary_channel=0 sig_mode=0 mcs=0 rate=9 cwb=0 sgi=0 stbc=0 ant=0 len=128 rx_state=0 seq=-1 tx_mac=52:40:27:94:0a:bb
CSI_DATA: 28 -64 1 0 -14 1 -14 -1 -14 -2 -15 -4 -16 -3 -17 -3 -18 -3 -18 -1 -18 0 -17 1 -16 1 -14 2 -12 2 -11 1 -9 0 -8 -1 -6 -2 -6 -3 -5 -4 -5 -5 -5 -6 -5 -7 -4 -8 -4 -9 -4 -9 0 0 0 0 0 0 0 0 0 0 0 0 0 0 0 0 0 0 0 0 0 0 -3 7 -4 8 -5 8 -5 8 -6 8 -6 8 -6 8 -6 8 -6 7 -7 6 -7 5 -8 4 -9 2 -10 1 -12 0 -14 0 -15 0 -17 1 -18 2 -20 3 -20 5 -20 6 -19 7 -19 7 -18 8 -16 7
CSI_META: ts=3431091327 rssi=-31 noise_floor=-98 channel=6 secondary_channel=0 sig_mode=0 mcs=0 rate=9 cwb=0 sgi=0 stbc=0 ant=0 len=128 rx_state=0 seq=-1 tx_mac=52:40:27:94:0a:bb
CSI_DATA: 28 -64 1 0 -5 -13 -3 -12 -1 -15 0 -15 -1 -16 -2 -17 -2 -18 -4 -17 -4 -18 -4 -17 -5 -15 -5 -13 -5 -11 -5 -11 -4 -8 -2 -9 -1 -7 0 -7 1 -6 3 -6 3 -6 5 -6 6 -6 6 -5 6 -5 0 0 0 0 0 0 0 0 0 0 0 0 0 0 0 0 0 0 0 0 0 0 -9 -3 -8 -4 -10 -5 -9 -5 -10 -5 -9 -5 -9 -5 -8 -5 -8 -5 -7 -7 -5 -8 -4 -8 -3 -10 -2 -11 -2 -11 -2 -15 -2 -14 -3 -18 -4 -17 -7 -19 -8 -19 -11 -18 -10 -19 -10 -18 -10 -16 -9 -15
CSI_META: ts=3431091499 rssi=-30 noise_floor=-98 channel=6 secondary_channel=0 sig_mode=0 mcs=0 rate=9 cwb=0 sgi=0 stbc=0 ant=0 len=128 rx_state=0 seq=-1 tx_mac=52:40:27:94:0a:bb
CSI_DATA: 28 -64 1 0 -8 11 -9 10 -11 9 -12 10 -13 11 -13 12 -12 13 -11 13 -10 13 -9 13 -8 12 -6 11 -6 10 -5 8 -5 6 -6 4 -6 2 -7 1 -7 1 -8 0 -9 -1 -9 -1 -9 -1 -9 -2 -9 -3 0 0 0 0 0 0 0 0 0 0 0 0 0 0 0 0 0 0 0 0 0 0 4 5 3 6 3 8 3 8 3 9 3 10 3 9 3 10 2 10 2 10 0 9 -1 9 -2 8 -4 9 -6 9 -8 10 -9 11 -10 13 -10 15 -9 17 -9 18 -7 19 -7 19 -5 19 -5 18 -4 16
CSI_META: ts=3431327678 rssi=-31 noise_floor=-98 channel=6 secondary_channel=0 sig_mode=0 mcs=0 rate=9 cwb=0 sgi=0 stbc=0 ant=0 len=128 rx_state=0 seq=-1 tx_mac=52:40:27:94:0a:bb
CSI_DATA: 28 -64 1 0 2 -19 2 -16 3 -14 4 -12 6 -10 7 -10 8 -10 9 -11 9 -12 9 -13 9 -14 8 -14 7 -14 6 -13 5 -13 4 -10 4 -9 4 -7 4 -6 4 -4 4 -3 5 -2 6 -1 7 0 7 1 0 0 0 0 0 0 0 0 0 0 0 0 0 0 0 0 0 0 0 0 0 0 -5 -4 -3 -6 -2 -7 -1 -8 -1 -9 0 -10 0 -11 0 -12 0 -13 0 -14 0 -15 0 -14 0 -13 0 -13 1 -12 1 -11 3 -10 5 -10 7 -11 9 -13 10 -14 11 -17 11 -19 10 -21 8 -23 7 -25
CSI_META: ts=3431327774 rssi=-31 noise_floor=-98 channel=6 secondary_channel=0 sig_mode=0 mcs=0 rate=9 cwb=0 sgi=0 stbc=0 ant=0 len=128 rx_state=0 seq=-1 tx_mac=52:40:27:94:0a:bb
CSI_DATA: 28 -64 1 0 -13 12 -10 9 -11 8 -9 5 -10 4 -11 3 -12 2 -12 3 -14 3 -14 3 -14 5 -13 5 -12 5 -12 7 -9 5 -10 5 -7 4 -7 2 -6 1 -6 0 -6 -1 -6 -3 -6 -4 -6 -5 -5 -5 0 0 0 0 0 0 0 0 0 0 0 0 0 0 0 0 0 0 0 0 0 0 0 5 -1 5 -3 5 -4 4 -5 6 -6 6 -7 7 -8 7 -8 8 -10 9 -9 9 -9 9 -8 9 -8 8 -7 6 -8 6 -8 4 -10 4 -11 3 -14 4 -15 3 -16 6 -20 7 -19 9 -19 10 -18 12
CSI_META: ts=3431724921 rssi=-31 noise_floor=-98 channel=6 secondary_channel=0 sig_mode=0 mcs=0 rate=9 cwb=0 sgi=0 stbc=0 ant=0 len=128 rx_state=0 seq=-1 tx_mac=52:40:27:94:0a:bb
CSI_DATA: 28 -64 1 0 -16 15 -14 15 -12 15 -10 13 -8 12 -7 10 -7 8 -7 7 -8 5 -9 4 -10 4 -11 4 -11 4 -12 5 -12 5 -11 5 -10 5 -9 5 -8 4 -8 3 -7 3 -6 2 -6 0 -5 -1 -5 -2 0 0 0 0 0 0 0 0 0 0 0 0 0 0 0 0 0 0 0 0 0 0 4 6 2 5 1 5 0 5 -2 5 -3 5 -4 6 -6 6 -7 7 -8 8 -9 9 -9 11 -9 11 -9 12 -8 12 -7 12 -7 11 -7 10 -7 9 -8 8 -9 7 -11 7 -12 7 -15 8 -17 9 -18 11
CSI_META: ts=3431808011 rssi=-31 noise_floor=-98 channel=6 secondary_channel=0 sig_mode=0 mcs=0 rate=9 cwb=0 sgi=0 stbc=0 ant=0 len=128 rx_state=0 seq=-1 tx_mac=52:40:27:94:0a:bb
CSI_DATA: 28 -64 1 0 12 -2 12 0 13 1 14 2 15 2 16 1 17 0 16 -1 16 -2 15 -3 13 -4 12 -3 10 -3 9 -3 8 -2 7 0 6 1 5 2 5 3 4 4 4 5 4 6 4 6 4 7 3 7 0 0 0 0 0 0 0 0 0 0 0 0 0 0 0 0 0 0 0 0 0 0 1 -8 2 -8 3 -9 4 -9 4 -9 4 -9 4 -8 4 -8 5 -8 5 -7 6 -6 7 -5 8 -4 9 -2 11 -2 12 -2 14 -2 16 -3 17 -4 18 -5 18 -7 18 -8 17 -9 16 -9 15 -9 14 -8
CSI_META: ts=3432033592 rssi=-31 noise_floor=-98 channel=6 secondary_channel=0 sig_mode=0 mcs=0 rate=9 cwb=0 sgi=0 stbc=0 ant=0 len=128 rx_state=0 seq=-1 tx_mac=52:40:27:94:0a:bb
CSI_DATA: 28 -64 1 0 7 -16 6 -14 6 -12 7 -9 7 -8 8 -7 10 -7 11 -8 11 -8 11 -9 11 -10 10 -10 9 -10 8 -10 7 -9 6 -8 6 -7 5 -5 5 -4 4 -2 5 -1 5 0 5 1 6 2 6 3 0 0 0 0 0 0 0 0 0 0 0 0 0 0 0 0 0 0 0 0 0 0 -3 -5 -2 -6 0 -7 1 -7 2 -8 2 -9 3 -10 3 -11 3 -12 3 -12 3 -13 3 -12 3 -12 3 -11 4 -10 4 -9 5 -8 7 -8 9 -8 11 -9 12 -10 13 -12 14 -14 14 -16 13 -18 12 -20
CSI_META: ts=3433000657 rssi=-32 noise_floor=-98 channel=6 secondary_channel=0 sig_mode=0 mcs=0 rate=9 cwb=0 sgi=0 stbc=0 ant=0 len=128 rx_state=0 seq=-1 tx_mac=52:40:27:94:0a:bb
CSI_DATA: 28 -64 1 0 30 -1 31 -3 32 -5 31 -7 29 -9 27 -11 24 -11 21 -12 18 -10 16 -8 14 -6 13 -3 12 -1 12 1 13 4 13 5 13 6 14 6 13 6 13 6 13 6 12 6 11 6 10 7 8 7 0 0 0 0 0 0 0 0 0 0 0 0 0 0 0 0 0 0 0 0 0 0 -3 -15 -1 -15 -1 -15 0 -14 2 -13 2 -12 3 -10 5 -9 8 -8 11 -8 14 -7 16 -7 19 -7 22 -8 23 -10 24 -12 24 -13 23 -16 22 -16 21 -16 19 -16 18 -15 17 -12 19 -9 21 -6 23 -4
CSI_META: ts=3433358844 rssi=-31 noise_floor=-98 channel=6 secondary_channel=0 sig_mode=0 mcs=0 rate=9 cwb=0 sgi=0 stbc=0 ant=0 len=128 rx_state=0 seq=-1 tx_mac=52:40:27:94:0a:bb
CSI_DATA: 28 -64 1 0 -13 -2 -13 -4 -13 -5 -15 -6 -16 -7 -17 -6 -17 -5 -17 -4 -17 -3 -16 -2 -15 -1 -13 0 -12 -1 -10 -1 -8 -2 -7 -3 -6 -4 -5 -5 -4 -6 -4 -6 -4 -7 -4 -8 -4 -8 -3 -9 -2 -9 0 0 0 0 0 0 0 0 0 0 0 0 0 0 0 0 0 0 0 0 0 0 -5 6 -5 6 -7 6 -7 7 -7 7 -7 6 -7 6 -8 6 -8 6 -8 4 -8 3 -9 2 -9 0 -10 -1 -11 -2 -13 -3 -14 -3 -16 -3 -18 -2 -20 0 -20 1 -20 2 -19 3 -19 4 -17 4 -16 3
CSI_META: ts=3434927745 rssi=-32 noise_floor=-98 channel=6 secondary_channel=0 sig_mode=0 mcs=0 rate=9 cwb=0 sgi=0 stbc=0 ant=0 len=128 rx_state=0 seq=-1 tx_mac=52:40:27:94:0a:bb
CSI_DATA: 28 -64 1 0 14 24 16 25 18 25 19 23 21 21 21 18 21 15 18 12 17 10 14 9 12 8 9 8 6 9 4 11 3 12 1 13 1 14 0 14 0 14 0 14 0 14 0 14 -1 13 -2 12 -2 10 0 0 0 0 0 0 0 0 0 0 0 0 0 0 0 0 0 0 0 0 0 0 10 -9 11 -8 11 -7 11 -6 10 -5 10 -3 9 -1 9 1 10 3 10 6 11 9 13 11 14 13 16 14 18 15 20 15 22 14 23 12 23 11 23 9 22 8 20 8 17 9 16 10 14 13 13 16
CSI_META: ts=3435284007 rssi=-31 noise_floor=-98 channel=6 secondary_channel=0 sig_mode=0 mcs=0 rate=9 cwb=0 sgi=0 stbc=0 ant=0 len=128 rx_state=0 seq=-1 tx_mac=52:40:27:94:0a:bb
CSI_DATA: 28 -64 1 0 15 7 12 6 10 7 8 7 7 7 6 9 6 10 6 11 8 11 8 12 9 11 9 10 9 9 9 8 8 7 7 6 5 5 4 4 3 4 1 4 0 5 -1 5 -2 6 -3 6 -4 6 0 0 0 0 0 0 0 0 0 0 0 0 0 0 0 0 0 0 0 0 0 0 5 -3 5 -1 5 0 6 1 7 2 7 3 8 4 9 4 10 4 11 4 11 4 11 4 11 4 10 4 9 4 8 5 7 6 6 8 7 9 8 11 9 12 11 13 13 15 15 15 17 14 18 12
CSI_META: ts=3435284179 rssi=-31 noise_floor=-98 channel=6 secondary_channel=0 sig_mode=0 mcs=0 rate=9 cwb=0 sgi=0 stbc=0 ant=0 len=128 rx_state=0 seq=-1 tx_mac=52:40:27:94:0a:bb
CSI_DATA: 28 -64 1 0 -9 -16 -7 -13 -5 -14 -4 -11 -1 -11 -1 -11 1 -12 1 -13 2 -15 1 -15 0 -15 -1 -14 -1 -13 -2 -14 -2 -12 -2 -12 -1 -9 -1 -8 0 -7 1 -6 2 -5 3 -4 4 -4 5 -3 6 -2 0 0 0 0 0 0 0 0 0 0 0 0 0 0 0 0 0 0 0 0 0 0 -6 -2 -5 -3 -6 -5 -6 -6 -6 -7 -6 -8 -7 -9 -7 -10 -8 -10 -8 -11 -8 -10 -8 -10 -7 -9 -6 -9 -5 -9 -4 -10 -2 -10 -2 -12 0 -12 -1 -15 0 -17 -1 -18 -2 -21 -5 -22 -6 -21 -7 -21
CSI_META: ts=3435284297 rssi=-31 noise_floor=-98 channel=6 secondary_channel=0 sig_mode=0 mcs=0 rate=9 cwb=0 sgi=0 stbc=0 ant=0 len=128 rx_state=0 seq=-1 tx_mac=52:40:27:94:0a:bb
CSI_DATA: 28 -64 1 0 -15 9 -13 7 -12 5 -12 3 -11 2 -12 0 -13 0 -14 0 -15 0 -15 0 -15 1 -15 2 -14 3 -12 4 -11 3 -10 2 -8 2 -7 0 -6 -1 -5 -2 -5 -3 -5 -4 -5 -5 -5 -6 -5 -7 0 0 0 0 0 0 0 0 0 0 0 0 0 0 0 0 0 0 0 0 0 0 0 5 -2 5 -3 4 -5 4 -6 4 -7 5 -8 5 -9 6 -10 7 -11 7 -11 7 -11 7 -11 7 -10 6 -9 6 -9 4 -10 3 -11 2 -12 1 -14 1 -16 1 -19 3 -20 3 -22 4 -22 6 -21 8
CSI_META: ts=3435290382 rssi=-32 noise_floor=-98 channel=6 secondary_channel=0 sig_mode=0 mcs=0 rate=9 cwb=0 sgi=0 stbc=0 ant=0 len=128 rx_state=0 seq=-1 tx_mac=52:40:27:94:0a:bb
CSI_DATA: 28 -64 1 0 -10 26 -9 22 -8 19 -10 15 -12 14 -14 12 -16 12 -17 13 -18 14 -18 16 -17 17 -16 17 -14 17 -12 17 -11 16 -9 13 -9 11 -8 9 -8 6 -8 4 -8 1 -9 0 -10 -2 -11 -3 -12 -5 0 0 0 0 0 0 0 0 0 0 0 0 0 0 0 0 0 0 0 0 0 0 5 7 2 8 0 10 -2 11 -3 12 -3 14 -4 15 -4 17 -4 19 -5 19 -5 21 -4 20 -4 18 -5 17 -5 16 -7 14 -9 13 -12 13 -15 14 -17 16 -20 18 -21 21 -21 25 -21 28 -19 31 -16 33
CSI_META: ts=3435290554 rssi=-31 noise_floor=-98 channel=6 secondary_channel=0 sig_mode=0 mcs=0 rate=9 cwb=0 sgi=0 stbc=0 ant=0 len=128 rx_state=0 seq=-1 tx_mac=52:40:27:94:0a:bb
CSI_DATA: 28 -64 1 0 1 -18 1 -15 1 -14 3 -12 4 -10 5 -10 6 -10 7 -11 7 -12 7 -12 7 -13 6 -13 5 -13 4 -13 4 -12 3 -11 3 -9 3 -8 3 -6 3 -5 3 -4 4 -3 4 -2 5 -1 6 0 0 0 0 0 0 0 0 0 0 0 0 0 0 0 0 0 0 0 0 0 0 0 -4 -5 -3 -6 -2 -8 -1 -8 -1 -9 -1 -10 -1 -11 -1 -12 -1 -12 -1 -13 -1 -13 -1 -13 0 -11 0 -11 1 -10 2 -10 4 -10 5 -10 7 -11 8 -13 8 -14 8 -17 9 -19 8 -20 6 -21 5 -22
CSI_META: ts=3435494417 rssi=-31 noise_floor=-98 channel=6 secondary_channel=0 sig_mode=0 mcs=0 rate=9 cwb=0 sgi=0 stbc=0 ant=0 len=128 rx_state=0 seq=-1 tx_mac=52:40:27:94:0a:bb
CSI_DATA: 28 -64 1 0 13 -14 10 -11 10 -9 9 -7 10 -5 11 -4 12 -3 13 -3 14 -4 14 -4 14 -5 14 -5 13 -6 12 -7 11 -7 10 -5 8 -5 7 -4 6 -2 5 -1 5 0 5 2 4 3 4 4 4 5 0 0 0 0 0 0 0 0 0 0 0 0 0 0 0 0 0 0 0 0 0 0 -1 -6 1 -6 2 -7 3 -7 4 -8 5 -8 6 -9 6 -10 7 -11 7 -11 7 -12 7 -11 6 -10 6 -9 7 -8 7 -7 8 -6 10 -5 12 -5 14 -5 16 -6 18 -8 19 -9 20 -11 20 -13 19 -15
CSI_META: ts=3435494589 rssi=-31 noise_floor=-98 channel=6 secondary_channel=0 sig_mode=0 mcs=0 rate=9 cwb=0 sgi=0 stbc=0 ant=0 len=128 rx_state=0 seq=-1 tx_mac=52:40:27:94:0a:bb
CSI_DATA: 28 -64 1 0 -9 15 -8 13 -8 11 -8 8 -9 7 -11 6 -12 5 -13 5 -14 6 -14 7 -13 8 -13 9 -12 9 -11 9 -10 8 -8 7 -7 6 -6 4 -6 2 -6 1 -6 0 -6 -2 -7 -3 -7 -4 -7 -5 0 0 0 0 0 0 0 0 0 0 0 0 0 0 0 0 0 0 0 0 0 0 2 4 1 5 -1 6 -2 7 -3 7 -4 8 -4 9 -4 10 -5 11 -5 12 -5 13 -5 12 -4 11 -4 11 -5 9 -6 8 -7 7 -9 7 -11 7 -13 8 -15 9 -16 11 -17 13 -17 16 -16 17 -14 19
CSI_META: ts=3435494752 rssi=-32 noise_floor=-98 channel=6 secondary_channel=0 sig_mode=0 mcs=0 rate=9 cwb=0 sgi=0 stbc=0 ant=0 len=128 rx_state=0 seq=-1 tx_mac=52:40:27:94:0a:bb
CSI_DATA: 28 -64 1 0 26 -1 23 -1 18 2 17 4 15 6 15 9 15 11 16 12 18 12 20 11 20 10 20 9 20 7 18 6 17 5 14 4 11 4 8 4 6 5 4 6 2 7 1 9 0 10 -1 11 -2 12 0 0 0 0 0 0 0 0 0 0 0 0 0 0 0 0 0 0 0 0 0 0 3 -8 5 -7 7 -6 9 -5 10 -3 13 -3 14 -2 16 -3 18 -3 19 -4 20 -4 20 -4 19 -5 18 -5 16 -3 15 -1 14 2 15 4 16 7 19 9 22 11 26 11 28 11 32 9 35 7 35 4
CSI_META: ts=3435664382 rssi=-31 noise_floor=-98 channel=6 secondary_channel=0 sig_mode=0 mcs=0 rate=9 cwb=0 sgi=0 stbc=0 ant=0 len=128 rx_state=0 seq=-1 tx_mac=52:40:27:94:0a:bb
CSI_DATA: 28 -64 1 0 -7 18 -9 17 -11 18 -12 18 -13 19 -13 21 -11 22 -10 23 -8 22 -6 21 -5 20 -4 18 -4 15 -4 13 -5 11 -6 8 -7 7 -8 5 -9 4 -10 3 -11 3 -12 3 -12 2 -13 2 -13 1 0 0 0 0 0 0 0 0 0 0 0 0 0 0 0 0 0 0 0 0 0 0 8 7 7 9 7 10 7 11 7 12 7 12 6 12 6 12 5 13 5 12 3 13 1 13 -1 13 -3 14 -6 15 -7 17 -9 19 -9 22 -8 23 -7 26 -5 28 -3 28 -2 29 -1 27 0 26 0 24
CSI_META: ts=3435667983 rssi=-32 noise_floor=-98 channel=6 secondary_channel=0 sig_mode=0 mcs=0 rate=9 cwb=0 sgi=0 stbc=0 ant=0 len=128 rx_state=0 seq=-1 tx_mac=52:40:27:94:0a:bb
CSI_DATA: 28 -64 1 0 19 4 19 6 19 9 20 9 21 10 22 9 23 8 23 6 23 4 22 3 21 1 18 1 16 1 13 1 11 2 10 4 8 5 6 6 5 7 5 8 4 9 5 11 4 11 3 11 3 11 0 0 0 0 0 0 0 0 0 0 0 0 0 0 0 0 0 0 0 0 0 0 7 -9 9 -9 10 -9 11 -9 12 -8 12 -8 12 -8 12 -8 13 -7 13 -6 12 -5 12 -3 13 -1 14 2 16 4 17 6 19 6 22 6 24 5 27 4 28 2 29 0 28 -1 27 -3 26 -3 24 -3
CSI_META: ts=3437122044 rssi=-31 noise_floor=-98 channel=6 secondary_channel=0 sig_mode=0 mcs=0 rate=9 cwb=0 sgi=0 stbc=0 ant=0 len=128 rx_state=0 seq=-1 tx_mac=52:40:27:94:0a:bb
CSI_DATA: 28 -64 1 0 -4 12 -6 12 -8 13 -8 12 -9 14 -8 14 -8 15 -6 16 -5 16 -4 15 -3 13 -2 12 -2 10 -2 9 -3 7 -4 6 -5 5 -6 4 -7 3 -7 2 -8 2 -8 2 -9 2 -9 1 -9 1 0 0 0 0 0 0 0 0 0 0 0 0 0 0 0 0 0 0 0 0 0 0 5 5 5 6 5 6 5 7 5 8 5 8 5 8 5 8 4 8 3 8 2 8 1 8 -1 9 -2 9 -4 10 -5 12 -6 13 -5 15 -5 16 -4 18 -3 19 -1 20 0 19 0 18 1 17 0 16
CSI_META: ts=3437122140 rssi=-31 noise_floor=-98 channel=6 secondary_channel=0 sig_mode=0 mcs=0 rate=9 cwb=0 sgi=0 stbc=0 ant=0 len=128 rx_state=0 seq=-1 tx_mac=52:40:27:94:0a:bb
CSI_DATA: 28 -64 1 0 10 -10 10 -8 13 -8 13 -8 14 -8 14 -10 14 -11 13 -12 12 -13 10 -12 8 -11 7 -9 6 -8 6 -7 5 -5 6 -3 6 -2 7 0 7 0 8 1 8 1 8 1 8 2 8 2 7 2 0 0 0 0 0 0 0 0 0 0 0 0 0 0 0 0 0 0 0 0 0 0 -3 -7 -2 -8 -2 -9 -1 -9 -1 -11 -1 -10 -1 -11 0 -11 0 -11 1 -11 1 -10 2 -10 4 -8 5 -8 7 -7 9 -9 9 -9 12 -12 11 -12 12 -14 12 -16 11 -17 10 -18 9 -17 8 -16 7 -15
CSI_META: ts=3438381307 rssi=-31 noise_floor=-98 channel=6 secondary_channel=0 sig_mode=0 mcs=0 rate=9 cwb=0 sgi=0 stbc=0 ant=0 len=128 rx_state=0 seq=-1 tx_mac=52:40:27:94:0a:bb
CSI_DATA: 28 -64 1 0 -1 -20 -2 -21 -2 -22 -4 -21 -6 -20 -7 -19 -7 -17 -7 -15 -6 -13 -5 -11 -4 -10 -2 -8 -1 -8 1 -9 3 -9 4 -9 5 -9 5 -9 5 -9 5 -9 5 -9 4 -8 5 -8 5 -7 5 -5 0 0 0 0 0 0 0 0 0 0 0 0 0 0 0 0 0 0 0 0 0 0 -10 2 -10 1 -10 1 -9 0 -9 0 -8 -1 -7 -2 -7 -3 -6 -5 -5 -7 -5 -9 -5 -11 -5 -12 -6 -14 -7 -15 -9 -16 -10 -16 -11 -16 -12 -15 -12 -13 -12 -12 -11 -11 -9 -11 -7 -12 -5 -12 -3 -15
CSI_META: ts=3440000577 rssi=-32 noise_floor=-98 channel=6 secondary_channel=0 sig_mode=0 mcs=0 rate=9 cwb=0 sgi=0 stbc=0 ant=0 len=128 rx_state=0 seq=-1 tx_mac=52:40:27:94:0a:bb
CSI_DATA: 28 -64 1 0 -23 26 -20 26 -16 26 -13 23 -11 21 -9 18 -9 14 -9 12 -11 10 -12 8 -14 7 -15 7 -17 7 -17 8 -18 8 -17 8 -16 8 -15 8 -13 7 -12 6 -10 5 -10 4 -9 2 -8 0 -8 -2 0 0 0 0 0 0 0 0 0 0 0 0 0 0 0 0 0 0 0 0 0 0 7 7 5 8 3 7 0 8 -1 9 -4 9 -5 10 -7 11 -9 14 -11 15 -11 18 -12 19 -11 20 -11 20 -9 20 -8 20 -8 18 -8 17 -8 15 -10 14 -12 13 -14 12 -18 13 -22 14 -25 17 -25 21
CSI_META: ts=3440124202 rssi=-31 noise_floor=-98 channel=6 secondary_channel=0 sig_mode=0 mcs=0 rate=9 cwb=0 sgi=0 stbc=0 ant=0 len=128 rx_state=0 seq=-1 tx_mac=52:40:27:94:0a:bb
CSI_DATA: 28 -64 1 0 4 -17 4 -14 4 -12 6 -10 6 -9 8 -9 9 -9 10 -10 10 -10 10 -12 9 -12 8 -12 7 -12 6 -11 5 -10 4 -8 4 -7 4 -5 4 -4 4 -3 5 -2 6 -1 6 0 7 1 7 2 0 0 0 0 0 0 0 0 0 0 0 0 0 0 0 0 0 0 0 0 0 0 -4 -5 -3 -5 -1 -6 -1 -7 1 -8 1 -9 2 -9 2 -11 3 -12 3 -13 3 -13 2 -13 2 -13 2 -12 2 -11 3 -10 4 -9 6 -9 7 -9 9 -10 11 -12 12 -14 12 -16 12 -18 11 -20 9 -21
CSI_META: ts=3440204837 rssi=-31 noise_floor=-98 channel=6 secondary_channel=0 sig_mode=0 mcs=0 rate=9 cwb=0 sgi=0 stbc=0 ant=0 len=128 rx_state=0 seq=-1 tx_mac=52:40:27:94:0a:bb
CSI_DATA: 28 -64 1 0 -8 23 -5 22 -3 21 -2 18 -1 15 -1 13 -2 11 -3 10 -5 9 -7 9 -7 9 -8 9 -9 10 -8 11 -8 11 -8 11 -7 10 -6 9 -5 8 -5 7 -5 5 -5 4 -5 3 -6 1 -6 0 0 0 0 0 0 0 0 0 0 0 0 0 0 0 0 0 0 0 0 0 0 0 7 4 5 4 4 4 3 5 2 6 1 6 -1 7 -2 8 -3 10 -4 12 -4 13 -4 15 -4 15 -3 16 -2 16 -1 16 -1 15 -1 14 -1 12 -3 12 -4 11 -6 12 -9 13 -10 15 -11 17 -11 20
CSI_META: ts=3440484323 rssi=-31 noise_floor=-98 channel=6 secondary_channel=0 sig_mode=0 mcs=0 rate=9 cwb=0 sgi=0 stbc=0 ant=0 len=128 rx_state=0 seq=-1 tx_mac=52:40:27:94:0a:bb
CSI_DATA: 28 -64 1 0 10 -7 12 -5 13 -4 14 -4 15 -4 16 -5 16 -6 15 -8 14 -9 12 -9 11 -9 9 -8 8 -6 7 -5 7 -4 6 -2 6 -1 6 1 6 2 6 3 6 3 7 4 7 4 6 4 6 5 0 0 0 0 0 0 0 0 0 0 0 0 0 0 0 0 0 0 0 0 0 0 -2 -8 -1 -9 -1 -10 0 -10 0 -10 0 -10 0 -10 1 -10 1 -10 2 -10 3 -9 4 -8 5 -7 7 -7 8 -6 10 -7 12 -7 13 -9 14 -10 15 -12 14 -13 13 -14 12 -15 12 -15 11 -14 10 -13
CSI_META: ts=3440693091 rssi=-31 noise_floor=-98 channel=6 secondary_channel=0 sig_mode=0 mcs=0 rate=9 cwb=0 sgi=0 stbc=0 ant=0 len=128 rx_state=0 seq=-1 tx_mac=52:40:27:94:0a:bb
CSI_DATA: 28 -64 1 0 27 -8 23 -6 20 -4 19 -1 17 1 18 3 18 5 18 6 21 7 22 6 22 5 23 4 22 3 21 2 19 1 17 1 14 1 12 1 9 2 7 3 6 4 5 6 3 8 2 9 1 10 0 0 0 0 0 0 0 0 0 0 0 0 0 0 0 0 0 0 0 0 0 0 4 -8 6 -8 8 -8 10 -7 12 -7 14 -7 14 -7 16 -8 17 -9 18 -9 18 -9 17 -9 16 -8 16 -7 16 -5 15 -2 15 0 18 2 20 4 23 5 26 5 30 4 33 3 35 1 36 -2 36 -5
CSI_META: ts=3440693236 rssi=-31 noise_floor=-98 channel=6 secondary_channel=0 sig_mode=0 mcs=0 rate=9 cwb=0 sgi=0 stbc=0 ant=0 len=128 rx_state=0 seq=-1 tx_mac=52:40:27:94:0a:bb
CSI_DATA: 28 -64 1 0 3 16 2 12 1 13 -1 10 -3 10 -4 10 -5 10 -6 11 -6 13 -5 13 -4 13 -4 13 -3 12 -2 13 -2 10 -2 10 -2 7 -3 6 -3 4 -4 3 -5 2 -6 2 -6 1 -7 1 -8 0 0 0 0 0 0 0 0 0 0 0 0 0 0 0 0 0 0 0 0 0 0 0 5 1 4 3 4 4 3 5 4 6 3 6 3 9 3 9 4 10 5 12 5 11 5 11 4 10 4 10 2 9 1 9 -1 9 -1 11 -3 10 -4 13 -5 14 -3 17 -4 20 -2 21 0 21 2 21
CSI_META: ts=3440693399 rssi=-31 noise_floor=-98 channel=6 secondary_channel=0 sig_mode=0 mcs=0 rate=9 cwb=0 sgi=0 stbc=0 ant=0 len=128 rx_state=0 seq=-1 tx_mac=52:40:27:94:0a:bb
CSI_DATA: 28 -64 1 0 9 -14 8 -13 7 -10 8 -9 8 -7 10 -6 10 -6 11 -6 11 -6 12 -8 12 -8 11 -9 10 -10 9 -9 8 -9 7 -7 6 -6 5 -5 4 -3 5 -2 5 -1 5 0 5 2 5 3 6 4 0 0 0 0 0 0 0 0 0 0 0 0 0 0 0 0 0 0 0 0 0 0 -2 -5 -1 -6 0 -7 2 -7 3 -7 4 -9 4 -9 5 -10 5 -11 5 -11 5 -12 5 -12 5 -11 5 -10 5 -9 5 -8 7 -7 8 -7 11 -7 12 -7 14 -9 15 -11 15 -12 16 -14 15 -16 14 -18
CSI_META: ts=3442264689 rssi=-31 noise_floor=-98 channel=6 secondary_channel=0 sig_mode=0 mcs=0 rate=9 cwb=0 sgi=0 stbc=0 ant=0 len=128 rx_state=0 seq=-1 tx_mac=52:40:27:94:0a:bb
CSI_DATA: 28 -64 1 0 -19 0 -16 0 -14 -1 -13 -3 -11 -4 -11 -5 -12 -7 -12 -7 -13 -7 -14 -7 -15 -6 -15 -5 -14 -4 -14 -3 -12 -2 -11 -2 -9 -2 -7 -3 -6 -3 -5 -4 -4 -5 -3 -6 -2 -7 -2 -8 -1 -8 0 0 0 0 0 0 0 0 0 0 0 0 0 0 0 0 0 0 0 0 0 0 -4 4 -5 3 -6 2 -7 1 -8 0 -9 0 -10 0 -11 0 -13 0 -14 0 -14 0 -14 0 -13 0 -12 0 -11 0 -11 -1 -11 -3 -11 -4 -12 -6 -14 -7 -15 -8 -17 -7 -20 -8 -21 -7 -23 -5 -22 -3
CSI_META: ts=3443689141 rssi=-31 noise_floor=-98 channel=6 secondary_channel=0 sig_mode=0 mcs=0 rate=9 cwb=0 sgi=0 stbc=0 ant=0 len=128 rx_state=0 seq=-1 tx_mac=52:40:27:94:0a:bb
CSI_DATA: 28 -64 1 0 -19 6 -19 7 -19 8 -18 9 -16 10 -15 10 -13 10 -11 10 -10 9 -9 7 -8 6 -8 4 -8 3 -9 2 -9 1 -10 0 -10 -1 -10 -1 -10 -1 -10 -1 -10 -2 -9 -1 -9 -2 -8 -2 -7 -3 0 0 0 0 0 0 0 0 0 0 0 0 0 0 0 0 0 0 0 0 0 0 2 8 2 8 1 8 0 8 0 7 -1 7 -2 6 -3 6 -5 6 -6 6 -8 6 -10 6 -11 6 -13 7 -13 8 -14 10 -14 11 -13 12 -12 12 -11 12 -10 12 -10 11 -10 10 -11 8 -12 7 -14 6
CSI_META: ts=3444029622 rssi=-31 noise_floor=-98 channel=6 secondary_channel=0 sig_mode=0 mcs=0 rate=9 cwb=0 sgi=0 stbc=0 ant=0 len=128 rx_state=0 seq=-1 tx_mac=52:40:27:94:0a:bb
CSI_DATA: 28 -64 1 0 -25 -2 -24 0 -21 1 -19 2 -17 2 -15 2 -13 1 -11 0 -11 -2 -11 -3 -11 -4 -12 -6 -12 -6 -12 -6 -13 -6 -13 -5 -12 -5 -11 -4 -10 -4 -9 -3 -8 -4 -7 -4 -5 -4 -4 -5 -2 -5 0 0 0 0 0 0 0 0 0 0 0 0 0 0 0 0 0 0 0 0 0 0 -3 7 -4 6 -5 5 -5 4 -6 3 -7 1 -9 1 -10 0 -12 -1 -14 -1 -15 -1 -16 0 -17 0 -17 1 -16 2 -16 2 -15 2 -14 2 -13 1 -13 0 -13 -2 -14 -4 -15 -5 -18 -7 -20 -7 -22 -7
CSI_META: ts=3444693624 rssi=-32 noise_floor=-98 channel=6 secondary_channel=0 sig_mode=0 mcs=0 rate=9 cwb=0 sgi=0 stbc=0 ant=0 len=128 rx_state=0 seq=-1 tx_mac=52:40:27:94:0a:bb
CSI_DATA: 28 -64 1 0 -31 4 -32 6 -32 7 -31 9 -29 11 -27 12 -24 13 -21 13 -18 12 -16 10 -15 8 -14 5 -14 3 -13 1 -14 -1 -15 -3 -15 -4 -15 -5 -15 -4 -15 -5 -15 -5 -15 -4 -14 -5 -12 -5 -10 -6 0 0 0 0 0 0 0 0 0 0 0 0 0 0 0 0 0 0 0 0 0 0 1 14 0 14 -1 13 -2 12 -2 11 -4 10 -5 10 -7 8 -9 8 -12 7 -15 7 -18 6 -20 7 -22 8 -23 10 -24 12 -24 14 -23 15 -22 16 -21 16 -19 15 -18 14 -18 13 -19 10 -21 8 -23 6
CSI_META: ts=3444693760 rssi=-31 noise_floor=-98 channel=6 secondary_channel=0 sig_mode=0 mcs=0 rate=9 cwb=0 sgi=0 stbc=0 ant=0 len=128 rx_state=0 seq=-1 tx_mac=52:40:27:94:0a:bb
CSI_DATA: 28 -64 1 0 16 -10 15 -11 16 -13 14 -13 13 -14 11 -14 9 -13 7 -12 7 -11 6 -9 6 -7 6 -5 6 -4 8 -3 8 -2 9 -2 9 -2 9 -2 9 -2 9 -2 8 -2 8 -2 7 -1 6 0 5 1 0 0 0 0 0 0 0 0 0 0 0 0 0 0 0 0 0 0 0 0 0 0 -5 -8 -5 -8 -4 -9 -4 -9 -3 -9 -2 -8 -2 -8 -1 -8 1 -7 3 -8 4 -8 6 -8 8 -9 9 -10 9 -11 10 -13 9 -14 9 -15 7 -15 7 -15 5 -15 5 -13 6 -13 7 -11 8 -9 10 -10
CSI_META: ts=3445391247 rssi=-31 noise_floor=-98 channel=6 secondary_channel=0 sig_mode=0 mcs=0 rate=9 cwb=0 sgi=0 stbc=0 ant=0 len=128 rx_state=0 seq=-1 tx_mac=52:40:27:94:0a:bb
CSI_DATA: 28 -64 1 0 21 -8 19 -9 16 -10 14 -9 12 -9 11 -7 10 -5 9 -4 9 -3 10 -2 10 -1 11 -1 12 0 12 -1 12 -1 12 -1 11 -2 10 -2 8 -2 8 -1 6 -1 6 0 5 1 4 2 3 3 0 0 0 0 0 0 0 0 0 0 0 0 0 0 0 0 0 0 0 0 0 0 -2 -8 0 -7 1 -7 2 -6 3 -5 4 -5 6 -4 7 -4 9 -5 11 -5 12 -6 13 -6 13 -7 13 -8 12 -8 12 -9 11 -9 10 -8 10 -7 10 -5 11 -4 13 -3 14 -2 17 -2 19 -2 21 -4
CSI_META: ts=3445692877 rssi=-32 noise_floor=-98 channel=6 secondary_channel=0 sig_mode=0 mcs=0 rate=9 cwb=0 sgi=0 stbc=0 ant=0 len=128 rx_state=0 seq=-1 tx_mac=52:40:27:94:0a:bb
CSI_DATA: 28 -64 1 0 -22 -21 -24 -21 -25 -21 -26 -18 -27 -15 -27 -13 -25 -10 -23 -8 -21 -7 -18 -6 -15 -6 -12 -7 -10 -8 -8 -11 -7 -12 -6 -13 -5 -14 -5 -15 -5 -14 -5 -15 -5 -15 -5 -14 -4 -14 -3 -13 -2 -12 0 0 0 0 0 0 0 0 0 0 0 0 0 0 0 0 0 0 0 0 0 0 -9 11 -10 10 -10 9 -10 8 -10 6 -10 4 -10 3 -11 1 -12 -2 -13 -4 -15 -6 -16 -8 -19 -10 -21 -11 -23 -11 -25 -11 -26 -9 -27 -7 -27 -5 -26 -4 -25 -3 -23 -4 -21 -5 -20 -7 -19 -10 -18 -14
CSI_META: ts=3445985833 rssi=-31 noise_floor=-98 channel=6 secondary_channel=0 sig_mode=0 mcs=0 rate=9 cwb=0 sgi=0 stbc=0 ant=0 len=128 rx_state=0 seq=-1 tx_mac=52:40:27:94:0a:bb
CSI_DATA: 28 -64 1 0 21 -8 19 -9 16 -9 15 -9 12 -8 11 -7 10 -6 9 -4 9 -3 10 -2 10 -1 11 0 12 0 12 -1 12 -1 12 -1 11 -2 10 -2 8 -2 7 -1 7 -1 5 0 4 1 4 2 3 3 0 0 0 0 0 0 0 0 0 0 0 0 0 0 0 0 0 0 0 0 0 0 -1 -8 0 -8 1 -7 2 -6 3 -5 4 -5 5 -4 7 -4 9 -4 11 -4 12 -5 13 -6 13 -6 13 -7 13 -8 12 -8 11 -8 11 -8 10 -7 10 -5 11 -4 12 -3 14 -2 16 -1 19 -2 21 -3
CSI_META: ts=3446041624 rssi=-31 noise_floor=-98 channel=6 secondary_channel=0 sig_mode=0 mcs=0 rate=9 cwb=0 sgi=0 stbc=0 ant=0 len=128 rx_state=0 seq=-1 tx_mac=52:40:27:94:0a:bb
CSI_DATA: 28 -64 1 0 -10 16 -9 14 -8 11 -9 9 -9 7 -10 6 -11 5 -12 6 -14 6 -14 7 -14 8 -14 8 -13 9 -11 9 -10 9 -9 7 -8 6 -7 5 -6 3 -6 2 -6 1 -6 -1 -6 -2 -6 -3 -6 -5 0 0 0 0 0 0 0 0 0 0 0 0 0 0 0 0 0 0 0 0 0 0 1 5 0 6 -2 7 -3 7 -4 8 -4 9 -5 10 -5 11 -5 12 -5 12 -5 12 -5 12 -5 11 -5 10 -6 9 -7 8 -8 7 -10 7 -12 7 -14 8 -15 9 -17 11 -18 13 -18 15 -17 17 -15 19
CSI_META: ts=3446041787 rssi=-31 noise_floor=-98 channel=6 secondary_channel=0 sig_mode=0 mcs=0 rate=9 cwb=0 sgi=0 stbc=0 ant=0 len=128 rx_state=0 seq=-1 tx_mac=52:40:27:94:0a:bb
CSI_DATA: 28 -64 1 0 16 9 14 8 11 8 9 7 7 9 6 10 6 11 5 12 7 12 8 13 9 12 10 11 10 11 9 10 8 8 8 7 6 6 4 6 2 5 1 5 0 5 -1 6 -2 6 -4 7 -5 6 0 0 0 0 0 0 0 0 0 0 0 0 0 0 0 0 0 0 0 0 0 0 5 -3 5 -1 6 0 7 2 7 3 8 4 8 5 10 5 11 6 12 5 12 5 12 4 12 4 11 4 10 5 8 6 7 7 7 9 7 10 7 12 8 14 10 16 13 16 16 16 17 15 19 15
CSI_META: ts=3446041896 rssi=-31 noise_floor=-98 channel=6 secondary_channel=0 sig_mode=0 mcs=0 rate=9 cwb=0 sgi=0 stbc=0 ant=0 len=128 rx_state=0 seq=-1 tx_mac=52:40:27:94:0a:bb
CSI_DATA: 28 -64 1 0 10 16 8 12 6 13 4 11 2 11 1 11 -1 12 -1 13 -1 15 -1 15 0 15 1 14 2 13 3 14 3 12 2 11 1 9 0 7 0 6 -2 5 -2 4 -4 4 -5 4 -6 3 -7 3 0 0 0 0 0 0 0 0 0 0 0 0 0 0 0 0 0 0 0 0 0 0 6 0 5 2 5 3 5 4 6 6 5 7 6 8 7 9 8 10 8 11 8 11 8 10 8 10 7 9 5 8 5 9 3 9 2 11 1 11 1 15 1 17 2 18 3 22 5 23 7 22 9 21
CSI_META: ts=3446498171 rssi=-31 noise_floor=-98 channel=6 secondary_channel=0 sig_mode=0 mcs=0 rate=9 cwb=0 sgi=0 stbc=0 ant=0 len=128 rx_state=0 seq=-1 tx_mac=52:40:27:94:0a:bb
CSI_DATA: 28 -64 1 0 8 10 6 11 6 13 6 14 6 14 8 14 8 14 9 14 10 13 10 11 10 9 9 8 8 7 6 7 4 6 3 6 1 6 0 6 -1 6 -2 7 -2 7 -3 7 -3 8 -4 7 -4 7 0 0 0 0 0 0 0 0 0 0 0 0 0 0 0 0 0 0 0 0 0 0 7 -2 8 -1 9 -1 9 -1 10 0 10 0 9 0 9 0 9 1 9 1 8 3 7 4 7 5 6 6 6 8 7 10 7 12 9 13 11 13 13 13 14 13 15 12 16 11 16 10 15 9 14 9
CSI_META: ts=3446758409 rssi=-31 noise_floor=-98 channel=6 secondary_channel=0 sig_mode=0 mcs=0 rate=9 cwb=0 sgi=0 stbc=0 ant=0 len=128 rx_state=0 seq=-1 tx_mac=52:40:27:94:0a:bb
CSI_DATA: 28 -64 1 0 13 -1 13 0 14 2 14 2 15 3 16 2 17 1 16 0 16 -1 15 -2 14 -3 12 -3 11 -3 10 -2 8 -1 7 0 6 1 5 2 4 3 5 4 4 5 4 6 4 6 4 7 3 7 0 0 0 0 0 0 0 0 0 0 0 0 0 0 0 0 0 0 0 0 0 0 3 -8 4 -8 4 -9 5 -9 5 -8 6 -8 5 -8 6 -8 6 -7 7 -7 7 -5 8 -4 9 -3 10 -2 11 -1 13 0 14 0 16 -1 17 -2 18 -3 19 -4 19 -6 18 -7 17 -7 16 -7 15 -7
CSI_META: ts=3447287083 rssi=-31 noise_floor=-98 channel=6 secondary_channel=0 sig_mode=0 mcs=0 rate=9 cwb=0 sgi=0 stbc=0 ant=0 len=128 rx_state=0 seq=-1 tx_mac=52:40:27:94:0a:bb
CSI_DATA: 28 -64 1 0 -14 11 -12 10 -11 8 -10 6 -11 5 -11 3 -12 2 -13 2 -14 3 -14 3 -14 4 -14 4 -14 5 -13 5 -12 5 -11 5 -9 4 -8 3 -7 2 -6 1 -6 -1 -6 -1 -6 -3 -5 -4 -5 -5 0 0 0 0 0 0 0 0 0 0 0 0 0 0 0 0 0 0 0 0 0 0 -1 5 -3 5 -4 6 -5 6 -6 6 -7 7 -8 7 -8 8 -8 8 -9 9 -9 9 -9 9 -8 8 -8 7 -9 6 -9 5 -10 4 -12 3 -13 3 -15 3 -17 4 -18 5 -20 7 -20 9 -20 11 -19 12
CSI_META: ts=3447694463 rssi=-31 noise_floor=-98 channel=6 secondary_channel=0 sig_mode=0 mcs=0 rate=9 cwb=0 sgi=0 stbc=0 ant=0 len=128 rx_state=0 seq=-1 tx_mac=52:40:27:94:0a:bb
CSI_DATA: 28 -64 1 0 -18 8 -18 9 -17 10 -17 11 -15 12 -14 12 -12 12 -10 12 -9 10 -7 9 -7 7 -7 5 -8 4 -8 3 -9 1 -10 1 -10 1 -10 0 -10 0 -10 0 -10 0 -9 0 -9 0 -8 -1 -7 -2 0 0 0 0 0 0 0 0 0 0 0 0 0 0 0 0 0 0 0 0 0 0 3 8 2 8 2 8 1 8 1 7 0 7 -1 7 -2 6 -4 6 -6 6 -7 6 -9 7 -10 8 -11 9 -12 10 -12 11 -12 12 -11 14 -10 14 -10 13 -9 13 -8 12 -8 11 -9 10 -11 9 -12 8
CSI_META: ts=3448483747 rssi=-31 noise_floor=-98 channel=6 secondary_channel=0 sig_mode=0 mcs=0 rate=9 cwb=0 sgi=0 stbc=0 ant=0 len=128 rx_state=0 seq=-1 tx_mac=52:40:27:94:0a:bb
CSI_DATA: 28 -64 1 0 18 1 19 1 20 -1 20 -2 19 -3 18 -4 16 -5 13 -6 12 -5 10 -4 9 -3 8 -1 8 0 8 2 8 3 8 4 8 4 8 5 8 4 8 5 7 4 7 4 6 4 5 4 4 4 0 0 0 0 0 0 0 0 0 0 0 0 0 0 0 0 0 0 0 0 0 0 0 -10 1 -10 1 -9 2 -9 2 -8 3 -7 3 -6 4 -6 5 -5 7 -4 9 -3 10 -3 12 -3 14 -3 15 -4 15 -5 16 -6 16 -7 15 -8 14 -8 13 -8 13 -7 12 -6 12 -4 13 -3 14 -1
CSI_META: ts=3451059233 rssi=-31 noise_floor=-98 channel=6 secondary_channel=0 sig_mode=0 mcs=0 rate=9 cwb=0 sgi=0 stbc=0 ant=0 len=128 rx_state=0 seq=-1 tx_mac=52:40:27:94:0a:bb
CSI_DATA: 28 -64 1 0 -16 -12 -17 -12 -17 -12 -18 -10 -18 -8 -18 -7 -16 -5 -15 -4 -13 -4 -11 -4 -10 -4 -9 -4 -7 -5 -6 -7 -6 -8 -5 -8 -5 -9 -5 -9 -4 -9 -5 -9 -4 -9 -4 -9 -4 -8 -3 -8 -2 -7 0 0 0 0 0 0 0 0 0 0 0 0 0 0 0 0 0 0 0 0 0 0 -6 7 -6 6 -7 6 -7 5 -7 4 -7 3 -7 2 -7 1 -8 0 -9 -2 -10 -4 -11 -5 -12 -6 -14 -6 -15 -6 -16 -6 -17 -5 -18 -4 -18 -3 -17 -2 -16 -2 -15 -2 -14 -3 -13 -4 -13 -6 -13 -8
CSI_META: ts=3451604076 rssi=-31 noise_floor=-98 channel=6 secondary_channel=0 sig_mode=0 mcs=0 rate=9 cwb=0 sgi=0 stbc=0 ant=0 len=128 rx_state=0 seq=-1 tx_mac=52:40:27:94:0a:bb
CSI_DATA: 28 -64 1 0 6 -22 4 -21 3 -20 2 -17 1 -15 1 -13 1 -11 2 -10 3 -10 5 -9 6 -9 6 -10 7 -10 7 -11 6 -11 6 -11 6 -10 5 -10 4 -8 3 -8 3 -6 3 -5 4 -4 4 -2 5 -1 0 0 0 0 0 0 0 0 0 0 0 0 0 0 0 0 0 0 0 0 0 0 -7 -5 -6 -5 -5 -6 -3 -6 -2 -6 -1 -7 0 -8 2 -9 2 -10 3 -12 4 -13 4 -14 3 -15 3 -15 2 -15 1 -15 1 -14 1 -14 1 -12 2 -11 4 -12 6 -12 8 -13 9 -14 10 -16 11 -19
CSI_META: ts=3451604171 rssi=-31 noise_floor=-98 channel=6 secondary_channel=0 sig_mode=0 mcs=0 rate=9 cwb=0 sgi=0 stbc=0 ant=0 len=128 rx_state=0 seq=-1 tx_mac=52:40:27:94:0a:bb
CSI_DATA: 28 -64 1 0 -1 21 0 21 2 19 3 17 3 14 2 12 2 10 0 10 -2 9 -3 9 -4 9 -5 10 -5 11 -5 12 -5 12 -4 11 -4 11 -3 10 -2 8 -2 8 -2 6 -3 5 -3 4 -4 3 -5 2 0 0 0 0 0 0 0 0 0 0 0 0 0 0 0 0 0 0 0 0 0 0 7 2 6 3 4 3 3 4 2 5 2 6 1 7 0 8 0 10 -1 11 -1 13 -1 14 0 14 1 15 1 14 2 14 2 13 2 12 1 11 0 11 -2 11 -3 12 -4 13 -6 15 -6 18 -5 20
CSI_META: ts=3451851573 rssi=-32 noise_floor=-98 channel=6 secondary_channel=0 sig_mode=0 mcs=0 rate=9 cwb=0 sgi=0 stbc=0 ant=0 len=128 rx_state=0 seq=-1 tx_mac=52:40:27:94:0a:bb
CSI_DATA: 28 -64 1 0 -37 5 -34 7 -30 9 -26 9 -23 9 -20 7 -17 4 -16 3 -16 0 -16 -2 -17 -4 -18 -4 -19 -5 -20 -4 -20 -4 -20 -4 -18 -3 -17 -2 -15 -2 -14 -2 -12 -3 -10 -3 -8 -4 -6 -6 -5 -7 0 0 0 0 0 0 0 0 0 0 0 0 0 0 0 0 0 0 0 0 0 0 -1 11 -3 10 -4 8 -6 7 -8 5 -9 5 -11 4 -14 3 -16 3 -19 3 -22 4 -23 5 -23 6 -24 7 -23 8 -22 8 -20 8 -19 8 -18 6 -18 4 -19 1 -21 -1 -24 -3 -28 -4 -32 -3 -34 -2
CSI_META: ts=3452062395 rssi=-32 noise_floor=-98 channel=6 secondary_channel=0 sig_mode=0 mcs=0 rate=9 cwb=0 sgi=0 stbc=0 ant=0 len=128 rx_state=0 seq=-1 tx_mac=52:40:27:94:0a:bb
CSI_DATA: 28 -64 1 0 -14 -14 -16 -14 -16 -14 -17 -13 -18 -11 -18 -9 -17 -7 -15 -6 -13 -5 -11 -5 -10 -4 -8 -5 -7 -6 -5 -7 -4 -8 -4 -9 -3 -10 -3 -10 -3 -10 -3 -10 -3 -10 -3 -10 -2 -9 -2 -9 -1 -8 0 0 0 0 0 0 0 0 0 0 0 0 0 0 0 0 0 0 0 0 0 0 -6 7 -6 7 -7 6 -7 5 -7 4 -6 3 -7 2 -7 1 -8 -1 -9 -2 -10 -4 -11 -6 -13 -6 -14 -7 -16 -7 -16 -7 -18 -6 -18 -5 -18 -3 -17 -2 -17 -2 -15 -2 -14 -3 -13 -5 -12 -7 -12 -10
CSI_META: ts=3452062681 rssi=-32 noise_floor=-98 channel=6 secondary_channel=0 sig_mode=0 mcs=0 rate=9 cwb=0 sgi=0 stbc=0 ant=0 len=128 rx_state=0 seq=-1 tx_mac=52:40:27:94:0a:bb
CSI_DATA: 28 -64 1 0 18 2 20 2 20 1 21 -1 20 -2 19 -3 17 -4 15 -5 12 -5 11 -4 9 -3 8 -1 8 0 7 2 7 4 7 5 8 5 7 6 7 6 7 6 7 6 6 5 6 6 5 5 4 5 0 0 0 0 0 0 0 0 0 0 0 0 0 0 0 0 0 0 0 0 0 0 -1 -10 0 -10 0 -9 1 -9 2 -8 2 -7 3 -6 4 -5 6 -4 7 -4 9 -3 11 -3 12 -3 14 -3 16 -5 16 -5 16 -6 16 -7 15 -9 14 -8 13 -8 13 -7 12 -6 12 -5 13 -3 14 0
CSI_META: ts=3452381499 rssi=-31 noise_floor=-98 channel=6 secondary_channel=0 sig_mode=0 mcs=0 rate=9 cwb=0 sgi=0 stbc=0 ant=0 len=128 rx_state=0 seq=-1 tx_mac=52:40:27:94:0a:bb
CSI_DATA: 28 -64 1 0 -5 -26 -5 -23 -3 -21 0 -18 2 -17 3 -17 5 -18 6 -20 5 -21 5 -22 3 -22 2 -22 1 -22 0 -20 -1 -18 -1 -16 0 -13 1 -12 2 -9 3 -8 4 -7 6 -6 7 -5 9 -5 10 -4 0 0 0 0 0 0 0 0 0 0 0 0 0 0 0 0 0 0 0 0 0 0 -7 -5 -6 -7 -5 -9 -4 -11 -3 -12 -3 -14 -3 -15 -3 -17 -4 -19 -4 -19 -5 -20 -5 -19 -5 -18 -4 -17 -2 -16 -1 -16 1 -16 3 -17 5 -19 6 -21 7 -24 7 -28 6 -31 4 -33 1 -34 -2 -35
CSI_META: ts=3452688876 rssi=-31 noise_floor=-98 channel=6 secondary_channel=0 sig_mode=0 mcs=0 rate=9 cwb=0 sgi=0 stbc=0 ant=0 len=128 rx_state=0 seq=-1 tx_mac=52:40:27:94:0a:bb
CSI_DATA: 28 -64 1 0 0 -29 -2 -30 -3 -31 -5 -30 -7 -28 -9 -27 -9 -23 -9 -21 -9 -19 -8 -17 -6 -14 -4 -13 -2 -12 0 -13 2 -13 4 -13 5 -13 5 -14 5 -13 5 -14 5 -13 5 -13 5 -12 6 -11 6 -9 0 0 0 0 0 0 0 0 0 0 0 0 0 0 0 0 0 0 0 0 0 0 -14 -2 -14 -3 -13 -3 -12 -4 -11 -5 -10 -6 -8 -7 -8 -8 -6 -10 -5 -13 -4 -15 -4 -18 -4 -20 -5 -22 -6 -23 -8 -25 -9 -25 -11 -24 -12 -23 -13 -22 -13 -20 -11 -19 -9 -20 -7 -20 -5 -20 -2 -23
CSI_META: ts=3453106865 rssi=-31 noise_floor=-98 channel=6 secondary_channel=0 sig_mode=0 mcs=0 rate=9 cwb=0 sgi=0 stbc=0 ant=0 len=128 rx_state=0 seq=-1 tx_mac=52:40:27:94:0a:bb
CSI_DATA: 28 -64 1 0 -15 2 -14 1 -15 -1 -16 -2 -17 -1 -18 -1 -18 0 -18 1 -17 2 -16 3 -15 4 -14 4 -12 3 -10 3 -9 1 -8 0 -7 -1 -7 -2 -6 -4 -6 -5 -6 -6 -6 -6 -6 -7 -6 -7 -5 -8 0 0 0 0 0 0 0 0 0 0 0 0 0 0 0 0 0 0 0 0 0 0 -3 8 -4 8 -4 8 -5 8 -5 8 -5 8 -6 8 -6 8 -6 7 -7 6 -8 5 -8 4 -10 3 -11 2 -12 1 -14 1 -16 1 -17 2 -18 3 -20 5 -20 6 -19 8 -19 8 -18 9 -16 9 -15 8
CSI_META: ts=3454786142 rssi=-31 noise_floor=-98 channel=6 secondary_channel=0 sig_mode=0 mcs=0 rate=9 cwb=0 sgi=0 stbc=0 ant=0 len=128 rx_state=0 seq=-1 tx_mac=52:40:27:94:0a:bb
CSI_DATA: 28 -64 1 0 30 -16 26 -17 24 -17 20 -16 17 -15 15 -14 13 -11 12 -9 13 -7 14 -5 15 -3 16 -2 17 -2 18 -3 18 -3 18 -3 16 -4 15 -4 13 -3 12 -3 11 -2 9 -1 8 0 7 2 6 3 0 0 0 0 0 0 0 0 0 0 0 0 0 0 0 0 0 0 0 0 0 0 -3 -11 -1 -10 1 -9 3 -9 5 -8 7 -8 8 -8 11 -8 13 -9 16 -10 17 -10 18 -12 18 -13 18 -14 17 -14 15 -14 15 -14 14 -13 14 -11 15 -9 16 -7 18 -7 21 -5 25 -5 28 -7 30 -9
CSI_META: ts=3455040280 rssi=-31 noise_floor=-98 channel=6 secondary_channel=0 sig_mode=0 mcs=0 rate=9 cwb=0 sgi=0 stbc=0 ant=0 len=128 rx_state=0 seq=-1 tx_mac=52:40:27:94:0a:bb
CSI_DATA: 28 -64 1 0 -19 3 -16 3 -13 1 -12 0 -11 -2 -12 -3 -12 -5 -12 -5 -13 -6 -14 -5 -14 -5 -15 -4 -14 -3 -14 -2 -12 -2 -11 -1 -9 -1 -8 -2 -6 -2 -5 -3 -4 -4 -3 -5 -3 -5 -2 -6 -1 -7 0 0 0 0 0 0 0 0 0 0 0 0 0 0 0 0 0 0 0 0 0 0 -3 4 -5 3 -6 3 -7 3 -9 2 -9 2 -10 3 -11 3 -12 3 -13 3 -12 4 -12 3 -11 3 -11 3 -10 2 -10 0 -10 -1 -11 -3 -13 -4 -14 -5 -16 -5 -19 -5 -20 -4 -22 -3 -23 -1 -23 1
CSI_META: ts=3455040376 rssi=-31 noise_floor=-98 channel=6 secondary_channel=0 sig_mode=0 mcs=0 rate=9 cwb=0 sgi=0 stbc=0 ant=0 len=128 rx_state=0 seq=-1 tx_mac=52:40:27:94:0a:bb
CSI_DATA: 28 -64 1 0 14 -7 12 -6 11 -4 10 -3 9 -2 9 0 10 1 10 1 11 1 12 1 13 1 12 0 12 -1 12 -1 10 -2 10 -1 8 -1 7 -1 5 0 4 1 4 1 3 2 2 4 2 4 2 5 0 0 0 0 0 0 0 0 0 0 0 0 0 0 0 0 0 0 0 0 0 0 1 -5 3 -5 4 -5 5 -5 6 -5 7 -5 7 -5 8 -6 9 -6 9 -6 9 -7 9 -6 9 -6 8 -5 8 -4 8 -3 8 -2 10 0 11 0 13 1 14 1 16 -1 18 -1 19 -2 19 -4 19 -6
CSI_META: ts=3455245951 rssi=-31 noise_floor=-98 channel=6 secondary_channel=0 sig_mode=0 mcs=0 rate=9 cwb=0 sgi=0 stbc=0 ant=0 len=128 rx_state=0 seq=-1 tx_mac=52:40:27:94:0a:bb
CSI_DATA: 28 -64 1 0 -12 7 -13 6 -14 6 -15 5 -16 6 -16 7 -16 8 -15 9 -15 9 -13 10 -12 9 -10 9 -9 8 -8 7 -7 5 -7 3 -7 2 -7 0 -7 -1 -7 -2 -8 -3 -8 -3 -8 -4 -8 -5 -8 -5 0 0 0 0 0 0 0 0 0 0 0 0 0 0 0 0 0 0 0 0 0 0 1 8 0 9 0 9 -1 9 -1 10 -1 9 -2 9 -2 9 -2 9 -4 8 -4 8 -6 7 -7 7 -9 6 -10 6 -12 7 -13 8 -14 9 -15 10 -15 12 -15 14 -14 15 -13 16 -12 15 -11 15 -10 14
CSI_META: ts=3455974421 rssi=-31 noise_floor=-98 channel=6 secondary_channel=0 sig_mode=0 mcs=0 rate=9 cwb=0 sgi=0 stbc=0 ant=0 len=128 rx_state=0 seq=-1 tx_mac=52:40:27:94:0a:bb
CSI_DATA: 28 -64 1 0 10 13 9 11 7 11 5 10 3 9 2 10 1 11 0 12 1 13 1 14 2 14 2 13 3 13 3 12 3 11 3 10 2 8 2 7 1 6 0 5 -1 4 -3 4 -4 4 -5 3 -6 3 0 0 0 0 0 0 0 0 0 0 0 0 0 0 0 0 0 0 0 0 0 0 5 0 5 2 5 3 6 4 6 5 6 6 7 7 8 7 8 8 8 8 9 8 8 8 8 7 7 8 6 7 4 8 3 9 2 10 2 11 2 14 3 15 4 17 5 19 7 20 9 20 11 19
CSI_META: ts=3456125618 rssi=-31 noise_floor=-98 channel=6 secondary_channel=0 sig_mode=0 mcs=0 rate=9 cwb=0 sgi=0 stbc=0 ant=0 len=128 rx_state=0 seq=-1 tx_mac=52:40:27:94:0a:bb
CSI_DATA: 28 -64 1 0 9 -36 6 -35 3 -32 1 -29 0 -25 0 -22 2 -19 3 -18 5 -16 7 -15 8 -15 10 -15 11 -16 11 -17 11 -18 10 -17 9 -17 8 -15 7 -14 6 -12 6 -11 6 -9 6 -7 7 -5 7 -2 0 0 0 0 0 0 0 0 0 0 0 0 0 0 0 0 0 0 0 0 0 0 -11 -6 -9 -7 -7 -8 -5 -9 -3 -10 -2 -12 0 -13 2 -15 3 -17 4 -20 4 -22 4 -24 3 -25 2 -25 1 -25 0 -24 0 -23 0 -22 1 -20 3 -19 6 -18 9 -20 12 -22 14 -25 15 -28 15 -33
CSI_META: ts=3456179249 rssi=-31 noise_floor=-98 channel=6 secondary_channel=0 sig_mode=0 mcs=0 rate=9 cwb=0 sgi=0 stbc=0 ant=0 len=128 rx_state=0 seq=-1 tx_mac=52:40:27:94:0a:bb
CSI_DATA: 28 -64 1 0 1 28 1 24 -1 22 -4 19 -6 17 -8 17 -11 18 -11 19 -11 21 -10 22 -9 23 -8 23 -7 22 -5 21 -5 19 -4 16 -4 13 -5 10 -6 8 -6 6 -8 4 -10 3 -11 2 -12 1 -13 0 0 0 0 0 0 0 0 0 0 0 0 0 0 0 0 0 0 0 0 0 0 0 8 4 6 6 5 8 4 10 3 12 3 14 2 16 3 18 3 19 3 20 4 21 4 21 4 20 3 18 1 17 -1 17 -3 16 -5 17 -8 18 -10 22 -11 24 -11 28 -10 32 -8 35 -6 36 -2 38
CSI_META: ts=3456572063 rssi=-32 noise_floor=-98 channel=6 secondary_channel=0 sig_mode=0 mcs=0 rate=9 cwb=0 sgi=0 stbc=0 ant=0 len=128 rx_state=0 seq=-1 tx_mac=52:40:27:94:0a:bb
CSI_DATA: 28 -64 1 0 1 -28 1 -24 3 -22 5 -18 7 -16 9 -16 11 -16 12 -17 13 -19 12 -20 11 -21 10 -21 8 -20 7 -20 6 -18 5 -16 5 -13 5 -11 5 -8 6 -6 7 -4 8 -3 9 -2 11 0 11 1 0 0 0 0 0 0 0 0 0 0 0 0 0 0 0 0 0 0 0 0 0 0 -8 -6 -6 -8 -4 -10 -3 -11 -2 -13 -1 -14 -1 -16 -1 -18 -1 -20 -1 -21 -1 -22 -2 -22 -2 -20 -1 -19 0 -17 1 -17 4 -16 6 -17 9 -17 11 -19 13 -22 13 -26 13 -29 12 -32 10 -34 7 -36
CSI_META: ts=3457427845 rssi=-32 noise_floor=-98 channel=6 secondary_channel=0 sig_mode=0 mcs=0 rate=9 cwb=0 sgi=0 stbc=0 ant=0 len=128 rx_state=0 seq=-1 tx_mac=52:40:27:94:0a:bb
CSI_DATA: 28 -64 1 0 -19 -10 -18 -12 -16 -16 -18 -17 -18 -18 -20 -18 -21 -18 -22 -16 -23 -14 -22 -12 -21 -10 -20 -9 -18 -7 -15 -7 -12 -7 -9 -7 -7 -8 -5 -9 -3 -10 -2 -11 -1 -12 0 -13 1 -14 1 -14 2 -14 0 0 0 0 0 0 0 0 0 0 0 0 0 0 0 0 0 0 0 0 0 0 -10 7 -12 7 -13 7 -14 7 -15 6 -15 5 -14 6 -15 5 -14 4 -15 3 -15 1 -14 -2 -14 -4 -15 -7 -16 -9 -18 -12 -20 -13 -23 -13 -26 -13 -28 -12 -30 -10 -31 -8 -31 -8 -30 -6 -29 -5 -26 -4
CSI_META: ts=3457727857 rssi=-32 noise_floor=-98 channel=6 secondary_channel=0 sig_mode=0 mcs=0 rate=9 cwb=0 sgi=0 stbc=0 ant=0 len=128 rx_state=0 seq=-1 tx_mac=52:40:27:94:0a:bb
CSI_DATA: 28 -64 1 0 -13 16 -15 14 -18 14 -20 14 -21 15 -21 16 -20 18 -19 20 -17 20 -14 20 -12 18 -11 16 -9 14 -9 11 -9 9 -9 6 -10 4 -11 2 -11 0 -13 -1 -13 -2 -14 -2 -14 -3 -14 -3 -13 -4 0 0 0 0 0 0 0 0 0 0 0 0 0 0 0 0 0 0 0 0 0 0 5 9 5 11 4 12 3 14 3 15 3 15 3 15 3 16 2 15 2 15 0 15 -2 14 -4 13 -7 13 -10 13 -13 14 -15 16 -16 19 -17 21 -17 25 -15 27 -14 28 -12 29 -10 28 -9 27 -8 25
CSI_META: ts=3459135332 rssi=-31 noise_floor=-98 channel=6 secondary_channel=0 sig_mode=0 mcs=0 rate=9 cwb=0 sgi=0 stbc=0 ant=0 len=128 rx_state=0 seq=-1 tx_mac=52:40:27:94:0a:bb
CSI_DATA: 28 -64 1 0 16 -11 17 -9 19 -8 21 -7 22 -7 23 -9 23 -10 21 -12 20 -14 18 -14 16 -13 14 -13 12 -11 11 -10 10 -8 10 -5 9 -3 9 -1 9 1 9 2 10 3 10 4 10 5 10 6 10 6 0 0 0 0 0 0 0 0 0 0 0 0 0 0 0 0 0 0 0 0 0 0 -1 -12 0 -13 1 -14 2 -14 2 -15 2 -15 2 -14 3 -14 3 -14 5 -13 6 -12 8 -11 10 -9 12 -9 14 -8 17 -9 18 -10 21 -12 22 -14 22 -17 22 -19 20 -21 19 -22 18 -22 17 -21 15 -19
CSI_META: ts=3459420045 rssi=-31 noise_floor=-98 channel=6 secondary_channel=0 sig_mode=0 mcs=0 rate=9 cwb=0 sgi=0 stbc=0 ant=0 len=128 rx_state=0 seq=-1 tx_mac=52:40:27:94:0a:bb
CSI_DATA: 28 -64 1 0 -35 13 -32 15 -28 16 -24 15 -20 14 -19 12 -16 10 -15 7 -16 4 -17 3 -18 2 -19 1 -20 1 -21 2 -21 2 -21 2 -19 3 -17 3 -15 2 -14 2 -12 1 -11 0 -10 -2 -8 -3 -7 -6 0 0 0 0 0 0 0 0 0 0 0 0 0 0 0 0 0 0 0 0 0 0 0 12 -2 11 -3 10 -5 9 -7 8 -8 6 -11 6 -13 6 -16 6 -19 6 -21 8 -22 9 -23 10 -22 11 -22 12 -20 13 -19 12 -18 12 -17 10 -18 8 -19 6 -21 4 -24 3 -28 3 -32 4 -35 6
CSI_META: ts=3465521997 rssi=-32 noise_floor=-98 channel=6 secondary_channel=0 sig_mode=0 mcs=0 rate=9 cwb=0 sgi=0 stbc=0 ant=0 len=128 rx_state=0 seq=-1 tx_mac=52:40:27:94:0a:bb
CSI_DATA: 28 -64 1 0 4 -36 1 -34 -2 -32 -3 -28 -4 -25 -4 -21 -2 -19 -1 -17 1 -16 3 -15 5 -15 7 -16 7 -16 8 -18 8 -18 7 -18 7 -17 6 -16 5 -14 5 -13 4 -12 4 -10 5 -8 6 -6 6 -4 0 0 0 0 0 0 0 0 0 0 0 0 0 0 0 0 0 0 0 0 0 0 -10 -5 -9 -6 -7 -7 -6 -8 -4 -9 -3 -11 -1 -12 0 -15 0 -17 1 -19 1 -22 0 -23 -1 -24 -2 -24 -3 -23 -4 -23 -4 -21 -3 -21 -2 -18 0 -18 2 -18 5 -20 7 -22 9 -25 10 -28 10 -33
CSI_META: ts=3465730063 rssi=-31 noise_floor=-98 channel=6 secondary_channel=0 sig_mode=0 mcs=0 rate=9 cwb=0 sgi=0 stbc=0 ant=0 len=128 rx_state=0 seq=-1 tx_mac=52:40:27:94:0a:bb
CSI_DATA: 28 -64 1 0 -19 -8 -18 -10 -18 -13 -19 -14 -21 -14 -23 -14 -23 -13 -23 -10 -23 -9 -22 -7 -21 -5 -19 -4 -16 -4 -13 -4 -11 -5 -9 -6 -7 -7 -6 -9 -5 -9 -4 -11 -4 -12 -4 -13 -3 -13 -2 -13 -2 -13 0 0 0 0 0 0 0 0 0 0 0 0 0 0 0 0 0 0 0 0 0 0 -9 7 -10 6 -12 7 -13 7 -13 6 -14 6 -14 6 -14 6 -14 5 -14 4 -14 3 -14 0 -14 -2 -14 -4 -16 -6 -17 -8 -19 -10 -22 -10 -25 -9 -27 -8 -29 -6 -30 -4 -29 -3 -28 -2 -27 -1 -25 -1
CSI_META: ts=3467238439 rssi=-31 noise_floor=-98 channel=6 secondary_channel=0 sig_mode=0 mcs=0 rate=9 cwb=0 sgi=0 stbc=0 ant=0 len=128 rx_state=0 seq=-1 tx_mac=52:40:27:94:0a:bb
CSI_DATA: 28 -64 1 0 7 -17 6 -14 7 -12 7 -10 8 -8 9 -8 10 -7 10 -8 11 -8 12 -9 11 -10 11 -10 10 -10 9 -11 8 -10 7 -8 6 -7 5 -6 5 -4 5 -3 5 -2 5 -1 5 1 6 2 6 3 0 0 0 0 0 0 0 0 0 0 0 0 0 0 0 0 0 0 0 0 0 0 -2 -6 -1 -7 0 -7 2 -8 2 -9 3 -9 3 -10 4 -11 4 -12 4 -12 4 -13 4 -12 4 -11 4 -11 5 -10 5 -9 6 -8 8 -8 10 -8 12 -9 13 -10 14 -13 15 -14 15 -16 14 -18 13 -20
CSI_META: ts=3467491432 rssi=-30 noise_floor=-98 channel=6 secondary_channel=0 sig_mode=0 mcs=0 rate=9 cwb=0 sgi=0 stbc=0 ant=0 len=128 rx_state=0 seq=-1 tx_mac=52:40:27:94:0a:bb
CSI_DATA: 28 -64 1 0 -10 20 -8 19 -6 19 -4 16 -3 15 -3 13 -3 11 -4 9 -5 8 -6 7 -7 7 -8 7 -9 8 -9 8 -9 9 -9 9 -8 8 -7 8 -6 7 -6 6 -6 5 -6 4 -5 3 -5 2 -5 0 0 0 0 0 0 0 0 0 0 0 0 0 0 0 0 0 0 0 0 0 0 0 5 4 4 4 2 4 1 5 0 6 -1 6 -2 7 -3 8 -4 10 -5 11 -5 12 -5 13 -4 14 -4 14 -3 14 -3 14 -2 13 -2 12 -3 11 -4 10 -6 10 -7 10 -10 12 -11 13 -12 15 -13 17
CSI_META: ts=3470694273 rssi=-31 noise_floor=-98 channel=6 secondary_channel=0 sig_mode=0 mcs=0 rate=9 cwb=0 sgi=0 stbc=0 ant=0 len=128 rx_state=0 seq=-1 tx_mac=52:40:27:94:0a:bb
CSI_DATA: 28 -64 1 0 -20 2 -21 -1 -21 -3 -23 -3 -24 -3 -26 -2 -26 -1 -26 1 -25 3 -23 4 -21 4 -19 5 -17 4 -15 3 -13 1 -11 -1 -10 -2 -9 -4 -8 -6 -8 -7 -8 -8 -8 -9 -8 -10 -8 -11 -7 -11 0 0 0 0 0 0 0 0 0 0 0 0 0 0 0 0 0 0 0 0 0 0 -4 11 -6 11 -7 11 -8 12 -8 11 -8 11 -9 11 -9 11 -10 10 -10 9 -11 7 -12 6 -13 3 -15 2 -18 1 -20 0 -22 1 -25 2 -27 3 -28 6 -28 8 -28 10 -26 11 -25 12 -24 11 -22 10
CSI_META: ts=3470931508 rssi=-31 noise_floor=-98 channel=6 secondary_channel=0 sig_mode=0 mcs=0 rate=9 cwb=0 sgi=0 stbc=0 ant=0 len=128 rx_state=0 seq=-1 tx_mac=52:40:27:94:0a:bb
CSI_DATA: 28 -64 1 0 2 -12 4 -12 5 -13 6 -13 7 -14 6 -15 6 -16 5 -16 3 -16 2 -16 1 -14 1 -13 0 -11 1 -10 2 -8 2 -7 3 -6 4 -5 5 -4 5 -3 6 -3 7 -2 7 -2 8 -2 8 -1 0 0 0 0 0 0 0 0 0 0 0 0 0 0 0 0 0 0 0 0 0 0 -7 -4 -7 -6 -8 -6 -8 -7 -7 -7 -7 -7 -7 -7 -7 -7 -6 -7 -5 -8 -4 -8 -3 -8 -1 -9 0 -10 2 -11 2 -13 3 -15 2 -16 2 -17 1 -18 -1 -19 -2 -20 -3 -19 -4 -18 -4 -17 -3 -16
CSI_META: ts=3470992847 rssi=-31 noise_floor=-98 channel=6 secondary_channel=0 sig_mode=0 mcs=0 rate=9 cwb=0 sgi=0 stbc=0 ant=0 len=128 rx_state=0 seq=-1 tx_mac=52:40:27:94:0a:bb
CSI_DATA: 28 -64 1 0 -20 31 -16 30 -13 30 -10 26 -7 24 -7 21 -7 17 -7 15 -9 13 -11 12 -13 11 -15 11 -15 12 -16 13 -16 14 -15 14 -13 13 -12 13 -11 11 -10 10 -9 8 -9 6 -8 4 -9 2 -9 0 0 0 0 0 0 0 0 0 0 0 0 0 0 0 0 0 0 0 0 0 0 0 7 9 5 9 3 9 1 9 -2 9 -4 10 -6 11 -8 13 -9 14 -12 16 -13 18 -13 20 -12 21 -11 22 -10 22 -9 22 -8 21 -7 20 -8 17 -9 16 -12 15 -14 15 -18 17 -22 18 -24 21 -24 25
CSI_META: ts=3472129741 rssi=-32 noise_floor=-98 channel=6 secondary_channel=0 sig_mode=0 mcs=0 rate=9 cwb=0 sgi=0 stbc=0 ant=0 len=128 rx_state=0 seq=-1 tx_mac=52:40:27:94:0a:bb
CSI_DATA: 28 -64 1 0 -30 2 -31 3 -31 5 -31 6 -29 8 -27 10 -24 11 -21 11 -18 10 -16 9 -14 6 -13 4 -12 1 -12 0 -13 -3 -13 -5 -13 -6 -14 -6 -13 -6 -14 -7 -13 -7 -13 -7 -12 -7 -11 -7 -10 -7 0 0 0 0 0 0 0 0 0 0 0 0 0 0 0 0 0 0 0 0 0 0 3 13 2 13 0 12 -1 12 -2 11 -3 10 -4 9 -7 8 -8 7 -12 6 -15 6 -17 6 -19 7 -21 8 -23 10 -23 12 -23 14 -22 15 -21 15 -20 16 -18 15 -17 13 -17 11 -18 8 -19 6 -21 4
CSI_META: ts=3474689460 rssi=-32 noise_floor=-98 channel=6 secondary_channel=0 sig_mode=0 mcs=0 rate=9 cwb=0 sgi=0 stbc=0 ant=0 len=128 rx_state=0 seq=-1 tx_mac=52:40:27:94:0a:bb
CSI_DATA: 28 -64 1 0 14 15 12 17 11 19 12 21 13 22 15 23 16 22 17 21 18 19 18 17 17 14 16 12 14 11 11 10 8 9 5 9 3 10 1 9 -1 10 -2 11 -3 12 -4 12 -5 13 -6 13 -6 12 0 0 0 0 0 0 0 0 0 0 0 0 0 0 0 0 0 0 0 0 0 0 11 -5 13 -4 14 -4 15 -3 15 -3 16 -3 15 -2 15 -2 14 -1 14 0 13 2 12 4 12 7 12 10 12 13 13 15 15 18 18 18 21 19 24 19 26 17 27 15 27 15 27 13 26 11 23 10
CSI_META: ts=3475082064 rssi=-32 noise_floor=-98 channel=6 secondary_channel=0 sig_mode=0 mcs=0 rate=9 cwb=0 sgi=0 stbc=0 ant=0 len=128 rx_state=0 seq=-1 tx_mac=52:40:27:94:0a:bb
CSI_DATA: 28 -64 1 0 26 16 27 15 28 14 29 12 29 10 28 7 26 5 23 3 20 2 17 2 15 3 12 4 10 6 9 8 8 11 8 12 8 13 7 13 7 13 7 13 7 13 6 12 5 12 4 11 2 10 0 0 0 0 0 0 0 0 0 0 0 0 0 0 0 0 0 0 0 0 0 0 6 -14 7 -13 7 -12 8 -12 8 -9 8 -8 9 -6 10 -4 11 -2 13 0 15 2 17 4 19 5 22 5 24 5 26 4 26 3 27 1 27 -1 26 -2 24 -2 23 -1 21 1 20 3 20 6 21 10
CSI_META: ts=3475515799 rssi=-31 noise_floor=-98 channel=6 secondary_channel=0 sig_mode=0 mcs=0 rate=9 cwb=0 sgi=0 stbc=0 ant=0 len=128 rx_state=0 seq=-1 tx_mac=52:40:27:94:0a:bb
CSI_DATA: 28 -64 1 0 -14 -25 -12 -22 -9 -20 -6 -18 -3 -18 -1 -19 1 -19 1 -21 1 -23 0 -24 -1 -24 -3 -24 -4 -23 -4 -22 -5 -20 -4 -17 -3 -15 -2 -13 0 -11 1 -10 2 -8 4 -8 6 -7 8 -6 9 -5 0 0 0 0 0 0 0 0 0 0 0 0 0 0 0 0 0 0 0 0 0 0 -9 -4 -9 -6 -9 -8 -9 -10 -9 -11 -10 -13 -10 -14 -11 -15 -12 -16 -13 -16 -13 -17 -12 -17 -11 -15 -10 -15 -8 -15 -6 -16 -4 -17 -2 -19 -1 -21 0 -24 -1 -27 -3 -31 -5 -34 -8 -35 -11 -35 -13 -35
CSI_META: ts=3477345045 rssi=-31 noise_floor=-98 channel=6 secondary_channel=0 sig_mode=0 mcs=0 rate=9 cwb=0 sgi=0 stbc=0 ant=0 len=128 rx_state=0 seq=-1 tx_mac=52:40:27:94:0a:bb
CSI_DATA: 28 -64 1 0 -23 -5 -21 -3 -19 -2 -17 0 -15 1 -14 0 -12 -1 -10 -1 -9 -3 -9 -4 -9 -5 -10 -6 -10 -6 -10 -7 -11 -7 -11 -6 -10 -6 -10 -5 -9 -5 -8 -4 -7 -4 -6 -4 -5 -4 -4 -5 -2 -5 0 0 0 0 0 0 0 0 0 0 0 0 0 0 0 0 0 0 0 0 0 0 -3 5 -4 4 -5 3 -5 2 -6 1 -7 0 -8 0 -9 -1 -11 -2 -13 -2 -14 -2 -15 -2 -15 -1 -15 -1 -15 0 -14 0 -14 1 -13 0 -12 -1 -12 -2 -12 -3 -13 -5 -13 -7 -15 -8 -18 -9 -20 -9
CSI_META: ts=3477611207 rssi=-31 noise_floor=-98 channel=6 secondary_channel=0 sig_mode=0 mcs=0 rate=9 cwb=0 sgi=0 stbc=0 ant=0 len=128 rx_state=0 seq=-1 tx_mac=52:40:27:94:0a:bb
CSI_DATA: 28 -64 1 0 2 -36 -1 -34 -3 -32 -4 -28 -5 -24 -4 -21 -2 -18 0 -17 2 -15 4 -16 6 -16 7 -16 8 -17 8 -19 8 -19 7 -18 6 -18 5 -17 4 -14 4 -13 4 -12 4 -10 5 -8 5 -6 6 -4 0 0 0 0 0 0 0 0 0 0 0 0 0 0 0 0 0 0 0 0 0 0 -11 -4 -10 -6 -8 -6 -7 -8 -5 -9 -4 -11 -2 -12 -1 -15 0 -17 0 -19 0 -22 -1 -24 -2 -24 -3 -24 -4 -24 -5 -23 -5 -22 -4 -20 -3 -19 0 -18 2 -19 5 -20 7 -23 9 -26 9 -29 9 -34
CSI_META: ts=3479079971 rssi=-31 noise_floor=-98 channel=6 secondary_channel=0 sig_mode=0 mcs=0 rate=9 cwb=0 sgi=0 stbc=0 ant=0 len=128 rx_state=0 seq=-1 tx_mac=52:40:27:94:0a:bb
CSI_DATA: 28 -64 1 0 4 17 3 14 2 13 0 11 -1 11 -2 11 -3 12 -4 13 -4 13 -3 14 -2 14 -1 14 -1 13 0 13 0 11 0 10 0 8 -1 7 -2 5 -3 4 -4 4 -5 3 -6 3 -7 3 -8 2 0 0 0 0 0 0 0 0 0 0 0 0 0 0 0 0 0 0 0 0 0 0 5 2 4 3 3 4 3 6 2 7 2 8 2 9 2 10 3 12 3 12 3 12 4 12 3 11 3 11 2 10 1 10 0 10 -2 11 -3 11 -4 14 -4 15 -3 18 -3 20 -2 21 1 22 2 22
CSI_META: ts=3480280208 rssi=-31 noise_floor=-98 channel=6 secondary_channel=0 sig_mode=0 mcs=0 rate=9 cwb=0 sgi=0 stbc=0 ant=0 len=128 rx_state=0 seq=-1 tx_mac=52:40:27:94:0a:bb
CSI_DATA: 28 -64 1 0 2 29 2 24 0 22 -1 19 -3 18 -6 17 -8 18 -9 19 -9 21 -9 21 -8 22 -7 22 -6 22 -4 22 -3 20 -3 17 -3 15 -3 12 -3 10 -5 8 -6 6 -7 5 -9 4 -10 3 -11 1 0 0 0 0 0 0 0 0 0 0 0 0 0 0 0 0 0 0 0 0 0 0 6 6 5 8 4 10 3 12 2 13 2 15 2 16 3 18 3 19 3 19 3 20 3 20 3 18 2 17 0 16 -2 16 -4 16 -6 18 -8 19 -10 22 -10 25 -10 29 -9 32 -7 35 -4 36 -2 37
CSI_META: ts=3480639552 rssi=-31 noise_floor=-98 channel=6 secondary_channel=0 sig_mode=0 mcs=0 rate=9 cwb=0 sgi=0 stbc=0 ant=0 len=128 rx_state=0 seq=-1 tx_mac=52:40:27:94:0a:bb
CSI_DATA: 28 -64 1 0 20 -11 17 -11 15 -12 13 -11 11 -10 10 -9 9 -7 8 -6 9 -4 9 -3 10 -3 11 -2 12 -2 12 -3 12 -3 12 -3 10 -3 9 -3 8 -3 7 -3 6 -2 5 -1 5 0 4 1 3 3 0 0 0 0 0 0 0 0 0 0 0 0 0 0 0 0 0 0 0 0 0 0 -2 -8 0 -8 0 -7 1 -6 3 -6 4 -5 5 -5 6 -5 8 -5 10 -5 11 -6 12 -7 13 -7 13 -9 12 -9 11 -10 10 -9 10 -9 9 -8 10 -6 10 -5 12 -5 13 -4 16 -4 18 -4 20 -6
CSI_META: ts=3480675861 rssi=-31 noise_floor=-98 channel=6 secondary_channel=0 sig_mode=0 mcs=0 rate=9 cwb=0 sgi=0 stbc=0 ant=0 len=128 rx_state=0 seq=-1 tx_mac=52:40:27:94:0a:bb
CSI_DATA: 28 -64 1 0 35 13 31 9 31 8 27 4 25 3 22 3 19 3 16 4 15 6 13 7 13 9 13 11 13 11 15 13 14 12 16 13 14 10 13 9 12 8 11 8 10 8 8 8 6 7 4 7 1 7 0 0 0 0 0 0 0 0 0 0 0 0 0 0 0 0 0 0 0 0 0 0 7 -10 7 -7 9 -6 8 -3 10 -1 10 0 12 2 13 4 16 5 19 7 20 7 22 7 23 6 24 5 23 4 23 4 20 3 21 3 18 4 18 6 17 8 18 11 20 14 22 16 26 18 28 18
CSI_META: ts=3481001774 rssi=-31 noise_floor=-98 channel=6 secondary_channel=0 sig_mode=0 mcs=0 rate=9 cwb=0 sgi=0 stbc=0 ant=0 len=128 rx_state=0 seq=-1 tx_mac=52:40:27:94:0a:bb
CSI_DATA: 28 -64 1 0 18 2 19 1 20 0 19 -1 19 -3 17 -4 16 -5 13 -5 12 -5 10 -4 9 -3 8 -1 8 0 8 2 8 3 8 4 8 4 8 4 8 4 8 4 7 4 7 4 6 4 5 4 4 4 0 0 0 0 0 0 0 0 0 0 0 0 0 0 0 0 0 0 0 0 0 0 1 -10 2 -9 2 -9 2 -9 3 -8 3 -7 4 -6 4 -5 6 -5 7 -4 9 -3 10 -2 12 -2 14 -2 15 -3 15 -4 16 -5 16 -6 15 -7 15 -7 14 -8 13 -7 12 -5 13 -4 13 -2 14 -1
CSI_META: ts=3481246919 rssi=-31 noise_floor=-98 channel=6 secondary_channel=0 sig_mode=0 mcs=0 rate=9 cwb=0 sgi=0 stbc=0 ant=0 len=128 rx_state=0 seq=-1 tx_mac=52:40:27:94:0a:bb
CSI_DATA: 28 -64 1 0 -9 -21 -10 -19 -10 -17 -10 -15 -9 -12 -9 -11 -7 -10 -5 -9 -4 -9 -2 -10 -2 -10 -2 -11 -1 -12 -1 -12 -1 -13 -2 -12 -2 -12 -2 -11 -2 -9 -2 -9 -2 -8 -1 -7 0 -6 1 -6 2 -5 0 0 0 0 0 0 0 0 0 0 0 0 0 0 0 0 0 0 0 0 0 0 -7 0 -7 -1 -6 -2 -6 -4 -5 -5 -5 -6 -4 -7 -4 -9 -4 -10 -5 -11 -6 -13 -6 -13 -7 -13 -8 -13 -8 -13 -8 -12 -8 -11 -7 -11 -6 -10 -5 -11 -4 -11 -3 -13 -2 -15 -2 -17 -3 -19 -4 -21
CSI_META: ts=3481486026 rssi=-31 noise_floor=-98 channel=6 secondary_channel=0 sig_mode=0 mcs=0 rate=9 cwb=0 sgi=0 stbc=0 ant=0 len=128 rx_state=0 seq=-1 tx_mac=52:40:27:94:0a:bb
CSI_DATA: 28 -64 1 0 16 8 17 8 18 7 18 6 18 4 17 3 16 1 14 0 12 0 10 0 9 1 8 2 7 3 6 5 6 6 6 6 5 7 5 7 5 7 5 7 5 7 5 6 4 6 4 6 2 5 0 0 0 0 0 0 0 0 0 0 0 0 0 0 0 0 0 0 0 0 0 0 4 -8 5 -8 5 -7 5 -7 5 -6 5 -5 5 -4 6 -3 7 -2 7 0 9 1 10 2 11 3 13 3 14 3 15 2 16 1 16 0 16 -1 16 -2 15 -2 14 -2 13 0 12 1 12 3 13 5
CSI_META: ts=3481574435 rssi=-31 noise_floor=-98 channel=6 secondary_channel=0 sig_mode=0 mcs=0 rate=9 cwb=0 sgi=0 stbc=0 ant=0 len=128 rx_state=0 seq=-1 tx_mac=52:40:27:94:0a:bb
CSI_DATA: 28 -64 1 0 6 -18 6 -19 5 -20 3 -19 2 -19 0 -18 -1 -17 -1 -15 -1 -13 -1 -12 0 -10 1 -9 2 -8 4 -7 5 -7 6 -7 6 -7 7 -7 6 -7 6 -7 6 -7 6 -6 6 -5 6 -5 6 -4 0 0 0 0 0 0 0 0 0 0 0 0 0 0 0 0 0 0 0 0 0 0 -9 -3 -9 -4 -8 -4 -8 -5 -7 -5 -6 -5 -5 -6 -4 -7 -3 -7 -1 -8 0 -10 1 -12 1 -13 1 -14 1 -16 0 -17 -1 -17 -3 -18 -3 -17 -4 -16 -4 -15 -4 -14 -2 -14 0 -13 2 -13 3 -14
CSI_META: ts=3481789607 rssi=-31 noise_floor=-98 channel=6 secondary_channel=0 sig_mode=0 mcs=0 rate=9 cwb=0 sgi=0 stbc=0 ant=0 len=128 rx_state=0 seq=-1 tx_mac=52:40:27:94:0a:bb
CSI_DATA: 28 -64 1 0 4 -12 6 -11 8 -12 9 -12 9 -13 9 -14 9 -14 7 -15 6 -16 5 -15 4 -14 3 -13 3 -11 2 -10 3 -8 3 -6 4 -5 4 -4 5 -3 6 -2 6 -2 7 -1 7 -1 8 -1 8 0 0 0 0 0 0 0 0 0 0 0 0 0 0 0 0 0 0 0 0 0 0 0 -6 -6 -6 -7 -6 -8 -5 -9 -5 -9 -5 -9 -5 -9 -5 -9 -4 -9 -3 -9 -1 -9 0 -9 2 -9 3 -10 5 -11 5 -12 6 -14 6 -16 6 -17 5 -18 4 -19 3 -20 2 -20 1 -19 1 -18 1 -16
CSI_META: ts=3481882175 rssi=-32 noise_floor=-98 channel=6 secondary_channel=0 sig_mode=0 mcs=0 rate=9 cwb=0 sgi=0 stbc=0 ant=0 len=128 rx_state=0 seq=-1 tx_mac=52:40:27:94:0a:bb
CSI_DATA: 28 -64 1 0 13 13 15 13 16 13 17 11 17 10 17 8 16 6 14 5 13 4 11 3 9 3 7 4 5 5 4 6 3 7 3 8 3 9 2 9 2 9 2 9 2 9 2 8 1 8 1 8 0 7 0 0 0 0 0 0 0 0 0 0 0 0 0 0 0 0 0 0 0 0 0 0 4 -8 5 -8 5 -7 5 -6 5 -6 5 -4 6 -3 6 -2 7 0 8 1 9 3 10 5 12 5 13 6 14 5 16 5 16 4 17 3 17 2 17 1 16 1 14 1 13 3 12 4 12 6 12 8
CSI_META: ts=3482258435 rssi=-31 noise_floor=-98 channel=6 secondary_channel=0 sig_mode=0 mcs=0 rate=9 cwb=0 sgi=0 stbc=0 ant=0 len=128 rx_state=0 seq=-1 tx_mac=52:40:27:94:0a:bb
CSI_DATA: 28 -64 1 0 -20 13 -18 14 -15 14 -13 13 -11 12 -10 10 -8 8 -8 6 -8 4 -9 3 -10 2 -11 2 -12 1 -13 1 -13 2 -13 2 -12 2 -12 2 -10 2 -9 2 -8 1 -7 0 -6 0 -6 -1 -5 -3 0 0 0 0 0 0 0 0 0 0 0 0 0 0 0 0 0 0 0 0 0 0 3 6 2 6 0 5 -1 5 -2 5 -4 5 -5 5 -7 6 -8 7 -10 8 -11 10 -11 10 -11 11 -11 12 -10 12 -9 12 -8 11 -8 10 -8 9 -9 7 -10 6 -12 5 -14 5 -17 5 -19 6 -21 8
CSI_META: ts=3482258598 rssi=-31 noise_floor=-98 channel=6 secondary_channel=0 sig_mode=0 mcs=0 rate=9 cwb=0 sgi=0 stbc=0 ant=0 len=128 rx_state=0 seq=-1 tx_mac=52:40:27:94:0a:bb
CSI_DATA: 28 -64 1 0 6 21 8 20 8 18 9 15 7 13 6 11 5 10 2 9 1 9 0 9 -1 10 -2 11 -2 12 -2 13 -2 13 -1 12 -1 12 -1 11 -1 9 -1 8 -1 6 -1 5 -2 4 -3 3 -5 2 0 0 0 0 0 0 0 0 0 0 0 0 0 0 0 0 0 0 0 0 0 0 7 -2 7 -1 6 0 6 1 5 2 4 4 3 5 3 7 3 9 4 10 5 12 6 13 7 13 8 13 9 13 8 12 9 12 7 10 7 9 5 10 3 10 1 11 1 14 1 16 1 19 2 21
CSI_META: ts=3482258742 rssi=-31 noise_floor=-98 channel=6 secondary_channel=0 sig_mode=0 mcs=0 rate=9 cwb=0 sgi=0 stbc=0 ant=0 len=128 rx_state=0 seq=-1 tx_mac=52:40:27:94:0a:bb
CSI_DATA: 28 -64 1 0 -23 11 -19 10 -18 12 -14 10 -13 11 -11 9 -9 7 -9 6 -9 3 -10 1 -10 0 -11 0 -11 -1 -14 0 -13 0 -14 0 -12 0 -12 1 -11 0 -10 0 -9 0 -8 -1 -7 -1 -6 -2 -4 -3 0 0 0 0 0 0 0 0 0 0 0 0 0 0 0 0 0 0 0 0 0 0 2 6 1 5 0 5 -2 4 -3 5 -5 5 -6 5 -8 5 -9 6 -12 7 -12 8 -12 9 -12 10 -12 10 -11 10 -11 11 -9 9 -9 10 -8 7 -10 6 -10 5 -12 4 -16 3 -18 2 -20 3 -21 5
CSI_META: ts=3482262344 rssi=-31 noise_floor=-98 channel=6 secondary_channel=0 sig_mode=0 mcs=0 rate=9 cwb=0 sgi=0 stbc=0 ant=0 len=128 rx_state=0 seq=-1 tx_mac=52:40:27:94:0a:bb
CSI_DATA: 28 -64 1 0 5 21 6 19 7 17 7 15 7 13 6 11 5 10 3 9 2 9 0 9 -1 9 -2 10 -2 10 -2 12 -2 11 -1 11 -1 11 -1 10 -1 9 -1 8 -1 7 -1 6 -2 5 -2 5 -3 3 0 0 0 0 0 0 0 0 0 0 0 0 0 0 0 0 0 0 0 0 0 0 6 0 5 1 4 2 4 3 3 4 3 6 2 7 3 8 3 10 3 11 4 12 4 13 5 13 5 13 6 12 6 12 5 11 5 10 4 10 3 10 1 11 0 12 -1 15 -1 16 -1 18 0 21
CSI_META: ts=3482262516 rssi=-31 noise_floor=-98 channel=6 secondary_channel=0 sig_mode=0 mcs=0 rate=9 cwb=0 sgi=0 stbc=0 ant=0 len=128 rx_state=0 seq=-1 tx_mac=52:40:27:94:0a:bb
CSI_DATA: 28 -64 1 0 -12 -19 -13 -17 -13 -15 -12 -13 -11 -11 -10 -10 -8 -9 -6 -8 -5 -9 -4 -9 -3 -10 -3 -11 -3 -11 -2 -12 -3 -13 -3 -12 -3 -12 -3 -11 -3 -9 -2 -9 -2 -8 -1 -7 -1 -6 0 -6 1 -5 0 0 0 0 0 0 0 0 0 0 0 0 0 0 0 0 0 0 0 0 0 0 -7 2 -7 0 -6 -1 -6 -2 -6 -4 -5 -5 -6 -6 -6 -8 -7 -9 -8 -10 -9 -11 -9 -12 -10 -11 -10 -11 -11 -10 -11 -10 -10 -9 -9 -9 -8 -9 -7 -9 -6 -10 -5 -12 -4 -15 -5 -16 -7 -18 -8 -21
CSI_META: ts=3482262679 rssi=-31 noise_floor=-98 channel=6 secondary_channel=0 sig_mode=0 mcs=0 rate=9 cwb=0 sgi=0 stbc=0 ant=0 len=128 rx_state=0 seq=-1 tx_mac=52:40:27:94:0a:bb
CSI_DATA: 28 -64 1 0 -16 16 -13 16 -11 16 -9 14 -7 12 -7 10 -6 9 -6 7 -8 6 -9 5 -9 5 -10 4 -11 5 -11 6 -11 6 -11 6 -10 6 -9 6 -8 4 -7 4 -6 3 -6 2 -5 1 -5 -1 -5 -2 0 0 0 0 0 0 0 0 0 0 0 0 0 0 0 0 0 0 0 0 0 0 4 6 3 5 1 5 0 5 -1 5 -2 5 -4 6 -5 6 -7 7 -8 8 -9 10 -9 11 -9 12 -9 12 -8 12 -7 12 -6 11 -6 11 -6 9 -7 8 -8 8 -10 7 -12 8 -15 9 -16 10 -17 12
CSI_META: ts=3482402181 rssi=-31 noise_floor=-98 channel=6 secondary_channel=0 sig_mode=0 mcs=0 rate=9 cwb=0 sgi=0 stbc=0 ant=0 len=128 rx_state=0 seq=-1 tx_mac=52:40:27:94:0a:bb
CSI_DATA: 28 -64 1 0 -11 8 -11 6 -13 6 -14 6 -15 7 -15 7 -15 8 -14 10 -13 10 -12 10 -11 9 -9 9 -8 8 -7 7 -6 5 -6 3 -6 2 -7 1 -7 -1 -7 -2 -8 -2 -8 -3 -8 -4 -8 -4 -8 -5 0 0 0 0 0 0 0 0 0 0 0 0 0 0 0 0 0 0 0 0 0 0 2 7 1 8 1 8 0 9 0 9 0 9 0 9 -1 8 -1 9 -2 8 -3 7 -5 7 -6 6 -8 6 -9 6 -11 7 -12 8 -13 10 -13 11 -13 14 -13 14 -11 16 -11 16 -10 15 -9 14 -8 13
CSI_META: ts=3482537888 rssi=-31 noise_floor=-98 channel=6 secondary_channel=0 sig_mode=0 mcs=0 rate=9 cwb=0 sgi=0 stbc=0 ant=0 len=128 rx_state=0 seq=-1 tx_mac=52:40:27:94:0a:bb
CSI_DATA: 28 -64 1 0 -20 -5 -20 -4 -21 -3 -20 -2 -20 0 -19 1 -17 2 -15 3 -14 2 -12 2 -11 1 -9 -1 -9 -2 -8 -3 -8 -4 -8 -6 -8 -6 -8 -6 -8 -6 -8 -6 -8 -6 -8 -6 -7 -6 -6 -6 -5 -6 0 0 0 0 0 0 0 0 0 0 0 0 0 0 0 0 0 0 0 0 0 0 -3 9 -3 8 -4 8 -4 7 -4 6 -5 5 -5 4 -6 3 -8 2 -9 1 -10 0 -12 -1 -13 0 -15 0 -16 0 -17 1 -17 2 -18 4 -17 4 -16 5 -15 5 -14 4 -13 3 -14 1 -14 0 -15 -2
CSI_META: ts=3482586195 rssi=-31 noise_floor=-98 channel=6 secondary_channel=0 sig_mode=0 mcs=0 rate=9 cwb=0 sgi=0 stbc=0 ant=0 len=128 rx_state=0 seq=-1 tx_mac=52:40:27:94:0a:bb
CSI_DATA: 28 -64 1 0 4 17 3 14 2 13 0 11 -1 11 -2 11 -4 11 -4 12 -5 13 -5 14 -4 14 -3 14 -2 13 -2 13 -1 12 -1 11 -1 9 -2 7 -2 6 -3 5 -3 4 -5 3 -5 2 -6 1 -7 1 0 0 0 0 0 0 0 0 0 0 0 0 0 0 0 0 0 0 0 0 0 0 4 2 4 4 3 5 3 6 3 7 3 8 4 9 4 10 4 11 5 11 5 11 4 11 4 10 3 10 2 9 1 10 -1 10 -2 11 -3 12 -4 14 -4 16 -3 18 -3 21 -1 22 1 22 2 22
CSI_META: ts=3482586463 rssi=-31 noise_floor=-98 channel=6 secondary_channel=0 sig_mode=0 mcs=0 rate=9 cwb=0 sgi=0 stbc=0 ant=0 len=128 rx_state=0 seq=-1 tx_mac=52:40:27:94:0a:bb
CSI_DATA: 28 -64 1 0 12 12 9 10 8 10 6 9 4 10 3 11 2 12 2 13 3 14 3 14 5 14 5 13 6 12 6 11 5 10 5 8 3 7 2 6 0 5 -1 5 -2 5 -3 5 -4 5 -5 5 -6 5 0 0 0 0 0 0 0 0 0 0 0 0 0 0 0 0 0 0 0 0 0 0 5 -1 5 0 5 2 5 3 6 4 6 5 6 6 8 7 8 8 9 8 10 8 9 8 9 7 9 7 7 7 6 8 5 8 4 10 4 11 3 13 4 15 6 17 7 19 9 19 12 19 13 18
CSI_META: ts=3482586617 rssi=-31 noise_floor=-98 channel=6 secondary_channel=0 sig_mode=0 mcs=0 rate=9 cwb=0 sgi=0 stbc=0 ant=0 len=128 rx_state=0 seq=-1 tx_mac=52:40:27:94:0a:bb
CSI_DATA: 28 -64 1 0 26 12 23 10 18 11 16 11 13 12 12 14 11 16 11 18 12 19 13 19 15 18 16 18 16 16 16 15 14 12 13 11 11 10 8 8 6 8 4 7 2 8 0 9 -3 9 -4 10 -6 10 0 0 0 0 0 0 0 0 0 0 0 0 0 0 0 0 0 0 0 0 0 0 8 -4 9 -1 10 0 12 2 13 3 14 4 15 5 17 5 19 6 19 6 20 6 19 6 18 5 17 6 15 7 13 9 12 11 12 13 13 16 15 19 16 21 20 23 23 24 26 23 30 22 31 20
CSI_META: ts=3483074039 rssi=-31 noise_floor=-98 channel=6 secondary_channel=0 sig_mode=0 mcs=0 rate=9 cwb=0 sgi=0 stbc=0 ant=0 len=128 rx_state=0 seq=-1 tx_mac=52:40:27:94:0a:bb
CSI_DATA: 28 -64 1 0 -18 7 -18 8 -18 10 -17 10 -15 11 -14 11 -12 11 -10 11 -9 9 -8 7 -8 5 -8 4 -8 2 -9 1 -10 0 -10 -1 -10 0 -10 -1 -10 -1 -10 0 -9 -1 -9 -1 -8 -1 -7 -2 -6 -2 0 0 0 0 0 0 0 0 0 0 0 0 0 0 0 0 0 0 0 0 0 0 3 8 3 8 2 8 2 8 1 7 1 7 0 6 -1 6 -3 6 -5 6 -7 6 -8 7 -10 7 -11 8 -12 9 -12 11 -12 12 -11 13 -10 13 -9 13 -8 13 -8 12 -8 11 -9 9 -11 7 -13 6
CSI_META: ts=3483236740 rssi=-32 noise_floor=-98 channel=6 secondary_channel=0 sig_mode=0 mcs=0 rate=9 cwb=0 sgi=0 stbc=0 ant=0 len=128 rx_state=0 seq=-1 tx_mac=52:40:27:94:0a:bb
CSI_DATA: 28 -64 1 0 -16 -21 -8 -22 -4 -22 2 -17 2 -15 2 -15 2 -18 3 -19 4 -23 6 -22 4 -23 4 -21 0 -23 2 -21 1 -20 0 -17 0 -15 1 -13 1 -10 3 -8 4 -7 5 -5 7 -4 9 -3 10 -2 0 0 0 0 0 0 0 0 0 0 0 0 0 0 0 0 0 0 0 0 0 0 -8 -3 -8 -5 -8 -7 -8 -10 -8 -12 -9 -12 -9 -14 -11 -15 -13 -16 -12 -16 -12 -17 -8 -15 -7 -14 -10 -15 -9 -15 -1 -13 -5 -17 -1 -18 1 -17 0 -21 0 -28 0 -34 2 -31 -3 -37 -6 -29 -10 -33
CSI_META: ts=3483686509 rssi=-31 noise_floor=-98 channel=6 secondary_channel=0 sig_mode=0 mcs=0 rate=9 cwb=0 sgi=0 stbc=0 ant=0 len=128 rx_state=0 seq=-1 tx_mac=52:40:27:94:0a:bb
CSI_DATA: 28 -64 1 0 -19 7 -19 8 -19 9 -17 10 -16 11 -15 11 -13 11 -11 11 -9 9 -8 8 -8 6 -8 5 -8 3 -9 2 -9 0 -10 0 -10 -1 -10 -1 -10 -1 -10 -1 -10 -1 -9 -1 -9 -1 -8 -2 -7 -3 0 0 0 0 0 0 0 0 0 0 0 0 0 0 0 0 0 0 0 0 0 0 3 8 2 8 2 8 1 8 1 7 0 7 -1 6 -3 6 -4 6 -6 6 -8 6 -9 6 -11 7 -12 8 -13 9 -13 11 -12 12 -12 13 -11 13 -10 13 -9 12 -9 12 -9 10 -10 8 -11 7 -13 6
CSI_META: ts=3484753116 rssi=-32 noise_floor=-98 channel=6 secondary_channel=0 sig_mode=0 mcs=0 rate=9 cwb=0 sgi=0 stbc=0 ant=0 len=128 rx_state=0 seq=-1 tx_mac=52:40:27:94:0a:bb
CSI_DATA: 28 -64 1 0 20 -22 20 -24 19 -27 17 -26 14 -27 11 -27 9 -25 6 -23 6 -20 6 -17 6 -14 7 -11 9 -8 11 -8 13 -7 15 -6 15 -5 15 -6 14 -6 14 -5 13 -5 13 -4 12 -3 10 -2 10 0 0 0 0 0 0 0 0 0 0 0 0 0 0 0 0 0 0 0 0 0 0 0 -13 -9 -12 -10 -11 -10 -10 -11 -9 -10 -8 -10 -7 -10 -5 -11 -2 -11 1 -13 3 -14 6 -16 8 -18 9 -20 9 -23 8 -25 7 -27 6 -28 4 -27 2 -27 1 -25 1 -23 3 -22 6 -19 9 -18 13 -19
CSI_META: ts=3485089436 rssi=-31 noise_floor=-98 channel=6 secondary_channel=0 sig_mode=0 mcs=0 rate=9 cwb=0 sgi=0 stbc=0 ant=0 len=128 rx_state=0 seq=-1 tx_mac=52:40:27:94:0a:bb
CSI_DATA: 28 -64 1 0 12 18 12 16 13 15 12 12 11 10 10 8 8 8 6 7 4 8 3 8 2 9 2 10 2 10 2 12 2 12 2 11 2 11 2 10 2 9 2 8 1 7 1 6 0 6 -1 5 -2 4 0 0 0 0 0 0 0 0 0 0 0 0 0 0 0 0 0 0 0 0 0 0 6 -3 5 -1 5 0 5 1 5 3 5 4 5 5 5 7 6 8 7 9 8 10 9 11 10 11 10 10 10 9 10 9 9 8 9 8 8 8 6 9 5 9 5 11 4 14 5 16 6 18 8 20
CSI_META: ts=3485887345 rssi=-31 noise_floor=-98 channel=6 secondary_channel=0 sig_mode=0 mcs=0 rate=9 cwb=0 sgi=0 stbc=0 ant=0 len=128 rx_state=0 seq=-1 tx_mac=52:40:27:94:0a:bb
CSI_DATA: 28 -64 1 0 36 -10 32 -12 30 -13 25 -13 22 -12 19 -11 17 -8 15 -7 15 -3 16 -1 17 0 18 1 19 2 20 1 20 1 20 1 18 0 17 0 15 -1 13 0 12 0 10 1 8 2 7 4 5 5 0 0 0 0 0 0 0 0 0 0 0 0 0 0 0 0 0 0 0 0 0 0 -1 -12 1 -11 3 -10 5 -9 7 -8 8 -7 10 -6 13 -6 16 -6 19 -6 21 -7 22 -8 22 -10 23 -11 21 -12 20 -13 18 -11 18 -11 17 -9 18 -6 18 -4 21 -3 24 -1 28 0 32 0 34 -3
CSI_META: ts=3486116329 rssi=-32 noise_floor=-98 channel=6 secondary_channel=0 sig_mode=0 mcs=0 rate=9 cwb=0 sgi=0 stbc=0 ant=0 len=128 rx_state=0 seq=-1 tx_mac=52:40:27:94:0a:bb
CSI_DATA: 28 -64 1 0 17 30 18 27 19 24 18 20 17 17 14 14 11 13 8 12 6 13 3 14 3 15 2 16 1 18 2 18 2 20 2 19 2 18 3 16 2 14 2 13 1 11 0 10 -1 9 -3 7 -5 6 0 0 0 0 0 0 0 0 0 0 0 0 0 0 0 0 0 0 0 0 0 0 10 -4 9 -3 9 -1 8 2 8 4 8 6 8 8 8 11 10 13 11 15 12 17 13 18 15 17 16 17 16 16 16 15 15 14 14 13 12 13 10 14 8 15 7 18 5 22 6 25 8 29 10 32
CSI_META: ts=3486387324 rssi=-31 noise_floor=-98 channel=6 secondary_channel=0 sig_mode=0 mcs=0 rate=9 cwb=0 sgi=0 stbc=0 ant=0 len=128 rx_state=0 seq=-1 tx_mac=52:40:27:94:0a:bb
CSI_DATA: 28 -64 1 0 15 18 16 15 16 13 15 11 13 9 12 7 9 7 7 7 5 7 4 8 3 9 3 10 3 11 3 12 3 12 4 12 4 11 4 10 3 9 3 8 2 7 1 6 0 5 -1 4 -2 4 0 0 0 0 0 0 0 0 0 0 0 0 0 0 0 0 0 0 0 0 0 0 6 -5 6 -4 6 -2 5 -1 6 1 6 2 6 4 7 5 8 7 9 8 10 9 11 9 13 9 13 9 13 8 13 7 12 6 11 6 10 6 9 7 7 8 7 10 6 13 7 15 9 18 11 19
CSI_META: ts=3487136911 rssi=-31 noise_floor=-98 channel=6 secondary_channel=0 sig_mode=0 mcs=0 rate=9 cwb=0 sgi=0 stbc=0 ant=0 len=128 rx_state=0 seq=-1 tx_mac=52:40:27:94:0a:bb
CSI_DATA: 28 -64 1 0 8 -21 6 -21 4 -19 3 -17 2 -15 2 -13 2 -11 3 -10 5 -9 6 -9 7 -9 8 -9 8 -10 8 -10 7 -11 7 -10 6 -10 5 -9 5 -8 4 -6 4 -6 4 -4 4 -3 5 -1 5 0 0 0 0 0 0 0 0 0 0 0 0 0 0 0 0 0 0 0 0 0 0 0 -7 -5 -6 -6 -5 -6 -4 -6 -2 -6 -1 -7 0 -7 1 -8 3 -9 4 -11 4 -13 4 -14 4 -15 3 -16 3 -16 2 -15 1 -15 1 -14 1 -13 3 -12 4 -11 6 -11 8 -12 10 -13 11 -16 11 -18
CSI_META: ts=3487916309 rssi=-32 noise_floor=-98 channel=6 secondary_channel=0 sig_mode=0 mcs=0 rate=9 cwb=0 sgi=0 stbc=0 ant=0 len=128 rx_state=0 seq=-1 tx_mac=52:40:27:94:0a:bb
CSI_DATA: 28 -64 1 0 17 30 19 27 19 24 19 20 17 16 15 14 11 12 8 12 6 12 4 14 3 15 2 17 2 18 2 19 3 19 3 19 3 17 3 16 3 14 3 13 2 11 1 10 -1 8 -3 7 -5 6 0 0 0 0 0 0 0 0 0 0 0 0 0 0 0 0 0 0 0 0 0 0 10 -5 9 -3 9 -1 9 1 8 3 8 5 7 8 8 10 9 13 11 15 12 17 13 18 15 17 16 17 17 16 16 15 15 14 14 12 12 12 10 14 8 15 7 18 6 21 7 25 9 28 10 32
CSI_META: ts=3488158984 rssi=-31 noise_floor=-98 channel=6 secondary_channel=0 sig_mode=0 mcs=0 rate=9 cwb=0 sgi=0 stbc=0 ant=0 len=128 rx_state=0 seq=-1 tx_mac=52:40:27:94:0a:bb
CSI_DATA: 28 -64 1 0 7 21 8 19 9 17 8 14 8 12 6 10 5 9 3 9 1 9 0 10 -1 10 -1 11 -1 12 -1 12 0 12 0 12 1 11 0 10 1 8 0 7 0 6 -1 6 -2 4 -3 3 -4 3 0 0 0 0 0 0 0 0 0 0 0 0 0 0 0 0 0 0 0 0 0 0 7 -1 7 0 6 0 5 2 4 3 4 4 3 5 3 7 3 9 4 10 4 12 5 13 6 13 7 13 7 13 7 12 7 11 7 10 6 10 5 10 3 10 2 12 0 14 1 16 1 19 2 21
CSI_META: ts=3488159080 rssi=-31 noise_floor=-98 channel=6 secondary_channel=0 sig_mode=0 mcs=0 rate=9 cwb=0 sgi=0 stbc=0 ant=0 len=128 rx_state=0 seq=-1 tx_mac=52:40:27:94:0a:bb
CSI_DATA: 28 -64 1 0 4 -23 2 -20 1 -21 0 -18 0 -16 0 -14 1 -12 1 -10 3 -10 4 -10 5 -9 5 -9 6 -9 7 -12 6 -11 6 -11 6 -10 5 -10 4 -9 4 -8 3 -7 4 -6 3 -4 4 -3 4 -1 0 0 0 0 0 0 0 0 0 0 0 0 0 0 0 0 0 0 0 0 0 0 -7 -4 -6 -4 -5 -5 -4 -5 -3 -6 -1 -7 0 -8 1 -9 1 -11 2 -13 2 -14 1 -15 1 -15 0 -15 0 -15 -1 -15 -1 -13 -1 -14 0 -12 1 -12 3 -11 4 -12 7 -14 8 -15 8 -18 9 -20
CSI_META: ts=3488405961 rssi=-30 noise_floor=-98 channel=6 secondary_channel=0 sig_mode=0 mcs=0 rate=9 cwb=0 sgi=0 stbc=0 ant=0 len=128 rx_state=0 seq=-1 tx_mac=52:40:27:94:0a:bb
CSI_DATA: 28 -64 1 0 -14 12 -12 9 -11 8 -11 5 -11 4 -12 3 -13 2 -13 2 -15 2 -15 3 -15 4 -14 4 -14 5 -13 5 -11 5 -10 4 -8 3 -7 2 -6 1 -6 -1 -6 -2 -6 -3 -5 -4 -5 -5 -5 -6 0 0 0 0 0 0 0 0 0 0 0 0 0 0 0 0 0 0 0 0 0 0 0 5 -2 5 -3 5 -5 6 -6 6 -6 7 -7 7 -8 8 -8 9 -9 9 -9 10 -8 10 -8 9 -8 8 -8 7 -9 6 -9 4 -11 3 -12 3 -15 4 -17 4 -18 5 -20 7 -20 9 -20 11 -19 12
CSI_META: ts=3488435249 rssi=-31 noise_floor=-98 channel=6 secondary_channel=0 sig_mode=0 mcs=0 rate=9 cwb=0 sgi=0 stbc=0 ant=0 len=128 rx_state=0 seq=-1 tx_mac=52:40:27:94:0a:bb
CSI_DATA: 28 -64 1 0 24 -16 21 -14 19 -10 18 -7 18 -4 19 -3 21 -1 22 -2 23 -2 24 -3 24 -5 24 -6 22 -6 20 -8 18 -8 16 -6 13 -5 11 -3 9 -1 8 1 8 3 8 5 8 7 7 8 7 10 0 0 0 0 0 0 0 0 0 0 0 0 0 0 0 0 0 0 0 0 0 0 1 -9 3 -9 6 -9 8 -9 10 -9 12 -9 13 -10 15 -11 16 -12 17 -13 17 -14 16 -14 16 -13 15 -11 15 -10 14 -8 15 -6 17 -4 20 -2 24 -2 27 -3 30 -5 32 -6 35 -10 35 -13 34 -16
CSI_META: ts=3488435376 rssi=-31 noise_floor=-98 channel=6 secondary_channel=0 sig_mode=0 mcs=0 rate=9 cwb=0 sgi=0 stbc=0 ant=0 len=128 rx_state=0 seq=-1 tx_mac=52:40:27:94:0a:bb
CSI_DATA: 28 -64 1 0 -16 -5 -14 -4 -11 -5 -10 -5 -9 -6 -8 -8 -8 -9 -8 -10 -9 -10 -10 -10 -11 -9 -11 -9 -11 -8 -11 -7 -10 -6 -9 -5 -7 -5 -6 -5 -4 -4 -3 -5 -2 -5 -1 -6 0 -6 0 -7 2 -7 0 0 0 0 0 0 0 0 0 0 0 0 0 0 0 0 0 0 0 0 0 0 -5 2 -5 1 -7 0 -7 -1 -8 -2 -9 -2 -9 -3 -10 -3 -11 -3 -12 -3 -12 -3 -12 -3 -11 -3 -11 -3 -10 -3 -9 -4 -8 -5 -8 -7 -9 -8 -10 -10 -11 -11 -13 -12 -15 -12 -17 -11 -19 -10 -19 -9
CSI_META: ts=3488435484 rssi=-31 noise_floor=-98 channel=6 secondary_channel=0 sig_mode=0 mcs=0 rate=9 cwb=0 sgi=0 stbc=0 ant=0 len=128 rx_state=0 seq=-1 tx_mac=52:40:27:94:0a:bb
CSI_DATA: 28 -64 1 0 -10 -16 -9 -13 -7 -13 -5 -11 -3 -11 -2 -12 -1 -13 -1 -14 -1 -15 -1 -15 -2 -15 -3 -15 -4 -14 -4 -14 -4 -12 -4 -11 -3 -10 -2 -9 -1 -7 0 -6 1 -6 2 -5 3 -5 4 -4 5 -4 0 0 0 0 0 0 0 0 0 0 0 0 0 0 0 0 0 0 0 0 0 0 -6 -2 -6 -3 -6 -5 -6 -6 -7 -7 -7 -8 -7 -9 -8 -9 -9 -10 -9 -10 -9 -10 -9 -10 -8 -10 -7 -9 -6 -9 -5 -10 -3 -11 -3 -12 -2 -13 -2 -15 -2 -17 -3 -19 -5 -21 -7 -22 -9 -22 -10 -21
CSI_META: ts=3488925530 rssi=-31 noise_floor=-98 channel=6 secondary_channel=0 sig_mode=0 mcs=0 rate=9 cwb=0 sgi=0 stbc=0 ant=0 len=128 rx_state=0 seq=-1 tx_mac=52:40:27:94:0a:bb
CSI_DATA: 28 -64 1 0 -13 -5 -13 -7 -12 -9 -13 -10 -14 -10 -15 -10 -16 -9 -16 -8 -16 -7 -15 -5 -14 -4 -13 -3 -12 -3 -9 -3 -8 -4 -6 -5 -5 -5 -4 -6 -3 -7 -3 -8 -2 -9 -2 -9 -2 -9 -2 -9 -1 -9 0 0 0 0 0 0 0 0 0 0 0 0 0 0 0 0 0 0 0 0 0 0 -6 5 -7 5 -8 5 -9 5 -9 5 -9 5 -9 4 -9 4 -9 4 -10 3 -10 2 -9 1 -9 -1 -10 -3 -11 -4 -12 -6 -14 -6 -15 -7 -17 -6 -19 -5 -20 -4 -20 -3 -20 -2 -20 -1 -19 0 -17 -1
CSI_META: ts=3488925626 rssi=-31 noise_floor=-98 channel=6 secondary_channel=0 sig_mode=0 mcs=0 rate=9 cwb=0 sgi=0 stbc=0 ant=0 len=128 rx_state=0 seq=-1 tx_mac=52:40:27:94:0a:bb
CSI_DATA: 28 -64 1 0 7 11 6 11 5 14 5 14 5 15 7 15 8 15 8 14 9 14 9 11 9 10 8 8 6 7 6 7 4 6 2 7 0 6 -1 6 -2 6 -3 7 -3 7 -4 8 -4 8 -4 7 -5 6 0 0 0 0 0 0 0 0 0 0 0 0 0 0 0 0 0 0 0 0 0 0 7 -2 7 -1 9 -1 9 0 10 0 9 0 10 1 10 1 10 1 9 2 9 3 7 4 7 5 6 6 6 8 6 10 7 11 9 13 10 13 12 14 13 14 15 12 15 13 15 11 15 10 13 9
CSI_META: ts=3489474946 rssi=-31 noise_floor=-98 channel=6 secondary_channel=0 sig_mode=0 mcs=0 rate=9 cwb=0 sgi=0 stbc=0 ant=0 len=128 rx_state=0 seq=-1 tx_mac=52:40:27:94:0a:bb
CSI_DATA: 28 -64 1 0 0 -14 2 -13 4 -15 4 -15 4 -16 4 -17 3 -17 1 -18 0 -17 -1 -16 -2 -15 -2 -13 -2 -12 -1 -10 0 -9 1 -7 3 -6 3 -6 4 -5 5 -5 6 -5 7 -5 7 -5 7 -4 7 -4 0 0 0 0 0 0 0 0 0 0 0 0 0 0 0 0 0 0 0 0 0 0 -7 -4 -7 -6 -8 -6 -8 -7 -8 -7 -8 -8 -7 -7 -7 -8 -7 -8 -6 -8 -5 -8 -3 -9 -2 -9 -1 -10 1 -11 1 -13 1 -15 1 -17 0 -18 -1 -19 -3 -20 -4 -20 -5 -20 -5 -19 -5 -17 -4 -17
CSI_META: ts=3489932371 rssi=-31 noise_floor=-98 channel=6 secondary_channel=0 sig_mode=0 mcs=0 rate=9 cwb=0 sgi=0 stbc=0 ant=0 len=128 rx_state=0 seq=-1 tx_mac=52:40:27:94:0a:bb
CSI_DATA: 28 -64 1 0 15 27 16 27 18 27 20 25 21 23 22 20 21 17 19 14 17 12 14 11 12 10 9 10 6 11 4 13 2 13 2 15 1 15 0 15 0 15 0 15 0 15 -1 14 -1 13 -2 12 -3 10 0 0 0 0 0 0 0 0 0 0 0 0 0 0 0 0 0 0 0 0 0 0 12 -9 12 -8 13 -7 12 -6 12 -4 11 -3 11 -1 10 1 11 4 11 6 12 9 13 12 15 14 17 16 19 16 21 17 22 16 24 15 24 13 24 12 23 10 22 10 18 11 17 13 16 15 14 19
CSI_META: ts=3490137497 rssi=-31 noise_floor=-98 channel=6 secondary_channel=0 sig_mode=0 mcs=0 rate=9 cwb=0 sgi=0 stbc=0 ant=0 len=128 rx_state=0 seq=-1 tx_mac=52:40:27:94:0a:bb
CSI_DATA: 28 -64 1 0 17 3 14 3 12 4 11 5 9 5 9 7 9 8 9 9 10 9 11 9 12 8 12 7 12 6 11 5 10 5 9 4 7 3 5 3 4 3 3 4 2 4 1 5 0 6 -1 7 -2 7 0 0 0 0 0 0 0 0 0 0 0 0 0 0 0 0 0 0 0 0 0 0 4 -4 5 -3 6 -2 6 0 7 0 8 1 9 1 10 2 12 2 12 2 13 2 12 2 12 1 11 1 10 2 9 3 8 4 9 6 9 7 10 9 12 10 15 11 16 11 18 11 20 9 21 8
CSI_META: ts=3490585613 rssi=-31 noise_floor=-98 channel=6 secondary_channel=0 sig_mode=0 mcs=0 rate=9 cwb=0 sgi=0 stbc=0 ant=0 len=128 rx_state=0 seq=-1 tx_mac=52:40:27:94:0a:bb
CSI_DATA: 28 -64 1 0 -7 10 -8 9 -10 9 -11 9 -12 10 -12 11 -12 11 -10 13 -9 13 -8 13 -7 12 -6 11 -5 9 -5 8 -5 7 -5 5 -5 3 -6 2 -6 1 -7 0 -7 -1 -8 -1 -8 -2 -9 -2 -9 -3 0 0 0 0 0 0 0 0 0 0 0 0 0 0 0 0 0 0 0 0 0 0 4 6 4 7 4 7 4 7 4 8 4 8 3 8 3 8 2 8 1 8 0 8 -1 8 -3 8 -5 8 -6 9 -8 10 -8 11 -9 13 -8 15 -8 16 -7 17 -5 18 -5 18 -4 18 -3 16 -3 15
CSI_META: ts=3491703370 rssi=-31 noise_floor=-98 channel=6 secondary_channel=0 sig_mode=0 mcs=0 rate=9 cwb=0 sgi=0 stbc=0 ant=0 len=128 rx_state=0 seq=-1 tx_mac=52:40:27:94:0a:bb
CSI_DATA: 28 -64 1 0 6 -12 7 -11 9 -12 10 -11 10 -12 10 -13 10 -14 8 -15 8 -16 6 -15 5 -14 4 -13 3 -11 3 -10 3 -8 4 -6 4 -5 5 -4 6 -3 6 -2 7 -2 7 -1 8 -1 8 -1 8 0 0 0 0 0 0 0 0 0 0 0 0 0 0 0 0 0 0 0 0 0 0 0 -5 -7 -5 -8 -4 -9 -4 -9 -4 -10 -4 -10 -4 -10 -3 -10 -3 -10 -2 -9 -1 -9 1 -9 2 -9 4 -9 5 -10 7 -12 8 -13 8 -15 7 -16 7 -18 6 -19 5 -20 4 -20 3 -19 2 -18 3 -17
CSI_META: ts=3491817498 rssi=-32 noise_floor=-98 channel=6 secondary_channel=0 sig_mode=0 mcs=0 rate=9 cwb=0 sgi=0 stbc=0 ant=0 len=128 rx_state=0 seq=-1 tx_mac=52:40:27:94:0a:bb
CSI_DATA: 28 -64 1 0 16 -31 12 -30 10 -30 7 -26 5 -23 5 -20 5 -17 5 -15 8 -12 9 -11 11 -10 13 -10 14 -10 15 -12 14 -12 15 -12 13 -12 12 -11 11 -10 10 -9 9 -8 8 -6 7 -4 7 -2 7 0 0 0 0 0 0 0 0 0 0 0 0 0 0 0 0 0 0 0 0 0 0 0 -9 -6 -7 -7 -6 -8 -4 -8 -2 -9 0 -11 1 -12 3 -14 4 -16 6 -18 7 -20 6 -22 6 -23 5 -23 4 -22 2 -23 2 -20 2 -20 3 -17 6 -16 8 -15 11 -16 15 -18 18 -19 20 -22 20 -26
CSI_META: ts=3492357476 rssi=-31 noise_floor=-98 channel=6 secondary_channel=0 sig_mode=0 mcs=0 rate=9 cwb=0 sgi=0 stbc=0 ant=0 len=128 rx_state=0 seq=-1 tx_mac=52:40:27:94:0a:bb
CSI_DATA: 28 -64 1 0 14 -11 15 -13 14 -14 13 -15 11 -15 9 -15 8 -14 6 -13 5 -12 5 -10 5 -8 5 -6 6 -5 7 -4 8 -3 9 -2 9 -3 9 -2 9 -2 9 -3 8 -2 8 -2 7 -1 7 -1 6 0 0 0 0 0 0 0 0 0 0 0 0 0 0 0 0 0 0 0 0 0 0 0 -7 -7 -6 -8 -5 -8 -4 -8 -4 -8 -3 -7 -2 -7 -1 -7 1 -7 2 -8 4 -9 5 -9 7 -10 8 -12 8 -13 8 -14 7 -15 6 -16 6 -16 5 -16 4 -15 4 -14 4 -13 6 -12 8 -11 10 -11
CSI_META: ts=3493446364 rssi=-31 noise_floor=-98 channel=6 secondary_channel=0 sig_mode=0 mcs=0 rate=9 cwb=0 sgi=0 stbc=0 ant=0 len=128 rx_state=0 seq=-1 tx_mac=52:40:27:94:0a:bb
CSI_DATA: 28 -64 1 0 -21 29 -18 29 -14 28 -12 25 -9 23 -8 19 -8 16 -9 13 -10 12 -12 10 -13 9 -15 9 -16 9 -17 11 -17 11 -17 11 -15 11 -14 10 -12 9 -11 8 -10 6 -10 5 -9 3 -8 1 -8 -1 0 0 0 0 0 0 0 0 0 0 0 0 0 0 0 0 0 0 0 0 0 0 7 7 5 8 3 8 1 8 -1 9 -3 10 -5 11 -7 13 -9 15 -11 17 -11 19 -11 20 -11 21 -10 22 -9 21 -8 21 -7 19 -7 19 -8 16 -10 15 -13 14 -15 14 -18 15 -22 17 -24 20 -25 23
CSI_META: ts=3493452496 rssi=-31 noise_floor=-98 channel=6 secondary_channel=0 sig_mode=0 mcs=0 rate=9 cwb=0 sgi=0 stbc=0 ant=0 len=128 rx_state=0 seq=-1 tx_mac=52:40:27:94:0a:bb
CSI_DATA: 28 -64 1 0 0 21 1 20 3 19 3 16 3 14 3 12 2 10 0 9 -1 9 -3 9 -4 9 -4 10 -5 10 -5 11 -4 11 -4 11 -4 10 -3 10 -3 8 -3 7 -3 6 -3 5 -3 4 -4 3 -5 2 0 0 0 0 0 0 0 0 0 0 0 0 0 0 0 0 0 0 0 0 0 0 6 1 5 2 4 3 3 4 2 4 2 6 1 7 0 8 0 10 0 11 0 13 1 14 1 14 2 14 3 13 3 13 3 12 3 12 2 10 0 10 -1 11 -2 12 -4 14 -5 15 -5 17 -5 20
CSI_META: ts=3493452746 rssi=-31 noise_floor=-98 channel=6 secondary_channel=0 sig_mode=0 mcs=0 rate=9 cwb=0 sgi=0 stbc=0 ant=0 len=128 rx_state=0 seq=-1 tx_mac=52:40:27:94:0a:bb
CSI_DATA: 28 -64 1 0 -17 -19 -17 -16 -17 -15 -15 -12 -14 -10 -12 -9 -10 -8 -8 -8 -7 -9 -5 -10 -5 -11 -5 -12 -5 -12 -5 -13 -5 -13 -6 -13 -5 -12 -5 -11 -4 -10 -4 -9 -4 -8 -3 -7 -2 -7 0 -6 1 -5 0 0 0 0 0 0 0 0 0 0 0 0 0 0 0 0 0 0 0 0 0 0 -7 3 -7 1 -7 0 -6 -1 -7 -3 -7 -4 -7 -6 -7 -7 -9 -9 -10 -10 -11 -11 -12 -12 -13 -11 -13 -11 -13 -10 -14 -9 -12 -9 -12 -8 -10 -8 -9 -9 -8 -10 -8 -13 -7 -15 -8 -18 -10 -20 -11 -22
CSI_META: ts=3493452873 rssi=-31 noise_floor=-98 channel=6 secondary_channel=0 sig_mode=0 mcs=0 rate=9 cwb=0 sgi=0 stbc=0 ant=0 len=128 rx_state=0 seq=-1 tx_mac=52:40:27:94:0a:bb
CSI_DATA: 28 -64 1 0 -4 21 -2 20 0 19 0 16 1 14 1 12 0 11 -1 9 -2 9 -4 8 -5 8 -6 9 -6 9 -6 10 -6 10 -6 10 -5 10 -5 9 -4 8 -4 7 -4 6 -4 5 -4 4 -4 3 -5 1 0 0 0 0 0 0 0 0 0 0 0 0 0 0 0 0 0 0 0 0 0 0 6 2 4 3 3 4 2 4 1 5 0 6 -1 7 -1 8 -2 10 -2 11 -2 13 -2 14 -1 14 0 14 0 14 1 14 1 12 0 12 0 10 -2 11 -3 10 -5 11 -6 13 -8 14 -8 17 -8 19
CSI_META: ts=3493795413 rssi=-31 noise_floor=-98 channel=6 secondary_channel=0 sig_mode=0 mcs=0 rate=9 cwb=0 sgi=0 stbc=0 ant=0 len=128 rx_state=0 seq=-1 tx_mac=52:40:27:94:0a:bb
CSI_DATA: 28 -64 1 0 18 -2 19 -3 19 -4 19 -5 18 -6 16 -7 14 -8 12 -8 11 -7 9 -6 8 -4 8 -3 7 -1 8 0 8 1 9 3 8 3 8 3 8 3 8 3 8 3 8 3 7 3 6 3 5 3 0 0 0 0 0 0 0 0 0 0 0 0 0 0 0 0 0 0 0 0 0 0 -2 -9 -1 -9 -1 -9 0 -9 1 -8 1 -7 2 -7 3 -6 4 -5 6 -5 8 -4 10 -4 11 -5 13 -5 14 -6 14 -8 14 -9 14 -10 13 -10 12 -11 11 -10 11 -10 10 -8 11 -6 12 -4 13 -3
CSI_META: ts=3495739337 rssi=-31 noise_floor=-98 channel=6 secondary_channel=0 sig_mode=0 mcs=0 rate=9 cwb=0 sgi=0 stbc=0 ant=0 len=128 rx_state=0 seq=-1 tx_mac=52:40:27:94:0a:bb
CSI_DATA: 28 -64 1 0 -24 -8 -22 -5 -21 -4 -18 -2 -17 -1 -14 -2 -12 -2 -10 -2 -9 -4 -8 -6 -9 -7 -9 -8 -9 -9 -10 -9 -10 -9 -10 -9 -10 -8 -9 -7 -8 -6 -8 -6 -6 -6 -6 -5 -4 -5 -3 -5 -1 -5 0 0 0 0 0 0 0 0 0 0 0 0 0 0 0 0 0 0 0 0 0 0 -3 6 -4 5 -5 4 -6 2 -6 1 -7 0 -8 -1 -10 -2 -11 -2 -13 -3 -15 -3 -15 -3 -16 -2 -16 -2 -16 -1 -15 0 -14 0 -13 0 -12 -1 -12 -3 -11 -4 -12 -6 -13 -9 -15 -11 -17 -11 -20 -12
CSI_META: ts=3496988447 rssi=-30 noise_floor=-98 channel=6 secondary_channel=0 sig_mode=0 mcs=0 rate=9 cwb=0 sgi=0 stbc=0 ant=0 len=128 rx_state=0 seq=-1 tx_mac=52:40:27:94:0a:bb
CSI_DATA: 28 -64 1 0 19 -11 18 -11 15 -11 13 -11 11 -10 10 -9 9 -7 8 -6 9 -4 9 -3 10 -2 11 -2 11 -1 12 -2 12 -2 12 -2 11 -2 10 -3 8 -2 8 -2 7 -1 6 -1 5 1 4 1 3 3 0 0 0 0 0 0 0 0 0 0 0 0 0 0 0 0 0 0 0 0 0 0 -2 -8 -1 -7 0 -7 1 -7 2 -6 4 -6 5 -5 6 -6 8 -6 10 -6 11 -7 11 -8 12 -9 12 -10 12 -10 10 -10 10 -10 9 -9 9 -8 10 -7 10 -6 12 -5 13 -4 16 -4 19 -4 20 -6
CSI_META: ts=3496988610 rssi=-31 noise_floor=-98 channel=6 secondary_channel=0 sig_mode=0 mcs=0 rate=9 cwb=0 sgi=0 stbc=0 ant=0 len=128 rx_state=0 seq=-1 tx_mac=52:40:27:94:0a:bb
CSI_DATA: 28 -64 1 0 -11 -21 -11 -18 -11 -17 -11 -14 -10 -12 -9 -11 -7 -10 -6 -9 -4 -10 -3 -10 -2 -11 -2 -12 -2 -12 -2 -13 -3 -13 -3 -13 -3 -11 -3 -11 -3 -9 -3 -8 -2 -8 -1 -7 0 -6 1 -6 2 -5 0 0 0 0 0 0 0 0 0 0 0 0 0 0 0 0 0 0 0 0 0 0 -8 0 -7 -1 -7 -2 -6 -3 -5 -4 -5 -5 -5 -7 -5 -8 -5 -10 -6 -12 -6 -13 -7 -13 -7 -14 -8 -13 -9 -12 -9 -12 -9 -11 -9 -11 -7 -10 -6 -11 -5 -11 -4 -13 -3 -15 -3 -17 -4 -19 -5 -21
CSI_META: ts=3496988728 rssi=-31 noise_floor=-98 channel=6 secondary_channel=0 sig_mode=0 mcs=0 rate=9 cwb=0 sgi=0 stbc=0 ant=0 len=128 rx_state=0 seq=-1 tx_mac=52:40:27:94:0a:bb
CSI_DATA: 28 -64 1 0 -20 -13 -19 -10 -19 -8 -16 -6 -15 -5 -13 -4 -11 -4 -10 -5 -9 -6 -8 -7 -8 -8 -8 -9 -8 -9 -9 -10 -9 -9 -10 -9 -8 -8 -8 -7 -7 -6 -7 -6 -6 -6 -5 -5 -3 -5 -2 -5 0 -5 0 0 0 0 0 0 0 0 0 0 0 0 0 0 0 0 0 0 0 0 0 0 -7 4 -6 3 -7 2 -7 0 -7 -1 -7 -2 -7 -3 -8 -4 -9 -6 -11 -7 -12 -8 -13 -8 -13 -8 -14 -7 -14 -6 -15 -6 -13 -5 -13 -5 -11 -5 -11 -6 -11 -7 -10 -9 -11 -11 -12 -13 -14 -14 -16 -15
CSI_META: ts=3496992321 rssi=-31 noise_floor=-98 channel=6 secondary_channel=0 sig_mode=0 mcs=0 rate=9 cwb=0 sgi=0 stbc=0 ant=0 len=128 rx_state=0 seq=-1 tx_mac=52:40:27:94:0a:bb
CSI_DATA: 28 -64 1 0 -23 -3 -22 -1 -20 0 -18 1 -16 2 -14 2 -12 1 -11 0 -10 -1 -10 -2 -10 -4 -10 -4 -11 -5 -11 -5 -12 -5 -12 -5 -11 -4 -10 -4 -9 -3 -9 -3 -8 -3 -7 -3 -6 -4 -5 -4 -3 -5 0 0 0 0 0 0 0 0 0 0 0 0 0 0 0 0 0 0 0 0 0 0 -3 6 -4 5 -5 3 -6 2 -6 2 -7 0 -8 0 -10 -1 -11 -1 -13 -1 -14 -1 -15 -1 -15 0 -15 0 -15 1 -14 1 -14 1 -13 1 -12 0 -12 -1 -12 -2 -13 -4 -14 -5 -16 -7 -19 -7 -20 -7
CSI_META: ts=3496992448 rssi=-31 noise_floor=-98 channel=6 secondary_channel=0 sig_mode=0 mcs=0 rate=9 cwb=0 sgi=0 stbc=0 ant=0 len=128 rx_state=0 seq=-1 tx_mac=52:40:27:94:0a:bb
CSI_DATA: 28 -64 1 0 11 18 12 16 12 15 12 12 11 10 9 8 7 8 5 8 4 8 3 9 3 10 3 11 3 11 3 12 4 12 4 11 4 10 3 9 3 8 3 7 2 6 1 5 0 5 -2 4 -3 4 0 0 0 0 0 0 0 0 0 0 0 0 0 0 0 0 0 0 0 0 0 0 7 -2 7 -1 6 0 6 1 5 2 4 3 4 5 4 6 5 8 5 9 6 11 7 12 8 12 9 12 9 11 9 11 9 10 9 9 8 9 7 9 6 10 5 11 4 13 4 15 6 18 7 19
CSI_META: ts=3496992620 rssi=-31 noise_floor=-98 channel=6 secondary_channel=0 sig_mode=0 mcs=0 rate=9 cwb=0 sgi=0 stbc=0 ant=0 len=128 rx_state=0 seq=-1 tx_mac=52:40:27:94:0a:bb
CSI_DATA: 28 -64 1 0 -20 -12 -19 -9 -18 -8 -17 -6 -15 -4 -14 -4 -11 -4 -10 -5 -9 -6 -8 -7 -8 -8 -8 -9 -8 -9 -9 -10 -9 -9 -10 -9 -9 -8 -8 -7 -7 -6 -7 -6 -6 -6 -5 -5 -3 -5 -2 -5 -1 -5 0 0 0 0 0 0 0 0 0 0 0 0 0 0 0 0 0 0 0 0 0 0 -7 4 -7 2 -6 2 -7 0 -7 -1 -7 -2 -7 -3 -8 -5 -9 -6 -10 -7 -12 -8 -12 -8 -13 -8 -14 -7 -14 -6 -14 -6 -13 -5 -13 -5 -12 -5 -11 -6 -10 -7 -10 -9 -10 -11 -12 -13 -14 -14 -16 -15
CSI_META: ts=3497144063 rssi=-31 noise_floor=-98 channel=6 secondary_channel=0 sig_mode=0 mcs=0 rate=9 cwb=0 sgi=0 stbc=0 ant=0 len=128 rx_state=0 seq=-1 tx_mac=52:40:27:94:0a:bb
CSI_DATA: 28 -64 1 0 -5 21 -3 20 -1 19 0 16 1 14 0 12 0 11 -1 9 -3 8 -4 8 -5 8 -6 8 -6 9 -7 10 -7 10 -6 10 -6 10 -5 9 -5 8 -4 7 -4 6 -4 5 -4 4 -4 3 -5 1 0 0 0 0 0 0 0 0 0 0 0 0 0 0 0 0 0 0 0 0 0 0 6 2 4 3 3 3 2 4 1 5 0 6 -1 7 -1 8 -2 10 -2 11 -2 13 -2 14 -1 14 -1 14 0 14 0 13 1 12 0 11 0 10 -2 10 -3 10 -5 11 -7 12 -8 14 -9 16 -9 18
CSI_META: ts=3497268342 rssi=-31 noise_floor=-98 channel=6 secondary_channel=0 sig_mode=0 mcs=0 rate=9 cwb=0 sgi=0 stbc=0 ant=0 len=128 rx_state=0 seq=-1 tx_mac=52:40:27:94:0a:bb
CSI_DATA: 28 -64 1 0 -12 19 -9 19 -7 18 -5 15 -4 14 -4 12 -4 10 -5 9 -6 8 -7 7 -9 7 -9 7 -10 8 -10 9 -9 9 -9 9 -8 8 -7 7 -6 6 -6 5 -5 4 -5 3 -5 2 -5 1 -6 -1 0 0 0 0 0 0 0 0 0 0 0 0 0 0 0 0 0 0 0 0 0 0 5 5 4 5 3 5 1 5 0 6 -1 6 -3 6 -4 7 -5 8 -6 9 -7 11 -7 12 -7 13 -7 13 -6 14 -5 14 -4 13 -4 13 -4 11 -5 10 -7 9 -8 9 -11 10 -13 11 -14 13 -15 15
CSI_META: ts=3497344036 rssi=-31 noise_floor=-98 channel=6 secondary_channel=0 sig_mode=0 mcs=0 rate=9 cwb=0 sgi=0 stbc=0 ant=0 len=128 rx_state=0 seq=-1 tx_mac=52:40:27:94:0a:bb
CSI_DATA: 28 -64 1 0 -18 7 -18 8 -18 9 -17 10 -16 11 -15 11 -12 11 -11 11 -10 10 -8 8 -8 6 -8 5 -8 3 -8 2 -9 1 -10 0 -10 -1 -10 -1 -10 -1 -10 -1 -10 -1 -10 -1 -9 -2 -8 -2 -7 -3 0 0 0 0 0 0 0 0 0 0 0 0 0 0 0 0 0 0 0 0 0 0 4 8 3 8 2 8 1 7 0 7 -1 7 -2 6 -3 6 -4 6 -7 6 -8 6 -10 7 -11 7 -12 8 -12 9 -13 11 -12 12 -12 13 -11 13 -10 13 -9 12 -9 11 -9 10 -10 9 -11 8 -13 7
CSI_META: ts=3497628257 rssi=-31 noise_floor=-98 channel=6 secondary_channel=0 sig_mode=0 mcs=0 rate=9 cwb=0 sgi=0 stbc=0 ant=0 len=128 rx_state=0 seq=-1 tx_mac=52:40:27:94:0a:bb
CSI_DATA: 28 -64 1 0 -11 16 -10 17 -10 18 -8 18 -6 18 -5 17 -3 15 -3 14 -2 12 -2 10 -3 8 -4 7 -5 6 -7 6 -8 5 -9 6 -9 5 -9 5 -9 5 -9 5 -8 4 -8 5 -7 4 -7 3 -7 1 0 0 0 0 0 0 0 0 0 0 0 0 0 0 0 0 0 0 0 0 0 0 7 5 7 5 6 5 6 5 5 6 5 6 3 6 2 6 1 7 -1 8 -2 9 -3 10 -4 11 -5 13 -4 14 -4 16 -3 16 -2 17 -1 17 0 16 0 15 0 14 -1 14 -3 12 -4 12 -6 13
CSI_META: ts=3497926376 rssi=-31 noise_floor=-98 channel=6 secondary_channel=0 sig_mode=0 mcs=0 rate=9 cwb=0 sgi=0 stbc=0 ant=0 len=128 rx_state=0 seq=-1 tx_mac=52:40:27:94:0a:bb
CSI_DATA: 28 -64 1 0 -30 3 -26 2 -22 0 -21 -2 -19 -4 -19 -6 -19 -8 -20 -9 -21 -10 -22 -9 -23 -9 -24 -8 -24 -6 -22 -5 -20 -4 -19 -3 -15 -3 -13 -3 -10 -4 -9 -5 -7 -6 -6 -8 -4 -9 -3 -10 -1 -12 0 0 0 0 0 0 0 0 0 0 0 0 0 0 0 0 0 0 0 0 0 0 -7 6 -9 6 -11 4 -13 4 -15 4 -16 4 -17 4 -19 4 -20 4 -21 5 -21 5 -20 5 -19 4 -18 3 -17 1 -17 -2 -17 -4 -19 -6 -21 -8 -24 -9 -27 -10 -30 -9 -33 -9 -36 -7 -38 -4 -38 -1
CSI_META: ts=3497926894 rssi=-31 noise_floor=-98 channel=6 secondary_channel=0 sig_mode=0 mcs=0 rate=9 cwb=0 sgi=0 stbc=0 ant=0 len=128 rx_state=0 seq=-1 tx_mac=52:40:27:94:0a:bb
CSI_DATA: 28 -64 1 0 6 -16 6 -14 6 -12 6 -10 7 -8 8 -8 9 -8 10 -8 11 -9 11 -10 10 -10 10 -10 9 -10 8 -11 7 -10 6 -9 5 -7 4 -6 4 -5 4 -3 4 -2 5 -1 5 0 6 1 6 2 0 0 0 0 0 0 0 0 0 0 0 0 0 0 0 0 0 0 0 0 0 0 -3 -5 -1 -6 0 -7 1 -8 2 -9 2 -10 3 -10 3 -11 3 -12 3 -12 3 -13 3 -12 3 -11 3 -10 4 -9 5 -9 6 -8 7 -8 9 -8 11 -9 12 -11 13 -13 14 -15 14 -17 13 -18 11 -20
CSI_META: ts=3498232228 rssi=-31 noise_floor=-98 channel=6 secondary_channel=0 sig_mode=0 mcs=0 rate=9 cwb=0 sgi=0 stbc=0 ant=0 len=128 rx_state=0 seq=-1 tx_mac=52:40:27:94:0a:bb
CSI_DATA: 28 -64 1 0 -16 8 -13 7 -12 5 -11 3 -11 1 -12 0 -12 -1 -13 -1 -14 -1 -15 -1 -15 0 -15 1 -14 1 -13 2 -12 2 -11 2 -9 1 -8 0 -6 -1 -6 -2 -5 -3 -5 -4 -4 -5 -4 -6 -4 -7 0 0 0 0 0 0 0 0 0 0 0 0 0 0 0 0 0 0 0 0 0 0 -1 5 -3 4 -5 5 -6 4 -7 5 -8 5 -9 5 -9 6 -10 7 -11 7 -11 8 -10 7 -10 7 -9 6 -9 5 -10 4 -10 2 -11 1 -13 0 -15 0 -17 0 -19 1 -20 2 -22 4 -22 6 -21 8
CSI_META: ts=3498716184 rssi=-32 noise_floor=-98 channel=6 secondary_channel=0 sig_mode=0 mcs=0 rate=9 cwb=0 sgi=0 stbc=0 ant=0 len=128 rx_state=0 seq=-1 tx_mac=52:40:27:94:0a:bb
CSI_DATA: 28 -64 1 0 17 -24 16 -26 16 -28 13 -28 11 -28 8 -27 6 -26 4 -24 3 -21 3 -18 3 -15 5 -12 6 -10 8 -9 10 -7 12 -7 12 -6 13 -6 13 -6 13 -6 13 -6 13 -5 12 -5 12 -3 11 -2 0 0 0 0 0 0 0 0 0 0 0 0 0 0 0 0 0 0 0 0 0 0 -14 -5 -13 -6 -12 -7 -11 -7 -9 -8 -8 -8 -6 -8 -5 -10 -2 -11 0 -13 2 -15 4 -18 5 -20 5 -22 4 -24 3 -26 2 -27 0 -28 -2 -26 -2 -25 -2 -24 -2 -22 -1 -21 2 -19 6 -19 9 -20
CSI_META: ts=3499070889 rssi=-30 noise_floor=-98 channel=6 secondary_channel=0 sig_mode=0 mcs=0 rate=9 cwb=0 sgi=0 stbc=0 ant=0 len=128 rx_state=0 seq=-1 tx_mac=52:40:27:94:0a:bb
CSI_DATA: 28 -64 1 0 -17 -7 -18 -7 -19 -6 -19 -5 -19 -3 -18 -2 -16 -1 -15 0 -13 0 -11 0 -10 -1 -9 -2 -8 -3 -8 -5 -8 -6 -7 -6 -7 -7 -8 -7 -7 -7 -7 -6 -7 -7 -6 -6 -6 -6 -5 -6 -4 -6 0 0 0 0 0 0 0 0 0 0 0 0 0 0 0 0 0 0 0 0 0 0 -5 7 -6 7 -6 6 -6 6 -6 5 -6 4 -6 3 -7 2 -7 1 -8 0 -9 -1 -11 -2 -12 -3 -13 -3 -15 -3 -16 -3 -17 -2 -17 -1 -17 1 -17 2 -16 2 -15 2 -14 0 -13 -1 -14 -3 -14 -4
CSI_META: ts=3501281104 rssi=-32 noise_floor=-98 channel=6 secondary_channel=0 sig_mode=0 mcs=0 rate=9 cwb=0 sgi=0 stbc=0 ant=0 len=128 rx_state=0 seq=-1 tx_mac=52:40:27:94:0a:bb
CSI_DATA: 28 -64 1 0 -19 -8 -18 -10 -18 -13 -19 -14 -20 -14 -22 -14 -22 -14 -23 -11 -23 -10 -22 -8 -21 -6 -19 -5 -17 -5 -14 -5 -12 -5 -10 -6 -8 -7 -6 -8 -5 -9 -4 -10 -3 -11 -3 -12 -2 -13 -1 -13 0 -13 0 0 0 0 0 0 0 0 0 0 0 0 0 0 0 0 0 0 0 0 0 0 -9 8 -11 7 -12 7 -13 7 -13 7 -13 6 -13 6 -13 6 -13 5 -13 3 -13 1 -13 -1 -14 -3 -14 -5 -16 -7 -18 -9 -20 -10 -23 -11 -25 -9 -28 -8 -29 -7 -29 -5 -29 -3 -29 -2 -27 -2 -24 -2
CSI_META: ts=3501783371 rssi=-31 noise_floor=-98 channel=6 secondary_channel=0 sig_mode=0 mcs=0 rate=9 cwb=0 sgi=0 stbc=0 ant=0 len=128 rx_state=0 seq=-1 tx_mac=52:40:27:94:0a:bb
CSI_DATA: 28 -64 1 0 13 10 12 9 9 9 7 9 6 9 5 10 4 11 4 12 4 13 5 13 6 13 6 12 7 12 7 11 6 10 6 8 5 7 3 6 2 5 1 5 0 5 -1 5 -2 5 -4 5 -5 5 0 0 0 0 0 0 0 0 0 0 0 0 0 0 0 0 0 0 0 0 0 0 5 -1 6 1 6 2 7 3 7 4 8 4 8 5 9 5 10 6 10 6 11 6 10 6 10 5 9 5 7 6 6 7 5 8 5 9 5 11 6 13 6 15 8 16 10 17 13 17 15 17 16 16
CSI_META: ts=3503011362 rssi=-31 noise_floor=-98 channel=6 secondary_channel=0 sig_mode=0 mcs=0 rate=9 cwb=0 sgi=0 stbc=0 ant=0 len=128 rx_state=0 seq=-1 tx_mac=52:40:27:94:0a:bb
CSI_DATA: 28 -64 1 0 -17 -12 -15 -14 -14 -16 -15 -18 -15 -18 -17 -18 -19 -18 -19 -17 -20 -15 -20 -13 -19 -11 -18 -9 -16 -8 -13 -8 -11 -8 -8 -8 -5 -8 -4 -9 -2 -9 -2 -10 -1 -12 0 -12 1 -12 2 -13 2 -13 0 0 0 0 0 0 0 0 0 0 0 0 0 0 0 0 0 0 0 0 0 0 -11 5 -12 4 -13 4 -14 4 -14 3 -15 3 -14 3 -14 2 -14 1 -14 0 -13 -2 -13 -4 -13 -6 -13 -8 -14 -11 -15 -13 -17 -15 -20 -16 -22 -15 -25 -14 -26 -13 -27 -11 -28 -10 -27 -8 -26 -7 -23 -7
CSI_META: ts=3503277998 rssi=-32 noise_floor=-98 channel=6 secondary_channel=0 sig_mode=0 mcs=0 rate=9 cwb=0 sgi=0 stbc=0 ant=0 len=128 rx_state=0 seq=-1 tx_mac=52:40:27:94:0a:bb
CSI_DATA: 28 -64 1 0 -22 -5 -21 -8 -22 -11 -23 -12 -25 -12 -27 -11 -27 -10 -27 -7 -27 -5 -25 -3 -23 -2 -20 -1 -18 -2 -15 -2 -12 -4 -10 -6 -8 -7 -7 -9 -7 -10 -6 -12 -6 -13 -6 -14 -5 -14 -5 -14 -3 -14 0 0 0 0 0 0 0 0 0 0 0 0 0 0 0 0 0 0 0 0 0 0 -7 9 -9 9 -11 9 -12 9 -13 10 -13 10 -13 10 -14 10 -14 9 -14 8 -14 6 -14 4 -15 1 -16 -1 -17 -3 -20 -6 -22 -6 -26 -6 -28 -5 -31 -3 -32 -1 -32 2 -32 3 -31 4 -29 4 -26 4
CSI_META: ts=3503496790 rssi=-31 noise_floor=-98 channel=6 secondary_channel=0 sig_mode=0 mcs=0 rate=9 cwb=0 sgi=0 stbc=0 ant=0 len=128 rx_state=0 seq=-1 tx_mac=52:40:27:94:0a:bb
CSI_DATA: 28 -64 1 0 22 6 22 4 20 3 18 1 16 0 13 0 11 1 9 1 8 3 7 4 7 6 7 7 8 8 8 9 9 9 9 8 9 8 8 7 7 6 7 5 6 5 5 4 3 4 2 4 0 4 0 0 0 0 0 0 0 0 0 0 0 0 0 0 0 0 0 0 0 0 0 0 1 -8 2 -6 3 -5 4 -4 5 -3 6 -2 7 -1 9 0 11 1 12 1 14 1 14 0 15 0 15 -1 15 -2 14 -2 13 -2 12 -2 11 -1 11 1 11 3 12 5 12 7 14 9 17 10 20 10
CSI_META: ts=3503496926 rssi=-31 noise_floor=-98 channel=6 secondary_channel=0 sig_mode=0 mcs=0 rate=9 cwb=0 sgi=0 stbc=0 ant=0 len=128 rx_state=0 seq=-1 tx_mac=52:40:27:94:0a:bb
CSI_DATA: 28 -64 1 0 -24 -2 -24 1 -20 2 -19 3 -16 4 -14 2 -12 1 -10 0 -9 -2 -10 -3 -10 -4 -11 -6 -12 -6 -11 -6 -13 -7 -12 -5 -12 -5 -11 -4 -9 -4 -9 -3 -7 -4 -6 -3 -5 -4 -4 -4 -2 -5 0 0 0 0 0 0 0 0 0 0 0 0 0 0 0 0 0 0 0 0 0 0 -1 7 -2 6 -3 5 -4 5 -5 2 -7 2 -7 1 -9 1 -11 0 -12 1 -14 1 -15 2 -16 2 -16 3 -16 4 -15 3 -15 4 -13 3 -13 2 -11 1 -12 -1 -12 -3 -14 -4 -17 -5 -20 -6 -22 -6
CSI_META: ts=3503497044 rssi=-31 noise_floor=-98 channel=6 secondary_channel=0 sig_mode=0 mcs=0 rate=9 cwb=0 sgi=0 stbc=0 ant=0 len=128 rx_state=0 seq=-1 tx_mac=52:40:27:94:0a:bb
CSI_DATA: 28 -64 1 0 -22 8 -21 9 -17 10 -15 10 -13 9 -10 7 -9 5 -9 3 -9 2 -11 0 -12 -1 -13 -1 -14 -1 -14 -1 -14 -1 -13 0 -12 1 -11 1 -9 1 -9 0 -7 0 -6 -1 -5 -2 -4 -3 -3 -5 0 0 0 0 0 0 0 0 0 0 0 0 0 0 0 0 0 0 0 0 0 0 2 8 1 7 0 6 -2 6 -3 5 -4 5 -5 4 -7 5 -9 4 -10 5 -12 6 -13 7 -13 8 -14 9 -13 10 -13 9 -12 9 -10 9 -10 7 -10 6 -10 5 -12 2 -14 3 -17 2 -20 2 -22 4
CSI_META: ts=3504076835 rssi=-31 noise_floor=-98 channel=6 secondary_channel=0 sig_mode=0 mcs=0 rate=9 cwb=0 sgi=0 stbc=0 ant=0 len=128 rx_state=0 seq=-1 tx_mac=52:40:27:94:0a:bb
CSI_DATA: 28 -64 1 0 -23 -19 -24 -18 -25 -18 -26 -16 -26 -13 -26 -11 -24 -9 -22 -6 -20 -6 -17 -5 -15 -6 -13 -6 -11 -7 -9 -9 -8 -11 -8 -12 -7 -12 -7 -13 -7 -13 -7 -13 -6 -13 -6 -13 -5 -12 -4 -12 -3 -11 0 0 0 0 0 0 0 0 0 0 0 0 0 0 0 0 0 0 0 0 0 0 -9 10 -10 9 -10 8 -10 7 -10 6 -10 4 -10 2 -11 0 -12 -2 -13 -4 -14 -6 -16 -8 -18 -9 -20 -10 -22 -10 -23 -10 -24 -8 -26 -7 -25 -6 -25 -4 -24 -3 -22 -3 -21 -6 -19 -7 -19 -10 -19 -13
CSI_META: ts=3504280455 rssi=-31 noise_floor=-98 channel=6 secondary_channel=0 sig_mode=0 mcs=0 rate=9 cwb=0 sgi=0 stbc=0 ant=0 len=128 rx_state=0 seq=-1 tx_mac=52:40:27:94:0a:bb
CSI_DATA: 28 -64 1 0 13 -31 9 -30 7 -29 5 -26 4 -23 3 -20 4 -17 5 -15 7 -14 8 -13 9 -13 11 -13 12 -13 12 -14 12 -15 11 -14 10 -14 9 -13 8 -12 8 -10 7 -9 7 -7 6 -6 7 -4 7 -1 0 0 0 0 0 0 0 0 0 0 0 0 0 0 0 0 0 0 0 0 0 0 -9 -8 -7 -8 -5 -9 -3 -9 -2 -10 0 -10 2 -12 3 -13 5 -15 6 -17 6 -20 7 -21 6 -22 6 -22 5 -22 3 -22 2 -20 3 -20 4 -18 6 -16 8 -16 10 -17 13 -18 16 -20 17 -23 18 -27
CSI_META: ts=3504485582 rssi=-31 noise_floor=-98 channel=6 secondary_channel=0 sig_mode=0 mcs=0 rate=9 cwb=0 sgi=0 stbc=0 ant=0 len=128 rx_state=0 seq=-1 tx_mac=52:40:27:94:0a:bb
CSI_DATA: 28 -64 1 0 5 -19 7 -18 10 -20 11 -20 12 -21 11 -23 10 -24 8 -24 6 -24 4 -23 3 -21 2 -18 2 -15 3 -14 4 -12 5 -9 6 -7 8 -6 9 -5 10 -5 11 -5 12 -5 12 -4 12 -3 12 -3 0 0 0 0 0 0 0 0 0 0 0 0 0 0 0 0 0 0 0 0 0 0 -9 -7 -9 -9 -8 -10 -8 -12 -8 -13 -9 -13 -9 -13 -9 -14 -8 -13 -7 -14 -5 -14 -3 -14 -1 -14 1 -14 3 -16 5 -18 6 -20 7 -23 6 -25 5 -27 3 -28 1 -29 -1 -30 -2 -29 -2 -26 -2 -25
CSI_META: ts=3505571726 rssi=-31 noise_floor=-98 channel=6 secondary_channel=0 sig_mode=0 mcs=0 rate=9 cwb=0 sgi=0 stbc=0 ant=0 len=128 rx_state=0 seq=-1 tx_mac=52:40:27:94:0a:bb
CSI_DATA: 28 -64 1 0 -21 18 -21 20 -20 22 -18 22 -16 23 -13 23 -11 21 -9 20 -8 18 -7 16 -7 12 -7 10 -9 8 -10 7 -11 6 -13 5 -13 5 -13 4 -13 4 -14 4 -13 4 -13 4 -12 3 -12 2 -11 0 0 0 0 0 0 0 0 0 0 0 0 0 0 0 0 0 0 0 0 0 0 0 8 9 7 10 6 10 5 10 4 10 3 9 1 10 -1 9 -3 10 -6 11 -8 12 -10 13 -12 15 -13 17 -13 19 -12 21 -11 22 -10 24 -8 23 -7 23 -6 21 -6 20 -7 19 -9 16 -12 15 -14 16
CSI_META: ts=3506758823 rssi=-31 noise_floor=-98 channel=6 secondary_channel=0 sig_mode=0 mcs=0 rate=9 cwb=0 sgi=0 stbc=0 ant=0 len=128 rx_state=0 seq=-1 tx_mac=52:40:27:94:0a:bb
CSI_DATA: 28 -64 1 0 -9 -16 -7 -14 -6 -13 -4 -11 -3 -11 -1 -12 0 -12 0 -13 0 -14 0 -15 -1 -15 -2 -15 -3 -14 -3 -14 -3 -12 -3 -11 -2 -9 -2 -8 0 -7 0 -6 1 -5 2 -5 3 -5 5 -4 6 -4 0 0 0 0 0 0 0 0 0 0 0 0 0 0 0 0 0 0 0 0 0 0 -6 -2 -5 -4 -5 -5 -5 -7 -5 -8 -5 -8 -6 -9 -6 -10 -6 -11 -7 -11 -7 -11 -7 -11 -6 -10 -6 -10 -5 -9 -4 -10 -2 -10 -1 -12 -1 -13 0 -15 0 -17 -1 -19 -2 -21 -4 -21 -6 -22 -7 -22
CSI_META: ts=3506758919 rssi=-31 noise_floor=-98 channel=6 secondary_channel=0 sig_mode=0 mcs=0 rate=9 cwb=0 sgi=0 stbc=0 ant=0 len=128 rx_state=0 seq=-1 tx_mac=52:40:27:94:0a:bb
CSI_DATA: 28 -64 1 0 12 10 11 10 9 9 7 8 5 9 4 9 4 10 4 12 4 12 4 13 5 12 6 12 6 12 6 10 6 10 5 8 5 7 3 6 2 5 1 5 0 4 -1 5 -3 4 -4 4 -5 5 0 0 0 0 0 0 0 0 0 0 0 0 0 0 0 0 0 0 0 0 0 0 5 0 6 1 6 2 6 3 6 4 7 5 8 5 9 6 9 6 9 6 10 7 9 6 9 6 8 6 7 6 6 7 5 8 4 9 5 11 5 13 6 15 8 16 9 17 11 17 13 17 14 16
CSI_META: ts=3507658898 rssi=-31 noise_floor=-98 channel=6 secondary_channel=0 sig_mode=0 mcs=0 rate=9 cwb=0 sgi=0 stbc=0 ant=0 len=128 rx_state=0 seq=-1 tx_mac=52:40:27:94:0a:bb
CSI_DATA: 28 -64 1 0 -10 14 -9 12 -8 10 -9 7 -9 6 -10 5 -11 4 -12 5 -13 5 -13 6 -13 7 -13 7 -12 7 -10 8 -9 7 -9 6 -7 5 -7 4 -5 2 -5 1 -6 -1 -6 -2 -6 -3 -6 -4 -6 -5 0 0 0 0 0 0 0 0 0 0 0 0 0 0 0 0 0 0 0 0 0 0 1 5 -1 5 -2 6 -3 6 -4 7 -5 8 -5 8 -5 9 -6 10 -6 11 -6 11 -6 11 -6 10 -6 9 -6 8 -7 7 -8 6 -10 5 -11 5 -13 6 -15 8 -16 9 -17 11 -17 13 -17 15 -15 16
CSI_META: ts=3508005920 rssi=-32 noise_floor=-98 channel=6 secondary_channel=0 sig_mode=0 mcs=0 rate=9 cwb=0 sgi=0 stbc=0 ant=0 len=128 rx_state=0 seq=-1 tx_mac=52:40:27:94:0a:bb
CSI_DATA: 28 -64 1 0 29 -20 25 -21 22 -21 19 -20 16 -18 13 -16 12 -13 11 -10 11 -7 13 -5 14 -3 16 -3 17 -2 18 -3 18 -3 18 -3 17 -3 16 -4 14 -3 13 -3 11 -3 10 -2 8 0 7 2 5 3 0 0 0 0 0 0 0 0 0 0 0 0 0 0 0 0 0 0 0 0 0 0 -7 -9 -5 -9 -2 -9 0 -9 2 -9 4 -9 6 -10 9 -11 11 -12 13 -14 14 -15 15 -17 15 -18 14 -19 13 -19 11 -19 10 -18 10 -17 10 -14 11 -12 13 -10 16 -9 20 -8 24 -9 27 -10 30 -14
CSI_META: ts=3508006200 rssi=-31 noise_floor=-98 channel=6 secondary_channel=0 sig_mode=0 mcs=0 rate=9 cwb=0 sgi=0 stbc=0 ant=0 len=128 rx_state=0 seq=-1 tx_mac=52:40:27:94:0a:bb
CSI_DATA: 28 -64 1 0 -24 3 -23 5 -19 6 -17 6 -15 7 -13 6 -11 5 -10 3 -9 1 -9 -1 -10 -2 -11 -3 -12 -4 -12 -4 -12 -4 -13 -3 -12 -3 -12 -2 -10 -2 -10 -2 -9 -2 -8 -2 -6 -3 -5 -3 -4 -4 0 0 0 0 0 0 0 0 0 0 0 0 0 0 0 0 0 0 0 0 0 0 0 6 -1 6 -3 5 -4 4 -5 3 -7 3 -7 3 -10 3 -11 3 -12 4 -14 5 -14 5 -15 6 -15 6 -14 7 -13 7 -12 7 -11 6 -11 4 -11 3 -12 2 -13 0 -15 -1 -18 -2 -20 -2 -23 -2
CSI_META: ts=3508140918 rssi=-31 noise_floor=-98 channel=6 secondary_channel=0 sig_mode=0 mcs=0 rate=9 cwb=0 sgi=0 stbc=0 ant=0 len=128 rx_state=0 seq=-1 tx_mac=52:40:27:94:0a:bb
CSI_DATA: 28 -64 1 0 -12 14 -12 15 -11 16 -10 16 -9 17 -7 16 -5 15 -4 14 -3 12 -3 11 -3 9 -4 7 -5 6 -6 5 -7 4 -8 4 -9 3 -9 3 -9 3 -9 3 -9 3 -9 3 -8 2 -8 2 -8 1 0 0 0 0 0 0 0 0 0 0 0 0 0 0 0 0 0 0 0 0 0 0 7 4 7 5 6 5 5 5 4 5 3 5 2 5 0 6 -1 7 -2 8 -4 9 -5 10 -5 12 -6 13 -5 14 -5 15 -5 16 -3 16 -3 16 -2 15 -2 14 -2 13 -2 12 -4 11 -6 11 -8 12
CSI_META: ts=3508812838 rssi=-31 noise_floor=-98 channel=6 secondary_channel=0 sig_mode=0 mcs=0 rate=9 cwb=0 sgi=0 stbc=0 ant=0 len=128 rx_state=0 seq=-1 tx_mac=52:40:27:94:0a:bb
CSI_DATA: 28 -64 1 0 5 17 6 18 7 18 8 17 9 16 10 14 10 12 9 11 8 9 6 8 5 7 4 7 2 7 0 7 -1 8 -1 8 -2 9 -2 9 -2 8 -2 8 -2 8 -3 8 -3 7 -3 7 -3 6 0 0 0 0 0 0 0 0 0 0 0 0 0 0 0 0 0 0 0 0 0 0 8 -4 8 -3 7 -3 7 -2 7 -1 6 0 6 1 6 2 5 4 5 6 5 7 5 9 6 10 7 11 8 12 9 13 10 12 12 12 12 10 12 10 11 8 10 8 9 9 7 9 6 11 5 13
CSI_META: ts=3509174936 rssi=-31 noise_floor=-98 channel=6 secondary_channel=0 sig_mode=0 mcs=0 rate=9 cwb=0 sgi=0 stbc=0 ant=0 len=128 rx_state=0 seq=-1 tx_mac=52:40:27:94:0a:bb
CSI_DATA: 28 -64 1 0 -11 8 -12 7 -13 7 -14 6 -15 7 -15 8 -15 9 -14 10 -13 11 -12 11 -10 10 -9 9 -8 8 -7 7 -7 5 -7 3 -7 2 -7 0 -7 -1 -8 -1 -8 -2 -8 -3 -9 -3 -9 -4 -9 -4 0 0 0 0 0 0 0 0 0 0 0 0 0 0 0 0 0 0 0 0 0 0 2 7 2 8 1 9 1 9 0 9 1 9 0 9 0 9 0 9 -1 9 -3 8 -4 8 -5 7 -7 7 -9 7 -10 8 -12 9 -13 11 -13 12 -13 14 -12 15 -11 16 -10 17 -9 16 -9 15 -8 14
CSI_META: ts=3509426634 rssi=-31 noise_floor=-98 channel=6 secondary_channel=0 sig_mode=0 mcs=0 rate=9 cwb=0 sgi=0 stbc=0 ant=0 len=128 rx_state=0 seq=-1 tx_mac=52:40:27:94:0a:bb
CSI_DATA: 28 -64 1 0 -13 12 -11 10 -10 8 -11 6 -11 5 -12 3 -13 3 -14 3 -15 4 -15 4 -15 5 -14 6 -13 6 -12 7 -10 6 -9 5 -8 4 -7 2 -6 1 -6 0 -6 -2 -6 -3 -6 -4 -7 -5 -6 -6 0 0 0 0 0 0 0 0 0 0 0 0 0 0 0 0 0 0 0 0 0 0 0 5 -1 5 -3 5 -4 5 -5 6 -6 6 -7 7 -8 8 -9 9 -9 10 -9 10 -9 10 -8 9 -8 8 -8 8 -8 7 -9 5 -10 5 -12 4 -14 4 -16 5 -18 6 -19 8 -20 10 -19 12 -18 14
CSI_META: ts=3509762435 rssi=-31 noise_floor=-98 channel=6 secondary_channel=0 sig_mode=0 mcs=0 rate=9 cwb=0 sgi=0 stbc=0 ant=0 len=128 rx_state=0 seq=-1 tx_mac=52:40:27:94:0a:bb
CSI_DATA: 28 -64 1 0 -21 -9 -21 -7 -19 -6 -17 -4 -15 -3 -13 -3 -11 -3 -10 -4 -9 -5 -9 -7 -9 -8 -9 -8 -10 -9 -10 -9 -10 -9 -10 -8 -10 -7 -9 -6 -7 -6 -7 -5 -6 -5 -5 -5 -3 -5 -2 -5 0 -6 0 0 0 0 0 0 0 0 0 0 0 0 0 0 0 0 0 0 0 0 0 0 -5 6 -6 5 -6 4 -6 2 -6 1 -7 0 -7 -2 -8 -3 -10 -4 -11 -4 -13 -5 -14 -5 -15 -5 -15 -4 -16 -3 -15 -3 -15 -3 -13 -2 -13 -3 -12 -4 -11 -5 -11 -7 -12 -9 -14 -11 -16 -12 -18 -13
CSI_META: ts=3510860847 rssi=-31 noise_floor=-98 channel=6 secondary_channel=0 sig_mode=0 mcs=0 rate=9 cwb=0 sgi=0 stbc=0 ant=0 len=128 rx_state=0 seq=-1 tx_mac=52:40:27:94:0a:bb
CSI_DATA: 28 -64 1 0 -13 -5 -13 -7 -12 -9 -13 -10 -14 -10 -16 -10 -16 -9 -16 -7 -16 -6 -15 -5 -14 -4 -13 -3 -11 -3 -9 -3 -8 -4 -6 -5 -5 -5 -4 -6 -3 -7 -3 -8 -3 -9 -3 -9 -2 -9 -2 -9 -1 -9 0 0 0 0 0 0 0 0 0 0 0 0 0 0 0 0 0 0 0 0 0 0 -6 5 -7 4 -8 4 -9 4 -9 4 -9 4 -10 4 -10 4 -10 4 -10 3 -10 2 -9 1 -10 -1 -10 -3 -11 -4 -12 -6 -14 -6 -15 -7 -17 -6 -19 -5 -20 -4 -20 -3 -20 -2 -20 -1 -19 0 -17 -1
CSI_META: ts=3511572720 rssi=-31 noise_floor=-98 channel=6 secondary_channel=0 sig_mode=0 mcs=0 rate=9 cwb=0 sgi=0 stbc=0 ant=0 len=128 rx_state=0 seq=-1 tx_mac=52:40:27:94:0a:bb
CSI_DATA: 28 -64 1 0 15 10 16 9 17 9 17 8 18 6 17 5 16 3 14 2 13 1 11 1 10 1 8 2 6 3 6 4 5 5 5 6 4 7 4 7 4 7 3 7 4 8 3 7 3 7 2 7 1 6 0 0 0 0 0 0 0 0 0 0 0 0 0 0 0 0 0 0 0 0 0 0 4 -8 4 -8 4 -7 4 -6 5 -5 5 -4 5 -3 6 -1 7 0 8 1 9 2 11 3 12 4 13 4 14 3 16 3 15 2 16 1 16 0 16 -1 14 -1 14 -1 12 1 12 2 12 4 12 6
CSI_META: ts=3512429342 rssi=-31 noise_floor=-98 channel=6 secondary_channel=0 sig_mode=0 mcs=0 rate=9 cwb=0 sgi=0 stbc=0 ant=0 len=128 rx_state=0 seq=-1 tx_mac=52:40:27:94:0a:bb
CSI_DATA: 28 -64 1 0 -19 21 -16 19 -15 15 -15 11 -15 9 -17 7 -19 6 -20 6 -21 7 -22 8 -22 9 -22 10 -20 11 -18 12 -17 11 -15 9 -13 8 -11 6 -10 4 -9 2 -9 0 -9 -2 -9 -4 -9 -6 -9 -8 0 0 0 0 0 0 0 0 0 0 0 0 0 0 0 0 0 0 0 0 0 0 0 9 -3 9 -5 10 -7 11 -8 12 -9 12 -10 13 -11 15 -11 16 -12 16 -12 17 -11 16 -11 15 -11 13 -12 11 -13 10 -14 8 -16 7 -20 7 -23 8 -26 10 -28 13 -30 15 -30 19 -30 21 -28 24
CSI_META: ts=3512819164 rssi=-31 noise_floor=-98 channel=6 secondary_channel=0 sig_mode=0 mcs=0 rate=9 cwb=0 sgi=0 stbc=0 ant=0 len=128 rx_state=0 seq=-1 tx_mac=52:40:27:94:0a:bb
CSI_DATA: 28 -64 1 0 -19 -6 -16 -5 -13 -6 -11 -6 -10 -7 -9 -9 -9 -11 -9 -11 -11 -12 -12 -12 -13 -11 -13 -10 -13 -9 -12 -8 -11 -7 -10 -6 -7 -5 -6 -5 -4 -5 -3 -5 -2 -6 -1 -7 0 -7 1 -8 2 -8 0 0 0 0 0 0 0 0 0 0 0 0 0 0 0 0 0 0 0 0 0 0 -5 3 -6 2 -7 1 -8 0 -9 -1 -10 -2 -11 -2 -12 -2 -13 -3 -14 -3 -15 -2 -14 -2 -14 -2 -13 -2 -12 -3 -11 -4 -10 -5 -10 -7 -10 -9 -11 -11 -13 -12 -15 -13 -18 -14 -20 -13 -22 -12 -23 -10
CSI_META: ts=3514786667 rssi=-31 noise_floor=-98 channel=6 secondary_channel=0 sig_mode=0 mcs=0 rate=9 cwb=0 sgi=0 stbc=0 ant=0 len=128 rx_state=0 seq=-1 tx_mac=52:40:27:94:0a:bb
CSI_DATA: 28 -64 1 0 20 30 21 26 21 24 20 20 19 16 16 14 13 13 10 12 8 13 5 14 5 15 4 17 4 18 5 19 5 19 6 19 5 17 5 16 5 14 4 13 3 12 2 10 0 9 -2 8 -4 7 0 0 0 0 0 0 0 0 0 0 0 0 0 0 0 0 0 0 0 0 0 0 11 -4 10 -2 9 0 9 2 9 4 8 7 8 9 9 12 10 14 11 16 12 18 14 19 15 18 16 18 16 16 17 16 15 14 14 14 13 13 11 15 9 16 9 19 7 24 8 27 11 29 13 32
CSI_META: ts=3515156642 rssi=-31 noise_floor=-98 channel=6 secondary_channel=0 sig_mode=0 mcs=0 rate=9 cwb=0 sgi=0 stbc=0 ant=0 len=128 rx_state=0 seq=-1 tx_mac=52:40:27:94:0a:bb
CSI_DATA: 28 -64 1 0 -9 17 -8 18 -7 19 -5 19 -4 19 -2 17 -1 15 0 15 0 12 -1 10 -2 9 -3 8 -4 7 -5 7 -7 7 -7 7 -7 7 -8 7 -8 6 -7 6 -7 6 -7 5 -7 5 -6 4 -6 2 0 0 0 0 0 0 0 0 0 0 0 0 0 0 0 0 0 0 0 0 0 0 8 4 7 5 7 5 6 5 6 5 5 5 4 6 3 6 1 7 0 8 -1 9 -2 10 -3 12 -3 13 -3 14 -3 16 -2 17 0 17 1 17 1 16 2 15 1 14 1 13 -1 13 -3 13 -5 14
CSI_META: ts=3516288028 rssi=-31 noise_floor=-98 channel=6 secondary_channel=0 sig_mode=0 mcs=0 rate=9 cwb=0 sgi=0 stbc=0 ant=0 len=128 rx_state=0 seq=-1 tx_mac=52:40:27:94:0a:bb
CSI_DATA: 28 -64 1 0 -3 18 -2 19 -1 20 1 19 2 19 3 17 4 16 4 14 4 12 3 11 2 9 0 8 -1 8 -2 7 -3 7 -5 7 -5 7 -5 8 -5 7 -6 7 -6 7 -6 7 -6 6 -6 6 -6 4 0 0 0 0 0 0 0 0 0 0 0 0 0 0 0 0 0 0 0 0 0 0 9 0 9 1 8 1 7 1 7 2 6 3 5 4 4 5 3 6 3 7 2 9 2 11 2 12 2 14 3 15 3 16 4 16 6 15 7 15 7 14 7 13 7 12 5 12 3 12 1 13 0 14
CSI_META: ts=3516656942 rssi=-31 noise_floor=-98 channel=6 secondary_channel=0 sig_mode=0 mcs=0 rate=9 cwb=0 sgi=0 stbc=0 ant=0 len=128 rx_state=0 seq=-1 tx_mac=52:40:27:94:0a:bb
CSI_DATA: 28 -64 1 0 -22 -8 -21 -6 -20 -5 -18 -3 -16 -2 -14 -2 -11 -2 -10 -3 -9 -5 -9 -6 -9 -7 -9 -8 -10 -8 -10 -8 -10 -8 -11 -8 -10 -7 -9 -6 -8 -5 -7 -5 -6 -5 -5 -5 -4 -5 -2 -5 -1 -5 0 0 0 0 0 0 0 0 0 0 0 0 0 0 0 0 0 0 0 0 0 0 -5 6 -5 4 -6 3 -6 2 -7 1 -7 0 -8 -1 -9 -3 -10 -4 -12 -4 -13 -5 -14 -5 -15 -4 -15 -4 -15 -3 -15 -2 -14 -2 -13 -2 -12 -3 -12 -4 -11 -5 -12 -7 -13 -9 -15 -10 -17 -11 -19 -12
CSI_META: ts=3516800034 rssi=-31 noise_floor=-98 channel=6 secondary_channel=0 sig_mode=0 mcs=0 rate=9 cwb=0 sgi=0 stbc=0 ant=0 len=128 rx_state=0 seq=-1 tx_mac=52:40:27:94:0a:bb
CSI_DATA: 28 -64 1 0 11 13 10 11 7 11 6 10 4 10 3 10 2 11 1 12 2 13 2 13 3 14 4 13 4 13 4 12 4 11 4 10 3 8 2 7 1 6 0 5 -1 5 -3 5 -4 4 -5 4 -6 4 0 0 0 0 0 0 0 0 0 0 0 0 0 0 0 0 0 0 0 0 0 0 5 0 5 1 6 2 6 3 7 4 7 6 8 6 9 6 9 7 9 7 10 7 9 7 9 7 8 7 7 7 5 8 4 9 3 10 3 12 4 14 5 16 6 17 7 19 10 19 11 19 13 18
CSI_META: ts=3516957764 rssi=-31 noise_floor=-98 channel=6 secondary_channel=0 sig_mode=0 mcs=0 rate=9 cwb=0 sgi=0 stbc=0 ant=0 len=128 rx_state=0 seq=-1 tx_mac=52:40:27:94:0a:bb
CSI_DATA: 28 -64 1 0 22 -2 20 -4 18 -5 16 -5 14 -5 12 -4 10 -2 9 -1 9 0 10 1 11 2 11 3 12 3 12 2 12 2 12 2 11 1 9 1 8 0 7 1 6 1 5 2 3 3 2 4 1 5 0 0 0 0 0 0 0 0 0 0 0 0 0 0 0 0 0 0 0 0 0 0 1 -9 2 -8 3 -7 3 -6 4 -5 5 -4 6 -3 7 -2 9 -1 11 -1 12 -2 13 -2 15 -2 15 -3 15 -4 14 -5 13 -5 12 -5 12 -4 11 -2 11 -1 13 1 13 2 16 3 19 3 21 2
CSI_META: ts=3517109271 rssi=-31 noise_floor=-98 channel=6 secondary_channel=0 sig_mode=0 mcs=0 rate=9 cwb=0 sgi=0 stbc=0 ant=0 len=128 rx_state=0 seq=-1 tx_mac=52:40:27:94:0a:bb
CSI_DATA: 28 -64 1 0 15 -17 12 -17 11 -17 8 -15 7 -14 6 -12 6 -10 6 -9 6 -7 8 -7 9 -6 9 -6 10 -6 10 -6 10 -7 10 -7 9 -6 8 -6 7 -6 7 -5 6 -4 5 -3 5 -2 5 -1 4 0 0 0 0 0 0 0 0 0 0 0 0 0 0 0 0 0 0 0 0 0 0 0 -4 -7 -3 -7 -2 -7 0 -6 1 -6 2 -7 3 -7 5 -8 7 -9 7 -10 8 -11 9 -12 9 -12 8 -13 7 -13 6 -13 6 -12 6 -12 6 -10 7 -9 8 -9 10 -8 12 -9 14 -9 16 -10 17 -13
CSI_META: ts=3517109367 rssi=-31 noise_floor=-98 channel=6 secondary_channel=0 sig_mode=0 mcs=0 rate=9 cwb=0 sgi=0 stbc=0 ant=0 len=128 rx_state=0 seq=-1 tx_mac=52:40:27:94:0a:bb
CSI_DATA: 28 -64 1 0 -23 5 -20 6 -19 7 -16 7 -14 6 -12 5 -11 3 -10 2 -11 0 -11 -1 -12 -2 -12 -2 -12 -2 -14 -1 -13 -1 -14 -1 -12 0 -11 0 -9 0 -8 -1 -7 -1 -6 -2 -5 -3 -4 -4 -3 -5 0 0 0 0 0 0 0 0 0 0 0 0 0 0 0 0 0 0 0 0 0 0 -1 8 -2 7 -3 6 -4 5 -5 4 -5 3 -7 3 -8 2 -9 2 -12 1 -14 2 -15 3 -15 3 -15 4 -14 4 -15 6 -13 6 -13 6 -11 5 -12 3 -12 1 -13 1 -16 -1 -18 -2 -20 -2 -21 -1
CSI_META: ts=3517804671 rssi=-31 noise_floor=-98 channel=6 secondary_channel=0 sig_mode=0 mcs=0 rate=9 cwb=0 sgi=0 stbc=0 ant=0 len=128 rx_state=0 seq=-1 tx_mac=52:40:27:94:0a:bb
CSI_DATA: 28 -64 1 0 11 6 10 7 10 9 11 10 12 11 13 10 13 10 13 9 14 7 13 6 12 5 11 4 9 3 7 3 6 4 4 5 3 5 2 6 1 6 0 7 0 7 0 8 0 8 -1 8 -1 7 0 0 0 0 0 0 0 0 0 0 0 0 0 0 0 0 0 0 0 0 0 0 5 -5 6 -5 7 -5 8 -5 9 -4 9 -4 9 -4 9 -4 9 -4 9 -3 9 -2 8 0 8 1 8 3 9 4 10 6 11 7 13 7 15 7 17 7 18 6 18 4 19 4 18 3 17 2 15 2
CSI_META: ts=3518540531 rssi=-31 noise_floor=-98 channel=6 secondary_channel=0 sig_mode=0 mcs=0 rate=9 cwb=0 sgi=0 stbc=0 ant=0 len=128 rx_state=0 seq=-1 tx_mac=52:40:27:94:0a:bb
CSI_DATA: 28 -64 1 0 11 -15 10 -13 9 -10 9 -8 9 -6 10 -5 11 -4 12 -4 13 -4 14 -5 14 -6 14 -6 13 -7 12 -7 11 -7 9 -6 8 -5 7 -4 5 -3 5 -2 4 0 4 1 4 3 4 4 4 5 0 0 0 0 0 0 0 0 0 0 0 0 0 0 0 0 0 0 0 0 0 0 -2 -6 0 -6 1 -7 2 -8 3 -8 4 -9 4 -10 5 -11 5 -12 5 -12 5 -13 5 -13 5 -11 5 -10 5 -9 6 -8 7 -7 9 -6 11 -6 14 -6 15 -7 17 -9 18 -11 19 -13 18 -15 17 -17
CSI_META: ts=3518830009 rssi=-32 noise_floor=-98 channel=6 secondary_channel=0 sig_mode=0 mcs=0 rate=9 cwb=0 sgi=0 stbc=0 ant=0 len=128 rx_state=0 seq=-1 tx_mac=52:40:27:94:0a:bb
CSI_DATA: 28 -64 1 0 -18 -35 -20 -31 -20 -28 -19 -23 -17 -19 -16 -17 -12 -15 -9 -15 -6 -16 -3 -17 -2 -18 -2 -19 -2 -20 -2 -22 -3 -22 -4 -21 -3 -20 -4 -18 -4 -16 -3 -14 -2 -13 -1 -11 1 -10 3 -8 5 -7 0 0 0 0 0 0 0 0 0 0 0 0 0 0 0 0 0 0 0 0 0 0 -13 3 -12 1 -11 -1 -10 -2 -10 -5 -9 -7 -9 -10 -9 -13 -10 -15 -11 -18 -13 -20 -13 -21 -15 -21 -16 -21 -18 -20 -18 -18 -17 -17 -16 -16 -14 -15 -11 -16 -9 -17 -7 -20 -5 -24 -6 -28 -7 -32 -9 -36
CSI_META: ts=3520648224 rssi=-32 noise_floor=-98 channel=6 secondary_channel=0 sig_mode=0 mcs=0 rate=9 cwb=0 sgi=0 stbc=0 ant=0 len=128 rx_state=0 seq=-1 tx_mac=52:40:27:94:0a:bb
CSI_DATA: 28 -64 1 0 14 12 15 12 16 12 17 10 18 9 17 7 17 5 15 4 13 3 11 2 9 2 7 3 6 4 5 6 4 7 3 8 3 8 3 8 3 9 3 9 3 9 3 8 2 8 1 8 0 7 0 0 0 0 0 0 0 0 0 0 0 0 0 0 0 0 0 0 0 0 0 0 4 -9 5 -8 5 -8 5 -7 5 -6 5 -4 6 -3 6 -2 7 0 8 1 9 3 11 4 12 4 14 5 15 5 16 4 16 4 17 2 17 1 17 0 16 0 15 0 13 1 12 3 12 5 12 7
CSI_META: ts=3520916093 rssi=-31 noise_floor=-98 channel=6 secondary_channel=0 sig_mode=0 mcs=0 rate=9 cwb=0 sgi=0 stbc=0 ant=0 len=128 rx_state=0 seq=-1 tx_mac=52:40:27:94:0a:bb
CSI_DATA: 28 -64 1 0 -2 18 -2 15 -2 13 -3 11 -5 10 -6 9 -8 9 -9 10 -10 10 -10 11 -10 12 -9 12 -8 12 -7 12 -6 11 -5 10 -5 9 -4 7 -4 5 -4 4 -5 2 -5 1 -6 0 -7 -1 -7 -2 0 0 0 0 0 0 0 0 0 0 0 0 0 0 0 0 0 0 0 0 0 0 3 4 3 5 2 6 1 8 1 8 1 9 1 10 1 11 2 12 2 12 2 13 1 12 1 11 0 10 -1 9 -2 9 -4 9 -6 10 -7 10 -9 13 -9 14 -10 17 -10 19 -9 21 -7 22 -5 23
CSI_META: ts=3521696369 rssi=-31 noise_floor=-98 channel=6 secondary_channel=0 sig_mode=0 mcs=0 rate=9 cwb=0 sgi=0 stbc=0 ant=0 len=128 rx_state=0 seq=-1 tx_mac=52:40:27:94:0a:bb
CSI_DATA: 28 -64 1 0 -16 -34 -18 -31 -18 -28 -17 -24 -16 -20 -14 -17 -11 -16 -8 -15 -6 -16 -4 -16 -3 -17 -2 -18 -2 -20 -2 -21 -3 -21 -3 -20 -3 -19 -3 -18 -3 -16 -3 -14 -2 -13 -1 -12 0 -10 2 -9 4 -7 0 0 0 0 0 0 0 0 0 0 0 0 0 0 0 0 0 0 0 0 0 0 -12 1 -11 -1 -10 -3 -9 -5 -8 -7 -8 -9 -7 -11 -7 -14 -8 -16 -9 -19 -11 -21 -12 -21 -13 -21 -14 -21 -15 -20 -15 -19 -14 -18 -13 -17 -11 -16 -9 -17 -7 -18 -6 -21 -4 -25 -5 -28 -6 -31 -8 -35
CSI_META: ts=3521994227 rssi=-32 noise_floor=-98 channel=6 secondary_channel=0 sig_mode=0 mcs=0 rate=9 cwb=0 sgi=0 stbc=0 ant=0 len=128 rx_state=0 seq=-1 tx_mac=52:40:27:94:0a:bb
CSI_DATA: 28 -64 1 0 3 -36 0 -34 -2 -32 -3 -28 -4 -24 -4 -21 -2 -18 -1 -16 2 -15 5 -15 6 -15 7 -15 8 -16 9 -18 9 -18 8 -18 7 -17 6 -16 5 -14 5 -13 4 -12 5 -10 5 -7 6 -6 6 -4 0 0 0 0 0 0 0 0 0 0 0 0 0 0 0 0 0 0 0 0 0 0 -11 -4 -9 -5 -8 -6 -6 -8 -5 -9 -3 -11 -2 -12 -1 -15 -1 -17 0 -20 0 -22 -1 -23 -2 -24 -3 -24 -4 -23 -5 -23 -4 -21 -4 -20 -3 -18 -1 -18 2 -18 5 -20 8 -22 10 -25 10 -28 10 -33
CSI_META: ts=3523280645 rssi=-32 noise_floor=-98 channel=6 secondary_channel=0 sig_mode=0 mcs=0 rate=9 cwb=0 sgi=0 stbc=0 ant=0 len=128 rx_state=0 seq=-1 tx_mac=52:40:27:94:0a:bb
CSI_DATA: 28 -64 1 0 -18 -11 -16 -12 -15 -15 -16 -16 -18 -17 -19 -17 -20 -17 -20 -15 -22 -14 -21 -11 -20 -9 -18 -8 -16 -7 -13 -7 -11 -7 -9 -8 -6 -7 -5 -9 -3 -9 -2 -10 -2 -11 -1 -12 0 -13 0 -13 1 -13 0 0 0 0 0 0 0 0 0 0 0 0 0 0 0 0 0 0 0 0 0 0 -10 6 -12 6 -13 5 -14 5 -14 5 -14 4 -14 4 -14 3 -14 2 -14 1 -13 -1 -13 -3 -13 -5 -14 -7 -15 -9 -16 -12 -18 -13 -21 -13 -23 -13 -26 -12 -27 -10 -28 -9 -28 -8 -28 -6 -26 -5 -24 -5
CSI_META: ts=3523570808 rssi=-31 noise_floor=-98 channel=6 secondary_channel=0 sig_mode=0 mcs=0 rate=9 cwb=0 sgi=0 stbc=0 ant=0 len=128 rx_state=0 seq=-1 tx_mac=52:40:27:94:0a:bb
CSI_DATA: 28 -64 1 0 23 16 20 14 16 14 14 13 11 14 10 16 8 18 8 19 9 20 9 21 11 20 12 20 13 19 12 17 12 15 11 13 9 12 7 10 5 9 3 8 1 8 -1 8 -4 8 -5 9 -7 8 0 0 0 0 0 0 0 0 0 0 0 0 0 0 0 0 0 0 0 0 0 0 9 -2 10 0 11 2 11 4 12 5 14 7 15 8 16 8 17 8 18 9 18 9 17 9 16 8 15 8 13 9 11 11 10 13 9 16 10 18 11 22 13 24 16 25 18 28 23 28 25 27 28 25
CSI_META: ts=3527552046 rssi=-31 noise_floor=-98 channel=6 secondary_channel=0 sig_mode=0 mcs=0 rate=9 cwb=0 sgi=0 stbc=0 ant=0 len=128 rx_state=0 seq=-1 tx_mac=52:40:27:94:0a:bb
CSI_DATA: 28 -64 1 0 -11 6 -12 4 -13 3 -14 3 -15 3 -16 4 -16 5 -15 6 -15 7 -14 7 -12 7 -11 7 -10 6 -8 5 -8 3 -7 2 -7 0 -6 -1 -6 -2 -7 -3 -7 -4 -7 -5 -7 -6 -7 -6 -6 -6 0 0 0 0 0 0 0 0 0 0 0 0 0 0 0 0 0 0 0 0 0 0 1 7 0 8 0 8 -1 9 -1 9 -1 9 -1 9 -1 9 -1 9 -2 8 -4 7 -5 7 -6 6 -8 5 -9 5 -11 6 -13 6 -14 8 -15 9 -15 11 -15 13 -14 14 -13 14 -12 14 -11 13 -10 12
CSI_META: ts=3527816130 rssi=-32 noise_floor=-98 channel=6 secondary_channel=0 sig_mode=0 mcs=0 rate=9 cwb=0 sgi=0 stbc=0 ant=0 len=128 rx_state=0 seq=-1 tx_mac=52:40:27:94:0a:bb
CSI_DATA: 28 -64 1 0 -19 23 -18 25 -17 27 -15 27 -12 27 -10 27 -7 25 -5 23 -4 20 -4 17 -5 14 -6 12 -7 9 -9 8 -11 7 -12 6 -13 6 -14 6 -14 6 -14 6 -14 5 -13 5 -13 4 -12 3 -12 2 0 0 0 0 0 0 0 0 0 0 0 0 0 0 0 0 0 0 0 0 0 0 12 7 11 8 10 8 9 8 7 8 6 8 4 9 3 10 0 11 -2 12 -5 14 -6 16 -7 19 -8 21 -8 23 -7 25 -6 26 -4 27 -2 26 -1 25 0 24 -1 22 -2 21 -5 19 -8 18 -11 19
CSI_META: ts=3528985648 rssi=-32 noise_floor=-98 channel=6 secondary_channel=0 sig_mode=0 mcs=0 rate=9 cwb=0 sgi=0 stbc=0 ant=0 len=128 rx_state=0 seq=-1 tx_mac=52:40:27:94:0a:bb
CSI_DATA: 28 -64 1 0 2 28 2 29 4 31 6 30 9 29 10 27 11 24 11 21 10 19 9 16 7 14 5 13 2 11 -1 12 -3 12 -4 12 -6 12 -7 12 -7 13 -8 12 -7 12 -7 12 -8 11 -8 10 -8 9 0 0 0 0 0 0 0 0 0 0 0 0 0 0 0 0 0 0 0 0 0 0 14 -4 13 -3 13 -2 12 -1 11 0 10 2 9 3 8 5 7 8 7 11 7 14 7 16 7 18 8 21 10 22 11 23 13 23 15 22 16 20 17 20 16 18 15 16 12 17 10 17 7 18 5 21
CSI_META: ts=3529261836 rssi=-31 noise_floor=-98 channel=6 secondary_channel=0 sig_mode=0 mcs=0 rate=9 cwb=0 sgi=0 stbc=0 ant=0 len=128 rx_state=0 seq=-1 tx_mac=52:40:27:94:0a:bb
CSI_DATA: 28 -64 1 0 18 -13 16 -14 14 -13 12 -13 10 -11 8 -10 8 -8 7 -7 8 -5 9 -5 10 -4 11 -3 11 -3 12 -4 12 -4 11 -4 10 -5 9 -4 8 -4 7 -3 6 -2 5 -1 5 0 4 1 4 2 0 0 0 0 0 0 0 0 0 0 0 0 0 0 0 0 0 0 0 0 0 0 -3 -8 -2 -8 -1 -7 0 -7 2 -6 3 -6 4 -6 6 -6 7 -6 9 -7 10 -8 11 -9 11 -10 11 -11 11 -11 10 -11 9 -11 8 -10 8 -9 9 -8 9 -7 11 -6 13 -5 15 -6 18 -7 19 -9
CSI_META: ts=3531033659 rssi=-31 noise_floor=-98 channel=6 secondary_channel=0 sig_mode=0 mcs=0 rate=9 cwb=0 sgi=0 stbc=0 ant=0 len=128 rx_state=0 seq=-1 tx_mac=52:40:27:94:0a:bb
CSI_DATA: 28 -64 1 0 13 -13 11 -11 10 -9 10 -7 10 -6 10 -5 11 -4 12 -4 13 -4 13 -5 13 -5 13 -6 12 -6 11 -7 10 -7 9 -6 8 -5 7 -4 5 -3 5 -1 5 0 5 1 5 2 5 3 5 4 0 0 0 0 0 0 0 0 0 0 0 0 0 0 0 0 0 0 0 0 0 0 0 -6 1 -6 3 -7 4 -7 5 -7 6 -8 7 -8 7 -9 8 -10 8 -10 8 -10 8 -10 8 -9 8 -8 7 -7 8 -6 9 -5 10 -5 12 -4 14 -4 16 -5 17 -7 18 -8 19 -10 19 -12 18 -14
CSI_META: ts=3531545306 rssi=-31 noise_floor=-98 channel=6 secondary_channel=0 sig_mode=0 mcs=0 rate=9 cwb=0 sgi=0 stbc=0 ant=0 len=128 rx_state=0 seq=-1 tx_mac=52:40:27:94:0a:bb
CSI_DATA: 28 -64 1 0 14 -13 16 -11 18 -10 20 -10 21 -11 21 -13 21 -14 19 -16 18 -17 16 -17 13 -15 12 -14 10 -12 9 -10 9 -8 9 -5 9 -3 9 -1 9 0 10 1 11 2 11 3 12 3 11 4 11 5 0 0 0 0 0 0 0 0 0 0 0 0 0 0 0 0 0 0 0 0 0 0 -3 -11 -2 -13 -1 -14 -1 -15 0 -15 0 -15 0 -15 0 -15 1 -15 2 -14 3 -13 5 -12 7 -11 10 -10 12 -11 14 -11 16 -13 18 -15 19 -17 19 -20 19 -22 17 -24 15 -25 14 -24 13 -23 12 -21
CSI_META: ts=3531564715 rssi=-32 noise_floor=-98 channel=6 secondary_channel=0 sig_mode=0 mcs=0 rate=9 cwb=0 sgi=0 stbc=0 ant=0 len=128 rx_state=0 seq=-1 tx_mac=52:40:27:94:0a:bb
CSI_DATA: 28 -64 1 0 21 18 22 17 23 17 25 15 25 13 25 10 23 8 20 5 18 4 16 4 14 4 11 5 9 7 8 8 7 10 6 11 5 12 5 12 5 12 5 12 5 12 5 12 4 11 3 11 1 10 0 0 0 0 0 0 0 0 0 0 0 0 0 0 0 0 0 0 0 0 0 0 8 -11 8 -10 9 -9 9 -8 9 -7 9 -5 9 -3 10 -2 10 1 12 3 13 5 15 7 17 8 19 9 21 9 22 8 23 7 24 5 24 4 24 3 22 2 21 2 18 4 18 6 17 8 17 12
CSI_META: ts=3531774108 rssi=-31 noise_floor=-98 channel=6 secondary_channel=0 sig_mode=0 mcs=0 rate=9 cwb=0 sgi=0 stbc=0 ant=0 len=128 rx_state=0 seq=-1 tx_mac=52:40:27:94:0a:bb
CSI_DATA: 28 -64 1 0 5 -22 3 -21 2 -20 1 -18 0 -15 0 -14 1 -12 1 -10 3 -10 4 -10 5 -9 6 -10 6 -10 7 -11 6 -11 6 -11 5 -11 4 -10 4 -9 4 -8 3 -7 4 -5 3 -4 4 -3 4 -1 0 0 0 0 0 0 0 0 0 0 0 0 0 0 0 0 0 0 0 0 0 0 -7 -5 -6 -5 -5 -5 -3 -6 -2 -6 -1 -7 0 -8 1 -9 2 -10 3 -12 3 -14 3 -15 2 -15 2 -15 1 -15 0 -16 0 -14 0 -14 0 -12 2 -12 3 -12 5 -12 7 -14 8 -15 9 -17 9 -20
CSI_META: ts=3531821357 rssi=-31 noise_floor=-98 channel=6 secondary_channel=0 sig_mode=0 mcs=0 rate=9 cwb=0 sgi=0 stbc=0 ant=0 len=128 rx_state=0 seq=-1 tx_mac=52:40:27:94:0a:bb
CSI_DATA: 28 -64 1 0 -15 10 -13 9 -12 7 -11 5 -11 3 -12 2 -12 1 -13 1 -14 1 -15 2 -15 2 -15 3 -14 4 -13 4 -12 4 -11 4 -9 3 -8 2 -7 1 -6 0 -6 -1 -5 -3 -5 -4 -5 -5 -4 -6 0 0 0 0 0 0 0 0 0 0 0 0 0 0 0 0 0 0 0 0 0 0 -1 5 -3 5 -4 5 -6 5 -7 6 -7 6 -8 7 -9 7 -9 8 -10 8 -9 9 -9 8 -9 8 -9 7 -9 5 -9 4 -10 3 -11 2 -13 2 -15 2 -17 3 -19 3 -20 6 -21 8 -21 9 -20 11
CSI_META: ts=3532138897 rssi=-31 noise_floor=-98 channel=6 secondary_channel=0 sig_mode=0 mcs=0 rate=9 cwb=0 sgi=0 stbc=0 ant=0 len=128 rx_state=0 seq=-1 tx_mac=52:40:27:94:0a:bb
CSI_DATA: 28 -64 1 0 9 -9 9 -8 11 -8 12 -8 13 -8 13 -9 14 -10 12 -11 12 -12 10 -12 9 -11 8 -11 6 -9 6 -8 5 -7 5 -5 5 -3 5 -2 6 -1 6 0 6 1 7 2 7 2 7 3 7 3 0 0 0 0 0 0 0 0 0 0 0 0 0 0 0 0 0 0 0 0 0 0 -4 -8 -3 -9 -3 -9 -3 -10 -2 -10 -2 -10 -2 -10 -1 -10 -1 -9 0 -9 2 -9 3 -8 5 -8 6 -8 8 -8 9 -9 10 -10 11 -12 11 -13 11 -15 10 -16 9 -17 8 -18 8 -17 7 -16 6 -15
CSI_META: ts=3532271223 rssi=-32 noise_floor=-98 channel=6 secondary_channel=0 sig_mode=0 mcs=0 rate=9 cwb=0 sgi=0 stbc=0 ant=0 len=128 rx_state=0 seq=-1 tx_mac=52:40:27:94:0a:bb
CSI_DATA: 28 -64 1 0 20 -1 21 3 21 5 24 6 25 6 27 5 27 4 27 2 26 0 25 -1 23 -3 20 -3 18 -3 15 -2 13 0 11 2 9 3 8 5 7 7 6 8 6 9 6 11 6 12 5 12 4 13 0 0 0 0 0 0 0 0 0 0 0 0 0 0 0 0 0 0 0 0 0 0 4 -13 6 -13 7 -14 8 -14 8 -14 8 -13 9 -13 9 -13 10 -11 10 -10 11 -9 12 -6 14 -4 16 -2 18 -1 20 0 23 0 26 -1 29 -3 30 -5 31 -7 31 -9 29 -11 28 -11 26 -11 24 -10
CSI_META: ts=3532683694 rssi=-31 noise_floor=-98 channel=6 secondary_channel=0 sig_mode=0 mcs=0 rate=9 cwb=0 sgi=0 stbc=0 ant=0 len=128 rx_state=0 seq=-1 tx_mac=52:40:27:94:0a:bb
CSI_DATA: 28 -64 1 0 17 0 14 0 12 1 11 2 10 3 9 4 10 6 9 6 10 7 11 7 12 6 12 6 12 5 12 4 11 4 10 4 8 3 7 2 6 2 4 3 3 3 2 4 1 4 0 5 -1 6 0 0 0 0 0 0 0 0 0 0 0 0 0 0 0 0 0 0 0 0 0 0 4 -4 5 -3 7 -2 7 -2 8 -2 9 -1 10 -1 11 -2 11 -1 12 -2 12 -2 11 -1 10 -1 10 0 9 1 9 2 9 4 9 5 10 6 13 7 14 8 16 8 18 8 20 7 21 5 21 4
CSI_META: ts=3533965411 rssi=-32 noise_floor=-98 channel=6 secondary_channel=0 sig_mode=0 mcs=0 rate=9 cwb=0 sgi=0 stbc=0 ant=0 len=128 rx_state=0 seq=-1 tx_mac=52:40:27:94:0a:bb
CSI_DATA: 28 -64 1 0 -16 -13 -14 -15 -13 -18 -14 -19 -15 -21 -17 -21 -17 -21 -18 -20 -19 -18 -19 -16 -19 -13 -18 -12 -15 -10 -13 -9 -10 -9 -7 -9 -5 -9 -3 -9 0 -10 1 -11 1 -12 2 -13 3 -13 4 -13 5 -12 0 0 0 0 0 0 0 0 0 0 0 0 0 0 0 0 0 0 0 0 0 0 -11 6 -12 5 -14 5 -14 5 -15 5 -15 4 -15 4 -14 4 -14 2 -14 1 -13 -1 -13 -3 -13 -6 -13 -9 -14 -11 -16 -14 -18 -15 -20 -16 -23 -16 -26 -16 -28 -14 -29 -12 -29 -11 -28 -9 -27 -8 -24 -8
CSI_META: ts=3534185724 rssi=-31 noise_floor=-98 channel=6 secondary_channel=0 sig_mode=0 mcs=0 rate=9 cwb=0 sgi=0 stbc=0 ant=0 len=128 rx_state=0 seq=-1 tx_mac=52:40:27:94:0a:bb
CSI_DATA: 28 -64 1 0 13 10 11 9 9 9 7 8 5 9 4 10 4 11 4 12 4 12 5 13 6 13 6 12 7 11 7 10 6 9 6 8 4 7 3 6 1 5 0 5 -1 5 -2 5 -3 5 -4 5 -5 5 0 0 0 0 0 0 0 0 0 0 0 0 0 0 0 0 0 0 0 0 0 0 4 -2 5 -1 6 0 6 2 7 3 7 4 8 4 9 5 10 5 11 6 11 6 10 6 10 5 9 5 8 5 7 6 6 7 5 9 5 10 6 13 7 14 9 15 10 16 12 17 14 16 16 15
CSI_META: ts=3534716048 rssi=-32 noise_floor=-98 channel=6 secondary_channel=0 sig_mode=0 mcs=0 rate=9 cwb=0 sgi=0 stbc=0 ant=0 len=128 rx_state=0 seq=-1 tx_mac=52:40:27:94:0a:bb
CSI_DATA: 28 -64 1 0 20 -18 17 -15 15 -12 15 -9 15 -6 16 -4 17 -2 19 -2 21 -2 21 -3 22 -4 22 -5 21 -6 19 -7 17 -7 15 -6 13 -5 11 -4 9 -2 8 -1 7 2 6 3 6 5 5 7 5 9 0 0 0 0 0 0 0 0 0 0 0 0 0 0 0 0 0 0 0 0 0 0 0 -9 2 -9 4 -10 6 -11 7 -11 9 -12 10 -12 11 -14 11 -15 12 -16 11 -16 11 -15 11 -14 11 -13 11 -11 11 -9 13 -7 16 -6 19 -5 22 -5 25 -6 28 -8 30 -11 31 -13 31 -16 30 -19
CSI_META: ts=3535560743 rssi=-31 noise_floor=-98 channel=6 secondary_channel=0 sig_mode=0 mcs=0 rate=9 cwb=0 sgi=0 stbc=0 ant=0 len=128 rx_state=0 seq=-1 tx_mac=52:40:27:94:0a:bb
CSI_DATA: 28 -64 1 0 8 10 7 11 6 12 6 13 7 13 8 14 9 14 9 13 10 13 10 11 10 10 9 8 8 7 7 7 5 6 4 6 2 6 1 6 0 6 -1 6 -2 6 -3 7 -3 7 -4 7 -4 7 0 0 0 0 0 0 0 0 0 0 0 0 0 0 0 0 0 0 0 0 0 0 8 -2 8 -2 9 -1 9 -1 9 0 9 0 9 0 9 1 9 1 8 2 7 3 7 5 7 6 6 7 6 9 7 11 8 12 10 13 11 13 13 13 14 12 15 12 15 11 15 10 15 9 14 9
CSI_META: ts=3536358442 rssi=-31 noise_floor=-98 channel=6 secondary_channel=0 sig_mode=0 mcs=0 rate=9 cwb=0 sgi=0 stbc=0 ant=0 len=128 rx_state=0 seq=-1 tx_mac=52:40:27:94:0a:bb
CSI_DATA: 28 -64 1 0 6 -12 7 -11 9 -12 10 -12 11 -12 10 -13 10 -14 8 -15 8 -15 6 -15 5 -13 4 -12 4 -11 3 -9 4 -8 4 -6 5 -5 5 -4 6 -3 7 -2 7 -2 8 -1 8 -1 8 -1 8 0 0 0 0 0 0 0 0 0 0 0 0 0 0 0 0 0 0 0 0 0 0 0 -5 -7 -4 -8 -4 -9 -3 -10 -3 -10 -3 -10 -3 -10 -3 -10 -3 -10 -1 -10 -1 -10 1 -9 2 -9 4 -10 6 -10 7 -11 8 -13 8 -14 8 -15 8 -17 7 -18 6 -19 5 -19 4 -19 3 -18 3 -17
CSI_META: ts=3538565241 rssi=-31 noise_floor=-98 channel=6 secondary_channel=0 sig_mode=0 mcs=0 rate=9 cwb=0 sgi=0 stbc=0 ant=0 len=128 rx_state=0 seq=-1 tx_mac=52:40:27:94:0a:bb
CSI_DATA: 28 -64 1 0 15 -16 12 -16 10 -16 8 -15 7 -13 6 -12 6 -10 6 -8 7 -7 7 -6 8 -5 9 -5 10 -5 11 -6 10 -6 10 -6 9 -6 8 -6 7 -5 7 -5 6 -4 5 -3 5 -2 4 0 4 1 0 0 0 0 0 0 0 0 0 0 0 0 0 0 0 0 0 0 0 0 0 0 -5 -6 -3 -6 -2 -6 -1 -6 1 -6 2 -6 3 -7 4 -8 6 -9 7 -10 8 -11 8 -12 8 -12 7 -13 7 -13 6 -13 5 -12 5 -12 6 -10 6 -9 8 -8 10 -8 12 -8 14 -9 16 -10 17 -13
CSI_META: ts=3539020518 rssi=-31 noise_floor=-98 channel=6 secondary_channel=0 sig_mode=0 mcs=0 rate=9 cwb=0 sgi=0 stbc=0 ant=0 len=128 rx_state=0 seq=-1 tx_mac=52:40:27:94:0a:bb
CSI_DATA: 28 -64 1 0 0 18 1 19 2 19 4 19 5 18 6 16 6 14 6 12 5 11 5 9 3 8 2 8 0 7 -1 8 -2 8 -3 8 -4 8 -4 8 -4 8 -4 8 -5 8 -4 7 -4 7 -5 6 -5 5 0 0 0 0 0 0 0 0 0 0 0 0 0 0 0 0 0 0 0 0 0 0 8 -1 8 -1 8 0 7 0 7 1 6 2 5 3 5 4 4 5 3 7 3 9 3 10 3 12 4 13 5 14 6 14 7 14 8 14 9 13 9 12 9 11 8 10 6 11 5 11 3 12 2 14
CSI_META: ts=3539403234 rssi=-31 noise_floor=-98 channel=6 secondary_channel=0 sig_mode=0 mcs=0 rate=9 cwb=0 sgi=0 stbc=0 ant=0 len=128 rx_state=0 seq=-1 tx_mac=52:40:27:94:0a:bb
CSI_DATA: 28 -64 1 0 -20 -5 -20 -5 -21 -4 -20 -3 -20 -1 -19 0 -17 1 -15 2 -14 2 -12 1 -10 0 -9 -1 -9 -2 -8 -4 -8 -5 -8 -6 -8 -6 -8 -7 -8 -7 -8 -7 -8 -7 -7 -7 -6 -6 -6 -6 -4 -6 0 0 0 0 0 0 0 0 0 0 0 0 0 0 0 0 0 0 0 0 0 0 -3 9 -3 8 -4 8 -4 7 -5 6 -5 5 -5 4 -6 3 -7 2 -9 1 -10 0 -12 -1 -14 -1 -15 -1 -16 0 -17 1 -17 2 -18 3 -17 4 -17 4 -15 4 -14 4 -14 3 -14 1 -14 -1 -14 -3
CSI_META: ts=3541485578 rssi=-31 noise_floor=-98 channel=6 secondary_channel=0 sig_mode=0 mcs=0 rate=9 cwb=0 sgi=0 stbc=0 ant=0 len=128 rx_state=0 seq=-1 tx_mac=52:40:27:94:0a:bb
CSI_DATA: 28 -64 1 0 -11 15 -11 16 -10 18 -9 18 -7 18 -5 17 -4 16 -2 15 -2 13 -2 11 -3 9 -3 8 -5 7 -6 6 -7 5 -8 5 -8 5 -8 5 -8 4 -9 5 -8 4 -8 4 -8 3 -8 3 -7 2 0 0 0 0 0 0 0 0 0 0 0 0 0 0 0 0 0 0 0 0 0 0 7 4 7 5 6 5 5 5 5 5 4 5 2 6 1 6 0 7 -2 8 -3 9 -4 11 -5 12 -5 13 -5 15 -4 16 -4 16 -2 17 -1 16 0 16 0 15 0 14 -2 13 -3 12 -5 12 -7 13
CSI_META: ts=3541858832 rssi=-31 noise_floor=-98 channel=6 secondary_channel=0 sig_mode=0 mcs=0 rate=9 cwb=0 sgi=0 stbc=0 ant=0 len=128 rx_state=0 seq=-1 tx_mac=52:40:27:94:0a:bb
CSI_DATA: 28 -64 1 0 -13 -19 -14 -17 -13 -15 -13 -13 -12 -11 -10 -9 -8 -9 -7 -9 -5 -9 -4 -10 -3 -11 -3 -11 -3 -12 -3 -13 -4 -13 -4 -12 -4 -11 -4 -10 -3 -9 -3 -9 -3 -8 -2 -7 -1 -6 0 -6 2 -5 0 0 0 0 0 0 0 0 0 0 0 0 0 0 0 0 0 0 0 0 0 0 -8 1 -7 0 -7 -1 -6 -2 -6 -3 -5 -5 -6 -6 -6 -7 -6 -9 -7 -10 -8 -12 -9 -12 -10 -12 -10 -12 -11 -11 -11 -10 -11 -10 -10 -10 -8 -9 -7 -10 -6 -10 -6 -12 -5 -15 -5 -17 -7 -19 -8 -21
CSI_META: ts=3541992071 rssi=-31 noise_floor=-98 channel=6 secondary_channel=0 sig_mode=0 mcs=0 rate=9 cwb=0 sgi=0 stbc=0 ant=0 len=128 rx_state=0 seq=-1 tx_mac=52:40:27:94:0a:bb
CSI_DATA: 28 -64 1 0 -16 16 -14 16 -11 16 -9 14 -8 13 -7 11 -6 9 -6 8 -7 6 -8 5 -9 5 -10 4 -11 4 -11 5 -12 6 -11 5 -10 5 -9 5 -8 5 -8 4 -7 3 -7 2 -6 1 -6 0 -5 -1 0 0 0 0 0 0 0 0 0 0 0 0 0 0 0 0 0 0 0 0 0 0 3 5 2 6 1 5 -1 5 -2 5 -3 6 -5 6 -6 7 -7 8 -8 9 -9 10 -9 11 -9 12 -9 12 -8 12 -7 12 -7 11 -7 11 -7 9 -8 8 -9 8 -11 8 -13 8 -15 9 -17 10 -18 12
CSI_META: ts=3542386262 rssi=-31 noise_floor=-98 channel=6 secondary_channel=0 sig_mode=0 mcs=0 rate=9 cwb=0 sgi=0 stbc=0 ant=0 len=128 rx_state=0 seq=-1 tx_mac=52:40:27:94:0a:bb
CSI_DATA: 28 -64 1 0 -3 17 -3 15 -3 13 -4 11 -5 9 -7 9 -8 9 -9 10 -9 10 -9 12 -9 12 -8 12 -7 12 -6 12 -5 11 -4 9 -4 8 -4 6 -4 5 -4 4 -5 2 -6 1 -6 0 -7 0 -8 -1 0 0 0 0 0 0 0 0 0 0 0 0 0 0 0 0 0 0 0 0 0 0 3 4 2 5 1 6 0 7 0 8 -1 9 -1 10 -1 11 0 12 0 12 0 12 0 12 -1 11 -1 10 -2 10 -3 9 -5 9 -6 10 -8 10 -9 12 -10 13 -10 16 -10 18 -9 20 -7 21 -6 22
CSI_META: ts=3543860828 rssi=-31 noise_floor=-98 channel=6 secondary_channel=0 sig_mode=0 mcs=0 rate=9 cwb=0 sgi=0 stbc=0 ant=0 len=128 rx_state=0 seq=-1 tx_mac=52:40:27:94:0a:bb
CSI_DATA: 28 -64 1 0 19 -11 17 -12 15 -12 13 -12 11 -11 9 -10 9 -8 8 -6 8 -5 9 -3 10 -3 10 -2 11 -2 12 -2 12 -2 12 -2 11 -3 10 -3 9 -2 8 -2 7 -2 6 -1 5 0 4 1 4 2 0 0 0 0 0 0 0 0 0 0 0 0 0 0 0 0 0 0 0 0 0 0 -2 -7 -1 -7 0 -6 1 -6 3 -6 4 -6 5 -5 7 -6 9 -7 10 -7 11 -8 11 -9 11 -10 11 -10 11 -10 10 -10 9 -10 9 -9 9 -8 9 -6 10 -5 12 -5 14 -4 16 -4 18 -5 20 -7
CSI_META: ts=3544198225 rssi=-32 noise_floor=-98 channel=6 secondary_channel=0 sig_mode=0 mcs=0 rate=9 cwb=0 sgi=0 stbc=0 ant=0 len=128 rx_state=0 seq=-1 tx_mac=52:40:27:94:0a:bb
CSI_DATA: 28 -64 1 0 -8 27 -7 22 -8 20 -9 15 -11 14 -13 13 -15 13 -16 14 -16 16 -16 16 -16 18 -15 18 -13 18 -11 18 -10 16 -9 14 -8 11 -7 9 -7 7 -8 4 -8 2 -9 1 -10 -1 -11 -2 -12 -4 0 0 0 0 0 0 0 0 0 0 0 0 0 0 0 0 0 0 0 0 0 0 4 7 2 8 0 10 -1 11 -2 13 -3 15 -3 16 -3 18 -3 19 -4 20 -3 20 -3 20 -3 19 -3 17 -5 15 -6 15 -9 13 -11 14 -14 14 -17 17 -18 19 -19 23 -20 27 -19 29 -17 32 -14 33
CSI_META: ts=3544688302 rssi=-32 noise_floor=-98 channel=6 secondary_channel=0 sig_mode=0 mcs=0 rate=9 cwb=0 sgi=0 stbc=0 ant=0 len=128 rx_state=0 seq=-1 tx_mac=52:40:27:94:0a:bb
CSI_DATA: 28 -64 1 0 19 3 18 5 19 8 20 9 22 10 24 10 25 8 25 6 25 4 23 2 22 1 20 0 17 0 15 1 12 2 10 3 8 4 6 6 4 7 4 9 3 10 3 11 3 12 2 13 1 12 0 0 0 0 0 0 0 0 0 0 0 0 0 0 0 0 0 0 0 0 0 0 5 -12 7 -12 8 -12 8 -13 9 -12 9 -12 9 -11 10 -11 10 -10 10 -9 11 -7 11 -4 13 -2 15 0 17 2 19 3 22 3 25 2 27 1 29 0 30 -2 30 -5 29 -6 28 -8 26 -8 24 -7
CSI_META: ts=3545023678 rssi=-32 noise_floor=-98 channel=6 secondary_channel=0 sig_mode=0 mcs=0 rate=9 cwb=0 sgi=0 stbc=0 ant=0 len=128 rx_state=0 seq=-1 tx_mac=52:40:27:94:0a:bb
CSI_DATA: 28 -64 1 0 0 -27 0 -23 2 -20 4 -17 6 -15 8 -15 11 -16 12 -17 12 -18 12 -20 11 -21 9 -21 8 -20 7 -20 6 -19 5 -15 5 -13 4 -11 5 -8 6 -6 6 -4 8 -3 9 -1 10 0 11 1 0 0 0 0 0 0 0 0 0 0 0 0 0 0 0 0 0 0 0 0 0 0 -7 -5 -6 -7 -5 -9 -4 -11 -2 -12 -3 -15 -2 -16 -3 -18 -3 -19 -3 -20 -4 -21 -4 -20 -4 -19 -2 -17 -1 -16 0 -16 3 -15 6 -16 8 -17 11 -20 12 -23 12 -26 12 -30 11 -32 8 -34 5 -36
CSI_META: ts=3546449938 rssi=-32 noise_floor=-98 channel=6 secondary_channel=0 sig_mode=0 mcs=0 rate=9 cwb=0 sgi=0 stbc=0 ant=0 len=128 rx_state=0 seq=-1 tx_mac=52:40:27:94:0a:bb
CSI_DATA: 28 -64 1 0 -26 14 -27 16 -26 18 -24 19 -22 20 -19 20 -16 20 -14 19 -11 16 -10 14 -10 11 -10 8 -11 6 -12 4 -13 2 -14 1 -15 0 -15 0 -15 0 -15 0 -15 0 -14 0 -13 -1 -12 -1 -11 -3 0 0 0 0 0 0 0 0 0 0 0 0 0 0 0 0 0 0 0 0 0 0 8 11 7 11 6 11 5 11 4 11 2 10 1 10 -1 10 -4 10 -7 10 -9 11 -12 12 -14 14 -16 16 -16 18 -16 20 -16 22 -14 23 -12 23 -11 22 -9 21 -9 19 -9 17 -12 15 -14 13 -18 13
CSI_META: ts=3546738164 rssi=-32 noise_floor=-98 channel=6 secondary_channel=0 sig_mode=0 mcs=0 rate=9 cwb=0 sgi=0 stbc=0 ant=0 len=128 rx_state=0 seq=-1 tx_mac=52:40:27:94:0a:bb
CSI_DATA: 28 -64 1 0 26 -13 27 -15 27 -17 26 -19 24 -20 21 -21 18 -20 14 -19 13 -18 11 -15 10 -12 10 -9 10 -6 11 -4 12 -2 14 0 14 0 15 0 15 0 15 1 14 1 14 1 13 2 12 2 10 3 0 0 0 0 0 0 0 0 0 0 0 0 0 0 0 0 0 0 0 0 0 0 -9 -12 -9 -13 -7 -13 -6 -13 -5 -12 -3 -12 -2 -11 0 -11 3 -11 6 -11 8 -12 11 -13 14 -14 16 -16 16 -19 17 -21 16 -23 14 -24 13 -24 12 -24 10 -23 9 -21 9 -19 12 -16 14 -14 17 -13
CSI_META: ts=3546738336 rssi=-31 noise_floor=-98 channel=6 secondary_channel=0 sig_mode=0 mcs=0 rate=9 cwb=0 sgi=0 stbc=0 ant=0 len=128 rx_state=0 seq=-1 tx_mac=52:40:27:94:0a:bb
CSI_DATA: 28 -64 1 0 -18 -6 -18 -6 -20 -5 -19 -4 -19 -2 -19 -1 -17 0 -16 1 -14 2 -12 2 -10 1 -9 -1 -7 -2 -7 -3 -7 -5 -7 -6 -6 -6 -6 -7 -6 -7 -6 -7 -6 -7 -6 -7 -6 -7 -5 -7 -4 -7 0 0 0 0 0 0 0 0 0 0 0 0 0 0 0 0 0 0 0 0 0 0 -1 9 -2 8 -3 7 -3 6 -4 6 -4 5 -5 4 -6 3 -7 2 -8 1 -10 1 -12 0 -13 0 -14 0 -15 1 -17 2 -17 2 -17 4 -16 4 -15 5 -14 5 -13 4 -13 3 -12 2 -13 0 -13 -2
CSI_META: ts=3546738481 rssi=-31 noise_floor=-98 channel=6 secondary_channel=0 sig_mode=0 mcs=0 rate=9 cwb=0 sgi=0 stbc=0 ant=0 len=128 rx_state=0 seq=-1 tx_mac=52:40:27:94:0a:bb
CSI_DATA: 28 -64 1 0 -11 14 -12 16 -11 16 -10 17 -7 17 -5 17 -4 15 -3 13 -2 11 -3 9 -4 8 -5 6 -6 5 -7 4 -8 4 -9 4 -9 4 -9 4 -9 4 -9 4 -9 3 -8 3 -8 2 -7 1 -6 0 0 0 0 0 0 0 0 0 0 0 0 0 0 0 0 0 0 0 0 0 0 0 7 3 7 4 7 4 7 5 6 5 5 5 4 5 3 5 2 6 0 6 -2 8 -3 9 -4 10 -4 12 -4 14 -4 15 -3 16 -2 16 0 17 1 16 1 15 1 14 0 12 -2 12 -4 11 -6 11
CSI_META: ts=3546742047 rssi=-31 noise_floor=-98 channel=6 secondary_channel=0 sig_mode=0 mcs=0 rate=9 cwb=0 sgi=0 stbc=0 ant=0 len=128 rx_state=0 seq=-1 tx_mac=52:40:27:94:0a:bb
CSI_DATA: 28 -64 1 0 17 3 18 3 19 1 19 0 19 -1 17 -3 16 -4 13 -4 12 -4 10 -3 8 -2 7 0 7 2 7 3 7 4 7 5 7 6 7 6 7 5 7 5 7 5 6 5 5 5 4 5 3 5 0 0 0 0 0 0 0 0 0 0 0 0 0 0 0 0 0 0 0 0 0 0 0 -9 1 -9 1 -9 1 -9 2 -8 2 -8 3 -7 3 -6 4 -5 6 -4 7 -3 9 -2 11 -2 13 -2 14 -3 15 -4 15 -5 16 -6 15 -7 15 -8 13 -8 12 -8 11 -6 11 -4 12 -2 13 0
CSI_META: ts=3546742219 rssi=-31 noise_floor=-98 channel=6 secondary_channel=0 sig_mode=0 mcs=0 rate=9 cwb=0 sgi=0 stbc=0 ant=0 len=128 rx_state=0 seq=-1 tx_mac=52:40:27:94:0a:bb
CSI_DATA: 28 -64 1 0 -19 3 -19 4 -19 5 -19 6 -17 7 -17 8 -14 8 -12 8 -10 7 -9 6 -8 4 -8 3 -8 1 -8 -1 -9 -2 -9 -3 -9 -3 -9 -4 -9 -4 -9 -4 -9 -4 -9 -4 -8 -4 -7 -4 -6 -4 0 0 0 0 0 0 0 0 0 0 0 0 0 0 0 0 0 0 0 0 0 0 3 8 2 8 1 8 1 8 0 7 0 7 -1 6 -2 6 -4 5 -6 5 -7 5 -9 5 -11 6 -13 6 -13 7 -14 9 -14 10 -13 11 -12 11 -11 12 -10 11 -10 10 -9 9 -10 7 -11 5 -13 4
CSI_META: ts=3546742336 rssi=-31 noise_floor=-98 channel=6 secondary_channel=0 sig_mode=0 mcs=0 rate=9 cwb=0 sgi=0 stbc=0 ant=0 len=128 rx_state=0 seq=-1 tx_mac=52:40:27:94:0a:bb
CSI_DATA: 28 -64 1 0 -13 12 -13 14 -13 15 -11 15 -10 16 -8 15 -7 15 -6 14 -5 13 -4 10 -4 9 -4 7 -5 5 -6 4 -7 3 -8 3 -8 2 -9 2 -9 2 -9 2 -9 1 -9 1 -9 1 -9 0 -8 0 0 0 0 0 0 0 0 0 0 0 0 0 0 0 0 0 0 0 0 0 0 0 7 4 7 4 6 4 5 5 4 5 3 5 2 5 1 6 0 6 -2 7 -3 9 -5 10 -6 11 -6 13 -6 14 -6 15 -4 16 -3 16 -2 16 -2 15 -1 14 -1 13 -2 12 -4 11 -6 10 -8 10
CSI_META: ts=3547212517 rssi=-31 noise_floor=-98 channel=6 secondary_channel=0 sig_mode=0 mcs=0 rate=9 cwb=0 sgi=0 stbc=0 ant=0 len=128 rx_state=0 seq=-1 tx_mac=52:40:27:94:0a:bb
CSI_DATA: 28 -64 1 0 -7 -12 -5 -13 -3 -15 -4 -16 -4 -16 -5 -17 -5 -17 -6 -16 -7 -16 -8 -15 -8 -13 -8 -12 -7 -10 -6 -9 -4 -8 -3 -8 -1 -7 0 -7 1 -6 3 -7 3 -7 4 -7 5 -7 5 -7 6 -7 0 0 0 0 0 0 0 0 0 0 0 0 0 0 0 0 0 0 0 0 0 0 -9 0 -9 -1 -10 -1 -10 -2 -10 -2 -10 -3 -10 -3 -10 -3 -9 -4 -9 -4 -8 -5 -7 -7 -6 -8 -5 -9 -5 -11 -5 -13 -6 -14 -7 -16 -9 -16 -11 -17 -12 -16 -13 -16 -14 -15 -14 -14 -14 -13 -12 -12
CSI_META: ts=3547358483 rssi=-32 noise_floor=-98 channel=6 secondary_channel=0 sig_mode=0 mcs=0 rate=9 cwb=0 sgi=0 stbc=0 ant=0 len=128 rx_state=0 seq=-1 tx_mac=52:40:27:94:0a:bb
CSI_DATA: 28 -64 1 0 1 -21 4 -20 7 -22 8 -23 8 -24 8 -26 6 -27 4 -28 2 -27 0 -25 -1 -22 -1 -20 -1 -17 1 -15 2 -12 4 -10 6 -9 8 -8 9 -7 10 -7 11 -7 12 -7 12 -6 12 -6 12 -4 0 0 0 0 0 0 0 0 0 0 0 0 0 0 0 0 0 0 0 0 0 0 -10 -6 -10 -8 -11 -9 -11 -10 -11 -11 -12 -12 -12 -12 -12 -13 -11 -13 -10 -13 -9 -13 -7 -14 -4 -14 -2 -15 0 -16 1 -19 3 -22 3 -26 2 -27 0 -30 -2 -31 -5 -32 -6 -32 -8 -30 -8 -28 -7 -26
CSI_META: ts=3547417625 rssi=-31 noise_floor=-98 channel=6 secondary_channel=0 sig_mode=0 mcs=0 rate=9 cwb=0 sgi=0 stbc=0 ant=0 len=128 rx_state=0 seq=-1 tx_mac=52:40:27:94:0a:bb
CSI_DATA: 28 -64 1 0 -21 -10 -21 -8 -19 -7 -17 -5 -16 -4 -14 -4 -12 -4 -10 -4 -9 -5 -8 -6 -9 -7 -9 -8 -9 -9 -9 -9 -9 -9 -9 -9 -9 -8 -9 -7 -7 -7 -7 -6 -6 -6 -5 -5 -4 -5 -3 -5 -1 -5 0 0 0 0 0 0 0 0 0 0 0 0 0 0 0 0 0 0 0 0 0 0 -5 5 -6 3 -6 2 -6 1 -7 0 -7 -2 -8 -3 -9 -4 -10 -5 -12 -5 -13 -6 -14 -6 -15 -5 -15 -5 -15 -4 -15 -4 -14 -3 -13 -4 -12 -4 -11 -5 -11 -6 -11 -8 -11 -10 -13 -12 -16 -13 -17 -14
CSI_META: ts=3548516082 rssi=-31 noise_floor=-98 channel=6 secondary_channel=0 sig_mode=0 mcs=0 rate=9 cwb=0 sgi=0 stbc=0 ant=0 len=128 rx_state=0 seq=-1 tx_mac=52:40:27:94:0a:bb
CSI_DATA: 28 -64 1 0 -8 -10 -7 -11 -5 -13 -6 -14 -6 -15 -8 -16 -8 -15 -9 -15 -10 -14 -10 -12 -10 -11 -9 -9 -8 -8 -6 -7 -5 -7 -3 -7 -1 -6 0 -7 1 -6 2 -7 2 -8 3 -8 3 -8 4 -8 4 -7 0 0 0 0 0 0 0 0 0 0 0 0 0 0 0 0 0 0 0 0 0 0 -8 1 -9 1 -9 0 -10 0 -10 0 -10 0 -10 0 -10 -1 -10 -1 -9 -2 -9 -3 -8 -4 -7 -5 -7 -7 -7 -9 -8 -11 -8 -12 -10 -13 -12 -13 -13 -14 -15 -13 -16 -12 -16 -12 -16 -11 -15 -9 -14 -9
CSI_META: ts=3548918678 rssi=-31 noise_floor=-98 channel=6 secondary_channel=0 sig_mode=0 mcs=0 rate=9 cwb=0 sgi=0 stbc=0 ant=0 len=128 rx_state=0 seq=-1 tx_mac=52:40:27:94:0a:bb
CSI_DATA: 28 -64 1 0 -25 -14 -26 -13 -27 -12 -28 -10 -28 -8 -27 -6 -25 -4 -22 -2 -20 -2 -17 -2 -15 -2 -13 -4 -12 -5 -10 -7 -9 -9 -9 -11 -8 -11 -8 -12 -8 -12 -8 -12 -8 -12 -8 -12 -7 -11 -6 -11 -4 -10 0 0 0 0 0 0 0 0 0 0 0 0 0 0 0 0 0 0 0 0 0 0 -6 12 -7 11 -8 10 -8 9 -8 7 -8 6 -9 4 -10 3 -11 1 -13 -1 -15 -3 -17 -4 -19 -5 -21 -5 -23 -5 -24 -4 -25 -3 -26 -1 -26 0 -24 1 -23 2 -22 1 -20 -1 -20 -3 -20 -5 -20 -9
CSI_META: ts=3549436916 rssi=-31 noise_floor=-98 channel=6 secondary_channel=0 sig_mode=0 mcs=0 rate=9 cwb=0 sgi=0 stbc=0 ant=0 len=128 rx_state=0 seq=-1 tx_mac=52:40:27:94:0a:bb
CSI_DATA: 28 -64 1 0 -5 -17 -5 -14 -3 -13 -2 -11 0 -10 2 -10 3 -11 4 -12 4 -13 3 -14 3 -14 2 -15 1 -14 0 -14 0 -13 0 -10 0 -9 0 -8 1 -6 2 -5 3 -4 3 -3 5 -3 6 -2 6 -1 0 0 0 0 0 0 0 0 0 0 0 0 0 0 0 0 0 0 0 0 0 0 -5 -2 -5 -4 -4 -5 -4 -6 -4 -8 -4 -9 -4 -10 -5 -11 -5 -11 -6 -12 -6 -12 -6 -11 -6 -11 -5 -10 -4 -10 -3 -10 -1 -10 0 -11 2 -12 3 -14 3 -16 3 -18 2 -20 0 -21 -1 -22 -3 -23
CSI_META: ts=3549437012 rssi=-31 noise_floor=-98 channel=6 secondary_channel=0 sig_mode=0 mcs=0 rate=9 cwb=0 sgi=0 stbc=0 ant=0 len=128 rx_state=0 seq=-1 tx_mac=52:40:27:94:0a:bb
CSI_DATA: 28 -64 1 0 -8 17 -7 13 -8 12 -7 9 -9 7 -10 6 -12 6 -13 7 -14 8 -14 9 -13 9 -12 10 -11 10 -10 11 -8 9 -8 8 -6 6 -6 4 -6 2 -6 1 -6 0 -7 -2 -7 -3 -8 -4 -8 -4 0 0 0 0 0 0 0 0 0 0 0 0 0 0 0 0 0 0 0 0 0 0 3 4 2 5 0 5 -1 6 -2 7 -3 8 -4 9 -5 10 -5 12 -6 13 -5 13 -5 14 -4 13 -4 12 -4 10 -5 10 -6 8 -8 8 -10 7 -12 8 -14 9 -15 12 -18 15 -16 17 -15 19 -14 19
CSI_META: ts=3549738486 rssi=-31 noise_floor=-98 channel=6 secondary_channel=0 sig_mode=0 mcs=0 rate=9 cwb=0 sgi=0 stbc=0 ant=0 len=128 rx_state=0 seq=-1 tx_mac=52:40:27:94:0a:bb
CSI_DATA: 28 -64 1 0 3 -17 3 -15 3 -13 4 -10 5 -9 6 -8 8 -8 9 -9 10 -10 9 -11 9 -11 8 -12 7 -11 7 -11 6 -11 5 -9 4 -8 4 -6 4 -5 4 -4 4 -2 5 -1 5 0 6 1 6 2 0 0 0 0 0 0 0 0 0 0 0 0 0 0 0 0 0 0 0 0 0 0 -4 -5 -3 -6 -2 -7 -1 -8 0 -9 0 -10 1 -10 1 -11 1 -12 0 -13 0 -13 0 -13 0 -12 1 -11 1 -10 2 -10 3 -9 5 -9 7 -10 9 -11 10 -12 11 -15 11 -17 10 -18 9 -20 8 -21
CSI_META: ts=3550643121 rssi=-32 noise_floor=-98 channel=6 secondary_channel=0 sig_mode=0 mcs=0 rate=9 cwb=0 sgi=0 stbc=0 ant=0 len=128 rx_state=0 seq=-1 tx_mac=52:40:27:94:0a:bb
CSI_DATA: 28 -64 1 0 -9 -19 -7 -20 -4 -23 -4 -24 -4 -25 -6 -27 -7 -27 -9 -26 -10 -26 -11 -23 -12 -21 -11 -18 -9 -16 -7 -15 -5 -13 -2 -11 0 -10 2 -10 4 -10 5 -10 6 -10 8 -10 9 -10 9 -10 10 -9 0 0 0 0 0 0 0 0 0 0 0 0 0 0 0 0 0 0 0 0 0 0 -13 1 -14 0 -15 -1 -16 -2 -16 -2 -16 -3 -16 -3 -16 -3 -15 -4 -14 -5 -13 -6 -11 -9 -10 -10 -9 -13 -9 -16 -9 -19 -10 -22 -12 -24 -14 -25 -17 -26 -19 -25 -21 -24 -22 -24 -22 -22 -21 -19 -20 -18
CSI_META: ts=3550872978 rssi=-31 noise_floor=-98 channel=6 secondary_channel=0 sig_mode=0 mcs=0 rate=9 cwb=0 sgi=0 stbc=0 ant=0 len=128 rx_state=0 seq=-1 tx_mac=52:40:27:94:0a:bb
CSI_DATA: 28 -64 1 0 -8 10 -10 9 -11 10 -12 9 -13 10 -13 11 -12 12 -11 13 -10 13 -9 13 -7 12 -7 11 -6 9 -5 8 -5 6 -6 4 -6 3 -7 2 -7 1 -8 0 -8 -1 -9 -1 -9 -1 -9 -2 -9 -3 0 0 0 0 0 0 0 0 0 0 0 0 0 0 0 0 0 0 0 0 0 0 4 6 3 7 3 8 3 8 3 9 3 9 2 9 2 9 2 9 1 9 0 9 -2 8 -3 8 -5 8 -7 9 -9 10 -9 11 -10 13 -9 14 -10 16 -9 17 -7 18 -6 18 -6 18 -5 17 -4 16
CSI_META: ts=3551001628 rssi=-31 noise_floor=-98 channel=6 secondary_channel=0 sig_mode=0 mcs=0 rate=9 cwb=0 sgi=0 stbc=0 ant=0 len=128 rx_state=0 seq=-1 tx_mac=52:40:27:94:0a:bb
CSI_DATA: 28 -64 1 0 -18 5 -15 5 -13 3 -12 1 -12 0 -12 -2 -13 -3 -13 -3 -14 -3 -15 -3 -15 -2 -15 -1 -15 -1 -14 0 -12 0 -11 0 -10 0 -8 0 -7 -1 -6 -2 -5 -3 -4 -4 -4 -5 -3 -6 -3 -7 0 0 0 0 0 0 0 0 0 0 0 0 0 0 0 0 0 0 0 0 0 0 -3 5 -4 4 -6 4 -7 3 -8 4 -9 4 -10 4 -11 5 -11 5 -12 5 -12 5 -12 5 -11 5 -11 4 -10 3 -10 1 -11 0 -12 -1 -13 -2 -15 -3 -17 -3 -19 -2 -21 -1 -22 1 -23 3 -22 4
CSI_META: ts=3551173402 rssi=-31 noise_floor=-98 channel=6 secondary_channel=0 sig_mode=0 mcs=0 rate=9 cwb=0 sgi=0 stbc=0 ant=0 len=128 rx_state=0 seq=-1 tx_mac=52:40:27:94:0a:bb
CSI_DATA: 28 -64 1 0 18 -3 19 -3 19 -4 19 -6 18 -7 16 -8 15 -8 12 -8 11 -8 9 -7 8 -5 8 -3 8 -2 8 -1 8 1 8 2 9 2 8 2 8 2 8 3 8 3 8 2 7 3 6 3 5 3 0 0 0 0 0 0 0 0 0 0 0 0 0 0 0 0 0 0 0 0 0 0 -1 -9 -1 -9 0 -9 1 -9 1 -8 2 -7 2 -7 4 -6 5 -6 7 -5 9 -5 10 -5 11 -5 13 -5 14 -6 14 -7 14 -9 14 -10 14 -10 13 -10 12 -10 11 -10 11 -8 11 -7 13 -5 14 -4
CSI_META: ts=3551174510 rssi=-31 noise_floor=-98 channel=6 secondary_channel=0 sig_mode=0 mcs=0 rate=9 cwb=0 sgi=0 stbc=0 ant=0 len=128 rx_state=0 seq=-1 tx_mac=52:40:27:94:0a:bb
CSI_DATA: 28 -64 1 0 -15 -24 -16 -24 -17 -25 -19 -23 -20 -20 -21 -18 -20 -15 -18 -13 -16 -11 -14 -10 -12 -10 -9 -10 -7 -10 -5 -12 -4 -13 -4 -14 -3 -14 -3 -15 -2 -14 -3 -14 -2 -14 -2 -14 -2 -13 -1 -11 1 -10 0 0 0 0 0 0 0 0 0 0 0 0 0 0 0 0 0 0 0 0 0 0 -13 5 -13 4 -13 3 -13 2 -12 2 -12 0 -11 -1 -10 -3 -10 -5 -10 -7 -11 -10 -11 -13 -12 -14 -14 -16 -16 -17 -17 -17 -19 -17 -21 -16 -22 -14 -22 -13 -21 -11 -19 -11 -17 -12 -16 -13 -14 -15 -13 -18
CSI_META: ts=3551708021 rssi=-31 noise_floor=-98 channel=6 secondary_channel=0 sig_mode=0 mcs=0 rate=9 cwb=0 sgi=0 stbc=0 ant=0 len=128 rx_state=0 seq=-1 tx_mac=52:40:27:94:0a:bb
CSI_DATA: 28 -64 1 0 -5 -13 -3 -13 -1 -15 -1 -15 -1 -16 -2 -16 -3 -17 -4 -17 -5 -16 -5 -16 -6 -14 -6 -12 -6 -11 -5 -10 -3 -9 -2 -8 -1 -7 0 -6 2 -6 3 -6 3 -6 4 -6 5 -6 6 -6 6 -5 0 0 0 0 0 0 0 0 0 0 0 0 0 0 0 0 0 0 0 0 0 0 -9 -1 -9 -2 -10 -3 -10 -3 -9 -4 -9 -4 -9 -4 -8 -4 -8 -5 -7 -5 -6 -7 -5 -8 -4 -9 -4 -10 -3 -12 -3 -14 -4 -15 -5 -17 -6 -17 -8 -17 -9 -17 -11 -17 -11 -16 -12 -15 -11 -14 -10 -13
CSI_META: ts=3551820937 rssi=-31 noise_floor=-98 channel=6 secondary_channel=0 sig_mode=0 mcs=0 rate=9 cwb=0 sgi=0 stbc=0 ant=0 len=128 rx_state=0 seq=-1 tx_mac=52:40:27:94:0a:bb
CSI_DATA: 28 -64 1 0 -18 16 -15 16 -12 16 -10 14 -8 13 -8 11 -7 9 -7 8 -8 5 -9 4 -10 3 -11 3 -12 4 -12 4 -12 5 -12 4 -11 5 -10 5 -9 4 -8 3 -7 2 -7 2 -6 1 -6 -1 -5 -2 0 0 0 0 0 0 0 0 0 0 0 0 0 0 0 0 0 0 0 0 0 0 4 5 3 5 1 5 0 5 -2 5 -3 6 -4 6 -6 7 -7 8 -8 9 -9 11 -9 12 -9 12 -9 13 -8 13 -7 13 -7 12 -6 11 -6 10 -7 8 -9 7 -11 7 -13 7 -16 8 -18 9 -19 12
CSI_META: ts=3552083839 rssi=-31 noise_floor=-98 channel=6 secondary_channel=0 sig_mode=0 mcs=0 rate=9 cwb=0 sgi=0 stbc=0 ant=0 len=128 rx_state=0 seq=-1 tx_mac=52:40:27:94:0a:bb
CSI_DATA: 28 -64 1 0 7 16 6 13 4 12 2 11 0 11 -2 11 -3 12 -3 13 -3 14 -3 15 -2 15 -1 15 0 14 1 14 1 12 1 10 0 9 -1 7 -2 5 -3 5 -4 4 -5 3 -6 3 -7 2 -8 1 0 0 0 0 0 0 0 0 0 0 0 0 0 0 0 0 0 0 0 0 0 0 5 0 5 2 5 3 5 4 5 6 5 7 5 8 6 9 6 10 8 10 8 11 7 10 7 9 6 9 5 8 3 9 2 9 1 11 -1 12 -1 15 -1 17 0 19 1 21 3 22 5 23 7 22
CSI_META: ts=3552731828 rssi=-32 noise_floor=-98 channel=6 secondary_channel=0 sig_mode=0 mcs=0 rate=9 cwb=0 sgi=0 stbc=0 ant=0 len=128 rx_state=0 seq=-1 tx_mac=52:40:27:94:0a:bb
CSI_DATA: 28 -64 1 0 -20 -4 -19 -7 -20 -9 -21 -11 -23 -11 -25 -10 -26 -9 -25 -7 -26 -6 -24 -4 -23 -3 -21 -2 -18 -1 -16 -1 -13 -3 -11 -4 -8 -5 -7 -6 -6 -8 -5 -9 -5 -11 -4 -12 -4 -13 -3 -13 -2 -13 0 0 0 0 0 0 0 0 0 0 0 0 0 0 0 0 0 0 0 0 0 0 -7 10 -8 10 -10 10 -10 11 -11 11 -11 10 -11 10 -11 9 -11 9 -12 7 -12 5 -13 2 -14 1 -15 -2 -18 -4 -20 -5 -22 -5 -26 -5 -28 -3 -30 -1 -31 1 -31 3 -30 4 -29 5 -27 5 -24 4
CSI_META: ts=3553087578 rssi=-31 noise_floor=-98 channel=6 secondary_channel=0 sig_mode=0 mcs=0 rate=9 cwb=0 sgi=0 stbc=0 ant=0 len=128 rx_state=0 seq=-1 tx_mac=52:40:27:94:0a:bb
CSI_DATA: 28 -64 1 0 -6 21 -4 20 -3 19 -2 16 -1 15 -1 13 -1 11 -2 9 -3 8 -5 8 -6 7 -6 8 -7 8 -7 9 -8 9 -7 9 -7 9 -6 8 -5 7 -5 7 -5 6 -5 5 -5 4 -5 3 -5 1 0 0 0 0 0 0 0 0 0 0 0 0 0 0 0 0 0 0 0 0 0 0 5 3 4 3 3 4 2 4 0 5 0 6 -1 8 -2 9 -2 10 -3 11 -2 13 -2 14 -2 14 -1 14 -1 13 -1 13 0 12 -1 11 -2 10 -3 10 -4 10 -6 11 -8 12 -9 14 -10 16 -10 18
CSI_META: ts=3554176030 rssi=-31 noise_floor=-98 channel=6 secondary_channel=0 sig_mode=0 mcs=0 rate=9 cwb=0 sgi=0 stbc=0 ant=0 len=128 rx_state=0 seq=-1 tx_mac=52:40:27:94:0a:bb
CSI_DATA: 28 -64 1 0 -4 -18 -3 -15 -2 -14 -1 -12 1 -11 2 -11 4 -11 4 -12 5 -13 4 -14 4 -14 3 -14 2 -14 1 -14 1 -13 1 -11 1 -9 1 -8 1 -7 2 -5 3 -4 3 -4 4 -3 5 -2 6 -1 0 0 0 0 0 0 0 0 0 0 0 0 0 0 0 0 0 0 0 0 0 0 -5 -4 -4 -5 -4 -7 -4 -8 -4 -9 -4 -9 -3 -10 -4 -11 -4 -12 -4 -12 -4 -12 -4 -12 -4 -11 -3 -10 -2 -10 -1 -10 1 -10 2 -11 3 -12 4 -14 4 -16 4 -18 3 -21 2 -22 0 -23 -1 -23
CSI_META: ts=3554416646 rssi=-31 noise_floor=-98 channel=6 secondary_channel=0 sig_mode=0 mcs=0 rate=9 cwb=0 sgi=0 stbc=0 ant=0 len=128 rx_state=0 seq=-1 tx_mac=52:40:27:94:0a:bb
CSI_DATA: 28 -64 1 0 -11 20 -8 19 -6 18 -5 16 -4 15 -3 13 -3 11 -4 9 -5 8 -6 8 -8 7 -8 7 -9 8 -9 8 -9 8 -9 8 -8 8 -7 8 -6 7 -6 6 -6 5 -5 4 -5 3 -5 2 -5 0 0 0 0 0 0 0 0 0 0 0 0 0 0 0 0 0 0 0 0 0 0 0 5 4 3 5 2 5 1 5 -1 6 -2 6 -3 7 -4 8 -5 9 -6 11 -6 12 -6 13 -6 13 -5 14 -4 14 -4 14 -4 12 -3 12 -4 10 -5 10 -7 9 -8 10 -10 11 -12 12 -13 14 -13 17
CSI_META: ts=3556326453 rssi=-32 noise_floor=-98 channel=6 secondary_channel=0 sig_mode=0 mcs=0 rate=9 cwb=0 sgi=0 stbc=0 ant=0 len=128 rx_state=0 seq=-1 tx_mac=52:40:27:94:0a:bb
CSI_DATA: 28 -64 1 0 20 -3 20 0 21 2 23 4 25 4 26 3 27 1 26 -1 26 -2 24 -4 22 -5 20 -5 17 -5 15 -3 13 -2 11 0 9 2 8 4 7 6 7 7 6 9 6 10 6 11 6 12 5 12 0 0 0 0 0 0 0 0 0 0 0 0 0 0 0 0 0 0 0 0 0 0 3 -13 4 -13 5 -14 6 -14 7 -14 7 -14 7 -14 7 -13 8 -13 9 -11 10 -9 11 -7 13 -6 15 -3 17 -2 20 -2 22 -2 25 -3 27 -5 29 -7 30 -10 29 -12 28 -13 27 -14 24 -14 22 -12
CSI_META: ts=3556698994 rssi=-31 noise_floor=-98 channel=6 secondary_channel=0 sig_mode=0 mcs=0 rate=9 cwb=0 sgi=0 stbc=0 ant=0 len=128 rx_state=0 seq=-1 tx_mac=52:40:27:94:0a:bb
CSI_DATA: 28 -64 1 0 10 15 12 15 13 15 14 14 15 12 14 10 14 8 12 7 10 6 9 5 7 5 5 6 4 6 3 7 2 8 2 9 1 9 1 9 2 9 1 9 1 9 1 8 1 7 0 7 -1 6 0 0 0 0 0 0 0 0 0 0 0 0 0 0 0 0 0 0 0 0 0 0 7 -6 7 -5 8 -5 8 -4 8 -3 7 -3 7 -2 6 -1 7 1 7 2 7 4 8 6 9 7 10 9 12 9 13 9 14 9 15 8 15 7 16 6 15 5 14 5 12 6 11 7 10 8 9 10
CSI_META: ts=3558374432 rssi=-31 noise_floor=-98 channel=6 secondary_channel=0 sig_mode=0 mcs=0 rate=9 cwb=0 sgi=0 stbc=0 ant=0 len=128 rx_state=0 seq=-1 tx_mac=52:40:27:94:0a:bb
CSI_DATA: 28 -64 1 0 -23 -3 -22 -1 -20 0 -18 1 -16 2 -14 1 -12 0 -10 -1 -10 -2 -10 -4 -10 -5 -11 -5 -11 -6 -11 -6 -12 -6 -12 -5 -11 -4 -10 -4 -9 -4 -8 -3 -7 -3 -6 -3 -5 -4 -4 -4 -3 -5 0 0 0 0 0 0 0 0 0 0 0 0 0 0 0 0 0 0 0 0 0 0 -4 6 -4 5 -5 4 -6 3 -6 2 -7 0 -8 0 -9 -1 -11 -2 -12 -2 -14 -2 -15 -2 -16 -1 -16 0 -16 0 -15 1 -14 1 -13 1 -12 0 -12 -1 -12 -3 -13 -4 -14 -6 -16 -7 -19 -8 -21 -8
CSI_META: ts=3558919266 rssi=-31 noise_floor=-98 channel=6 secondary_channel=0 sig_mode=0 mcs=0 rate=9 cwb=0 sgi=0 stbc=0 ant=0 len=128 rx_state=0 seq=-1 tx_mac=52:40:27:94:0a:bb
CSI_DATA: 28 -64 1 0 -14 13 -15 14 -14 15 -12 15 -11 16 -9 15 -7 14 -6 13 -5 11 -5 9 -5 7 -6 6 -7 4 -9 4 -9 4 -10 4 -10 3 -10 3 -10 3 -9 3 -9 3 -8 2 -8 2 -7 1 -6 -1 0 0 0 0 0 0 0 0 0 0 0 0 0 0 0 0 0 0 0 0 0 0 5 6 5 7 5 7 4 7 4 7 3 7 2 7 1 7 0 7 -2 7 -4 8 -5 9 -7 10 -8 11 -8 12 -8 14 -8 15 -7 16 -6 16 -5 16 -4 15 -4 14 -5 13 -6 12 -8 11 -10 11
CSI_META: ts=3561565249 rssi=-31 noise_floor=-98 channel=6 secondary_channel=0 sig_mode=0 mcs=0 rate=9 cwb=0 sgi=0 stbc=0 ant=0 len=128 rx_state=0 seq=-1 tx_mac=52:40:27:94:0a:bb
CSI_DATA: 28 -64 1 0 26 12 23 10 18 11 16 11 13 12 12 13 12 16 11 17 12 19 13 19 14 18 15 18 16 16 15 15 14 13 13 12 11 10 9 8 6 8 4 8 2 8 0 8 -2 9 -4 9 -6 9 0 0 0 0 0 0 0 0 0 0 0 0 0 0 0 0 0 0 0 0 0 0 9 -4 10 -1 11 0 12 2 13 3 15 4 16 5 17 5 19 5 20 5 19 6 19 6 18 6 16 6 15 7 13 9 12 11 12 14 13 16 15 19 17 21 21 22 23 24 26 24 30 22 31 20
CSI_META: ts=3561799533 rssi=-31 noise_floor=-98 channel=6 secondary_channel=0 sig_mode=0 mcs=0 rate=9 cwb=0 sgi=0 stbc=0 ant=0 len=128 rx_state=0 seq=-1 tx_mac=52:40:27:94:0a:bb
CSI_DATA: 28 -64 1 0 11 -14 10 -12 9 -9 9 -7 10 -6 11 -5 12 -4 12 -5 14 -5 13 -6 13 -7 12 -8 11 -8 10 -8 9 -8 8 -6 6 -5 6 -4 5 -2 5 -1 5 0 5 2 6 3 6 4 6 4 0 0 0 0 0 0 0 0 0 0 0 0 0 0 0 0 0 0 0 0 0 0 -2 -6 0 -6 1 -6 2 -6 4 -7 5 -7 6 -8 6 -9 7 -10 8 -11 8 -11 8 -11 7 -11 7 -10 7 -9 7 -8 7 -6 9 -6 11 -5 13 -5 15 -6 17 -8 18 -9 19 -12 18 -13 17 -16
CSI_META: ts=3562223258 rssi=-30 noise_floor=-98 channel=6 secondary_channel=0 sig_mode=0 mcs=0 rate=9 cwb=0 sgi=0 stbc=0 ant=0 len=128 rx_state=0 seq=-1 tx_mac=52:40:27:94:0a:bb
CSI_DATA: 28 -64 1 0 -23 -7 -21 -5 -20 -3 -18 -2 -16 -1 -14 -1 -12 -2 -11 -2 -10 -3 -9 -5 -9 -6 -10 -7 -10 -7 -10 -8 -11 -7 -11 -7 -10 -6 -10 -6 -9 -5 -8 -5 -7 -5 -6 -4 -5 -5 -3 -5 -2 -5 0 0 0 0 0 0 0 0 0 0 0 0 0 0 0 0 0 0 0 0 0 0 -5 5 -5 4 -6 3 -6 1 -6 0 -7 -1 -8 -2 -10 -3 -11 -3 -13 -4 -14 -4 -14 -4 -15 -3 -15 -2 -15 -2 -15 -2 -14 -1 -13 -1 -12 -2 -12 -3 -12 -5 -12 -6 -13 -8 -15 -10 -17 -10 -19 -11
CSI_META: ts=3562515549 rssi=-32 noise_floor=-98 channel=6 secondary_channel=0 sig_mode=0 mcs=0 rate=9 cwb=0 sgi=0 stbc=0 ant=0 len=128 rx_state=0 seq=-1 tx_mac=52:40:27:94:0a:bb
CSI_DATA: 28 -64 1 0 -10 25 -9 22 -9 18 -10 15 -12 13 -14 12 -16 12 -18 14 -18 15 -18 16 -17 17 -15 18 -14 18 -12 17 -10 15 -9 12 -8 10 -8 8 -8 5 -8 3 -9 1 -11 0 -11 -2 -12 -3 -12 -5 0 0 0 0 0 0 0 0 0 0 0 0 0 0 0 0 0 0 0 0 0 0 5 7 3 8 0 9 -1 10 -3 12 -4 13 -5 15 -5 17 -5 19 -6 20 -5 20 -5 20 -5 19 -5 18 -5 16 -7 15 -9 14 -11 14 -14 14 -17 15 -20 17 -21 21 -22 25 -21 28 -19 30 -16 33
CSI_META: ts=3565710499 rssi=-31 noise_floor=-98 channel=6 secondary_channel=0 sig_mode=0 mcs=0 rate=9 cwb=0 sgi=0 stbc=0 ant=0 len=128 rx_state=0 seq=-1 tx_mac=52:40:27:94:0a:bb
CSI_DATA: 28 -64 1 0 -16 7 -14 6 -12 4 -11 3 -11 1 -12 0 -12 -2 -13 -2 -14 -2 -15 -1 -15 -1 -15 0 -15 1 -13 2 -12 2 -11 1 -10 1 -8 0 -7 0 -6 -1 -5 -3 -5 -4 -4 -5 -4 -6 -3 -7 0 0 0 0 0 0 0 0 0 0 0 0 0 0 0 0 0 0 0 0 0 0 -2 5 -3 5 -5 5 -6 5 -7 5 -8 5 -9 5 -9 6 -10 7 -10 7 -11 7 -10 7 -10 6 -9 5 -9 4 -9 3 -10 1 -12 0 -13 0 -15 -1 -17 0 -19 1 -20 2 -22 3 -22 5 -21 7
CSI_META: ts=3566125033 rssi=-31 noise_floor=-98 channel=6 secondary_channel=0 sig_mode=0 mcs=0 rate=9 cwb=0 sgi=0 stbc=0 ant=0 len=128 rx_state=0 seq=-1 tx_mac=52:40:27:94:0a:bb
CSI_DATA: 28 -64 1 0 -13 1 -14 0 -14 -2 -16 -2 -16 -2 -18 -2 -17 -1 -17 1 -16 2 -15 3 -14 3 -12 3 -11 3 -9 1 -8 0 -7 -1 -6 -2 -6 -4 -6 -5 -6 -5 -6 -6 -6 -7 -6 -7 -6 -7 -5 -8 0 0 0 0 0 0 0 0 0 0 0 0 0 0 0 0 0 0 0 0 0 0 -2 7 -3 7 -4 7 -5 8 -5 8 -5 8 -5 8 -6 8 -6 8 -6 7 -7 6 -7 5 -8 4 -9 2 -11 1 -13 1 -15 1 -16 2 -18 3 -19 4 -19 6 -18 7 -18 8 -17 9 -16 9 -14 7
CSI_META: ts=3566785702 rssi=-31 noise_floor=-98 channel=6 secondary_channel=0 sig_mode=0 mcs=0 rate=9 cwb=0 sgi=0 stbc=0 ant=0 len=128 rx_state=0 seq=-1 tx_mac=52:40:27:94:0a:bb
CSI_DATA: 28 -64 1 0 -12 -3 -12 -5 -11 -7 -13 -7 -14 -8 -15 -8 -15 -7 -16 -6 -16 -5 -15 -4 -14 -3 -13 -2 -11 -2 -9 -2 -8 -2 -6 -3 -5 -4 -4 -5 -3 -6 -3 -7 -2 -7 -2 -8 -2 -8 -1 -8 -1 -9 0 0 0 0 0 0 0 0 0 0 0 0 0 0 0 0 0 0 0 0 0 0 -4 6 -5 6 -6 6 -7 6 -7 7 -7 6 -7 6 -7 6 -7 6 -8 5 -8 3 -8 2 -9 0 -9 -1 -10 -2 -12 -3 -13 -4 -16 -4 -17 -3 -19 -2 -19 0 -20 1 -19 2 -18 3 -17 3 -15 2
CSI_META: ts=3566913825 rssi=-31 noise_floor=-98 channel=6 secondary_channel=0 sig_mode=0 mcs=0 rate=9 cwb=0 sgi=0 stbc=0 ant=0 len=128 rx_state=0 seq=-1 tx_mac=52:40:27:94:0a:bb
CSI_DATA: 28 -64 1 0 6 11 4 12 3 14 4 14 4 15 5 15 6 15 7 15 8 13 8 12 8 10 7 9 6 8 4 7 3 7 1 6 -1 6 -2 6 -2 6 -4 6 -4 7 -4 7 -5 7 -5 7 -5 6 0 0 0 0 0 0 0 0 0 0 0 0 0 0 0 0 0 0 0 0 0 0 7 -1 7 0 8 0 9 0 9 1 9 1 9 1 9 1 9 2 9 2 8 3 7 4 6 5 5 7 5 8 5 10 6 12 7 13 9 14 11 14 12 14 14 13 14 13 14 11 13 10 12 10
CSI_META: ts=3567278716 rssi=-32 noise_floor=-98 channel=6 secondary_channel=0 sig_mode=0 mcs=0 rate=9 cwb=0 sgi=0 stbc=0 ant=0 len=128 rx_state=0 seq=-1 tx_mac=52:40:27:94:0a:bb
CSI_DATA: 28 -64 1 0 28 -1 24 0 20 1 18 3 16 5 16 8 16 10 17 11 19 11 20 11 21 10 21 9 21 8 20 6 18 5 16 4 13 4 11 4 8 4 7 5 5 6 3 7 1 9 0 10 -1 11 0 0 0 0 0 0 0 0 0 0 0 0 0 0 0 0 0 0 0 0 0 0 6 -7 8 -5 9 -5 11 -4 13 -3 15 -3 16 -3 17 -3 19 -3 20 -4 20 -3 19 -4 18 -3 17 -2 16 -1 15 2 15 4 16 7 18 9 21 11 24 11 28 12 30 11 33 10 36 7 36 4
CSI_META: ts=3567716091 rssi=-32 noise_floor=-98 channel=6 secondary_channel=0 sig_mode=0 mcs=0 rate=9 cwb=0 sgi=0 stbc=0 ant=0 len=128 rx_state=0 seq=-1 tx_mac=52:40:27:94:0a:bb
CSI_DATA: 28 -64 1 0 17 -31 13 -30 10 -29 8 -26 5 -23 5 -20 5 -16 5 -14 7 -12 9 -11 11 -10 13 -10 14 -11 15 -12 15 -13 14 -12 13 -12 12 -12 10 -10 9 -10 9 -8 7 -7 7 -4 7 -3 7 0 0 0 0 0 0 0 0 0 0 0 0 0 0 0 0 0 0 0 0 0 0 0 -9 -7 -7 -7 -5 -8 -3 -9 -1 -10 1 -11 3 -12 4 -14 6 -15 7 -18 8 -20 7 -21 7 -22 6 -23 5 -22 3 -22 3 -20 3 -19 4 -17 6 -16 8 -15 12 -16 15 -17 18 -18 20 -22 21 -25
CSI_META: ts=3567716235 rssi=-31 noise_floor=-98 channel=6 secondary_channel=0 sig_mode=0 mcs=0 rate=9 cwb=0 sgi=0 stbc=0 ant=0 len=128 rx_state=0 seq=-1 tx_mac=52:40:27:94:0a:bb
CSI_DATA: 28 -64 1 0 22 8 18 6 20 5 16 3 15 2 12 2 10 3 8 3 8 5 7 6 7 7 8 9 7 9 9 9 8 8 9 9 7 7 7 6 6 6 5 5 4 4 3 5 1 4 0 4 -2 4 0 0 0 0 0 0 0 0 0 0 0 0 0 0 0 0 0 0 0 0 0 0 3 -8 3 -6 4 -6 4 -4 5 -4 5 -2 6 0 7 1 9 2 11 3 12 4 13 3 15 3 15 2 14 2 15 0 12 0 14 0 11 1 11 2 10 4 10 5 12 8 13 10 15 11 17 12
CSI_META: ts=3567716353 rssi=-31 noise_floor=-98 channel=6 secondary_channel=0 sig_mode=0 mcs=0 rate=9 cwb=0 sgi=0 stbc=0 ant=0 len=128 rx_state=0 seq=-1 tx_mac=52:40:27:94:0a:bb
CSI_DATA: 28 -64 1 0 12 -20 9 -20 8 -19 6 -16 5 -15 5 -13 5 -10 5 -8 6 -8 7 -7 9 -7 10 -7 10 -7 11 -8 10 -8 10 -8 8 -8 8 -7 7 -6 6 -5 5 -4 5 -3 4 -2 5 0 4 2 0 0 0 0 0 0 0 0 0 0 0 0 0 0 0 0 0 0 0 0 0 0 -7 -6 -6 -6 -5 -6 -4 -6 -2 -6 0 -7 1 -7 2 -8 4 -9 5 -11 5 -13 5 -14 5 -15 5 -16 4 -16 3 -16 3 -15 2 -14 3 -12 4 -11 6 -10 8 -10 10 -11 12 -12 14 -14 15 -16
CSI_META: ts=3568103262 rssi=-31 noise_floor=-98 channel=6 secondary_channel=0 sig_mode=0 mcs=0 rate=9 cwb=0 sgi=0 stbc=0 ant=0 len=128 rx_state=0 seq=-1 tx_mac=52:40:27:94:0a:bb
CSI_DATA: 28 -64 1 0 -18 7 -18 8 -18 10 -16 10 -15 12 -13 11 -11 11 -10 11 -8 9 -7 8 -7 6 -7 4 -8 3 -8 2 -9 1 -10 0 -10 0 -10 0 -10 0 -10 0 -9 0 -9 0 -8 0 -7 -1 -7 -2 0 0 0 0 0 0 0 0 0 0 0 0 0 0 0 0 0 0 0 0 0 0 3 8 2 8 2 8 1 8 1 7 0 7 -1 6 -2 6 -3 6 -5 6 -7 6 -8 6 -10 7 -11 8 -12 9 -12 11 -12 12 -11 13 -10 13 -9 13 -9 13 -8 11 -8 10 -9 9 -11 8 -13 7
CSI_META: ts=3568204845 rssi=-31 noise_floor=-98 channel=6 secondary_channel=0 sig_mode=0 mcs=0 rate=9 cwb=0 sgi=0 stbc=0 ant=0 len=128 rx_state=0 seq=-1 tx_mac=52:40:27:94:0a:bb
CSI_DATA: 28 -64 1 0 -5 11 -7 11 -8 11 -9 11 -10 13 -10 13 -9 14 -8 15 -7 14 -6 14 -4 13 -4 12 -3 10 -3 9 -3 7 -4 5 -5 4 -6 3 -6 2 -7 2 -8 1 -8 1 -8 0 -9 0 -9 -1 0 0 0 0 0 0 0 0 0 0 0 0 0 0 0 0 0 0 0 0 0 0 5 5 5 6 5 6 5 7 5 7 5 8 4 8 4 8 3 8 2 8 1 8 0 8 -2 8 -3 9 -5 10 -6 11 -6 13 -6 15 -6 16 -5 17 -4 18 -2 19 -2 18 -1 18 -1 16 -1 15
CSI_META: ts=3569622857 rssi=-31 noise_floor=-98 channel=6 secondary_channel=0 sig_mode=0 mcs=0 rate=9 cwb=0 sgi=0 stbc=0 ant=0 len=128 rx_state=0 seq=-1 tx_mac=52:40:27:94:0a:bb
CSI_DATA: 28 -64 1 0 -13 -6 -12 -7 -12 -10 -13 -11 -13 -11 -15 -11 -15 -10 -15 -9 -16 -7 -15 -6 -14 -4 -13 -4 -11 -3 -9 -4 -7 -4 -6 -5 -4 -6 -4 -6 -2 -7 -2 -8 -2 -9 -2 -9 -2 -9 -1 -9 0 -9 0 0 0 0 0 0 0 0 0 0 0 0 0 0 0 0 0 0 0 0 0 0 -6 5 -7 4 -8 4 -9 4 -9 4 -10 4 -10 3 -10 3 -10 3 -10 2 -10 1 -9 0 -10 -2 -10 -3 -10 -5 -12 -6 -13 -8 -15 -8 -17 -7 -18 -7 -20 -6 -20 -4 -20 -3 -20 -2 -19 -1 -17 -2
CSI_META: ts=3570969642 rssi=-31 noise_floor=-98 channel=6 secondary_channel=0 sig_mode=0 mcs=0 rate=9 cwb=0 sgi=0 stbc=0 ant=0 len=128 rx_state=0 seq=-1 tx_mac=52:40:27:94:0a:bb
CSI_DATA: 28 -64 1 0 7 15 6 13 5 12 3 11 1 10 0 11 -1 11 -1 13 -2 13 -1 14 0 14 1 14 1 13 2 13 2 12 2 10 1 8 0 7 0 6 -1 5 -2 4 -4 4 -5 3 -6 3 -7 2 0 0 0 0 0 0 0 0 0 0 0 0 0 0 0 0 0 0 0 0 0 0 5 1 5 3 4 4 5 5 4 6 5 8 5 8 6 9 6 10 7 10 7 10 6 10 6 9 5 9 4 9 3 9 1 10 0 11 0 12 0 14 0 16 1 18 2 20 3 21 5 21 7 21
CSI_META: ts=3571356439 rssi=-31 noise_floor=-98 channel=6 secondary_channel=0 sig_mode=0 mcs=0 rate=9 cwb=0 sgi=0 stbc=0 ant=0 len=128 rx_state=0 seq=-1 tx_mac=52:40:27:94:0a:bb
CSI_DATA: 28 -64 1 0 22 8 21 6 20 4 18 2 16 1 14 1 11 2 9 2 8 4 8 5 8 7 8 8 8 8 9 9 9 9 9 9 8 8 8 7 7 6 6 5 5 5 4 5 3 5 1 5 0 4 0 0 0 0 0 0 0 0 0 0 0 0 0 0 0 0 0 0 0 0 0 0 3 -8 3 -6 4 -5 5 -4 5 -3 6 -1 7 0 8 1 10 2 12 2 13 2 14 2 15 2 16 1 15 0 15 0 13 0 13 0 12 0 11 2 11 3 12 6 12 8 14 10 17 11 19 11
CSI_META: ts=3571356535 rssi=-32 noise_floor=-98 channel=6 secondary_channel=0 sig_mode=0 mcs=0 rate=9 cwb=0 sgi=0 stbc=0 ant=0 len=128 rx_state=0 seq=-1 tx_mac=52:40:27:94:0a:bb
CSI_DATA: 28 -64 1 0 -36 -5 -35 -2 -30 -1 -28 1 -25 2 -21 2 -18 0 -16 -1 -14 -4 -14 -6 -15 -8 -16 -9 -17 -10 -17 -10 -18 -10 -17 -9 -17 -8 -16 -7 -14 -6 -13 -5 -11 -5 -9 -5 -7 -6 -5 -6 -3 -7 0 0 0 0 0 0 0 0 0 0 0 0 0 0 0 0 0 0 0 0 0 0 -5 10 -6 8 -7 6 -8 5 -9 3 -10 1 -12 0 -14 -1 -16 -2 -19 -2 -21 -3 -23 -2 -24 -1 -25 0 -24 1 -22 2 -22 2 -20 2 -19 1 -18 -1 -18 -4 -19 -7 -20 -9 -25 -11 -28 -12 -32 -13
CSI_META: ts=3571719583 rssi=-31 noise_floor=-98 channel=6 secondary_channel=0 sig_mode=0 mcs=0 rate=9 cwb=0 sgi=0 stbc=0 ant=0 len=128 rx_state=0 seq=-1 tx_mac=52:40:27:94:0a:bb
CSI_DATA: 28 -64 1 0 -1 22 1 20 3 19 3 16 3 14 2 12 1 10 0 10 -2 9 -3 10 -4 10 -5 11 -5 11 -4 12 -4 12 -3 11 -3 11 -3 10 -2 8 -2 7 -2 6 -3 5 -3 3 -4 2 -5 1 0 0 0 0 0 0 0 0 0 0 0 0 0 0 0 0 0 0 0 0 0 0 7 2 6 3 5 3 4 4 3 4 2 5 1 6 0 8 0 10 -1 11 -1 13 0 14 0 14 1 15 2 14 2 14 3 13 2 13 2 11 0 11 -1 11 -2 12 -4 14 -5 16 -6 18 -5 21
CSI_META: ts=3573416002 rssi=-32 noise_floor=-98 channel=6 secondary_channel=0 sig_mode=0 mcs=0 rate=9 cwb=0 sgi=0 stbc=0 ant=0 len=128 rx_state=0 seq=-1 tx_mac=52:40:27:94:0a:bb
CSI_DATA: 28 -64 1 0 15 32 16 28 16 26 16 21 15 18 13 16 10 14 8 13 5 13 3 14 2 15 1 16 0 17 0 19 1 19 1 19 2 17 2 16 2 14 1 13 1 11 0 10 -1 9 -3 7 -5 6 0 0 0 0 0 0 0 0 0 0 0 0 0 0 0 0 0 0 0 0 0 0 10 -3 9 -1 8 1 8 3 7 5 7 7 6 9 7 12 8 14 8 16 10 18 11 19 13 19 13 19 14 18 14 17 13 15 12 14 10 14 9 15 6 16 5 19 3 23 4 26 5 29 7 32
CSI_META: ts=3573416147 rssi=-31 noise_floor=-98 channel=6 secondary_channel=0 sig_mode=0 mcs=0 rate=9 cwb=0 sgi=0 stbc=0 ant=0 len=128 rx_state=0 seq=-1 tx_mac=52:40:27:94:0a:bb
CSI_DATA: 28 -64 1 0 -20 10 -17 9 -17 11 -13 9 -12 9 -10 7 -9 6 -9 4 -9 3 -9 2 -10 1 -11 0 -11 -1 -12 1 -12 0 -13 1 -11 0 -10 1 -9 1 -9 0 -8 0 -7 0 -5 -1 -5 -2 -4 -3 0 0 0 0 0 0 0 0 0 0 0 0 0 0 0 0 0 0 0 0 0 0 2 6 0 5 0 5 -2 4 -3 5 -4 4 -6 4 -7 4 -9 5 -11 6 -11 6 -12 7 -12 8 -12 9 -11 8 -10 9 -9 7 -9 9 -8 6 -9 5 -10 3 -12 3 -14 3 -16 3 -18 3 -19 4
CSI_META: ts=3573416301 rssi=-31 noise_floor=-98 channel=6 secondary_channel=0 sig_mode=0 mcs=0 rate=9 cwb=0 sgi=0 stbc=0 ant=0 len=128 rx_state=0 seq=-1 tx_mac=52:40:27:94:0a:bb
CSI_DATA: 28 -64 1 0 -3 21 -2 24 1 18 2 19 3 15 2 12 1 11 -1 10 -2 8 -4 9 -5 9 -6 10 -7 12 -6 11 -7 13 -4 10 -5 12 -4 10 -3 9 -3 8 -3 6 -3 4 -4 4 -5 2 -6 1 0 0 0 0 0 0 0 0 0 0 0 0 0 0 0 0 0 0 0 0 0 0 7 2 7 3 5 3 4 4 2 4 1 7 1 6 0 9 -1 10 -1 11 -1 13 -1 14 0 15 0 16 2 17 1 14 2 16 2 12 1 13 0 11 -1 12 -4 11 -4 13 -7 15 -7 18 -7 22
CSI_META: ts=3573756144 rssi=-31 noise_floor=-98 channel=6 secondary_channel=0 sig_mode=0 mcs=0 rate=9 cwb=0 sgi=0 stbc=0 ant=0 len=128 rx_state=0 seq=-1 tx_mac=52:40:27:94:0a:bb
CSI_DATA: 28 -64 1 0 7 9 5 11 4 12 5 13 5 14 6 14 7 15 8 14 8 13 8 11 8 10 7 9 6 8 5 7 3 6 1 6 0 6 -1 5 -2 6 -3 6 -4 6 -4 7 -5 7 -5 6 -5 6 0 0 0 0 0 0 0 0 0 0 0 0 0 0 0 0 0 0 0 0 0 0 6 -2 7 -2 8 -1 8 -1 9 -1 9 0 9 0 9 -1 9 0 8 0 8 2 7 3 6 4 6 6 6 7 6 9 7 11 8 12 10 12 12 13 13 12 15 11 15 11 15 10 14 9 13 8
CSI_META: ts=3574728233 rssi=-32 noise_floor=-98 channel=6 secondary_channel=0 sig_mode=0 mcs=0 rate=9 cwb=0 sgi=0 stbc=0 ant=0 len=128 rx_state=0 seq=-1 tx_mac=52:40:27:94:0a:bb
CSI_DATA: 28 -64 1 0 -29 -14 -30 -14 -31 -13 -32 -11 -31 -8 -31 -5 -28 -3 -25 -1 -22 -1 -20 0 -18 -2 -15 -3 -14 -5 -12 -7 -12 -9 -11 -11 -11 -11 -11 -12 -10 -12 -10 -12 -10 -12 -10 -12 -9 -12 -8 -11 -6 -11 0 0 0 0 0 0 0 0 0 0 0 0 0 0 0 0 0 0 0 0 0 0 -8 12 -9 11 -10 10 -10 9 -10 8 -10 6 -10 5 -12 3 -13 1 -15 -1 -17 -3 -18 -5 -21 -6 -23 -7 -26 -6 -27 -5 -28 -3 -29 -2 -28 0 -28 1 -26 2 -24 1 -22 -1 -22 -3 -23 -5 -23 -9
CSI_META: ts=3575079451 rssi=-31 noise_floor=-98 channel=6 secondary_channel=0 sig_mode=0 mcs=0 rate=9 cwb=0 sgi=0 stbc=0 ant=0 len=128 rx_state=0 seq=-1 tx_mac=52:40:27:94:0a:bb
CSI_DATA: 28 -64 1 0 7 -17 6 -15 6 -12 7 -10 7 -9 8 -8 9 -8 10 -8 11 -9 11 -10 10 -10 10 -11 9 -11 8 -11 7 -10 6 -9 5 -8 4 -6 4 -5 4 -4 4 -3 5 -1 5 0 6 1 6 2 0 0 0 0 0 0 0 0 0 0 0 0 0 0 0 0 0 0 0 0 0 0 -2 -6 -1 -7 1 -7 2 -8 2 -8 3 -9 4 -10 4 -11 4 -11 5 -12 4 -13 4 -12 4 -12 4 -10 5 -10 5 -9 6 -8 8 -8 10 -8 11 -9 13 -11 14 -12 14 -15 14 -16 13 -18 12 -19
CSI_META: ts=3576294435 rssi=-31 noise_floor=-98 channel=6 secondary_channel=0 sig_mode=0 mcs=0 rate=9 cwb=0 sgi=0 stbc=0 ant=0 len=128 rx_state=0 seq=-1 tx_mac=52:40:27:94:0a:bb
CSI_DATA: 28 -64 1 0 -9 -17 -10 -18 -11 -18 -12 -17 -12 -15 -13 -14 -13 -12 -12 -10 -11 -9 -9 -8 -8 -7 -6 -7 -5 -8 -3 -8 -2 -9 -2 -9 -1 -10 -1 -10 -1 -10 -1 -10 -1 -10 0 -9 0 -9 0 -8 1 -7 0 0 0 0 0 0 0 0 0 0 0 0 0 0 0 0 0 0 0 0 0 0 -9 4 -9 3 -9 2 -9 2 -8 1 -8 0 -7 -1 -7 -2 -7 -4 -7 -6 -8 -7 -8 -9 -9 -10 -10 -11 -11 -12 -12 -12 -13 -12 -14 -11 -15 -10 -15 -9 -14 -9 -13 -8 -11 -9 -11 -9 -10 -11 -8 -13
CSI_META: ts=3576294725 rssi=-31 noise_floor=-98 channel=6 secondary_channel=0 sig_mode=0 mcs=0 rate=9 cwb=0 sgi=0 stbc=0 ant=0 len=128 rx_state=0 seq=-1 tx_mac=52:40:27:94:0a:bb
CSI_DATA: 28 -64 1 0 5 -19 5 -20 4 -20 3 -20 1 -20 -1 -19 -2 -18 -3 -16 -2 -14 -2 -12 -1 -11 0 -9 1 -9 3 -8 4 -8 5 -8 5 -7 6 -8 5 -7 6 -8 6 -8 6 -7 6 -6 6 -5 5 -4 0 0 0 0 0 0 0 0 0 0 0 0 0 0 0 0 0 0 0 0 0 0 -9 -3 -9 -4 -8 -4 -7 -5 -7 -5 -6 -5 -5 -5 -4 -6 -3 -7 -1 -9 0 -11 1 -12 1 -14 1 -15 0 -16 -1 -17 -2 -17 -3 -17 -4 -17 -5 -16 -5 -15 -4 -15 -3 -14 -1 -13 1 -14 3 -15
CSI_META: ts=3576833320 rssi=-31 noise_floor=-98 channel=6 secondary_channel=0 sig_mode=0 mcs=0 rate=9 cwb=0 sgi=0 stbc=0 ant=0 len=128 rx_state=0 seq=-1 tx_mac=52:40:27:94:0a:bb
CSI_DATA: 28 -64 1 0 7 -16 6 -13 6 -11 7 -9 8 -8 9 -7 10 -7 11 -8 12 -9 11 -10 11 -10 10 -11 8 -10 8 -11 6 -9 6 -8 5 -6 4 -5 4 -3 5 -2 5 -1 6 0 6 1 7 2 7 3 0 0 0 0 0 0 0 0 0 0 0 0 0 0 0 0 0 0 0 0 0 0 -4 -5 -2 -5 -1 -6 0 -7 2 -8 2 -8 3 -9 4 -10 4 -12 4 -12 4 -13 3 -13 4 -12 3 -11 3 -10 4 -10 5 -8 7 -8 8 -8 10 -9 12 -10 13 -12 14 -14 14 -16 13 -18 12 -19
CSI_META: ts=3577225788 rssi=-32 noise_floor=-98 channel=6 secondary_channel=0 sig_mode=0 mcs=0 rate=9 cwb=0 sgi=0 stbc=0 ant=0 len=128 rx_state=0 seq=-1 tx_mac=52:40:27:94:0a:bb
CSI_DATA: 28 -64 1 0 -18 -23 -15 -20 -12 -19 -9 -17 -6 -17 -4 -18 -2 -19 -2 -21 -3 -23 -4 -24 -5 -24 -6 -23 -8 -22 -8 -21 -8 -19 -7 -16 -6 -15 -4 -12 -3 -11 -1 -9 1 -9 3 -8 5 -8 7 -8 8 -7 0 0 0 0 0 0 0 0 0 0 0 0 0 0 0 0 0 0 0 0 0 0 -9 -2 -9 -5 -9 -7 -10 -9 -10 -11 -11 -12 -12 -13 -13 -14 -14 -14 -15 -15 -15 -15 -14 -15 -13 -14 -11 -14 -9 -14 -8 -15 -6 -16 -4 -19 -4 -21 -4 -24 -5 -27 -7 -30 -9 -33 -12 -33 -16 -33 -18 -33
CSI_META: ts=3578515946 rssi=-32 noise_floor=-98 channel=6 secondary_channel=0 sig_mode=0 mcs=0 rate=9 cwb=0 sgi=0 stbc=0 ant=0 len=128 rx_state=0 seq=-1 tx_mac=52:40:27:94:0a:bb
CSI_DATA: 28 -64 1 0 -26 14 -26 16 -25 18 -23 19 -21 21 -19 21 -16 20 -13 19 -11 16 -10 14 -9 11 -10 8 -11 6 -12 4 -13 3 -15 1 -15 1 -15 1 -15 1 -15 1 -15 0 -14 0 -13 0 -12 -1 -11 -2 0 0 0 0 0 0 0 0 0 0 0 0 0 0 0 0 0 0 0 0 0 0 8 11 7 11 6 11 5 11 4 11 3 10 1 10 -1 10 -3 10 -6 10 -9 11 -11 12 -13 14 -15 16 -16 18 -16 20 -15 22 -14 23 -12 23 -10 23 -10 21 -9 20 -9 18 -11 15 -14 14 -17 13
CSI_META: ts=3578516200 rssi=-31 noise_floor=-98 channel=6 secondary_channel=0 sig_mode=0 mcs=0 rate=9 cwb=0 sgi=0 stbc=0 ant=0 len=128 rx_state=0 seq=-1 tx_mac=52:40:27:94:0a:bb
CSI_DATA: 28 -64 1 0 1 -20 0 -21 0 -21 -2 -21 -5 -20 -6 -19 -6 -17 -6 -15 -5 -13 -4 -12 -3 -10 -1 -9 0 -9 2 -8 3 -9 4 -8 5 -9 4 -9 5 -9 5 -9 4 -9 5 -8 5 -7 5 -6 5 -5 0 0 0 0 0 0 0 0 0 0 0 0 0 0 0 0 0 0 0 0 0 0 -10 -1 -10 -1 -9 -1 -9 -2 -8 -2 -8 -3 -7 -4 -6 -5 -5 -6 -4 -8 -3 -10 -2 -12 -2 -13 -3 -15 -4 -16 -6 -17 -7 -17 -8 -17 -9 -16 -10 -14 -10 -13 -9 -13 -6 -12 -4 -12 -2 -13 -1 -16
CSI_META: ts=3578521871 rssi=-31 noise_floor=-98 channel=6 secondary_channel=0 sig_mode=0 mcs=0 rate=9 cwb=0 sgi=0 stbc=0 ant=0 len=128 rx_state=0 seq=-1 tx_mac=52:40:27:94:0a:bb
CSI_DATA: 28 -64 1 0 13 -14 13 -16 13 -17 12 -17 10 -17 8 -17 7 -16 5 -15 4 -13 3 -11 4 -9 4 -7 5 -6 7 -5 8 -4 9 -3 9 -3 9 -3 9 -3 9 -3 9 -3 9 -3 8 -2 7 -1 6 0 0 0 0 0 0 0 0 0 0 0 0 0 0 0 0 0 0 0 0 0 0 0 -8 -6 -8 -7 -7 -7 -6 -7 -6 -7 -5 -7 -4 -7 -2 -7 -1 -8 1 -8 3 -10 4 -11 5 -12 6 -14 6 -15 6 -17 5 -18 4 -18 3 -18 2 -17 1 -16 2 -15 2 -14 4 -13 6 -12 8 -12
CSI_META: ts=3578877440 rssi=-30 noise_floor=-98 channel=6 secondary_channel=0 sig_mode=0 mcs=0 rate=9 cwb=0 sgi=0 stbc=0 ant=0 len=128 rx_state=0 seq=-1 tx_mac=52:40:27:94:0a:bb
CSI_DATA: 28 -64 1 0 -13 -2 -13 -4 -13 -5 -14 -6 -15 -6 -16 -5 -16 -4 -16 -3 -16 -2 -15 -1 -14 0 -12 0 -10 0 -9 -1 -7 -2 -7 -3 -5 -4 -5 -5 -5 -6 -5 -7 -4 -7 -5 -7 -4 -8 -4 -8 -3 -8 0 0 0 0 0 0 0 0 0 0 0 0 0 0 0 0 0 0 0 0 0 0 -4 5 -5 5 -6 5 -7 5 -8 5 -8 5 -8 6 -8 5 -8 5 -8 5 -8 4 -8 2 -9 1 -9 0 -10 -2 -12 -2 -13 -3 -15 -3 -17 -2 -18 -1 -19 0 -19 1 -19 2 -18 3 -17 3 -15 3
CSI_META: ts=3578877585 rssi=-31 noise_floor=-98 channel=6 secondary_channel=0 sig_mode=0 mcs=0 rate=9 cwb=0 sgi=0 stbc=0 ant=0 len=128 rx_state=0 seq=-1 tx_mac=52:40:27:94:0a:bb
CSI_DATA: 28 -64 1 0 3 -14 5 -11 7 -14 7 -13 9 -14 8 -15 8 -16 7 -16 5 -17 3 -16 2 -15 2 -14 2 -11 1 -11 2 -8 3 -8 3 -5 4 -5 5 -4 6 -3 7 -3 8 -3 8 -3 8 -2 8 -1 0 0 0 0 0 0 0 0 0 0 0 0 0 0 0 0 0 0 0 0 0 0 -7 -6 -6 -7 -7 -8 -5 -8 -6 -9 -5 -8 -5 -9 -5 -9 -5 -9 -4 -9 -2 -9 -1 -9 1 -10 2 -11 3 -11 4 -14 5 -14 5 -17 4 -16 4 -19 4 -20 1 -20 0 -21 -1 -19 -1 -18 -1 -17
CSI_META: ts=3578877703 rssi=-31 noise_floor=-98 channel=6 secondary_channel=0 sig_mode=0 mcs=0 rate=9 cwb=0 sgi=0 stbc=0 ant=0 len=128 rx_state=0 seq=-1 tx_mac=52:40:27:94:0a:bb
CSI_DATA: 28 -64 1 0 -14 4 -13 2 -16 1 -15 1 -17 0 -18 1 -18 1 -17 3 -18 4 -15 4 -14 5 -12 5 -11 4 -10 4 -8 2 -9 1 -7 -1 -7 -3 -7 -3 -6 -5 -7 -5 -7 -6 -7 -6 -6 -7 -6 -7 0 0 0 0 0 0 0 0 0 0 0 0 0 0 0 0 0 0 0 0 0 0 -2 8 -3 8 -4 8 -4 8 -4 9 -4 8 -5 9 -5 8 -5 8 -7 7 -7 6 -8 5 -9 4 -10 3 -11 2 -14 2 -14 2 -17 4 -17 4 -19 7 -19 7 -18 10 -19 10 -16 10 -16 10 -14 8
CSI_META: ts=3578881334 rssi=-31 noise_floor=-98 channel=6 secondary_channel=0 sig_mode=0 mcs=0 rate=9 cwb=0 sgi=0 stbc=0 ant=0 len=128 rx_state=0 seq=-1 tx_mac=52:40:27:94:0a:bb
CSI_DATA: 28 -64 1 0 -4 -13 -2 -13 0 -15 -1 -16 -1 -16 -2 -17 -2 -17 -4 -17 -5 -16 -5 -15 -6 -13 -5 -12 -5 -10 -3 -9 -2 -8 0 -7 1 -7 2 -6 3 -6 4 -6 4 -7 5 -7 5 -7 6 -6 6 -6 0 0 0 0 0 0 0 0 0 0 0 0 0 0 0 0 0 0 0 0 0 0 -8 -2 -8 -3 -9 -4 -9 -4 -9 -4 -9 -5 -9 -5 -9 -5 -9 -5 -8 -6 -7 -6 -6 -7 -5 -8 -4 -9 -3 -10 -3 -13 -3 -14 -4 -16 -6 -17 -7 -18 -9 -18 -10 -17 -11 -17 -11 -16 -11 -14 -9 -14
CSI_META: ts=3578881479 rssi=-31 noise_floor=-98 channel=6 secondary_channel=0 sig_mode=0 mcs=0 rate=9 cwb=0 sgi=0 stbc=0 ant=0 len=128 rx_state=0 seq=-1 tx_mac=52:40:27:94:0a:bb
CSI_DATA: 28 -64 1 0 9 -9 10 -8 12 -8 13 -8 14 -8 14 -9 14 -10 12 -11 12 -12 10 -12 9 -11 7 -10 6 -9 6 -7 5 -6 6 -4 6 -2 6 -1 6 0 7 1 7 1 7 2 7 2 8 2 7 3 0 0 0 0 0 0 0 0 0 0 0 0 0 0 0 0 0 0 0 0 0 0 -3 -8 -3 -8 -2 -9 -2 -10 -1 -10 -1 -10 -1 -10 -1 -10 0 -10 0 -10 1 -9 3 -8 4 -8 6 -8 8 -8 9 -9 10 -10 11 -12 12 -13 12 -15 11 -16 10 -17 9 -17 8 -17 7 -16 7 -15
CSI_META: ts=3578881633 rssi=-31 noise_floor=-98 channel=6 secondary_channel=0 sig_mode=0 mcs=0 rate=9 cwb=0 sgi=0 stbc=0 ant=0 len=128 rx_state=0 seq=-1 tx_mac=52:40:27:94:0a:bb
CSI_DATA: 28 -64 1 0 4 -12 6 -12 7 -12 8 -12 9 -14 8 -15 8 -15 6 -16 5 -16 4 -15 3 -14 2 -13 2 -11 2 -10 3 -8 3 -6 4 -5 5 -4 6 -3 6 -3 7 -2 8 -2 8 -2 8 -2 8 -1 0 0 0 0 0 0 0 0 0 0 0 0 0 0 0 0 0 0 0 0 0 0 -6 -6 -6 -7 -6 -8 -6 -8 -6 -9 -5 -9 -5 -9 -5 -9 -5 -9 -4 -9 -3 -9 -1 -9 0 -9 2 -9 3 -10 4 -12 5 -14 6 -16 5 -17 4 -18 3 -19 2 -20 0 -20 0 -19 -1 -18 0 -17
CSI_META: ts=3579715952 rssi=-32 noise_floor=-98 channel=6 secondary_channel=0 sig_mode=0 mcs=0 rate=9 cwb=0 sgi=0 stbc=0 ant=0 len=128 rx_state=0 seq=-1 tx_mac=52:40:27:94:0a:bb
CSI_DATA: 28 -64 1 0 5 26 4 22 2 20 0 16 -3 15 -5 15 -7 16 -9 18 -9 19 -9 20 -9 20 -7 21 -5 20 -5 20 -4 18 -3 16 -3 14 -3 11 -4 9 -5 7 -5 5 -7 4 -8 2 -10 1 -11 0 0 0 0 0 0 0 0 0 0 0 0 0 0 0 0 0 0 0 0 0 0 0 7 4 6 6 5 8 5 10 5 12 5 13 6 14 6 16 7 17 7 17 7 17 7 17 6 16 5 15 3 14 1 14 -1 15 -4 16 -6 17 -7 21 -7 24 -6 28 -6 31 -4 33 -1 34 2 35
CSI_META: ts=3579717271 rssi=-32 noise_floor=-98 channel=6 secondary_channel=0 sig_mode=0 mcs=0 rate=9 cwb=0 sgi=0 stbc=0 ant=0 len=128 rx_state=0 seq=-1 tx_mac=52:40:27:94:0a:bb
CSI_DATA: 28 -64 1 0 -18 23 -15 18 -13 16 -13 11 -14 8 -16 7 -18 6 -20 6 -22 7 -22 8 -22 9 -21 11 -20 11 -18 12 -16 11 -14 9 -12 8 -10 6 -9 3 -9 1 -9 -1 -9 -3 -9 -5 -9 -7 -9 -8 0 0 0 0 0 0 0 0 0 0 0 0 0 0 0 0 0 0 0 0 0 0 2 8 0 8 -3 9 -5 9 -7 11 -7 12 -8 13 -10 15 -10 17 -11 18 -11 18 -10 18 -9 17 -9 15 -9 13 -10 12 -12 9 -15 9 -17 8 -21 9 -24 10 -26 13 -29 17 -29 20 -28 22 -25 25
CSI_META: ts=3580460515 rssi=-31 noise_floor=-98 channel=6 secondary_channel=0 sig_mode=0 mcs=0 rate=9 cwb=0 sgi=0 stbc=0 ant=0 len=128 rx_state=0 seq=-1 tx_mac=52:40:27:94:0a:bb
CSI_DATA: 28 -64 1 0 5 28 4 24 2 22 0 19 -3 17 -5 18 -7 18 -8 20 -8 21 -8 22 -6 23 -5 23 -4 22 -3 22 -2 19 -1 17 -2 14 -2 12 -3 9 -4 8 -6 6 -8 5 -9 4 -11 3 -12 1 0 0 0 0 0 0 0 0 0 0 0 0 0 0 0 0 0 0 0 0 0 0 7 5 6 7 5 9 5 11 4 13 5 14 5 16 5 17 6 19 6 19 6 20 6 19 5 18 4 17 3 16 0 16 -2 16 -4 18 -6 20 -7 23 -8 26 -7 30 -6 34 -4 35 -1 36 2 37
CSI_META: ts=3582485218 rssi=-31 noise_floor=-98 channel=6 secondary_channel=0 sig_mode=0 mcs=0 rate=9 cwb=0 sgi=0 stbc=0 ant=0 len=128 rx_state=0 seq=-1 tx_mac=52:40:27:94:0a:bb
CSI_DATA: 28 -64 1 0 10 -15 8 -13 8 -11 8 -9 9 -7 9 -7 10 -6 11 -6 12 -7 12 -7 12 -8 12 -8 11 -9 10 -9 9 -8 8 -8 7 -6 6 -5 5 -4 5 -3 5 -1 5 0 5 1 5 2 5 3 0 0 0 0 0 0 0 0 0 0 0 0 0 0 0 0 0 0 0 0 0 0 -1 -6 0 -6 1 -7 2 -8 3 -9 4 -9 4 -10 5 -11 5 -11 5 -12 6 -12 5 -12 5 -11 5 -10 5 -9 6 -8 7 -7 9 -7 11 -7 13 -7 14 -8 16 -11 17 -12 17 -14 16 -16 15 -18
CSI_META: ts=3582715934 rssi=-32 noise_floor=-98 channel=6 secondary_channel=0 sig_mode=0 mcs=0 rate=9 cwb=0 sgi=0 stbc=0 ant=0 len=128 rx_state=0 seq=-1 tx_mac=52:40:27:94:0a:bb
CSI_DATA: 28 -64 1 0 23 16 24 16 26 16 27 14 28 11 27 9 25 6 21 4 19 3 16 3 13 4 11 6 9 7 7 9 6 11 6 13 5 13 5 13 5 13 5 13 5 13 4 13 3 12 2 11 1 10 0 0 0 0 0 0 0 0 0 0 0 0 0 0 0 0 0 0 0 0 0 0 5 -13 6 -12 7 -12 7 -11 7 -10 8 -8 8 -7 9 -5 10 -3 12 -1 14 2 16 4 18 5 21 6 22 5 25 5 25 3 27 1 26 0 25 -1 24 -2 21 -2 20 1 19 3 18 6 18 9
CSI_META: ts=3586629967 rssi=-32 noise_floor=-98 channel=6 secondary_channel=0 sig_mode=0 mcs=0 rate=9 cwb=0 sgi=0 stbc=0 ant=0 len=128 rx_state=0 seq=-1 tx_mac=52:40:27:94:0a:bb
CSI_DATA: 28 -64 1 0 -9 17 -11 16 -14 17 -15 17 -16 18 -16 20 -16 21 -14 23 -12 23 -10 22 -8 20 -7 18 -6 16 -6 13 -6 10 -7 8 -8 6 -9 4 -10 2 -11 2 -12 1 -13 0 -13 0 -14 -1 -14 -2 0 0 0 0 0 0 0 0 0 0 0 0 0 0 0 0 0 0 0 0 0 0 9 7 9 9 8 11 8 11 8 12 8 12 7 12 8 12 6 12 5 12 3 12 0 13 -2 13 -5 13 -7 15 -9 17 -10 20 -10 23 -10 25 -8 28 -7 29 -4 30 -3 31 -2 29 -1 27 0 25
CSI_META: ts=3586884351 rssi=-32 noise_floor=-98 channel=6 secondary_channel=0 sig_mode=0 mcs=0 rate=9 cwb=0 sgi=0 stbc=0 ant=0 len=128 rx_state=0 seq=-1 tx_mac=52:40:27:94:0a:bb
CSI_DATA: 28 -64 1 0 -12 15 -15 13 -17 13 -20 13 -20 14 -20 16 -20 17 -19 19 -17 19 -15 19 -13 18 -11 16 -9 14 -9 12 -8 9 -9 6 -9 4 -10 2 -10 0 -11 -1 -12 -2 -13 -3 -13 -4 -13 -5 -13 -6 0 0 0 0 0 0 0 0 0 0 0 0 0 0 0 0 0 0 0 0 0 0 7 9 6 11 6 12 6 13 5 13 5 14 5 14 5 13 4 14 2 13 0 13 -2 12 -5 12 -8 12 -10 13 -12 15 -14 17 -15 20 -15 22 -14 25 -13 27 -11 28 -9 29 -8 28 -7 26 -6 23
CSI_META: ts=3587142528 rssi=-32 noise_floor=-98 channel=6 secondary_channel=0 sig_mode=0 mcs=0 rate=9 cwb=0 sgi=0 stbc=0 ant=0 len=128 rx_state=0 seq=-1 tx_mac=52:40:27:94:0a:bb
CSI_DATA: 28 -64 1 0 28 -5 23 -4 20 -1 18 1 17 3 17 5 18 8 18 8 20 9 21 8 22 7 22 6 21 4 20 3 18 2 17 3 13 2 11 2 8 3 7 4 5 6 4 7 3 9 1 10 0 11 0 0 0 0 0 0 0 0 0 0 0 0 0 0 0 0 0 0 0 0 0 0 4 -8 6 -7 8 -6 10 -6 12 -5 13 -5 15 -5 17 -6 18 -6 19 -7 19 -7 18 -6 18 -6 17 -5 15 -4 16 -1 15 1 17 4 19 5 22 7 25 7 29 7 32 7 34 4 36 1 35 -2
CSI_META: ts=3587379539 rssi=-31 noise_floor=-98 channel=6 secondary_channel=0 sig_mode=0 mcs=0 rate=9 cwb=0 sgi=0 stbc=0 ant=0 len=128 rx_state=0 seq=-1 tx_mac=52:40:27:94:0a:bb
CSI_DATA: 28 -64 1 0 -18 -9 -18 -9 -19 -8 -19 -6 -19 -5 -18 -3 -17 -2 -15 -1 -13 -1 -11 -1 -10 -2 -9 -3 -8 -4 -7 -5 -7 -6 -7 -7 -6 -8 -6 -8 -6 -8 -6 -8 -6 -8 -6 -8 -5 -7 -4 -7 -3 -6 0 0 0 0 0 0 0 0 0 0 0 0 0 0 0 0 0 0 0 0 0 0 -4 8 -5 7 -5 7 -5 6 -6 5 -5 4 -6 4 -7 2 -7 1 -9 0 -10 -1 -11 -2 -13 -3 -14 -3 -15 -3 -17 -2 -17 -1 -18 0 -17 1 -17 2 -16 2 -15 2 -13 0 -13 -1 -13 -3 -13 -6
CSI_META: ts=3587660840 rssi=-31 noise_floor=-98 channel=6 secondary_channel=0 sig_mode=0 mcs=0 rate=9 cwb=0 sgi=0 stbc=0 ant=0 len=128 rx_state=0 seq=-1 tx_mac=52:40:27:94:0a:bb
CSI_DATA: 28 -64 1 0 -15 11 -15 12 -14 14 -13 14 -12 15 -10 14 -8 14 -7 13 -6 11 -5 10 -5 8 -6 6 -6 5 -7 4 -8 3 -9 2 -9 2 -10 1 -9 1 -10 1 -9 1 -9 1 -8 1 -8 0 -7 -1 0 0 0 0 0 0 0 0 0 0 0 0 0 0 0 0 0 0 0 0 0 0 6 6 5 6 5 6 4 6 3 6 2 6 1 6 0 6 -2 7 -4 7 -5 8 -6 9 -7 10 -8 11 -8 13 -8 14 -7 15 -6 16 -5 15 -5 15 -4 14 -4 13 -5 12 -6 11 -8 10 -10 10
CSI_META: ts=3587867283 rssi=-32 noise_floor=-98 channel=6 secondary_channel=0 sig_mode=0 mcs=0 rate=9 cwb=0 sgi=0 stbc=0 ant=0 len=128 rx_state=0 seq=-1 tx_mac=52:40:27:94:0a:bb
CSI_DATA: 28 -64 1 0 -23 28 -20 27 -16 26 -13 24 -11 21 -10 18 -9 15 -10 13 -11 11 -13 9 -14 8 -16 9 -17 9 -18 10 -17 11 -17 10 -15 10 -14 9 -12 8 -12 7 -10 6 -9 4 -8 3 -8 1 -8 -2 0 0 0 0 0 0 0 0 0 0 0 0 0 0 0 0 0 0 0 0 0 0 7 9 4 9 2 9 0 9 -2 9 -4 9 -7 10 -8 11 -10 13 -12 15 -13 17 -13 19 -13 20 -12 21 -11 21 -10 20 -9 19 -9 18 -9 15 -11 14 -13 13 -16 13 -20 14 -23 15 -26 18 -26 22
CSI_META: ts=3589016340 rssi=-32 noise_floor=-98 channel=6 secondary_channel=0 sig_mode=0 mcs=0 rate=9 cwb=0 sgi=0 stbc=0 ant=0 len=128 rx_state=0 seq=-1 tx_mac=52:40:27:94:0a:bb
CSI_DATA: 28 -64 1 0 -34 13 -31 14 -27 15 -23 14 -20 14 -18 11 -15 9 -14 7 -14 4 -15 2 -16 0 -18 -1 -19 -1 -20 -1 -20 0 -20 0 -18 1 -17 1 -15 1 -14 1 -12 0 -11 -1 -9 -2 -8 -4 -6 -6 0 0 0 0 0 0 0 0 0 0 0 0 0 0 0 0 0 0 0 0 0 0 2 10 0 10 -2 9 -4 8 -5 7 -8 7 -10 6 -13 6 -15 7 -17 8 -19 9 -20 10 -21 11 -21 12 -20 13 -19 14 -17 13 -16 12 -16 10 -16 8 -18 5 -20 3 -23 3 -27 2 -30 3 -33 5
CSI_META: ts=3589316027 rssi=-32 noise_floor=-98 channel=6 secondary_channel=0 sig_mode=0 mcs=0 rate=9 cwb=0 sgi=0 stbc=0 ant=0 len=128 rx_state=0 seq=-1 tx_mac=52:40:27:94:0a:bb
CSI_DATA: 28 -64 1 0 -18 -12 -16 -14 -15 -17 -16 -18 -17 -20 -19 -20 -20 -20 -21 -18 -22 -16 -21 -13 -21 -11 -19 -10 -16 -9 -14 -8 -11 -8 -8 -9 -6 -9 -4 -9 -2 -10 -1 -11 0 -13 1 -13 1 -14 2 -14 3 -13 0 0 0 0 0 0 0 0 0 0 0 0 0 0 0 0 0 0 0 0 0 0 -10 7 -12 6 -13 6 -14 6 -15 6 -15 6 -15 5 -15 5 -15 4 -15 2 -14 1 -14 -2 -14 -4 -15 -7 -15 -10 -17 -12 -19 -14 -22 -15 -25 -14 -28 -14 -30 -12 -31 -10 -30 -9 -30 -6 -28 -5 -26 -6
CSI_META: ts=3589316123 rssi=-31 noise_floor=-98 channel=6 secondary_channel=0 sig_mode=0 mcs=0 rate=9 cwb=0 sgi=0 stbc=0 ant=0 len=128 rx_state=0 seq=-1 tx_mac=52:40:27:94:0a:bb
CSI_DATA: 28 -64 1 0 11 -2 13 -1 12 1 14 1 15 1 16 1 16 0 16 -1 15 -3 14 -3 13 -4 12 -4 11 -4 8 -2 8 -1 6 0 5 1 5 2 4 3 4 4 4 5 4 6 4 6 4 7 3 7 0 0 0 0 0 0 0 0 0 0 0 0 0 0 0 0 0 0 0 0 0 0 1 -8 2 -9 2 -9 3 -9 3 -9 4 -9 3 -9 4 -9 4 -8 5 -7 5 -6 6 -5 7 -4 9 -3 11 -2 11 -2 14 -2 14 -3 17 -4 17 -6 17 -8 17 -9 15 -9 15 -9 14 -9 13 -9
CSI_META: ts=3589579686 rssi=-31 noise_floor=-98 channel=6 secondary_channel=0 sig_mode=0 mcs=0 rate=9 cwb=0 sgi=0 stbc=0 ant=0 len=128 rx_state=0 seq=-1 tx_mac=52:40:27:94:0a:bb
CSI_DATA: 28 -64 1 0 -7 16 -6 14 -6 12 -7 10 -7 9 -9 8 -10 8 -10 9 -11 10 -10 11 -10 11 -9 11 -8 11 -6 11 -6 10 -5 8 -5 7 -4 5 -5 3 -5 3 -6 1 -7 1 -7 0 -8 -1 -8 -1 0 0 0 0 0 0 0 0 0 0 0 0 0 0 0 0 0 0 0 0 0 0 2 5 1 5 -1 5 -2 6 -3 6 -4 7 -4 8 -5 9 -5 11 -6 11 -6 12 -5 12 -5 11 -5 11 -5 10 -5 9 -6 8 -8 8 -9 8 -11 9 -12 10 -13 12 -14 14 -14 16 -13 18 -12 19
CSI_META: ts=3589842873 rssi=-31 noise_floor=-98 channel=6 secondary_channel=0 sig_mode=0 mcs=0 rate=9 cwb=0 sgi=0 stbc=0 ant=0 len=128 rx_state=0 seq=-1 tx_mac=52:40:27:94:0a:bb
CSI_DATA: 28 -64 1 0 -17 7 -15 6 -13 4 -12 3 -12 2 -12 0 -13 -1 -13 -1 -14 -1 -15 -1 -15 0 -15 1 -15 1 -13 2 -13 2 -11 2 -9 2 -8 1 -7 0 -6 -1 -6 -2 -5 -3 -5 -4 -4 -5 -4 -6 0 0 0 0 0 0 0 0 0 0 0 0 0 0 0 0 0 0 0 0 0 0 -3 5 -4 4 -6 4 -7 4 -8 4 -9 4 -10 4 -10 5 -11 5 -12 5 -12 6 -11 6 -11 5 -10 4 -10 3 -11 2 -11 1 -12 0 -13 -1 -15 -1 -17 -1 -19 -1 -21 1 -22 3 -22 4 -22 6
CSI_META: ts=3590126546 rssi=-31 noise_floor=-98 channel=6 secondary_channel=0 sig_mode=0 mcs=0 rate=9 cwb=0 sgi=0 stbc=0 ant=0 len=128 rx_state=0 seq=-1 tx_mac=52:40:27:94:0a:bb
CSI_DATA: 28 -64 1 0 -17 -11 -18 -10 -19 -10 -19 -8 -19 -6 -18 -5 -17 -3 -15 -2 -14 -2 -12 -1 -11 -2 -9 -3 -8 -4 -7 -5 -6 -6 -6 -7 -6 -8 -6 -8 -6 -8 -6 -8 -6 -8 -5 -8 -5 -8 -4 -8 -3 -7 0 0 0 0 0 0 0 0 0 0 0 0 0 0 0 0 0 0 0 0 0 0 -5 7 -6 7 -6 6 -6 5 -6 5 -6 3 -7 2 -7 1 -8 0 -9 -1 -10 -3 -12 -4 -13 -5 -14 -5 -16 -5 -17 -4 -17 -3 -18 -2 -17 -1 -17 0 -16 0 -15 0 -14 -1 -14 -3 -13 -4 -14 -7
CSI_META: ts=3590687081 rssi=-31 noise_floor=-98 channel=6 secondary_channel=0 sig_mode=0 mcs=0 rate=9 cwb=0 sgi=0 stbc=0 ant=0 len=128 rx_state=0 seq=-1 tx_mac=52:40:27:94:0a:bb
CSI_DATA: 28 -64 1 0 22 28 23 25 22 22 21 18 19 15 17 13 14 12 10 12 8 12 6 14 6 16 5 17 5 18 6 19 6 19 7 18 6 17 6 16 5 13 5 12 4 11 2 10 0 9 -1 8 -4 7 0 0 0 0 0 0 0 0 0 0 0 0 0 0 0 0 0 0 0 0 0 0 10 -5 10 -3 10 -1 9 1 9 3 9 5 9 8 10 10 11 13 12 14 14 16 16 17 17 17 18 16 18 15 18 14 16 13 16 12 14 12 12 13 11 15 10 18 9 22 10 26 13 29 15 31
CSI_META: ts=3591416025 rssi=-31 noise_floor=-98 channel=6 secondary_channel=0 sig_mode=0 mcs=0 rate=9 cwb=0 sgi=0 stbc=0 ant=0 len=128 rx_state=0 seq=-1 tx_mac=52:40:27:94:0a:bb
CSI_DATA: 28 -64 1 0 5 10 3 11 2 13 2 13 3 15 4 15 5 15 6 15 6 14 7 13 7 11 6 9 5 8 4 7 3 6 1 6 -1 6 -2 5 -3 5 -4 5 -5 6 -5 6 -6 6 -6 6 -6 5 0 0 0 0 0 0 0 0 0 0 0 0 0 0 0 0 0 0 0 0 0 0 7 -2 8 -1 8 -1 9 0 9 0 9 0 9 1 9 1 9 1 8 2 7 3 6 4 6 5 5 7 5 8 5 10 5 12 7 13 8 14 10 14 12 14 13 13 13 13 13 12 13 10 12 10
CSI_META: ts=3591416121 rssi=-31 noise_floor=-98 channel=6 secondary_channel=0 sig_mode=0 mcs=0 rate=9 cwb=0 sgi=0 stbc=0 ant=0 len=128 rx_state=0 seq=-1 tx_mac=52:40:27:94:0a:bb
CSI_DATA: 28 -64 1 0 -2 -13 0 -12 2 -15 1 -14 2 -15 1 -16 1 -17 0 -17 -1 -17 -2 -16 -3 -14 -3 -13 -3 -11 -3 -11 -2 -8 0 -8 1 -6 2 -6 3 -5 4 -5 4 -5 6 -5 6 -5 6 -4 7 -3 0 0 0 0 0 0 0 0 0 0 0 0 0 0 0 0 0 0 0 0 0 0 -8 -3 -8 -4 -9 -5 -8 -5 -9 -6 -8 -5 -8 -6 -7 -6 -7 -6 -6 -7 -4 -8 -3 -8 -2 -9 -1 -10 -1 -10 0 -14 -1 -14 -1 -17 -3 -16 -4 -19 -5 -19 -7 -18 -7 -19 -8 -17 -7 -16 -6 -15
CSI_META: ts=3592016046 rssi=-32 noise_floor=-98 channel=6 secondary_channel=0 sig_mode=0 mcs=0 rate=9 cwb=0 sgi=0 stbc=0 ant=0 len=128 rx_state=0 seq=-1 tx_mac=52:40:27:94:0a:bb
CSI_DATA: 28 -64 1 0 -18 22 -16 18 -14 15 -14 12 -15 9 -16 7 -17 6 -19 6 -20 6 -21 7 -22 8 -21 9 -20 9 -19 10 -18 10 -16 9 -13 8 -12 6 -10 4 -9 3 -9 0 -8 -1 -8 -3 -8 -6 -8 -7 0 0 0 0 0 0 0 0 0 0 0 0 0 0 0 0 0 0 0 0 0 0 0 9 -2 9 -4 10 -5 11 -6 13 -7 13 -8 14 -8 16 -9 17 -9 17 -9 17 -9 16 -9 15 -9 13 -10 11 -11 10 -13 8 -16 8 -19 8 -22 9 -25 11 -27 14 -28 17 -29 20 -28 23 -26 25
CSI_META: ts=3592016218 rssi=-31 noise_floor=-98 channel=6 secondary_channel=0 sig_mode=0 mcs=0 rate=9 cwb=0 sgi=0 stbc=0 ant=0 len=128 rx_state=0 seq=-1 tx_mac=52:40:27:94:0a:bb
CSI_DATA: 28 -64 1 0 6 -18 5 -16 5 -13 6 -11 6 -9 8 -8 9 -8 10 -9 11 -9 12 -9 11 -10 11 -11 10 -11 9 -12 8 -11 7 -10 6 -9 5 -7 4 -6 4 -4 4 -3 5 -1 5 0 5 1 6 2 0 0 0 0 0 0 0 0 0 0 0 0 0 0 0 0 0 0 0 0 0 0 -2 -6 -1 -7 0 -8 1 -9 2 -9 2 -11 2 -11 2 -12 2 -13 3 -13 3 -13 3 -13 3 -12 3 -11 4 -10 5 -9 6 -9 8 -9 10 -9 12 -11 13 -12 14 -15 15 -16 15 -18 14 -20 12 -22
CSI_META: ts=3593262238 rssi=-31 noise_floor=-98 channel=6 secondary_channel=0 sig_mode=0 mcs=0 rate=9 cwb=0 sgi=0 stbc=0 ant=0 len=128 rx_state=0 seq=-1 tx_mac=52:40:27:94:0a:bb
CSI_DATA: 28 -64 1 0 -10 7 -11 6 -13 5 -14 5 -15 5 -15 6 -15 7 -14 8 -14 9 -12 9 -11 9 -10 8 -8 7 -8 6 -7 5 -7 3 -6 1 -6 0 -6 -1 -7 -2 -7 -3 -7 -4 -8 -4 -7 -5 -7 -5 0 0 0 0 0 0 0 0 0 0 0 0 0 0 0 0 0 0 0 0 0 0 2 7 2 7 1 8 0 8 0 9 0 9 0 9 -1 9 -1 9 -2 8 -3 7 -4 7 -6 6 -7 6 -9 6 -11 7 -12 8 -13 9 -13 11 -13 13 -13 14 -12 15 -11 16 -10 15 -9 14 -8 13
CSI_META: ts=3593908480 rssi=-30 noise_floor=-98 channel=6 secondary_channel=0 sig_mode=0 mcs=0 rate=9 cwb=0 sgi=0 stbc=0 ant=0 len=128 rx_state=0 seq=-1 tx_mac=52:40:27:94:0a:bb
CSI_DATA: 28 -64 1 0 15 12 16 12 17 12 17 10 18 8 17 6 16 5 14 4 12 3 10 3 9 3 7 4 6 5 5 7 5 8 4 9 4 9 4 9 4 8 4 8 3 8 3 8 2 7 2 6 0 6 0 0 0 0 0 0 0 0 0 0 0 0 0 0 0 0 0 0 0 0 0 0 6 -7 6 -7 7 -7 7 -6 7 -6 6 -5 6 -3 7 -2 7 -1 8 1 9 2 10 4 11 5 13 6 14 6 15 6 16 5 17 4 17 2 17 2 16 1 15 1 13 2 12 4 12 5 12 7
CSI_META: ts=3594599321 rssi=-31 noise_floor=-98 channel=6 secondary_channel=0 sig_mode=0 mcs=0 rate=9 cwb=0 sgi=0 stbc=0 ant=0 len=128 rx_state=0 seq=-1 tx_mac=52:40:27:94:0a:bb
CSI_DATA: 28 -64 1 0 -18 10 -19 8 -21 7 -22 6 -23 7 -24 8 -24 10 -23 12 -22 13 -20 13 -18 13 -16 12 -14 10 -12 9 -11 7 -10 4 -10 2 -10 0 -10 -2 -10 -3 -11 -5 -11 -6 -12 -6 -11 -7 -11 -8 0 0 0 0 0 0 0 0 0 0 0 0 0 0 0 0 0 0 0 0 0 0 1 12 0 13 -1 13 -2 14 -2 14 -2 14 -3 14 -3 14 -4 13 -5 12 -7 12 -8 10 -11 9 -13 9 -16 8 -18 9 -20 10 -21 12 -23 15 -23 17 -22 19 -21 21 -20 22 -18 21 -17 20 -16 19
CSI_META: ts=3594880925 rssi=-30 noise_floor=-98 channel=6 secondary_channel=0 sig_mode=0 mcs=0 rate=9 cwb=0 sgi=0 stbc=0 ant=0 len=128 rx_state=0 seq=-1 tx_mac=52:40:27:94:0a:bb
CSI_DATA: 28 -64 1 0 10 -15 10 -15 10 -17 8 -17 6 -17 5 -16 4 -15 2 -14 2 -12 2 -10 3 -9 4 -7 4 -6 6 -6 7 -6 8 -6 8 -5 8 -6 7 -6 7 -5 6 -5 6 -5 6 -4 5 -3 5 -2 0 0 0 0 0 0 0 0 0 0 0 0 0 0 0 0 0 0 0 0 0 0 -7 -7 -6 -7 -6 -7 -5 -7 -5 -7 -4 -7 -3 -7 -2 -7 -1 -7 0 -8 2 -9 3 -10 4 -11 5 -12 5 -13 5 -15 4 -15 4 -17 3 -16 2 -16 1 -15 1 -14 2 -13 3 -12 5 -12 7 -12
CSI_META: ts=3594931792 rssi=-31 noise_floor=-98 channel=6 secondary_channel=0 sig_mode=0 mcs=0 rate=9 cwb=0 sgi=0 stbc=0 ant=0 len=128 rx_state=0 seq=-1 tx_mac=52:40:27:94:0a:bb
CSI_DATA: 28 -64 1 0 -19 -14 -18 -12 -17 -11 -16 -8 -15 -6 -13 -6 -11 -6 -9 -6 -7 -7 -6 -8 -6 -9 -6 -10 -6 -11 -6 -11 -6 -11 -6 -11 -6 -10 -6 -10 -5 -9 -5 -8 -4 -8 -4 -7 -2 -6 -1 -5 0 -5 0 0 0 0 0 0 0 0 0 0 0 0 0 0 0 0 0 0 0 0 0 0 -5 4 -6 3 -6 2 -6 1 -6 -1 -6 -2 -7 -3 -8 -5 -9 -6 -11 -7 -12 -8 -13 -8 -14 -7 -14 -6 -14 -6 -14 -5 -13 -5 -12 -5 -11 -5 -10 -6 -9 -7 -9 -9 -9 -12 -10 -13 -12 -16 -13 -17
CSI_META: ts=3595315050 rssi=-31 noise_floor=-98 channel=6 secondary_channel=0 sig_mode=0 mcs=0 rate=9 cwb=0 sgi=0 stbc=0 ant=0 len=128 rx_state=0 seq=-1 tx_mac=52:40:27:94:0a:bb
CSI_DATA: 28 -64 1 0 8 -23 6 -22 4 -21 3 -19 2 -17 1 -14 2 -12 3 -11 4 -10 6 -9 7 -9 8 -9 9 -10 9 -11 9 -11 8 -11 7 -10 6 -10 6 -8 5 -7 5 -6 4 -5 4 -3 5 -2 5 0 0 0 0 0 0 0 0 0 0 0 0 0 0 0 0 0 0 0 0 0 0 0 -8 -5 -6 -5 -5 -6 -4 -6 -2 -6 -1 -7 0 -8 1 -9 3 -11 3 -13 4 -15 4 -15 3 -16 3 -17 2 -17 1 -17 0 -15 0 -15 1 -13 3 -12 4 -12 6 -12 9 -14 10 -15 12 -17 12 -20
CSI_META: ts=3596364528 rssi=-30 noise_floor=-98 channel=6 secondary_channel=0 sig_mode=0 mcs=0 rate=9 cwb=0 sgi=0 stbc=0 ant=0 len=128 rx_state=0 seq=-1 tx_mac=52:40:27:94:0a:bb
CSI_DATA: 28 -64 1 0 13 -13 12 -11 11 -9 10 -7 10 -5 11 -4 12 -3 12 -3 13 -4 14 -4 14 -5 14 -5 13 -6 12 -7 11 -6 9 -5 8 -5 7 -4 6 -3 5 -2 5 0 5 1 5 2 4 4 4 5 0 0 0 0 0 0 0 0 0 0 0 0 0 0 0 0 0 0 0 0 0 0 0 -6 2 -6 3 -7 4 -7 5 -7 6 -8 6 -8 7 -9 8 -10 8 -10 8 -10 8 -10 8 -9 8 -8 8 -7 8 -6 9 -5 11 -4 12 -4 14 -4 16 -5 18 -7 19 -8 20 -10 20 -12 19 -14
CSI_META: ts=3596723831 rssi=-31 noise_floor=-98 channel=6 secondary_channel=0 sig_mode=0 mcs=0 rate=9 cwb=0 sgi=0 stbc=0 ant=0 len=128 rx_state=0 seq=-1 tx_mac=52:40:27:94:0a:bb
CSI_DATA: 28 -64 1 0 -1 19 -1 19 0 20 2 19 3 18 5 17 5 15 5 13 5 12 3 10 2 9 1 8 -1 8 -2 8 -4 8 -4 8 -5 8 -5 8 -5 8 -5 8 -5 7 -5 7 -5 6 -5 5 -5 4 0 0 0 0 0 0 0 0 0 0 0 0 0 0 0 0 0 0 0 0 0 0 9 0 9 0 8 1 8 1 7 2 6 2 6 3 5 4 4 5 3 7 3 9 2 10 2 12 2 13 4 14 4 15 5 16 7 16 8 14 8 14 8 12 7 12 6 12 4 12 2 13 1 14
CSI_META: ts=3596965168 rssi=-31 noise_floor=-98 channel=6 secondary_channel=0 sig_mode=0 mcs=0 rate=9 cwb=0 sgi=0 stbc=0 ant=0 len=128 rx_state=0 seq=-1 tx_mac=52:40:27:94:0a:bb
CSI_DATA: 28 -64 1 0 -18 -8 -19 -8 -19 -7 -20 -6 -19 -4 -19 -3 -17 -1 -16 0 -14 0 -12 0 -10 -1 -9 -2 -8 -3 -8 -5 -7 -6 -7 -7 -7 -7 -7 -8 -6 -8 -7 -8 -6 -8 -6 -7 -6 -7 -5 -7 -4 -7 0 0 0 0 0 0 0 0 0 0 0 0 0 0 0 0 0 0 0 0 0 0 -4 8 -5 7 -5 7 -6 6 -6 5 -6 4 -6 3 -7 2 -8 1 -9 0 -10 -2 -12 -2 -13 -3 -15 -3 -16 -3 -17 -2 -17 -1 -18 0 -18 1 -17 2 -16 2 -15 2 -14 0 -14 -1 -14 -3 -14 -5
CSI_META: ts=3597204738 rssi=-31 noise_floor=-98 channel=6 secondary_channel=0 sig_mode=0 mcs=0 rate=9 cwb=0 sgi=0 stbc=0 ant=0 len=128 rx_state=0 seq=-1 tx_mac=52:40:27:94:0a:bb
CSI_DATA: 28 -64 1 0 -23 1 -22 3 -19 3 -18 4 -15 4 -13 4 -11 2 -11 1 -10 0 -10 -2 -11 -2 -11 -3 -12 -3 -12 -4 -12 -4 -12 -3 -12 -2 -11 -2 -10 -2 -9 -2 -8 -2 -7 -2 -6 -3 -5 -3 -4 -4 0 0 0 0 0 0 0 0 0 0 0 0 0 0 0 0 0 0 0 0 0 0 -2 6 -3 5 -4 4 -5 3 -6 2 -7 1 -8 1 -10 0 -11 0 -13 0 -14 1 -15 1 -15 2 -15 2 -15 3 -14 3 -13 3 -12 3 -12 2 -12 1 -12 -1 -13 -3 -15 -4 -17 -4 -20 -4 -22 -4
CSI_META: ts=3597429997 rssi=-31 noise_floor=-98 channel=6 secondary_channel=0 sig_mode=0 mcs=0 rate=9 cwb=0 sgi=0 stbc=0 ant=0 len=128 rx_state=0 seq=-1 tx_mac=52:40:27:94:0a:bb
CSI_DATA: 28 -64 1 0 16 -6 13 -5 12 -4 10 -2 10 0 10 1 10 3 11 3 12 4 13 3 14 3 13 2 13 1 12 0 11 0 10 0 8 0 7 0 5 1 4 1 3 2 3 3 2 4 1 5 0 6 0 0 0 0 0 0 0 0 0 0 0 0 0 0 0 0 0 0 0 0 0 0 1 -5 3 -5 4 -5 5 -5 6 -5 8 -5 8 -5 9 -6 10 -6 11 -6 10 -7 10 -7 9 -6 9 -5 9 -4 8 -3 8 -1 10 0 11 1 13 2 15 2 18 1 19 1 21 -1 22 -2 22 -4
CSI_META: ts=3597716109 rssi=-31 noise_floor=-98 channel=6 secondary_channel=0 sig_mode=0 mcs=0 rate=9 cwb=0 sgi=0 stbc=0 ant=0 len=128 rx_state=0 seq=-1 tx_mac=52:40:27:94:0a:bb
CSI_DATA: 28 -64 1 0 -13 -21 -14 -18 -14 -17 -13 -14 -12 -12 -11 -10 -8 -9 -6 -9 -5 -10 -3 -10 -3 -11 -3 -12 -2 -13 -2 -14 -3 -14 -3 -13 -3 -12 -3 -11 -3 -10 -3 -9 -2 -8 -1 -7 0 -6 1 -5 2 -5 0 0 0 0 0 0 0 0 0 0 0 0 0 0 0 0 0 0 0 0 0 0 -8 2 -7 1 -7 0 -7 -1 -6 -3 -6 -4 -6 -6 -6 -7 -7 -9 -8 -11 -9 -12 -9 -13 -10 -13 -11 -12 -12 -12 -12 -11 -11 -10 -11 -9 -9 -9 -8 -10 -7 -11 -6 -13 -5 -15 -5 -17 -6 -20 -8 -22
CSI_META: ts=3597716205 rssi=-31 noise_floor=-98 channel=6 secondary_channel=0 sig_mode=0 mcs=0 rate=9 cwb=0 sgi=0 stbc=0 ant=0 len=128 rx_state=0 seq=-1 tx_mac=52:40:27:94:0a:bb
CSI_DATA: 28 -64 1 0 -8 23 -5 20 -5 21 -2 17 -2 16 -2 13 -2 11 -3 10 -5 9 -6 8 -7 8 -8 8 -9 8 -10 10 -9 9 -10 10 -8 9 -8 8 -7 7 -6 6 -6 5 -6 4 -6 3 -5 1 -5 0 0 0 0 0 0 0 0 0 0 0 0 0 0 0 0 0 0 0 0 0 0 0 7 2 5 3 4 4 3 4 2 5 1 6 -1 8 -2 9 -2 10 -3 12 -3 14 -3 15 -2 15 -1 15 -1 14 0 15 0 13 0 13 0 11 -2 11 -4 10 -5 12 -9 13 -10 14 -11 17 -11 19
CSI_META: ts=3598645169 rssi=-32 noise_floor=-98 channel=6 secondary_channel=0 sig_mode=0 mcs=0 rate=9 cwb=0 sgi=0 stbc=0 ant=0 len=128 rx_state=0 seq=-1 tx_mac=52:40:27:94:0a:bb
CSI_DATA: 28 -64 1 0 -21 -6 -20 -9 -20 -11 -21 -13 -23 -13 -25 -12 -25 -11 -26 -9 -26 -7 -24 -5 -23 -4 -20 -3 -17 -3 -15 -4 -12 -5 -10 -6 -8 -7 -7 -9 -6 -10 -5 -11 -5 -12 -5 -13 -5 -14 -4 -14 -3 -13 0 0 0 0 0 0 0 0 0 0 0 0 0 0 0 0 0 0 0 0 0 0 -8 8 -10 8 -11 8 -13 8 -13 8 -14 8 -14 8 -14 8 -15 8 -15 7 -14 5 -14 3 -15 0 -15 -3 -17 -4 -18 -6 -21 -8 -24 -8 -27 -8 -30 -6 -31 -4 -32 -2 -31 0 -31 1 -29 2 -26 2
CSI_META: ts=3598688245 rssi=-31 noise_floor=-98 channel=6 secondary_channel=0 sig_mode=0 mcs=0 rate=9 cwb=0 sgi=0 stbc=0 ant=0 len=128 rx_state=0 seq=-1 tx_mac=52:40:27:94:0a:bb
CSI_DATA: 28 -64 1 0 -13 -7 -12 -8 -11 -10 -12 -11 -13 -11 -14 -11 -14 -11 -15 -10 -15 -9 -14 -8 -13 -6 -13 -5 -11 -5 -9 -5 -8 -4 -6 -5 -5 -5 -4 -6 -3 -6 -2 -7 -2 -8 -1 -9 -1 -9 -1 -9 0 -9 0 0 0 0 0 0 0 0 0 0 0 0 0 0 0 0 0 0 0 0 0 0 -7 3 -8 3 -9 3 -10 3 -10 2 -10 2 -10 2 -10 2 -10 1 -10 0 -10 -1 -9 -2 -9 -4 -9 -5 -10 -6 -11 -8 -12 -9 -14 -9 -16 -9 -18 -8 -19 -8 -20 -6 -19 -6 -19 -5 -18 -4 -16 -4
CSI_META: ts=3600506290 rssi=-31 noise_floor=-98 channel=6 secondary_channel=0 sig_mode=0 mcs=0 rate=9 cwb=0 sgi=0 stbc=0 ant=0 len=128 rx_state=0 seq=-1 tx_mac=52:40:27:94:0a:bb
CSI_DATA: 28 -64 1 0 -19 1 -16 1 -14 -1 -12 -2 -12 -3 -12 -4 -12 -6 -12 -6 -13 -6 -14 -6 -15 -5 -15 -4 -14 -4 -14 -3 -12 -2 -11 -2 -9 -2 -8 -2 -6 -3 -5 -3 -5 -4 -4 -5 -3 -6 -2 -7 -1 -8 0 0 0 0 0 0 0 0 0 0 0 0 0 0 0 0 0 0 0 0 0 0 -4 4 -5 3 -7 2 -7 1 -9 1 -9 1 -10 1 -12 1 -12 1 -13 2 -13 2 -13 1 -13 2 -12 1 -11 0 -11 -1 -10 -2 -11 -4 -12 -5 -14 -6 -16 -7 -18 -7 -20 -6 -22 -5 -23 -4 -23 -2
CSI_META: ts=3604352068 rssi=-32 noise_floor=-98 channel=6 secondary_channel=0 sig_mode=0 mcs=0 rate=9 cwb=0 sgi=0 stbc=0 ant=0 len=128 rx_state=0 seq=-1 tx_mac=52:40:27:94:0a:bb
CSI_DATA: 28 -64 1 0 -24 -18 -26 -18 -27 -18 -28 -16 -28 -13 -28 -10 -26 -8 -24 -6 -21 -5 -18 -4 -16 -5 -13 -6 -11 -7 -9 -9 -8 -11 -8 -13 -7 -13 -7 -14 -7 -13 -7 -14 -6 -14 -6 -14 -5 -13 -4 -13 -3 -12 0 0 0 0 0 0 0 0 0 0 0 0 0 0 0 0 0 0 0 0 0 0 -8 11 -9 10 -10 10 -10 8 -10 7 -10 5 -10 3 -11 1 -12 0 -14 -3 -15 -5 -17 -7 -19 -8 -21 -9 -23 -9 -26 -8 -26 -7 -28 -5 -27 -3 -27 -2 -25 -2 -23 -2 -21 -4 -21 -6 -20 -8 -19 -11
CSI_META: ts=3604559622 rssi=-31 noise_floor=-98 channel=6 secondary_channel=0 sig_mode=0 mcs=0 rate=9 cwb=0 sgi=0 stbc=0 ant=0 len=128 rx_state=0 seq=-1 tx_mac=52:40:27:94:0a:bb
CSI_DATA: 28 -64 1 0 -31 -8 -32 -7 -33 -6 -33 -3 -32 -1 -31 2 -28 3 -24 4 -22 4 -19 3 -17 1 -15 -1 -14 -3 -13 -5 -13 -7 -13 -9 -13 -10 -13 -10 -12 -10 -13 -10 -12 -10 -12 -10 -11 -10 -9 -10 -7 -9 0 0 0 0 0 0 0 0 0 0 0 0 0 0 0 0 0 0 0 0 0 0 -5 14 -6 13 -6 13 -7 12 -8 10 -8 9 -9 8 -10 6 -12 4 -14 2 -16 1 -19 -1 -21 -1 -24 -1 -26 0 -27 1 -28 3 -28 5 -28 6 -27 8 -25 8 -23 7 -22 5 -22 2 -23 0 -24 -3
CSI_META: ts=3604721601 rssi=-31 noise_floor=-98 channel=6 secondary_channel=0 sig_mode=0 mcs=0 rate=9 cwb=0 sgi=0 stbc=0 ant=0 len=128 rx_state=0 seq=-1 tx_mac=52:40:27:94:0a:bb
CSI_DATA: 28 -64 1 0 -23 6 -20 7 -18 7 -16 7 -14 7 -13 6 -11 4 -10 4 -10 2 -10 1 -11 0 -11 -1 -12 -1 -12 -1 -13 -1 -13 -1 -12 0 -11 0 -10 0 -9 0 -8 -1 -7 -1 -6 -2 -5 -3 -4 -4 0 0 0 0 0 0 0 0 0 0 0 0 0 0 0 0 0 0 0 0 0 0 -1 7 -2 6 -3 5 -4 4 -5 4 -6 3 -7 3 -9 3 -10 3 -12 3 -13 4 -14 4 -14 5 -14 6 -14 6 -13 7 -12 6 -12 6 -11 4 -11 3 -12 2 -13 1 -15 0 -18 0 -20 0 -21 2
CSI_META: ts=3605141078 rssi=-32 noise_floor=-98 channel=6 secondary_channel=0 sig_mode=0 mcs=0 rate=9 cwb=0 sgi=0 stbc=0 ant=0 len=128 rx_state=0 seq=-1 tx_mac=52:40:27:94:0a:bb
CSI_DATA: 28 -64 1 0 27 14 28 14 29 12 30 10 30 8 29 5 27 3 23 1 21 0 18 1 16 2 13 3 12 5 11 7 10 9 10 11 9 11 9 12 9 11 9 12 9 12 8 11 7 11 6 11 4 10 0 0 0 0 0 0 0 0 0 0 0 0 0 0 0 0 0 0 0 0 0 0 7 -14 8 -13 8 -12 9 -11 9 -9 9 -8 9 -6 10 -4 12 -3 13 0 16 2 17 4 20 5 22 5 24 5 26 4 27 3 28 1 27 -1 27 -2 25 -2 24 -2 22 0 22 2 22 5 22 8
CSI_META: ts=3608038449 rssi=-32 noise_floor=-98 channel=6 secondary_channel=0 sig_mode=0 mcs=0 rate=9 cwb=0 sgi=0 stbc=0 ant=0 len=128 rx_state=0 seq=-1 tx_mac=52:40:27:94:0a:bb
CSI_DATA: 28 -64 1 0 -9 17 -11 16 -13 17 -14 16 -15 17 -15 19 -14 20 -12 21 -11 21 -9 21 -7 19 -6 18 -5 16 -5 14 -6 12 -6 9 -7 7 -8 5 -9 4 -10 3 -11 2 -11 1 -12 1 -13 0 -13 -1 0 0 0 0 0 0 0 0 0 0 0 0 0 0 0 0 0 0 0 0 0 0 8 9 7 10 7 11 6 12 6 12 6 12 5 12 5 12 3 12 2 12 1 13 -2 12 -4 12 -6 13 -8 14 -10 17 -11 19 -11 21 -10 23 -9 26 -8 27 -6 28 -5 28 -3 27 -2 25 -3 24
CSI_META: ts=3608332968 rssi=-31 noise_floor=-98 channel=6 secondary_channel=0 sig_mode=0 mcs=0 rate=9 cwb=0 sgi=0 stbc=0 ant=0 len=128 rx_state=0 seq=-1 tx_mac=52:40:27:94:0a:bb
CSI_DATA: 28 -64 1 0 -13 4 -13 3 -14 2 -15 1 -17 2 -17 2 -17 4 -17 5 -15 6 -14 6 -13 6 -11 6 -10 5 -9 3 -8 2 -7 0 -7 -1 -7 -2 -6 -3 -7 -4 -7 -5 -7 -5 -7 -6 -7 -6 -6 -6 0 0 0 0 0 0 0 0 0 0 0 0 0 0 0 0 0 0 0 0 0 0 0 7 -1 8 -2 8 -3 9 -3 9 -3 9 -3 9 -3 9 -4 9 -4 8 -5 7 -6 6 -7 5 -9 4 -10 4 -12 4 -14 4 -15 5 -16 7 -17 8 -17 10 -16 11 -15 12 -14 12 -13 12 -12 10
CSI_META: ts=3608333064 rssi=-31 noise_floor=-98 channel=6 secondary_channel=0 sig_mode=0 mcs=0 rate=9 cwb=0 sgi=0 stbc=0 ant=0 len=128 rx_state=0 seq=-1 tx_mac=52:40:27:94:0a:bb
CSI_DATA: 28 -64 1 0 12 0 12 1 14 3 14 4 15 4 16 3 16 2 16 1 16 0 15 -2 13 -2 12 -2 10 -2 9 -2 7 0 7 1 5 2 4 3 4 4 4 5 4 5 4 6 4 7 3 7 2 7 0 0 0 0 0 0 0 0 0 0 0 0 0 0 0 0 0 0 0 0 0 0 3 -8 4 -7 5 -8 5 -8 6 -8 5 -8 5 -8 6 -7 6 -7 7 -6 7 -5 7 -4 8 -2 9 -1 10 0 12 0 13 0 16 0 16 -1 18 -2 18 -3 19 -5 18 -6 17 -6 16 -6 15 -6
CSI_META: ts=3608840115 rssi=-31 noise_floor=-98 channel=6 secondary_channel=0 sig_mode=0 mcs=0 rate=9 cwb=0 sgi=0 stbc=0 ant=0 len=128 rx_state=0 seq=-1 tx_mac=52:40:27:94:0a:bb
CSI_DATA: 28 -64 1 0 21 -10 19 -11 16 -11 14 -11 12 -10 10 -8 9 -6 8 -5 9 -3 9 -2 11 -1 11 0 12 0 13 -1 13 -1 12 -2 11 -2 10 -2 8 -2 7 -2 6 -1 5 0 4 1 4 2 3 3 0 0 0 0 0 0 0 0 0 0 0 0 0 0 0 0 0 0 0 0 0 0 -3 -8 -2 -8 0 -7 1 -7 2 -6 3 -5 4 -5 6 -5 8 -6 10 -6 11 -7 12 -8 13 -9 13 -10 12 -11 11 -11 10 -10 9 -10 9 -8 9 -7 10 -5 12 -4 13 -3 16 -2 19 -3 21 -5
CSI_META: ts=3608918435 rssi=-31 noise_floor=-98 channel=6 secondary_channel=0 sig_mode=0 mcs=0 rate=9 cwb=0 sgi=0 stbc=0 ant=0 len=128 rx_state=0 seq=-1 tx_mac=52:40:27:94:0a:bb
CSI_DATA: 28 -64 1 0 7 -24 4 -22 2 -22 1 -19 0 -17 0 -15 1 -13 2 -11 3 -10 5 -10 6 -9 7 -10 7 -10 8 -11 8 -11 8 -11 7 -11 6 -10 5 -9 4 -8 4 -7 4 -6 4 -5 4 -3 4 -2 0 0 0 0 0 0 0 0 0 0 0 0 0 0 0 0 0 0 0 0 0 0 -7 -4 -6 -5 -4 -6 -3 -6 -2 -7 -1 -8 0 -9 1 -10 2 -12 2 -13 3 -15 2 -16 2 -16 1 -17 0 -16 0 -16 -1 -15 0 -14 1 -13 2 -12 4 -12 6 -13 8 -14 9 -16 11 -18 11 -21
CSI_META: ts=3608918607 rssi=-31 noise_floor=-98 channel=6 secondary_channel=0 sig_mode=0 mcs=0 rate=9 cwb=0 sgi=0 stbc=0 ant=0 len=128 rx_state=0 seq=-1 tx_mac=52:40:27:94:0a:bb
CSI_DATA: 28 -64 1 0 -7 18 -7 21 -3 16 -2 16 -1 14 -1 11 -2 10 -4 8 -4 7 -6 7 -7 8 -8 8 -9 10 -7 8 -8 10 -6 9 -6 9 -5 8 -4 7 -4 6 -4 4 -4 3 -4 2 -5 1 -6 0 0 0 0 0 0 0 0 0 0 0 0 0 0 0 0 0 0 0 0 0 0 0 6 4 5 5 3 4 3 5 1 4 0 6 -1 6 -2 8 -3 8 -3 9 -4 12 -4 12 -4 13 -4 14 -3 16 -2 13 -2 14 -1 11 -2 12 -2 10 -4 11 -6 10 -7 11 -9 13 -11 14 -11 18
CSI_META: ts=3608918789 rssi=-32 noise_floor=-98 channel=6 secondary_channel=0 sig_mode=0 mcs=0 rate=9 cwb=0 sgi=0 stbc=0 ant=0 len=128 rx_state=0 seq=-1 tx_mac=52:40:27:94:0a:bb
CSI_DATA: 28 -64 1 0 -37 8 -33 10 -29 11 -25 11 -22 11 -19 9 -17 6 -15 5 -16 2 -16 0 -17 -2 -18 -2 -19 -3 -20 -2 -20 -2 -21 -1 -19 -1 -17 0 -15 0 -14 -1 -12 -1 -11 -2 -9 -3 -7 -5 -6 -6 0 0 0 0 0 0 0 0 0 0 0 0 0 0 0 0 0 0 0 0 0 0 -1 11 -3 10 -4 8 -6 7 -8 6 -9 5 -11 4 -14 4 -16 4 -20 4 -21 5 -22 6 -23 7 -23 9 -22 9 -21 10 -19 9 -19 9 -17 7 -18 5 -19 2 -21 0 -24 -1 -28 -2 -32 -1 -34 1
CSI_META: ts=3609205043 rssi=-31 noise_floor=-98 channel=6 secondary_channel=0 sig_mode=0 mcs=0 rate=9 cwb=0 sgi=0 stbc=0 ant=0 len=128 rx_state=0 seq=-1 tx_mac=52:40:27:94:0a:bb
CSI_DATA: 28 -64 1 0 -14 5 -14 3 -15 2 -16 2 -17 3 -18 4 -17 5 -16 6 -16 7 -14 7 -12 7 -11 6 -10 5 -8 4 -8 2 -8 1 -7 -1 -7 -2 -7 -3 -8 -4 -8 -4 -8 -5 -8 -5 -8 -5 -7 -6 0 0 0 0 0 0 0 0 0 0 0 0 0 0 0 0 0 0 0 0 0 0 -1 7 -2 7 -3 8 -4 8 -4 9 -4 9 -4 9 -4 9 -5 9 -5 8 -6 7 -6 6 -7 5 -9 4 -11 4 -12 4 -14 4 -16 5 -17 6 -17 8 -17 10 -17 11 -16 12 -15 12 -14 12 -13 11
CSI_META: ts=3609574472 rssi=-31 noise_floor=-98 channel=6 secondary_channel=0 sig_mode=0 mcs=0 rate=9 cwb=0 sgi=0 stbc=0 ant=0 len=128 rx_state=0 seq=-1 tx_mac=52:40:27:94:0a:bb
CSI_DATA: 28 -64 1 0 -1 -18 -1 -16 0 -14 1 -12 3 -11 4 -11 5 -11 6 -12 6 -12 6 -14 6 -14 5 -14 4 -14 4 -13 3 -13 2 -11 2 -10 2 -8 2 -7 3 -6 3 -4 4 -3 5 -3 6 -1 6 -1 0 0 0 0 0 0 0 0 0 0 0 0 0 0 0 0 0 0 0 0 0 0 -4 -5 -4 -6 -3 -7 -3 -8 -2 -9 -2 -10 -2 -11 -2 -12 -2 -12 -2 -13 -3 -13 -2 -12 -2 -12 -1 -11 0 -10 1 -11 2 -10 4 -11 5 -12 6 -14 7 -16 7 -18 7 -20 6 -21 4 -23 2 -23
CSI_META: ts=3609864586 rssi=-31 noise_floor=-98 channel=6 secondary_channel=0 sig_mode=0 mcs=0 rate=9 cwb=0 sgi=0 stbc=0 ant=0 len=128 rx_state=0 seq=-1 tx_mac=52:40:27:94:0a:bb
CSI_DATA: 28 -64 1 0 16 -6 14 -5 12 -4 11 -2 10 -1 10 1 11 2 11 2 12 3 13 3 13 2 13 2 13 1 13 0 12 0 11 0 9 0 7 0 6 0 5 1 4 2 3 3 2 4 2 5 1 5 0 0 0 0 0 0 0 0 0 0 0 0 0 0 0 0 0 0 0 0 0 0 2 -5 4 -5 5 -5 6 -5 7 -5 8 -6 8 -5 9 -6 10 -6 10 -6 10 -7 10 -6 9 -5 9 -4 9 -3 9 -2 9 0 11 1 12 1 14 2 16 2 18 1 20 0 21 -1 22 -3 21 -5
CSI_META: ts=3609932251 rssi=-32 noise_floor=-98 channel=6 secondary_channel=0 sig_mode=0 mcs=0 rate=9 cwb=0 sgi=0 stbc=0 ant=0 len=128 rx_state=0 seq=-1 tx_mac=52:40:27:94:0a:bb
CSI_DATA: 28 -64 1 0 -20 -8 -19 -11 -19 -14 -20 -15 -22 -16 -24 -15 -24 -14 -25 -13 -25 -11 -24 -9 -23 -7 -21 -6 -18 -5 -16 -4 -13 -5 -10 -6 -8 -7 -6 -9 -5 -10 -4 -11 -3 -12 -2 -13 -2 -14 -1 -14 0 -14 0 0 0 0 0 0 0 0 0 0 0 0 0 0 0 0 0 0 0 0 0 0 -10 9 -11 8 -13 8 -13 8 -14 8 -14 7 -14 7 -14 7 -14 6 -14 4 -14 2 -14 -1 -15 -3 -16 -6 -17 -7 -20 -10 -22 -11 -25 -11 -28 -10 -30 -8 -32 -6 -32 -4 -32 -3 -31 -1 -29 0 -27 -1
CSI_META: ts=3609932414 rssi=-31 noise_floor=-98 channel=6 secondary_channel=0 sig_mode=0 mcs=0 rate=9 cwb=0 sgi=0 stbc=0 ant=0 len=128 rx_state=0 seq=-1 tx_mac=52:40:27:94:0a:bb
CSI_DATA: 28 -64 1 0 -8 10 -10 9 -11 9 -13 9 -13 10 -13 10 -12 12 -12 12 -10 12 -8 12 -7 11 -6 10 -5 9 -5 7 -6 6 -5 3 -6 2 -7 1 -7 0 -8 -1 -8 -1 -9 -1 -9 -1 -9 -2 -9 -2 0 0 0 0 0 0 0 0 0 0 0 0 0 0 0 0 0 0 0 0 0 0 4 5 3 7 3 7 3 8 3 8 3 9 3 9 2 9 2 9 1 9 1 9 -1 8 -2 8 -4 8 -6 8 -7 9 -9 11 -9 12 -10 14 -9 15 -8 17 -7 18 -6 18 -5 17 -4 16 -4 15
CSI_META: ts=3610164528 rssi=-31 noise_floor=-98 channel=6 secondary_channel=0 sig_mode=0 mcs=0 rate=9 cwb=0 sgi=0 stbc=0 ant=0 len=128 rx_state=0 seq=-1 tx_mac=52:40:27:94:0a:bb
CSI_DATA: 28 -64 1 0 19 2 16 2 13 3 12 4 10 5 10 7 10 8 10 9 11 9 12 9 13 9 13 8 13 7 13 6 11 5 10 4 8 4 6 4 4 4 3 4 2 4 1 5 0 6 -1 7 -3 7 0 0 0 0 0 0 0 0 0 0 0 0 0 0 0 0 0 0 0 0 0 0 3 -5 5 -3 6 -3 7 -2 9 -1 10 -1 10 -1 12 -1 13 -1 14 -1 14 -1 13 -1 12 -1 11 -1 11 0 10 2 9 3 10 5 11 7 13 9 14 10 17 10 19 10 21 9 23 7 23 6
CSI_META: ts=3610616127 rssi=-32 noise_floor=-98 channel=6 secondary_channel=0 sig_mode=0 mcs=0 rate=9 cwb=0 sgi=0 stbc=0 ant=0 len=128 rx_state=0 seq=-1 tx_mac=52:40:27:94:0a:bb
CSI_DATA: 28 -64 1 0 28 24 29 21 27 18 26 14 23 11 20 9 16 9 12 9 10 10 8 12 8 14 7 16 8 17 8 18 8 19 9 18 9 17 9 15 8 13 7 12 6 11 4 10 2 9 0 8 -2 7 0 0 0 0 0 0 0 0 0 0 0 0 0 0 0 0 0 0 0 0 0 0 8 -8 9 -6 9 -4 9 -2 9 1 10 3 11 5 13 7 15 10 17 11 19 12 21 12 22 11 23 10 23 9 22 9 20 8 19 7 17 8 15 10 14 12 13 16 13 19 16 23 19 26 22 28
CSI_META: ts=3610881404 rssi=-32 noise_floor=-98 channel=6 secondary_channel=0 sig_mode=0 mcs=0 rate=9 cwb=0 sgi=0 stbc=0 ant=0 len=128 rx_state=0 seq=-1 tx_mac=52:40:27:94:0a:bb
