CSI_META: ts=3966561798 rssi=-39 noise_floor=-98 channel=6 secondary_channel=0 sig_mode=0 mcs=0 rate=9 cwb=0 sgi=0 stbc=0 ant=0 len=128 rx_state=0 seq=-1 tx_mac=52:40:27:94:0a:bb
CSI_DATA: 28 -64 1 0 -3 -12 -2 -10 1 -8 3 -7 6 -7 7 -7 9 -8 10 -10 10 -11 10 -12 9 -12 8 -13 6 -12 6 -12 5 -10 4 -8 3 -7 3 -5 3 -3 3 -1 3 0 3 1 4 3 4 4 4 5 0 0 0 0 0 0 0 0 0 0 0 0 0 0 0 0 0 0 0 0 0 0 -6 -1 -7 -2 -8 -3 -8 -4 -9 -4 -9 -4 -9 -4 -10 -5 -10 -5 -9 -5 -8 -5 -7 -5 -5 -5 -4 -6 -2 -7 -1 -8 1 -10 2 -12 2 -14 2 -16 1 -18 0 -20 -1 -21 -3 -21 -4 -20 -5 -19
CSI_META: ts=3967528397 rssi=-42 noise_floor=-98 channel=6 secondary_channel=0 sig_mode=0 mcs=0 rate=9 cwb=0 sgi=0 stbc=0 ant=0 len=128 rx_state=0 seq=-1 tx_mac=52:40:27:94:0a:bb
CSI_DATA: 28 -64 1 0 18 -1 12 3 8 9 6 14 5 19 5 24 6 27 7 29 9 30 11 29 13 28 13 25 13 23 12 19 9 15 6 13 3 9 0 7 -3 4 -6 3 -10 1 -12 0 -14 -1 -16 -3 -17 -4 0 0 0 0 0 0 0 0 0 0 0 0 0 0 0 0 0 0 0 0 0 0 -5 -11 -4 -13 -3 -16 -3 -18 -2 -19 -2 -20 -1 -20 -1 -21 -1 -21 0 -20 1 -17 2 -14 4 -10 7 -7 10 -3 14 1 19 4 24 5 29 5 34 5 37 3 40 0 41 -2 41 -5 39 -7 35 -8
CSI_META: ts=3967528561 rssi=-42 noise_floor=-98 channel=6 secondary_channel=0 sig_mode=0 mcs=0 rate=9 cwb=0 sgi=0 stbc=0 ant=0 len=128 rx_state=0 seq=-1 tx_mac=52:40:27:94:0a:bb
CSI_DATA: 28 -64 1 0 -8 -17 -2 -13 5 -12 11 -11 16 -13 20 -15 23 -18 23 -21 24 -23 22 -23 20 -23 18 -22 14 -21 12 -19 10 -15 8 -11 7 -6 6 -2 5 1 5 5 5 8 5 11 5 13 4 15 3 16 0 0 0 0 0 0 0 0 0 0 0 0 0 0 0 0 0 0 0 0 0 0 -8 6 -11 6 -14 6 -15 6 -18 6 -19 6 -20 7 -20 7 -20 7 -20 5 -18 3 -16 1 -12 -1 -9 -5 -7 -8 -5 -14 -4 -18 -4 -25 -5 -28 -8 -34 -11 -36 -16 -38 -17 -40 -18 -39 -20 -35 -19 -31
CSI_META: ts=3967793960 rssi=-42 noise_floor=-98 channel=6 secondary_channel=0 sig_mode=0 mcs=0 rate=9 cwb=0 sgi=0 stbc=0 ant=0 len=128 rx_state=0 seq=-1 tx_mac=52:40:27:94:0a:bb
CSI_DATA: 28 -64 1 0 13 41 16 42 19 41 21 38 22 34 21 29 20 24 16 18 11 14 6 11 1 9 -5 7 -10 7 -15 7 -18 7 -20 8 -21 7 -22 8 -21 7 -21 7 -19 6 -18 5 -16 3 -14 1 -11 -1 0 0 0 0 0 0 0 0 0 0 0 0 0 0 0 0 0 0 0 0 0 0 -17 -10 -15 -11 -13 -11 -11 -11 -7 -10 -4 -8 0 -7 4 -6 9 -5 14 -4 20 -3 24 -3 28 -4 31 -5 33 -7 35 -9 34 -10 32 -12 29 -12 25 -11 21 -9 16 -5 12 2 10 9 8 17 7 25
CSI_META: ts=3968486444 rssi=-42 noise_floor=-98 channel=6 secondary_channel=0 sig_mode=0 mcs=0 rate=9 cwb=0 sgi=0 stbc=0 ant=0 len=128 rx_state=0 seq=-1 tx_mac=52:40:27:94:0a:bb
CSI_DATA: 28 -64 1 0 -20 -14 -13 -12 -5 -12 1 -11 8 -12 12 -15 16 -17 19 -21 19 -24 19 -26 18 -27 16 -27 14 -25 12 -24 10 -21 9 -17 7 -12 6 -8 5 -4 4 0 4 3 4 6 4 9 3 12 1 15 0 0 0 0 0 0 0 0 0 0 0 0 0 0 0 0 0 0 0 0 0 0 -2 8 -5 10 -7 11 -9 13 -11 14 -13 15 -13 15 -14 16 -14 16 -15 16 -14 14 -12 11 -11 8 -10 4 -9 -1 -9 -7 -10 -13 -12 -18 -14 -22 -18 -27 -21 -30 -26 -31 -30 -32 -32 -31 -34 -28 -33 -25
CSI_META: ts=3968832532 rssi=-42 noise_floor=-98 channel=6 secondary_channel=0 sig_mode=0 mcs=0 rate=9 cwb=0 sgi=0 stbc=0 ant=0 len=128 rx_state=0 seq=-1 tx_mac=52:40:27:94:0a:bb
CSI_DATA: 28 -64 1 0 -13 -19 -7 -14 2 -12 9 -10 16 -10 22 -11 26 -13 29 -16 30 -19 29 -21 28 -22 25 -22 22 -21 19 -18 16 -15 12 -10 9 -6 7 -1 5 3 3 7 1 10 0 13 -1 16 -3 18 -5 19 0 0 0 0 0 0 0 0 0 0 0 0 0 0 0 0 0 0 0 0 0 0 -3 6 -6 7 -9 8 -12 10 -15 10 -17 11 -18 12 -20 13 -21 13 -20 13 -19 13 -17 10 -14 7 -11 3 -9 -2 -7 -8 -6 -14 -6 -21 -7 -27 -9 -33 -13 -37 -16 -40 -21 -42 -25 -41 -26 -39 -26 -36
CSI_META: ts=3968915121 rssi=-37 noise_floor=-98 channel=6 secondary_channel=0 sig_mode=0 mcs=0 rate=9 cwb=0 sgi=0 stbc=0 ant=0 len=128 rx_state=0 seq=-1 tx_mac=52:40:27:94:0a:bb
CSI_DATA: 28 -64 1 0 1 -11 3 -7 5 -5 7 -3 10 -2 12 -2 14 -3 15 -4 16 -5 15 -6 14 -7 13 -7 11 -7 10 -6 8 -5 7 -4 5 -2 4 -1 3 1 2 3 1 4 0 6 0 7 -1 8 -2 8 0 0 0 0 0 0 0 0 0 0 0 0 0 0 0 0 0 0 0 0 0 0 -6 -1 -7 -2 -8 -3 -8 -4 -9 -5 -10 -5 -10 -5 -10 -5 -10 -5 -10 -5 -9 -6 -7 -5 -5 -5 -3 -5 0 -6 1 -7 3 -9 5 -12 6 -14 7 -17 6 -18 6 -21 4 -22 3 -21 1 -21 1 -20
CSI_META: ts=3969445589 rssi=-42 noise_floor=-98 channel=6 secondary_channel=0 sig_mode=0 mcs=0 rate=9 cwb=0 sgi=0 stbc=0 ant=0 len=128 rx_state=0 seq=-1 tx_mac=52:40:27:94:0a:bb
CSI_DATA: 28 -64 1 0 7 15 6 22 5 28 7 33 9 36 11 38 13 37 15 35 15 32 16 29 14 25 12 21 9 17 6 13 2 10 -3 7 -7 3 -10 1 -12 -1 -15 -2 -18 -3 -19 -5 -20 -6 -20 -8 -19 -10 0 0 0 0 0 0 0 0 0 0 0 0 0 0 0 0 0 0 0 0 0 0 -16 -9 -16 -11 -16 -12 -15 -13 -14 -13 -13 -13 -10 -12 -8 -11 -5 -10 -1 -9 3 -7 8 -6 13 -5 18 -4 24 -4 28 -4 32 -5 35 -8 38 -11 38 -13 37 -15 35 -16 31 -16 28 -15 22 -11 17 -6
CSI_META: ts=3969930591 rssi=-43 noise_floor=-98 channel=6 secondary_channel=0 sig_mode=0 mcs=0 rate=9 cwb=0 sgi=0 stbc=0 ant=0 len=128 rx_state=0 seq=-1 tx_mac=52:40:27:94:0a:bb
CSI_DATA: 28 -64 1 0 22 -9 21 -10 20 -12 17 -12 15 -13 13 -12 11 -11 9 -10 8 -7 7 -5 6 -2 7 0 8 2 9 4 9 4 10 6 10 5 10 5 10 5 9 5 9 4 8 4 7 4 5 4 4 4 0 0 0 0 0 0 0 0 0 0 0 0 0 0 0 0 0 0 0 0 0 0 -8 -3 -7 -4 -6 -4 -5 -4 -3 -5 -2 -5 -1 -6 1 -7 3 -8 5 -9 6 -11 7 -12 7 -14 7 -15 6 -15 6 -16 4 -16 4 -16 3 -14 3 -12 4 -10 5 -8 7 -7 10 -5 14 -5 16 -5
CSI_META: ts=3970466557 rssi=-42 noise_floor=-98 channel=6 secondary_channel=0 sig_mode=0 mcs=0 rate=9 cwb=0 sgi=0 stbc=0 ant=0 len=128 rx_state=0 seq=-1 tx_mac=52:40:27:94:0a:bb
CSI_DATA: 28 -64 1 0 -25 31 -21 29 -17 27 -14 24 -12 20 -11 16 -11 11 -12 9 -15 6 -17 5 -20 4 -22 4 -23 4 -24 6 -24 7 -23 7 -21 7 -19 7 -17 6 -15 5 -13 4 -12 2 -10 0 -9 -2 -7 -5 0 0 0 0 0 0 0 0 0 0 0 0 0 0 0 0 0 0 0 0 0 0 6 6 3 7 1 8 -2 9 -3 10 -5 12 -6 14 -8 16 -8 18 -10 20 -9 22 -9 23 -8 22 -7 22 -6 20 -6 18 -7 16 -8 14 -11 11 -14 11 -18 10 -22 11 -26 14 -30 17 -32 20 -32 25
CSI_META: ts=3970541727 rssi=-42 noise_floor=-98 channel=6 secondary_channel=0 sig_mode=0 mcs=0 rate=9 cwb=0 sgi=0 stbc=0 ant=0 len=128 rx_state=0 seq=-1 tx_mac=52:40:27:94:0a:bb
CSI_DATA: 28 -64 1 0 14 19 14 16 13 14 11 11 8 9 5 7 2 7 -1 7 -3 8 -5 9 -6 11 -7 12 -7 13 -7 14 -6 15 -6 14 -5 13 -4 11 -4 9 -4 8 -3 6 -4 4 -4 2 -4 0 -5 -2 0 0 0 0 0 0 0 0 0 0 0 0 0 0 0 0 0 0 0 0 0 0 1 -5 2 -4 3 -3 5 -1 6 0 7 1 9 2 10 2 12 3 13 3 14 3 14 3 14 2 13 2 12 1 11 2 8 2 7 4 5 5 4 8 3 11 4 14 3 18 5 20 8 22 10 24
CSI_META: ts=3972664883 rssi=-38 noise_floor=-98 channel=6 secondary_channel=0 sig_mode=0 mcs=0 rate=9 cwb=0 sgi=0 stbc=0 ant=0 len=128 rx_state=0 seq=-1 tx_mac=52:40:27:94:0a:bb
CSI_DATA: 28 -64 1 0 5 22 6 17 5 15 4 11 2 9 0 7 -3 5 -6 5 -8 4 -10 5 -11 6 -12 7 -12 8 -12 9 -11 9 -10 9 -8 7 -8 6 -6 5 -5 3 -4 1 -4 0 -3 -2 -3 -4 -2 -5 0 0 0 0 0 0 0 0 0 0 0 0 0 0 0 0 0 0 0 0 0 0 0 -6 1 -5 2 -3 3 -1 4 0 5 1 6 3 8 4 10 5 11 6 13 7 13 7 13 6 13 5 12 4 11 4 8 3 6 4 3 5 1 7 -1 9 -2 12 -3 16 -3 19 -2 22 0 24
CSI_META: ts=3972700379 rssi=-38 noise_floor=-98 channel=6 secondary_channel=0 sig_mode=0 mcs=0 rate=9 cwb=0 sgi=0 stbc=0 ant=0 len=128 rx_state=0 seq=-1 tx_mac=52:40:27:94:0a:bb
CSI_DATA: 28 -64 1 0 1 -11 2 -8 4 -6 6 -3 9 -2 11 -1 12 -1 13 -2 15 -3 15 -4 15 -4 13 -5 12 -5 11 -5 9 -5 7 -3 6 -2 4 -1 3 1 2 2 1 3 0 5 -1 6 -2 6 -2 7 0 0 0 0 0 0 0 0 0 0 0 0 0 0 0 0 0 0 0 0 0 0 -6 -1 -6 -3 -8 -4 -8 -5 -8 -5 -9 -5 -9 -6 -9 -6 -10 -6 -9 -6 -9 -6 -7 -6 -5 -5 -3 -5 0 -6 2 -7 4 -8 6 -10 7 -12 8 -15 8 -17 8 -19 6 -20 5 -21 4 -20 3 -20
CSI_META: ts=3972700633 rssi=-41 noise_floor=-98 channel=6 secondary_channel=0 sig_mode=0 mcs=0 rate=9 cwb=0 sgi=0 stbc=0 ant=0 len=128 rx_state=0 seq=-1 tx_mac=52:40:27:94:0a:bb
CSI_DATA: 28 -64 1 0 -13 18 -14 12 -13 5 -17 -1 -21 -6 -25 -9 -28 -9 -31 -9 -32 -6 -33 -4 -33 -2 -31 -1 -29 0 -23 0 -21 -1 -14 -2 -11 -3 -7 -5 -3 -7 -1 -9 2 -12 3 -13 5 -15 7 -16 9 -16 0 0 0 0 0 0 0 0 0 0 0 0 0 0 0 0 0 0 0 0 0 0 7 1 8 5 9 8 11 12 10 13 12 16 12 16 14 18 14 19 14 18 14 17 12 16 9 14 4 12 -1 11 -6 10 -12 12 -17 13 -23 17 -26 20 -29 25 -29 29 -27 33 -25 37 -22 38 -19 36
CSI_META: ts=3973810942 rssi=-41 noise_floor=-98 channel=6 secondary_channel=0 sig_mode=0 mcs=0 rate=9 cwb=0 sgi=0 stbc=0 ant=0 len=128 rx_state=0 seq=-1 tx_mac=52:40:27:94:0a:bb
CSI_DATA: 28 -64 1 0 -20 -17 -23 -22 -26 -25 -29 -26 -31 -26 -33 -25 -33 -22 -32 -18 -30 -15 -26 -12 -22 -10 -17 -8 -11 -8 -5 -8 0 -8 5 -9 8 -9 11 -10 13 -10 15 -11 16 -11 17 -11 17 -10 17 -9 16 -6 0 0 0 0 0 0 0 0 0 0 0 0 0 0 0 0 0 0 0 0 0 0 17 1 17 3 17 4 16 5 16 6 14 6 11 6 9 6 5 7 1 7 -4 8 -9 9 -14 10 -18 12 -22 15 -25 18 -27 20 -27 24 -27 26 -26 28 -24 28 -20 26 -18 23 -16 19 -14 12 -13 5
CSI_META: ts=3974016043 rssi=-38 noise_floor=-98 channel=6 secondary_channel=0 sig_mode=0 mcs=0 rate=9 cwb=0 sgi=0 stbc=0 ant=0 len=128 rx_state=0 seq=-1 tx_mac=52:40:27:94:0a:bb
CSI_DATA: 28 -64 1 0 6 -10 7 -6 8 -4 10 -2 11 -1 13 -1 15 -1 15 -2 16 -3 16 -4 15 -5 13 -6 12 -6 10 -5 9 -5 7 -3 5 -2 4 -1 3 1 2 3 2 4 2 5 1 6 1 7 0 8 0 0 0 0 0 0 0 0 0 0 0 0 0 0 0 0 0 0 0 0 0 0 -4 -5 -4 -7 -4 -8 -4 -9 -4 -9 -4 -10 -4 -10 -4 -10 -4 -10 -3 -10 -3 -9 -2 -9 0 -7 2 -7 4 -6 6 -6 8 -7 11 -8 12 -10 13 -12 13 -14 13 -16 12 -17 11 -18 10 -18 9 -17
CSI_META: ts=3974016188 rssi=-42 noise_floor=-98 channel=6 secondary_channel=0 sig_mode=0 mcs=0 rate=9 cwb=0 sgi=0 stbc=0 ant=0 len=128 rx_state=0 seq=-1 tx_mac=52:40:27:94:0a:bb
CSI_DATA: 28 -64 1 0 -4 21 -7 14 -13 15 -15 11 -20 11 -23 13 -25 14 -25 17 -25 21 -22 21 -19 21 -17 20 -15 16 -13 17 -11 11 -11 9 -9 4 -9 0 -9 -3 -10 -5 -10 -8 -12 -10 -11 -10 -12 -12 -10 -13 0 0 0 0 0 0 0 0 0 0 0 0 0 0 0 0 0 0 0 0 0 0 9 1 9 4 11 6 11 8 14 10 12 10 13 12 14 13 15 13 15 13 13 12 11 12 8 12 4 12 0 12 -3 16 -7 17 -8 23 -10 23 -11 30 -11 33 -8 36 -5 41 -2 39 1 37 1 33
CSI_META: ts=3974016342 rssi=-42 noise_floor=-98 channel=6 secondary_channel=0 sig_mode=0 mcs=0 rate=9 cwb=0 sgi=0 stbc=0 ant=0 len=128 rx_state=0 seq=-1 tx_mac=52:40:27:94:0a:bb
CSI_DATA: 28 -64 1 0 -10 19 -12 14 -15 11 -17 8 -20 7 -24 8 -26 9 -27 12 -28 13 -28 13 -26 14 -24 15 -20 16 -18 15 -15 12 -13 10 -11 6 -9 4 -9 1 -9 -2 -8 -5 -8 -8 -8 -10 -8 -12 -8 -14 0 0 0 0 0 0 0 0 0 0 0 0 0 0 0 0 0 0 0 0 0 0 7 10 7 12 7 14 7 15 7 16 7 16 7 16 7 16 7 16 5 16 2 15 0 14 -3 12 -6 11 -9 12 -13 13 -16 15 -19 18 -21 21 -21 26 -21 30 -19 33 -19 35 -17 35 -14 34 -11 33
CSI_META: ts=3974295146 rssi=-38 noise_floor=-98 channel=6 secondary_channel=0 sig_mode=0 mcs=0 rate=9 cwb=0 sgi=0 stbc=0 ant=0 len=128 rx_state=0 seq=-1 tx_mac=52:40:27:94:0a:bb
CSI_DATA: 28 -64 1 0 10 -18 9 -19 8 -20 5 -18 4 -17 3 -15 2 -13 2 -11 2 -8 3 -6 4 -4 6 -3 7 -2 9 -2 10 -1 11 -1 11 -2 10 -2 9 -2 9 -1 8 -1 7 -1 5 0 4 1 3 1 0 0 0 0 0 0 0 0 0 0 0 0 0 0 0 0 0 0 0 0 0 0 -7 4 -7 3 -7 2 -6 1 -6 0 -5 -1 -4 -2 -3 -4 -3 -6 -2 -8 -2 -10 -3 -12 -3 -14 -4 -15 -5 -15 -6 -15 -7 -14 -7 -14 -7 -12 -6 -10 -4 -9 -2 -9 1 -9 3 -9 7 -11 9 -13
CSI_META: ts=3976268855 rssi=-38 noise_floor=-98 channel=6 secondary_channel=0 sig_mode=0 mcs=0 rate=9 cwb=0 sgi=0 stbc=0 ant=0 len=128 rx_state=0 seq=-1 tx_mac=52:40:27:94:0a:bb
CSI_DATA: 28 -64 1 0 19 -2 24 -2 27 -3 29 -4 30 -6 29 -8 29 -9 26 -11 23 -12 20 -11 16 -10 13 -8 10 -5 7 -1 5 2 3 5 1 7 0 10 -1 11 -2 13 -2 14 -3 14 -4 15 -5 14 -5 13 0 0 0 0 0 0 0 0 0 0 0 0 0 0 0 0 0 0 0 0 0 0 -11 9 -13 8 -13 6 -13 6 -13 5 -12 4 -11 2 -9 0 -8 -2 -6 -5 -4 -9 -2 -11 0 -15 2 -18 2 -22 2 -25 1 -28 0 -30 -2 -30 -4 -30 -5 -29 -5 -27 -5 -23 -3 -19 -1 -16 4 -12
CSI_META: ts=3976637033 rssi=-37 noise_floor=-98 channel=6 secondary_channel=0 sig_mode=0 mcs=0 rate=9 cwb=0 sgi=0 stbc=0 ant=0 len=128 rx_state=0 seq=-1 tx_mac=52:40:27:94:0a:bb
CSI_DATA: 28 -64 1 0 -20 10 -19 11 -17 12 -15 12 -13 13 -11 11 -9 9 -8 8 -6 5 -6 2 -7 0 -7 -2 -8 -4 -9 -6 -9 -6 -10 -7 -10 -7 -10 -7 -9 -6 -9 -6 -8 -6 -7 -5 -6 -5 -5 -5 -3 -4 0 0 0 0 0 0 0 0 0 0 0 0 0 0 0 0 0 0 0 0 0 0 6 -3 6 -2 5 -1 4 0 3 1 2 2 1 3 0 5 0 6 -2 9 -2 10 -3 12 -3 13 -2 14 -1 15 -1 15 0 15 1 13 1 12 0 10 -1 8 -3 7 -6 6 -9 5 -13 5 -15 6
CSI_META: ts=3977463282 rssi=-41 noise_floor=-98 channel=6 secondary_channel=0 sig_mode=0 mcs=0 rate=9 cwb=0 sgi=0 stbc=0 ant=0 len=128 rx_state=0 seq=-1 tx_mac=52:40:27:94:0a:bb
CSI_DATA: 28 -64 1 0 40 22 41 19 41 16 39 12 37 9 32 6 27 4 21 2 16 3 10 5 6 8 2 12 -1 15 -3 18 -5 21 -5 23 -5 23 -5 23 -5 22 -4 21 -5 19 -4 17 -5 15 -6 12 -6 8 0 0 0 0 0 0 0 0 0 0 0 0 0 0 0 0 0 0 0 0 0 0 -14 -7 -12 -7 -9 -8 -6 -8 -3 -8 0 -8 3 -8 8 -8 12 -9 16 -11 20 -12 22 -14 24 -16 25 -18 25 -20 24 -21 22 -21 20 -21 17 -18 15 -15 14 -10 14 -4 14 2 18 8 22 14 27 19
CSI_META: ts=3977832156 rssi=-42 noise_floor=-98 channel=6 secondary_channel=0 sig_mode=0 mcs=0 rate=9 cwb=0 sgi=0 stbc=0 ant=0 len=128 rx_state=0 seq=-1 tx_mac=52:40:27:94:0a:bb
CSI_DATA: 28 -64 1 0 36 -23 34 -26 30 -28 26 -28 22 -26 18 -24 14 -20 11 -16 10 -10 10 -6 11 0 12 4 14 8 16 10 18 12 19 13 20 13 19 12 18 10 17 10 15 9 13 9 10 8 7 8 4 7 0 0 0 0 0 0 0 0 0 0 0 0 0 0 0 0 0 0 0 0 0 0 -12 5 -11 3 -10 1 -8 -1 -7 -3 -5 -5 -4 -8 -2 -11 -1 -14 1 -18 1 -21 1 -24 0 -26 -1 -28 -2 -29 -3 -28 -5 -27 -5 -25 -4 -21 -2 -18 1 -15 5 -12 10 -11 17 -10 23 -11 29 -14
CSI_META: ts=3978316866 rssi=-42 noise_floor=-98 channel=6 secondary_channel=0 sig_mode=0 mcs=0 rate=9 cwb=0 sgi=0 stbc=0 ant=0 len=128 rx_state=0 seq=-1 tx_mac=52:40:27:94:0a:bb
CSI_DATA: 28 -64 1 0 14 -36 10 -31 8 -26 7 -20 8 -14 9 -9 12 -5 16 -2 19 -1 23 -1 25 -1 27 -2 27 -3 27 -5 25 -6 23 -6 19 -6 16 -5 12 -3 10 -2 7 0 5 3 2 5 0 8 -2 10 0 0 0 0 0 0 0 0 0 0 0 0 0 0 0 0 0 0 0 0 0 0 -8 2 -7 -1 -6 -5 -6 -8 -5 -10 -5 -13 -5 -16 -6 -19 -6 -21 -7 -23 -8 -25 -9 -24 -9 -23 -9 -22 -8 -19 -6 -17 -3 -14 1 -13 6 -13 11 -13 16 -16 21 -19 24 -24 26 -28 26 -33 25 -38
CSI_META: ts=3978879705 rssi=-38 noise_floor=-98 channel=6 secondary_channel=0 sig_mode=0 mcs=0 rate=9 cwb=0 sgi=0 stbc=0 ant=0 len=128 rx_state=0 seq=-1 tx_mac=52:40:27:94:0a:bb
CSI_DATA: 28 -64 1 0 2 23 3 19 3 17 2 13 2 10 -1 7 -3 5 -6 5 -9 4 -11 4 -12 5 -13 6 -14 7 -14 8 -14 8 -12 8 -11 7 -9 6 -7 5 -7 4 -5 2 -5 0 -4 -1 -3 -3 -2 -5 0 0 0 0 0 0 0 0 0 0 0 0 0 0 0 0 0 0 0 0 0 0 2 -5 3 -3 3 -1 4 0 5 2 6 3 7 5 8 6 9 8 11 8 12 9 12 9 12 8 11 7 10 6 9 6 7 5 4 5 1 7 -1 8 -3 11 -5 14 -6 17 -6 20 -5 23 -4 25
CSI_META: ts=3978879832 rssi=-42 noise_floor=-98 channel=6 secondary_channel=0 sig_mode=0 mcs=0 rate=9 cwb=0 sgi=0 stbc=0 ant=0 len=128 rx_state=0 seq=-1 tx_mac=52:40:27:94:0a:bb
CSI_DATA: 28 -64 1 0 34 24 33 21 26 16 24 13 16 11 11 10 5 12 0 14 -2 17 -4 21 -4 24 -3 27 -3 29 -2 27 -1 29 1 25 1 23 1 19 1 15 0 12 -2 9 -4 6 -6 4 -8 1 -10 -2 0 0 0 0 0 0 0 0 0 0 0 0 0 0 0 0 0 0 0 0 0 0 -2 -10 1 -9 4 -7 7 -5 10 -3 14 -1 16 0 20 0 23 1 25 -1 28 -1 29 -2 28 -3 27 -4 25 -4 21 -3 18 -1 14 3 13 7 12 12 12 18 14 24 16 28 22 33 27 35 32 36
CSI_META: ts=3978879977 rssi=-42 noise_floor=-98 channel=6 secondary_channel=0 sig_mode=0 mcs=0 rate=9 cwb=0 sgi=0 stbc=0 ant=0 len=128 rx_state=0 seq=-1 tx_mac=52:40:27:94:0a:bb
CSI_DATA: 28 -64 1 0 -35 27 -29 26 -23 23 -19 18 -16 13 -14 7 -14 2 -15 -3 -18 -6 -20 -9 -23 -10 -25 -11 -27 -11 -28 -9 -28 -8 -26 -7 -23 -6 -20 -5 -16 -5 -14 -5 -10 -5 -7 -6 -4 -7 -1 -8 3 -9 0 0 0 0 0 0 0 0 0 0 0 0 0 0 0 0 0 0 0 0 0 0 9 0 6 3 4 6 1 8 -1 11 -2 14 -4 16 -6 19 -6 22 -7 25 -5 28 -5 28 -4 28 -3 26 -3 24 -3 21 -4 17 -7 13 -11 10 -16 7 -22 6 -28 7 -34 10 -38 13 -42 17 -42 22
CSI_META: ts=3978883592 rssi=-42 noise_floor=-98 channel=6 secondary_channel=0 sig_mode=0 mcs=0 rate=9 cwb=0 sgi=0 stbc=0 ant=0 len=128 rx_state=0 seq=-1 tx_mac=52:40:27:94:0a:bb
CSI_DATA: 28 -64 1 0 35 25 32 19 27 16 22 12 15 11 10 11 4 13 0 15 -3 19 -4 22 -4 26 -3 28 -2 29 -1 29 0 27 1 25 1 21 1 18 0 14 -1 11 -3 8 -5 5 -7 3 -9 0 -11 -3 0 0 0 0 0 0 0 0 0 0 0 0 0 0 0 0 0 0 0 0 0 0 -2 -12 0 -10 3 -8 6 -6 9 -4 12 -2 15 0 18 1 22 1 26 1 28 0 29 -1 29 -3 28 -3 25 -3 22 -3 18 -1 15 2 13 6 11 11 12 17 14 23 16 29 21 33 26 35 31 36
CSI_META: ts=3978883746 rssi=-42 noise_floor=-98 channel=6 secondary_channel=0 sig_mode=0 mcs=0 rate=9 cwb=0 sgi=0 stbc=0 ant=0 len=128 rx_state=0 seq=-1 tx_mac=52:40:27:94:0a:bb
CSI_DATA: 28 -64 1 0 37 22 35 17 30 14 24 10 19 9 13 9 8 11 4 13 1 16 -1 20 -2 23 -1 25 -1 27 0 28 1 28 2 26 2 23 2 20 2 17 1 14 0 12 -2 9 -4 6 -6 4 -8 1 0 0 0 0 0 0 0 0 0 0 0 0 0 0 0 0 0 0 0 0 0 0 -1 -9 3 -7 6 -6 9 -5 12 -4 15 -3 17 -2 21 -2 24 -2 26 -3 28 -4 27 -5 26 -6 24 -6 22 -6 19 -4 16 -1 14 2 13 7 12 13 13 18 16 23 19 28 25 31 31 32 34 33
CSI_META: ts=3978883872 rssi=-42 noise_floor=-98 channel=6 secondary_channel=0 sig_mode=0 mcs=0 rate=9 cwb=0 sgi=0 stbc=0 ant=0 len=128 rx_state=0 seq=-1 tx_mac=52:40:27:94:0a:bb
CSI_DATA: 28 -64 1 0 6 -43 2 -38 0 -33 1 -26 2 -19 5 -14 9 -11 14 -9 18 -8 22 -9 24 -10 25 -12 25 -14 25 -15 23 -16 20 -15 17 -13 14 -11 12 -8 9 -5 8 -2 6 1 5 4 4 8 3 11 0 0 0 0 0 0 0 0 0 0 0 0 0 0 0 0 0 0 0 0 0 0 -10 7 -10 4 -9 0 -8 -3 -7 -7 -7 -10 -7 -14 -8 -18 -9 -21 -10 -24 -12 -27 -14 -27 -15 -27 -15 -25 -14 -23 -14 -20 -10 -18 -6 -16 -2 -15 4 -16 9 -19 14 -23 18 -29 19 -34 19 -40 17 -45
CSI_META: ts=3979812145 rssi=-42 noise_floor=-98 channel=6 secondary_channel=0 sig_mode=0 mcs=0 rate=9 cwb=0 sgi=0 stbc=0 ant=0 len=128 rx_state=0 seq=-1 tx_mac=52:40:27:94:0a:bb
CSI_DATA: 28 -64 1 0 8 -10 7 -6 7 -2 7 2 9 5 10 7 12 9 14 9 15 9 17 9 17 8 17 7 15 6 14 4 12 4 9 4 7 3 4 3 2 3 -1 3 -3 3 -5 4 -6 4 -8 4 -9 4 0 0 0 0 0 0 0 0 0 0 0 0 0 0 0 0 0 0 0 0 0 0 -6 -3 -6 -5 -7 -7 -8 -8 -8 -9 -8 -9 -8 -10 -9 -10 -8 -10 -8 -10 -7 -10 -6 -8 -3 -7 -1 -7 2 -6 5 -5 8 -6 12 -7 14 -9 17 -11 18 -13 19 -16 19 -17 18 -19 16 -20 14 -20
CSI_META: ts=3980257583 rssi=-42 noise_floor=-98 channel=6 secondary_channel=0 sig_mode=0 mcs=0 rate=9 cwb=0 sgi=0 stbc=0 ant=0 len=128 rx_state=0 seq=-1 tx_mac=52:40:27:94:0a:bb
CSI_DATA: 28 -64 1 0 12 -22 16 -25 19 -29 18 -32 16 -34 14 -36 12 -35 9 -33 6 -31 5 -26 3 -21 3 -16 4 -10 6 -6 8 -2 10 2 12 5 14 7 14 8 15 9 16 9 16 10 15 10 13 10 11 10 0 0 0 0 0 0 0 0 0 0 0 0 0 0 0 0 0 0 0 0 0 0 -7 16 -9 16 -10 16 -10 15 -11 15 -11 13 -11 12 -11 10 -10 7 -10 3 -10 -2 -10 -7 -11 -12 -12 -17 -14 -21 -17 -25 -20 -27 -24 -28 -26 -27 -28 -25 -29 -23 -28 -20 -25 -19 -20 -16 -14 -14 -7 -14
CSI_META: ts=3981584861 rssi=-37 noise_floor=-98 channel=6 secondary_channel=0 sig_mode=0 mcs=0 rate=9 cwb=0 sgi=0 stbc=0 ant=0 len=128 rx_state=0 seq=-1 tx_mac=52:40:27:94:0a:bb
CSI_DATA: 28 -64 1 0 3 19 3 24 2 28 5 30 7 31 9 31 11 29 11 27 11 24 11 20 9 17 6 14 4 9 0 7 -3 5 -7 3 -9 0 -11 0 -13 -1 -14 -2 -16 -2 -16 -3 -16 -4 -15 -5 -14 -6 0 0 0 0 0 0 0 0 0 0 0 0 0 0 0 0 0 0 0 0 0 0 -13 -10 -12 -11 -11 -12 -10 -12 -9 -12 -7 -10 -5 -10 -4 -9 -1 -8 3 -6 6 -4 10 -3 14 -2 19 -1 22 -1 26 -1 28 -2 31 -4 30 -7 30 -8 29 -9 26 -9 22 -8 19 -5 15 -2 11 1
CSI_META: ts=3981799889 rssi=-42 noise_floor=-98 channel=6 secondary_channel=0 sig_mode=0 mcs=0 rate=9 cwb=0 sgi=0 stbc=0 ant=0 len=128 rx_state=0 seq=-1 tx_mac=52:40:27:94:0a:bb
CSI_DATA: 28 -64 1 0 40 -19 34 -19 27 -16 21 -12 16 -8 13 -2 11 4 10 10 11 15 14 19 16 22 18 23 19 23 20 22 20 20 19 18 16 15 13 12 10 10 7 8 3 7 -1 6 -5 5 -8 4 -12 2 0 0 0 0 0 0 0 0 0 0 0 0 0 0 0 0 0 0 0 0 0 0 -10 2 -7 -1 -6 -4 -3 -7 -1 -10 1 -13 2 -16 4 -20 5 -23 6 -27 5 -29 4 -29 3 -29 2 -28 1 -25 1 -21 2 -17 5 -12 9 -8 14 -4 21 -2 27 -1 34 -1 41 -3 46 -6 48 -11
CSI_META: ts=3982720036 rssi=-43 noise_floor=-98 channel=6 secondary_channel=0 sig_mode=0 mcs=0 rate=9 cwb=0 sgi=0 stbc=0 ant=0 len=128 rx_state=0 seq=-1 tx_mac=52:40:27:94:0a:bb
CSI_DATA: 28 -64 1 0 -34 28 -32 31 -29 32 -25 32 -20 31 -17 28 -13 24 -11 19 -9 14 -10 8 -10 3 -12 -2 -14 -6 -16 -9 -19 -11 -20 -12 -21 -13 -21 -12 -20 -12 -19 -11 -18 -11 -16 -10 -13 -10 -11 -10 -7 -9 0 0 0 0 0 0 0 0 0 0 0 0 0 0 0 0 0 0 0 0 0 0 10 -10 9 -8 9 -6 8 -3 7 -1 6 2 5 5 4 9 4 13 3 17 3 21 4 24 5 26 6 28 8 29 10 28 10 26 11 24 10 21 8 18 4 15 -1 13 -7 13 -14 12 -21 14 -26 17
CSI_META: ts=3982958907 rssi=-42 noise_floor=-98 channel=6 secondary_channel=0 sig_mode=0 mcs=0 rate=9 cwb=0 sgi=0 stbc=0 ant=0 len=128 rx_state=0 seq=-1 tx_mac=52:40:27:94:0a:bb
CSI_DATA: 28 -64 1 0 37 21 37 17 37 15 35 10 32 7 27 5 22 4 17 3 12 5 8 7 4 11 2 14 1 17 0 20 0 22 1 23 1 22 1 21 1 19 1 18 1 16 0 13 -1 11 -3 8 -4 5 0 0 0 0 0 0 0 0 0 0 0 0 0 0 0 0 0 0 0 0 0 0 -8 -13 -6 -12 -5 -12 -3 -11 0 -10 2 -8 5 -7 8 -6 12 -5 16 -6 20 -6 23 -6 25 -8 26 -9 26 -11 26 -12 24 -13 22 -13 20 -12 18 -9 16 -5 15 -1 15 5 18 11 21 16 25 20
CSI_META: ts=3983766777 rssi=-43 noise_floor=-98 channel=6 secondary_channel=0 sig_mode=0 mcs=0 rate=9 cwb=0 sgi=0 stbc=0 ant=0 len=128 rx_state=0 seq=-1 tx_mac=52:40:27:94:0a:bb
CSI_DATA: 28 -64 1 0 16 -20 14 -21 13 -21 10 -20 8 -19 6 -16 5 -14 4 -10 3 -7 3 -3 4 0 5 3 6 5 8 7 9 8 10 9 10 9 10 8 9 8 9 7 8 7 7 6 5 5 3 5 1 4 0 0 0 0 0 0 0 0 0 0 0 0 0 0 0 0 0 0 0 0 0 0 -1 7 -2 6 -3 5 -3 3 -4 2 -4 0 -5 -2 -5 -4 -6 -6 -7 -9 -8 -10 -10 -12 -10 -13 -11 -14 -12 -13 -13 -13 -12 -11 -11 -10 -10 -9 -7 -7 -4 -7 -1 -7 3 -8 7 -8 11 -10 14 -14
CSI_META: ts=3983971648 rssi=-42 noise_floor=-98 channel=6 secondary_channel=0 sig_mode=0 mcs=0 rate=9 cwb=0 sgi=0 stbc=0 ant=0 len=128 rx_state=0 seq=-1 tx_mac=52:40:27:94:0a:bb
CSI_DATA: 28 -64 1 0 8 -28 10 -32 13 -37 10 -40 9 -42 7 -42 4 -41 2 -39 0 -35 -1 -30 -2 -24 -1 -19 1 -12 4 -8 6 -3 9 2 11 5 13 8 14 9 15 11 16 12 16 13 15 14 14 14 11 14 0 0 0 0 0 0 0 0 0 0 0 0 0 0 0 0 0 0 0 0 0 0 9 16 7 17 6 17 5 17 3 16 2 14 -1 13 -3 10 -5 8 -8 4 -11 0 -15 -4 -19 -7 -23 -10 -27 -12 -32 -13 -35 -13 -38 -12 -38 -10 -39 -7 -37 -5 -33 -4 -29 -4 -23 -4 -16 -7 -8 -11
CSI_META: ts=3984255588 rssi=-42 noise_floor=-98 channel=6 secondary_channel=0 sig_mode=0 mcs=0 rate=9 cwb=0 sgi=0 stbc=0 ant=0 len=128 rx_state=0 seq=-1 tx_mac=52:40:27:94:0a:bb
CSI_DATA: 28 -64 1 0 -12 -39 -12 -33 -10 -28 -8 -21 -4 -16 1 -12 7 -9 11 -8 16 -9 20 -10 22 -11 24 -13 24 -14 25 -16 23 -16 20 -15 18 -13 15 -11 12 -9 10 -6 7 -4 6 -1 4 2 2 5 0 8 0 0 0 0 0 0 0 0 0 0 0 0 0 0 0 0 0 0 0 0 0 0 -2 6 -5 4 -7 2 -10 0 -12 -2 -14 -4 -17 -5 -20 -7 -22 -7 -24 -8 -26 -8 -26 -8 -24 -6 -22 -6 -19 -6 -16 -6 -12 -7 -8 -10 -3 -13 0 -18 2 -23 3 -29 3 -36 1 -40 -2 -44 -5 -48
CSI_META: ts=3984756933 rssi=-38 noise_floor=-98 channel=6 secondary_channel=0 sig_mode=0 mcs=0 rate=9 cwb=0 sgi=0 stbc=0 ant=0 len=128 rx_state=0 seq=-1 tx_mac=52:40:27:94:0a:bb
CSI_DATA: 28 -64 1 0 -12 -18 -11 -15 -9 -12 -7 -9 -5 -7 -2 -6 2 -5 4 -5 7 -6 9 -7 10 -8 10 -9 10 -10 10 -10 10 -10 9 -10 8 -9 6 -7 5 -6 4 -5 3 -3 2 -2 2 0 1 2 0 3 0 0 0 0 0 0 0 0 0 0 0 0 0 0 0 0 0 0 0 0 0 0 0 3 -2 2 -3 2 -5 1 -6 1 -8 1 -9 1 -11 1 -12 1 -13 1 -14 1 -14 2 -13 2 -12 1 -10 1 -8 0 -7 -1 -5 -3 -3 -6 -3 -9 -3 -12 -3 -15 -4 -18 -6 -20 -7 -22 -9 -23
CSI_META: ts=3984869971 rssi=-42 noise_floor=-98 channel=6 secondary_channel=0 sig_mode=0 mcs=0 rate=9 cwb=0 sgi=0 stbc=0 ant=0 len=128 rx_state=0 seq=-1 tx_mac=52:40:27:94:0a:bb
CSI_DATA: 28 -64 1 0 13 45 16 43 19 40 20 35 20 31 18 26 16 21 12 16 7 14 2 12 -4 12 -8 13 -12 14 -14 16 -16 17 -17 19 -16 18 -16 18 -14 17 -13 16 -12 14 -11 13 -10 10 -9 7 -8 3 0 0 0 0 0 0 0 0 0 0 0 0 0 0 0 0 0 0 0 0 0 0 2 -16 3 -15 5 -13 5 -10 6 -7 7 -4 9 -1 11 2 14 5 17 8 20 11 23 13 26 13 28 13 30 12 30 10 29 8 28 6 24 6 21 6 16 8 12 11 9 15 6 22 5 29 5 34
CSI_META: ts=3985173230 rssi=-38 noise_floor=-98 channel=6 secondary_channel=0 sig_mode=0 mcs=0 rate=9 cwb=0 sgi=0 stbc=0 ant=0 len=128 rx_state=0 seq=-1 tx_mac=52:40:27:94:0a:bb
CSI_DATA: 28 -64 1 0 37 6 36 4 35 1 33 -2 29 -3 25 -4 21 -4 16 -3 12 -1 8 2 5 5 3 10 2 12 1 15 0 17 0 18 1 19 1 18 1 17 1 16 0 14 0 13 0 11 -2 9 -3 6 0 0 0 0 0 0 0 0 0 0 0 0 0 0 0 0 0 0 0 0 0 0 -13 0 -11 -1 -10 -3 -7 -4 -5 -5 -2 -6 1 -8 4 -9 6 -12 9 -15 11 -17 13 -19 13 -22 13 -23 13 -24 11 -24 9 -23 8 -22 7 -19 7 -15 7 -10 10 -5 12 -1 17 4 22 6 27 9
CSI_META: ts=3985280060 rssi=-42 noise_floor=-98 channel=6 secondary_channel=0 sig_mode=0 mcs=0 rate=9 cwb=0 sgi=0 stbc=0 ant=0 len=128 rx_state=0 seq=-1 tx_mac=52:40:27:94:0a:bb
CSI_DATA: 28 -64 1 0 22 -9 26 -10 31 -12 32 -14 33 -16 32 -18 29 -19 27 -21 23 -20 19 -18 15 -15 12 -11 9 -6 7 -2 5 3 5 7 4 10 3 13 3 15 3 17 2 17 2 18 2 18 0 18 -2 16 0 0 0 0 0 0 0 0 0 0 0 0 0 0 0 0 0 0 0 0 0 0 -10 13 -11 12 -12 11 -12 10 -12 9 -12 7 -11 5 -10 3 -9 0 -7 -4 -6 -8 -4 -12 -4 -17 -4 -21 -4 -25 -5 -29 -7 -31 -9 -33 -11 -32 -12 -32 -13 -30 -13 -27 -13 -24 -9 -20 -4 -16 2 -13
CSI_META: ts=3985572006 rssi=-38 noise_floor=-98 channel=6 secondary_channel=0 sig_mode=0 mcs=0 rate=9 cwb=0 sgi=0 stbc=0 ant=0 len=128 rx_state=0 seq=-1 tx_mac=52:40:27:94:0a:bb
CSI_DATA: 28 -64 1 0 1 -18 3 -23 5 -27 4 -30 2 -33 1 -33 0 -33 -2 -30 -3 -27 -3 -24 -4 -19 -2 -15 -1 -10 2 -6 4 -2 6 2 8 4 9 7 11 8 11 10 12 10 11 11 10 12 8 12 7 12 0 0 0 0 0 0 0 0 0 0 0 0 0 0 0 0 0 0 0 0 0 0 11 6 12 8 11 9 10 10 10 10 9 10 7 10 6 9 4 7 1 6 -2 4 -6 3 -10 1 -15 0 -19 -2 -24 -2 -27 -1 -30 0 -31 2 -31 4 -30 6 -29 6 -25 5 -22 5 -16 3 -11 -1
CSI_META: ts=3985572123 rssi=-42 noise_floor=-98 channel=6 secondary_channel=0 sig_mode=0 mcs=0 rate=9 cwb=0 sgi=0 stbc=0 ant=0 len=128 rx_state=0 seq=-1 tx_mac=52:40:27:94:0a:bb
CSI_DATA: 28 -64 1 0 20 -5 24 -4 31 -4 31 -6 34 -7 35 -10 34 -11 32 -13 29 -14 24 -13 19 -12 16 -9 11 -5 9 -2 5 2 2 6 0 9 -2 11 -4 13 -5 15 -6 16 -7 18 -7 17 -9 16 -9 14 0 0 0 0 0 0 0 0 0 0 0 0 0 0 0 0 0 0 0 0 0 0 -8 13 -9 12 -10 13 -10 12 -11 11 -10 9 -10 8 -10 5 -8 3 -7 0 -6 -5 -5 -9 -4 -14 -3 -19 -3 -22 -4 -28 -5 -30 -8 -34 -10 -32 -11 -33 -13 -32 -13 -30 -13 -27 -10 -21 -7 -17 -1 -13
CSI_META: ts=3985572250 rssi=-39 noise_floor=-98 channel=6 secondary_channel=0 sig_mode=0 mcs=0 rate=9 cwb=0 sgi=0 stbc=0 ant=0 len=128 rx_state=0 seq=-1 tx_mac=52:40:27:94:0a:bb
CSI_DATA: 28 -64 1 0 -6 8 -8 10 -10 13 -10 14 -10 16 -9 17 -8 17 -6 16 -6 15 -6 14 -4 11 -4 8 -3 5 -3 3 -3 1 -4 -2 -4 -4 -4 -6 -4 -7 -5 -8 -4 -8 -4 -10 -3 -10 -2 -10 -1 -10 0 0 0 0 0 0 0 0 0 0 0 0 0 0 0 0 0 0 0 0 0 0 -5 -7 -4 -8 -4 -8 -3 -8 -3 -9 -2 -8 -2 -7 -1 -6 0 -5 1 -3 3 -1 4 1 6 3 8 5 10 5 12 7 14 7 16 7 16 6 17 5 17 4 15 3 14 3 12 3 8 3 5 3
CSI_META: ts=3985575824 rssi=-39 noise_floor=-98 channel=6 secondary_channel=0 sig_mode=0 mcs=0 rate=9 cwb=0 sgi=0 stbc=0 ant=0 len=128 rx_state=0 seq=-1 tx_mac=52:40:27:94:0a:bb
CSI_DATA: 28 -64 1 0 2 10 2 13 2 15 3 16 4 18 5 18 6 18 6 16 7 15 7 13 6 11 5 9 4 7 2 5 0 3 -3 2 -4 0 -6 -1 -7 -2 -8 -2 -8 -3 -9 -4 -9 -5 -9 -5 -9 -6 0 0 0 0 0 0 0 0 0 0 0 0 0 0 0 0 0 0 0 0 0 0 -8 -3 -8 -4 -8 -4 -8 -5 -7 -5 -6 -5 -5 -4 -4 -4 -2 -4 0 -4 3 -3 5 -3 8 -3 10 -3 13 -4 14 -4 16 -5 16 -6 17 -7 16 -8 16 -9 14 -9 13 -7 10 -6 8 -4 6 -1
CSI_META: ts=3985575941 rssi=-42 noise_floor=-98 channel=6 secondary_channel=0 sig_mode=0 mcs=0 rate=9 cwb=0 sgi=0 stbc=0 ant=0 len=128 rx_state=0 seq=-1 tx_mac=52:40:27:94:0a:bb
CSI_DATA: 28 -64 1 0 -3 20 -5 25 -7 30 -6 33 -4 35 -3 37 -1 36 1 34 2 32 3 28 3 23 2 19 0 14 -2 9 -4 5 -7 2 -9 -2 -11 -4 -13 -7 -14 -8 -16 -9 -16 -11 -16 -12 -15 -13 -13 -14 0 0 0 0 0 0 0 0 0 0 0 0 0 0 0 0 0 0 0 0 0 0 -9 -14 -8 -15 -8 -15 -6 -15 -6 -15 -4 -14 -3 -12 -1 -11 1 -9 3 -6 7 -3 10 0 14 3 18 5 22 6 26 8 29 7 32 6 33 4 35 2 34 0 31 -1 28 -1 23 -1 18 1 12 5
CSI_META: ts=3985576050 rssi=-42 noise_floor=-98 channel=6 secondary_channel=0 sig_mode=0 mcs=0 rate=9 cwb=0 sgi=0 stbc=0 ant=0 len=128 rx_state=0 seq=-1 tx_mac=52:40:27:94:0a:bb
CSI_DATA: 28 -64 1 0 -20 7 -25 7 -30 9 -32 10 -34 13 -33 15 -31 17 -29 18 -26 18 -21 16 -18 13 -14 9 -11 5 -9 1 -7 -4 -5 -8 -4 -12 -4 -15 -3 -16 -3 -18 -2 -19 -2 -20 -1 -19 0 -19 2 -17 0 0 0 0 0 0 0 0 0 0 0 0 0 0 0 0 0 0 0 0 0 0 8 -11 11 -12 12 -11 12 -11 13 -10 12 -9 12 -8 11 -7 10 -4 8 -1 7 2 5 7 3 11 2 16 2 20 2 25 4 29 6 31 8 32 10 32 12 32 13 29 13 26 10 22 6 18 1 14
CSI_META: ts=3986687428 rssi=-37 noise_floor=-98 channel=6 secondary_channel=0 sig_mode=0 mcs=0 rate=9 cwb=0 sgi=0 stbc=0 ant=0 len=128 rx_state=0 seq=-1 tx_mac=52:40:27:94:0a:bb
CSI_DATA: 28 -64 1 0 -37 2 -31 4 -26 3 -21 3 -16 0 -12 -3 -9 -7 -8 -10 -8 -15 -9 -18 -11 -20 -12 -21 -14 -22 -14 -21 -14 -20 -14 -18 -12 -15 -11 -13 -9 -11 -6 -9 -4 -7 -1 -7 2 -5 4 -4 7 -3 0 0 0 0 0 0 0 0 0 0 0 0 0 0 0 0 0 0 0 0 0 0 5 5 2 6 -1 6 -4 7 -7 7 -9 8 -11 10 -13 12 -15 13 -16 15 -17 16 -16 16 -15 17 -15 16 -13 14 -12 11 -11 8 -11 4 -13 0 -15 -3 -19 -7 -24 -9 -28 -11 -34 -11 -38 -9 -41 -7
CSI_META: ts=3987107251 rssi=-38 noise_floor=-98 channel=6 secondary_channel=0 sig_mode=0 mcs=0 rate=9 cwb=0 sgi=0 stbc=0 ant=0 len=128 rx_state=0 seq=-1 tx_mac=52:40:27:94:0a:bb
CSI_DATA: 28 -64 1 0 10 -3 7 0 5 3 4 6 4 9 4 12 5 13 6 14 7 15 8 14 9 13 8 12 8 10 7 8 5 7 3 5 1 3 -1 2 -3 1 -5 1 -6 1 -8 1 -8 0 -10 0 -10 -1 0 0 0 0 0 0 0 0 0 0 0 0 0 0 0 0 0 0 0 0 0 0 -3 -4 -2 -5 -2 -7 -1 -8 -1 -9 -1 -10 -1 -11 -1 -12 -1 -12 -1 -13 0 -12 0 -10 1 -8 2 -7 3 -4 5 -2 8 0 11 1 13 1 16 0 18 0 20 -2 21 -3 22 -4 21 -5 19 -6
CSI_META: ts=3987225655 rssi=-41 noise_floor=-98 channel=6 secondary_channel=0 sig_mode=0 mcs=0 rate=9 cwb=0 sgi=0 stbc=0 ant=0 len=128 rx_state=0 seq=-1 tx_mac=52:40:27:94:0a:bb
CSI_DATA: 28 -64 1 0 -28 -31 -26 -26 -23 -22 -18 -17 -13 -14 -8 -14 -3 -14 2 -16 5 -18 7 -21 7 -24 7 -26 6 -27 5 -28 4 -27 3 -25 2 -22 1 -19 1 -16 2 -13 3 -10 4 -7 5 -4 7 -1 8 2 0 0 0 0 0 0 0 0 0 0 0 0 0 0 0 0 0 0 0 0 0 0 -4 7 -6 5 -8 3 -10 0 -12 -2 -15 -4 -17 -6 -20 -7 -23 -7 -25 -7 -27 -7 -27 -7 -26 -6 -25 -5 -22 -4 -19 -5 -16 -6 -13 -9 -10 -12 -8 -17 -7 -22 -8 -28 -10 -34 -14 -38 -19 -40 -22 -42
CSI_META: ts=3988192332 rssi=-41 noise_floor=-98 channel=6 secondary_channel=0 sig_mode=0 mcs=0 rate=9 cwb=0 sgi=0 stbc=0 ant=0 len=128 rx_state=0 seq=-1 tx_mac=52:40:27:94:0a:bb
CSI_DATA: 28 -64 1 0 5 18 -1 15 -9 14 -14 14 -19 16 -22 19 -24 22 -24 25 -23 27 -21 27 -18 27 -15 25 -12 22 -10 19 -9 14 -8 9 -8 4 -8 0 -8 -4 -9 -7 -10 -10 -11 -12 -11 -14 -11 -16 -10 -17 0 0 0 0 0 0 0 0 0 0 0 0 0 0 0 0 0 0 0 0 0 0 6 -6 10 -5 12 -4 15 -4 17 -3 19 -3 20 -3 21 -3 22 -2 21 -2 20 -1 17 0 14 2 10 5 7 8 5 14 3 19 3 25 4 29 6 34 9 37 12 39 16 41 18 39 20 36 19 32
CSI_META: ts=3988192460 rssi=-37 noise_floor=-98 channel=6 secondary_channel=0 sig_mode=0 mcs=0 rate=9 cwb=0 sgi=0 stbc=0 ant=0 len=128 rx_state=0 seq=-1 tx_mac=52:40:27:94:0a:bb
CSI_DATA: 28 -64 1 0 0 -17 4 -12 8 -10 15 -7 20 -5 23 -7 26 -8 27 -10 27 -13 26 -15 24 -15 21 -15 19 -14 16 -13 13 -10 10 -7 8 -4 6 0 4 3 3 6 2 9 1 11 0 13 0 14 -2 15 0 0 0 0 0 0 0 0 0 0 0 0 0 0 0 0 0 0 0 0 0 0 -10 3 -12 2 -14 0 -16 -1 -17 -1 -18 -2 -19 -2 -19 -3 -19 -3 -18 -3 -17 -3 -14 -5 -10 -6 -7 -8 -3 -12 0 -14 3 -19 4 -23 5 -27 5 -31 3 -35 1 -37 -2 -39 -4 -39 -6 -37 -7 -34
CSI_META: ts=3988682700 rssi=-38 noise_floor=-98 channel=6 secondary_channel=0 sig_mode=0 mcs=0 rate=9 cwb=0 sgi=0 stbc=0 ant=0 len=128 rx_state=0 seq=-1 tx_mac=52:40:27:94:0a:bb
CSI_DATA: 28 -64 1 0 13 -20 11 -20 9 -21 7 -19 5 -18 4 -16 3 -13 3 -10 2 -7 4 -4 4 -2 6 0 8 2 9 2 10 3 11 3 11 3 11 3 10 3 10 3 9 2 7 2 6 2 4 2 2 2 0 0 0 0 0 0 0 0 0 0 0 0 0 0 0 0 0 0 0 0 0 0 -4 6 -4 5 -5 4 -5 2 -4 1 -4 -1 -5 -3 -5 -5 -5 -7 -5 -9 -6 -11 -7 -12 -8 -13 -9 -14 -10 -14 -10 -13 -10 -12 -10 -11 -8 -10 -6 -8 -4 -8 -1 -8 2 -8 6 -9 9 -11 11 -14
CSI_META: ts=3989033077 rssi=-41 noise_floor=-98 channel=6 secondary_channel=0 sig_mode=0 mcs=0 rate=9 cwb=0 sgi=0 stbc=0 ant=0 len=128 rx_state=0 seq=-1 tx_mac=52:40:27:94:0a:bb
CSI_DATA: 28 -64 1 0 -29 36 -25 37 -22 38 -17 36 -12 33 -9 28 -7 23 -7 18 -8 12 -10 7 -12 2 -16 -1 -19 -3 -22 -3 -24 -4 -25 -4 -25 -3 -24 -2 -21 -2 -20 -2 -17 -2 -15 -2 -12 -3 -9 -5 -5 -6 0 0 0 0 0 0 0 0 0 0 0 0 0 0 0 0 0 0 0 0 0 0 13 -9 13 -7 12 -5 11 -4 9 -1 8 1 6 5 6 8 5 12 3 16 3 21 4 25 5 28 6 30 9 30 11 30 12 28 12 26 11 22 9 19 5 16 0 15 -7 15 -14 16 -20 19 -25 24
CSI_META: ts=3990092836 rssi=-38 noise_floor=-98 channel=6 secondary_channel=0 sig_mode=0 mcs=0 rate=9 cwb=0 sgi=0 stbc=0 ant=0 len=128 rx_state=0 seq=-1 tx_mac=52:40:27:94:0a:bb
CSI_DATA: 28 -64 1 0 7 20 7 23 8 26 10 28 13 28 15 27 16 24 16 22 15 19 13 16 12 13 8 10 5 8 1 7 -3 6 -6 6 -8 6 -11 6 -12 5 -13 6 -14 6 -14 6 -14 5 -14 4 -14 3 0 0 0 0 0 0 0 0 0 0 0 0 0 0 0 0 0 0 0 0 0 0 -6 -14 -5 -15 -4 -15 -3 -15 -2 -14 -1 -13 0 -12 1 -10 3 -9 5 -7 8 -4 12 -1 14 1 18 2 21 3 25 3 26 3 29 1 30 -2 30 -3 28 -6 26 -5 23 -4 19 -3 16 0 12 5
CSI_META: ts=3990368678 rssi=-42 noise_floor=-98 channel=6 secondary_channel=0 sig_mode=0 mcs=0 rate=9 cwb=0 sgi=0 stbc=0 ant=0 len=128 rx_state=0 seq=-1 tx_mac=52:40:27:94:0a:bb
CSI_DATA: 28 -64 1 0 -48 12 -46 15 -43 17 -38 19 -34 19 -28 18 -23 15 -18 12 -15 7 -12 2 -11 -4 -11 -9 -11 -13 -12 -16 -13 -19 -14 -21 -14 -20 -14 -20 -14 -19 -13 -18 -12 -16 -11 -15 -9 -13 -6 -12 -3 -10 0 0 0 0 0 0 0 0 0 0 0 0 0 0 0 0 0 0 0 0 0 0 15 -5 13 -2 11 0 9 2 7 4 4 6 1 9 -1 12 -4 16 -7 20 -8 24 -9 27 -9 30 -8 32 -7 33 -5 33 -3 31 -2 29 -2 25 -3 21 -6 16 -10 12 -15 8 -22 5 -30 4 -36 4
CSI_META: ts=3990368832 rssi=-38 noise_floor=-98 channel=6 secondary_channel=0 sig_mode=0 mcs=0 rate=9 cwb=0 sgi=0 stbc=0 ant=0 len=128 rx_state=0 seq=-1 tx_mac=52:40:27:94:0a:bb
CSI_DATA: 28 -64 1 0 -11 19 -10 20 -8 19 -6 19 -5 16 -3 14 -2 11 -2 8 -2 5 -3 3 -5 1 -7 0 -9 -2 -10 -2 -12 -3 -12 -2 -12 -2 -12 -2 -11 -2 -11 -2 -9 -2 -8 -2 -6 -2 -5 -2 -3 -2 0 0 0 0 0 0 0 0 0 0 0 0 0 0 0 0 0 0 0 0 0 0 3 -8 3 -8 3 -6 3 -5 3 -3 3 -1 3 1 3 2 4 5 4 7 6 9 7 10 8 11 9 12 10 13 10 11 11 11 10 9 9 8 7 7 4 6 1 6 -2 7 -5 8 -7 10 -10 13
CSI_META: ts=3990368986 rssi=-38 noise_floor=-98 channel=6 secondary_channel=0 sig_mode=0 mcs=0 rate=9 cwb=0 sgi=0 stbc=0 ant=0 len=128 rx_state=0 seq=-1 tx_mac=52:40:27:94:0a:bb
CSI_DATA: 28 -64 1 0 -8 20 -7 21 -5 20 -4 20 -1 18 0 15 0 12 -1 9 -2 6 -3 4 -5 1 -6 0 -8 -2 -10 -2 -11 -2 -12 -2 -12 -3 -12 -2 -11 -2 -10 -2 -10 -2 -8 -2 -7 -2 -5 -3 -4 -3 0 0 0 0 0 0 0 0 0 0 0 0 0 0 0 0 0 0 0 0 0 0 -1 -8 1 -8 1 -7 2 -5 2 -3 3 -2 4 0 5 2 6 3 7 5 8 8 9 8 11 9 12 9 13 9 12 8 13 8 11 6 11 5 8 5 5 5 3 5 -1 7 -4 9 -7 11 -7 15
CSI_META: ts=3990372572 rssi=-42 noise_floor=-98 channel=6 secondary_channel=0 sig_mode=0 mcs=0 rate=9 cwb=0 sgi=0 stbc=0 ant=0 len=128 rx_state=0 seq=-1 tx_mac=52:40:27:94:0a:bb
CSI_DATA: 28 -64 1 0 41 -12 40 -15 37 -17 33 -18 29 -18 24 -17 20 -15 16 -12 12 -8 10 -4 9 1 8 6 9 10 10 13 11 15 11 17 12 17 11 17 11 16 11 15 10 14 9 13 7 11 5 10 2 8 0 0 0 0 0 0 0 0 0 0 0 0 0 0 0 0 0 0 0 0 0 0 -13 4 -12 2 -11 -1 -9 -3 -6 -5 -4 -7 -2 -9 0 -12 2 -16 4 -20 5 -23 6 -26 5 -28 4 -30 4 -30 2 -30 1 -28 0 -26 0 -22 2 -19 4 -15 8 -11 12 -8 19 -6 25 -5 31 -5
CSI_META: ts=3990372725 rssi=-42 noise_floor=-98 channel=6 secondary_channel=0 sig_mode=0 mcs=0 rate=9 cwb=0 sgi=0 stbc=0 ant=0 len=128 rx_state=0 seq=-1 tx_mac=52:40:27:94:0a:bb
CSI_DATA: 28 -64 1 0 40 -15 39 -18 36 -20 31 -21 27 -21 22 -19 17 -16 14 -12 11 -8 9 -3 9 3 9 8 10 11 12 14 13 16 14 17 14 17 14 16 13 14 12 13 10 12 9 11 7 9 4 8 1 7 0 0 0 0 0 0 0 0 0 0 0 0 0 0 0 0 0 0 0 0 0 0 -14 6 -14 4 -12 2 -11 0 -8 -3 -7 -5 -5 -7 -2 -11 0 -14 2 -18 3 -22 3 -25 3 -28 3 -30 1 -31 0 -31 -1 -30 -2 -28 -2 -24 -1 -20 2 -16 6 -12 11 -10 18 -8 25 -7 31 -8
CSI_META: ts=3990372843 rssi=-42 noise_floor=-98 channel=6 secondary_channel=0 sig_mode=0 mcs=0 rate=9 cwb=0 sgi=0 stbc=0 ant=0 len=128 rx_state=0 seq=-1 tx_mac=52:40:27:94:0a:bb
CSI_DATA: 28 -64 1 0 33 -36 30 -38 26 -39 21 -37 16 -34 12 -29 9 -23 8 -17 8 -11 10 -5 12 1 15 4 18 7 21 9 23 9 24 10 24 9 23 7 20 6 19 6 16 5 13 5 9 5 6 5 1 5 0 0 0 0 0 0 0 0 0 0 0 0 0 0 0 0 0 0 0 0 0 0 -13 13 -14 11 -13 9 -12 6 -11 3 -10 0 -9 -3 -8 -8 -7 -12 -6 -18 -7 -23 -8 -27 -8 -30 -10 -32 -12 -33 -14 -33 -15 -32 -15 -29 -14 -25 -12 -21 -7 -18 -1 -16 6 -16 14 -16 21 -19 28 -24
CSI_META: ts=3990687616 rssi=-38 noise_floor=-98 channel=6 secondary_channel=0 sig_mode=0 mcs=0 rate=9 cwb=0 sgi=0 stbc=0 ant=0 len=128 rx_state=0 seq=-1 tx_mac=52:40:27:94:0a:bb
CSI_DATA: 28 -64 1 0 -28 -27 -30 -25 -31 -23 -30 -20 -29 -16 -26 -13 -22 -10 -17 -7 -12 -6 -7 -6 -2 -8 2 -9 5 -10 8 -12 10 -14 12 -16 12 -16 11 -16 11 -15 10 -14 10 -14 9 -12 9 -10 8 -8 6 -5 0 0 0 0 0 0 0 0 0 0 0 0 0 0 0 0 0 0 0 0 0 0 13 3 11 4 9 4 6 5 4 5 0 5 -3 6 -7 6 -10 7 -15 9 -18 10 -21 11 -23 13 -24 14 -23 15 -23 16 -21 17 -19 16 -16 14 -14 11 -12 8 -12 2 -11 -4 -12 -10 -15 -16 -17 -22
CSI_META: ts=3992405358 rssi=-42 noise_floor=-98 channel=6 secondary_channel=0 sig_mode=0 mcs=0 rate=9 cwb=0 sgi=0 stbc=0 ant=0 len=128 rx_state=0 seq=-1 tx_mac=52:40:27:94:0a:bb
CSI_DATA: 28 -64 1 0 5 17 -2 15 -9 15 -14 16 -19 18 -21 21 -22 25 -22 28 -20 30 -18 30 -14 29 -12 27 -9 23 -8 19 -7 14 -7 9 -8 4 -8 0 -9 -4 -11 -7 -12 -9 -13 -11 -14 -13 -14 -14 -13 -16 0 0 0 0 0 0 0 0 0 0 0 0 0 0 0 0 0 0 0 0 0 0 6 -7 10 -6 13 -5 15 -4 18 -3 19 -2 20 -2 22 -2 23 -2 22 -1 21 0 18 1 15 3 11 6 8 9 6 15 4 20 4 25 5 30 7 34 10 37 15 39 17 40 20 38 21 35 20 31
CSI_META: ts=3992405503 rssi=-39 noise_floor=-98 channel=6 secondary_channel=0 sig_mode=0 mcs=0 rate=9 cwb=0 sgi=0 stbc=0 ant=0 len=128 rx_state=0 seq=-1 tx_mac=52:40:27:94:0a:bb
CSI_DATA: 28 -64 1 0 7 3 4 4 3 6 1 9 0 11 0 13 1 14 2 15 3 15 4 15 5 14 5 12 5 10 5 9 4 7 2 6 0 4 -1 3 -3 2 -5 1 -6 1 -7 0 -8 0 -9 -1 -9 -1 0 0 0 0 0 0 0 0 0 0 0 0 0 0 0 0 0 0 0 0 0 0 1 -5 2 -6 3 -6 4 -7 5 -8 6 -8 6 -8 6 -8 7 -8 6 -8 6 -7 6 -5 6 -3 5 -1 6 1 6 3 8 5 9 7 11 8 14 9 16 9 18 7 19 7 19 6 17 4 16 3
CSI_META: ts=3992409315 rssi=-42 noise_floor=-98 channel=6 secondary_channel=0 sig_mode=0 mcs=0 rate=9 cwb=0 sgi=0 stbc=0 ant=0 len=128 rx_state=0 seq=-1 tx_mac=52:40:27:94:0a:bb
CSI_DATA: 28 -64 1 0 -17 4 -15 -2 -13 -8 -15 -13 -16 -17 -19 -20 -22 -21 -24 -20 -26 -19 -27 -17 -27 -14 -25 -12 -23 -10 -18 -8 -15 -7 -10 -6 -6 -6 -2 -7 1 -7 4 -9 7 -10 8 -11 10 -12 12 -12 13 -12 0 0 0 0 0 0 0 0 0 0 0 0 0 0 0 0 0 0 0 0 0 0 4 7 3 10 1 13 0 15 0 16 -1 18 -1 18 -1 19 -1 19 -2 18 -3 17 -3 15 -5 12 -8 9 -11 6 -15 3 -19 1 -23 1 -29 3 -32 4 -35 7 -37 10 -36 13 -36 15 -32 17 -29 16
CSI_META: ts=3992409424 rssi=-42 noise_floor=-98 channel=6 secondary_channel=0 sig_mode=0 mcs=0 rate=9 cwb=0 sgi=0 stbc=0 ant=0 len=128 rx_state=0 seq=-1 tx_mac=52:40:27:94:0a:bb
CSI_DATA: 28 -64 1 0 -18 -11 -11 -13 -4 -17 -1 -19 2 -23 3 -27 3 -31 2 -33 0 -35 -1 -35 -4 -34 -5 -32 -7 -29 -7 -26 -6 -22 -4 -18 -2 -13 0 -10 3 -7 5 -4 8 -3 10 0 13 2 14 4 15 6 0 0 0 0 0 0 0 0 0 0 0 0 0 0 0 0 0 0 0 0 0 0 -8 12 -10 12 -12 13 -14 13 -15 12 -16 12 -16 12 -16 12 -16 11 -16 9 -15 6 -14 2 -13 -1 -13 -5 -13 -10 -15 -15 -17 -19 -20 -23 -23 -24 -28 -25 -32 -26 -35 -24 -37 -24 -38 -21 -37 -18 -34 -15
CSI_META: ts=3992409586 rssi=-39 noise_floor=-98 channel=6 secondary_channel=0 sig_mode=0 mcs=0 rate=9 cwb=0 sgi=0 stbc=0 ant=0 len=128 rx_state=0 seq=-1 tx_mac=52:40:27:94:0a:bb
CSI_DATA: 28 -64 1 0 0 8 -2 6 -5 5 -8 5 -11 5 -13 6 -13 8 -14 9 -13 10 -13 11 -11 11 -10 11 -8 10 -7 8 -6 6 -4 4 -4 1 -4 -1 -3 -2 -4 -4 -4 -6 -4 -7 -4 -8 -4 -9 -3 -9 0 0 0 0 0 0 0 0 0 0 0 0 0 0 0 0 0 0 0 0 0 0 4 -3 5 -2 6 -1 8 -1 8 0 9 0 10 1 10 0 10 1 10 1 9 1 7 2 5 2 4 4 2 5 0 8 -1 9 -1 12 -2 14 -1 16 1 19 2 20 4 20 5 19 5 18 6 16
CSI_META: ts=3992549722 rssi=-42 noise_floor=-98 channel=6 secondary_channel=0 sig_mode=0 mcs=0 rate=9 cwb=0 sgi=0 stbc=0 ant=0 len=128 rx_state=0 seq=-1 tx_mac=52:40:27:94:0a:bb
CSI_DATA: 28 -64 1 0 -26 -6 -30 -6 -33 -5 -35 -5 -36 -2 -36 1 -35 3 -32 6 -29 7 -24 7 -21 5 -16 3 -13 1 -10 -2 -7 -5 -5 -9 -3 -11 -3 -14 -2 -15 -2 -17 -1 -18 -1 -18 0 -18 1 -18 2 -16 0 0 0 0 0 0 0 0 0 0 0 0 0 0 0 0 0 0 0 0 0 0 15 4 15 5 15 6 14 7 12 8 10 8 8 8 6 8 3 8 -1 9 -5 10 -11 12 -13 13 -16 17 -16 20 -18 21 -20 25 -19 27 -18 29 -15 29 -13 29 -12 26 -10 24 -10 19 -11 15 -14 7
CSI_META: ts=3992550123 rssi=-42 noise_floor=-98 channel=6 secondary_channel=0 sig_mode=0 mcs=0 rate=9 cwb=0 sgi=0 stbc=0 ant=0 len=128 rx_state=0 seq=-1 tx_mac=52:40:27:94:0a:bb
CSI_DATA: 28 -64 1 0 20 16 23 18 26 20 29 20 31 19 31 16 31 13 29 9 26 7 22 5 18 4 13 4 9 5 4 6 1 8 -2 10 -5 12 -6 13 -7 14 -8 15 -8 16 -9 16 -9 15 -9 14 -9 12 0 0 0 0 0 0 0 0 0 0 0 0 0 0 0 0 0 0 0 0 0 0 -12 -11 -11 -13 -11 -14 -10 -15 -9 -14 -7 -14 -6 -13 -3 -12 -1 -11 3 -10 7 -9 11 -8 15 -8 19 -8 23 -9 26 -11 27 -13 29 -16 29 -18 28 -20 26 -20 23 -19 19 -17 17 -13 16 -8 15 -2
CSI_META: ts=3993513011 rssi=-42 noise_floor=-98 channel=6 secondary_channel=0 sig_mode=0 mcs=0 rate=9 cwb=0 sgi=0 stbc=0 ant=0 len=128 rx_state=0 seq=-1 tx_mac=52:40:27:94:0a:bb
CSI_DATA: 28 -64 1 0 -34 -28 -29 -22 -24 -19 -17 -14 -10 -13 -5 -13 2 -15 6 -18 10 -22 11 -25 10 -28 9 -30 7 -30 6 -31 4 -28 3 -25 2 -20 2 -17 3 -12 3 -8 5 -5 7 -1 8 2 9 5 10 8 0 0 0 0 0 0 0 0 0 0 0 0 0 0 0 0 0 0 0 0 0 0 2 10 0 8 -3 7 -6 5 -10 3 -13 2 -16 1 -20 0 -23 0 -27 0 -29 0 -30 1 -29 3 -28 3 -24 3 -22 2 -18 0 -15 -4 -12 -9 -11 -15 -11 -22 -13 -28 -16 -35 -20 -38 -26 -40 -30 -41
CSI_META: ts=3994806012 rssi=-38 noise_floor=-98 channel=6 secondary_channel=0 sig_mode=0 mcs=0 rate=9 cwb=0 sgi=0 stbc=0 ant=0 len=128 rx_state=0 seq=-1 tx_mac=52:40:27:94:0a:bb
CSI_DATA: 28 -64 1 0 21 -6 21 -7 20 -8 18 -9 15 -9 13 -9 10 -8 8 -6 6 -4 5 -2 4 1 4 4 4 6 4 7 4 9 5 9 5 10 5 9 5 9 5 8 4 8 3 7 2 6 2 5 0 4 0 0 0 0 0 0 0 0 0 0 0 0 0 0 0 0 0 0 0 0 0 0 -7 2 -7 1 -6 0 -5 -1 -4 -2 -3 -3 -1 -5 -1 -6 1 -8 2 -10 2 -12 3 -13 3 -15 2 -16 2 -16 1 -16 0 -15 0 -14 0 -12 0 -10 2 -8 4 -6 6 -4 10 -3 13 -2 16 -2
CSI_META: ts=3994806193 rssi=-42 noise_floor=-98 channel=6 secondary_channel=0 sig_mode=0 mcs=0 rate=9 cwb=0 sgi=0 stbc=0 ant=0 len=128 rx_state=0 seq=-1 tx_mac=52:40:27:94:0a:bb
CSI_DATA: 28 -64 1 0 -36 31 -35 36 -28 34 -24 34 -19 31 -15 27 -12 21 -10 16 -10 9 -11 5 -14 -1 -16 -5 -20 -8 -21 -10 -25 -11 -24 -10 -25 -10 -23 -9 -21 -7 -20 -7 -16 -7 -13 -6 -10 -6 -7 -6 -3 -7 0 0 0 0 0 0 0 0 0 0 0 0 0 0 0 0 0 0 0 0 0 0 14 -10 15 -9 13 -6 12 -4 9 -2 9 1 6 4 6 8 3 12 3 16 3 21 3 25 4 29 5 31 7 33 7 32 10 32 10 27 10 25 8 21 3 18 -3 15 -8 14 -16 14 -23 16 -29 20
CSI_META: ts=3994806349 rssi=-42 noise_floor=-98 channel=6 secondary_channel=0 sig_mode=0 mcs=0 rate=9 cwb=0 sgi=0 stbc=0 ant=0 len=128 rx_state=0 seq=-1 tx_mac=52:40:27:94:0a:bb
CSI_DATA: 28 -64 1 0 -17 40 -13 38 -10 40 -6 36 -4 34 -2 29 -1 24 -1 19 -3 14 -6 10 -8 6 -12 3 -15 1 -19 1 -20 0 -23 0 -22 0 -22 0 -20 0 -20 0 -18 0 -17 0 -14 -1 -11 -2 -8 -4 0 0 0 0 0 0 0 0 0 0 0 0 0 0 0 0 0 0 0 0 0 0 6 -13 6 -10 6 -8 6 -5 7 -3 7 0 7 4 8 7 9 11 10 15 12 18 14 20 16 22 17 22 18 21 20 22 19 18 19 17 15 14 12 13 8 12 3 12 -3 16 -8 18 -13 22 -15 27
CSI_META: ts=3995191480 rssi=-42 noise_floor=-98 channel=6 secondary_channel=0 sig_mode=0 mcs=0 rate=9 cwb=0 sgi=0 stbc=0 ant=0 len=128 rx_state=0 seq=-1 tx_mac=52:40:27:94:0a:bb
CSI_DATA: 28 -64 1 0 0 -25 1 -29 2 -34 0 -36 -2 -38 -5 -38 -7 -36 -8 -33 -10 -30 -9 -26 -9 -21 -6 -17 -3 -13 0 -10 4 -7 8 -5 11 -3 13 -2 15 -1 17 0 18 0 19 1 18 1 17 2 16 4 0 0 0 0 0 0 0 0 0 0 0 0 0 0 0 0 0 0 0 0 0 0 1 15 0 16 -1 16 -2 15 -2 15 -3 13 -4 11 -5 9 -7 7 -8 4 -11 0 -13 -4 -16 -7 -19 -10 -22 -12 -27 -14 -29 -13 -33 -12 -34 -10 -35 -8 -33 -6 -31 -4 -28 -4 -23 -4 -18 -6 -12 -10
CSI_META: ts=3995989621 rssi=-38 noise_floor=-98 channel=6 secondary_channel=0 sig_mode=0 mcs=0 rate=9 cwb=0 sgi=0 stbc=0 ant=0 len=128 rx_state=0 seq=-1 tx_mac=52:40:27:94:0a:bb
CSI_DATA: 28 -64 1 0 17 -4 13 1 11 7 12 11 13 15 14 17 17 19 18 20 21 19 22 18 22 16 21 14 19 11 17 9 14 7 11 7 6 6 3 6 0 5 -3 6 -6 6 -8 7 -10 8 -11 7 -13 7 0 0 0 0 0 0 0 0 0 0 0 0 0 0 0 0 0 0 0 0 0 0 -3 -11 -2 -12 0 -15 0 -16 2 -17 2 -18 2 -17 2 -18 3 -18 4 -17 4 -15 5 -12 7 -10 8 -6 11 -4 15 -1 18 1 23 1 26 -1 30 -2 33 -4 35 -7 36 -9 35 -11 33 -12 29 -13
CSI_META: ts=3996211172 rssi=-42 noise_floor=-98 channel=6 secondary_channel=0 sig_mode=0 mcs=0 rate=9 cwb=0 sgi=0 stbc=0 ant=0 len=128 rx_state=0 seq=-1 tx_mac=52:40:27:94:0a:bb
CSI_DATA: 28 -64 1 0 39 -9 33 -9 27 -8 22 -6 17 -3 14 2 12 7 11 11 12 15 14 18 15 20 17 21 18 20 20 19 19 17 19 16 16 12 13 10 10 9 7 7 3 7 0 6 -3 6 -7 6 -10 5 0 0 0 0 0 0 0 0 0 0 0 0 0 0 0 0 0 0 0 0 0 0 -7 -6 -4 -7 -1 -8 2 -9 5 -10 7 -10 10 -11 13 -13 15 -16 17 -18 17 -19 16 -20 16 -20 14 -20 13 -18 11 -15 10 -11 11 -8 13 -3 17 1 21 5 27 6 32 8 38 6 43 4 45 1
CSI_META: ts=3996215026 rssi=-41 noise_floor=-98 channel=6 secondary_channel=0 sig_mode=0 mcs=0 rate=9 cwb=0 sgi=0 stbc=0 ant=0 len=128 rx_state=0 seq=-1 tx_mac=52:40:27:94:0a:bb
CSI_DATA: 28 -64 1 0 -18 -37 -17 -32 -15 -27 -12 -21 -8 -17 -4 -15 1 -14 6 -13 10 -15 13 -16 14 -19 15 -20 16 -22 15 -23 14 -23 12 -22 11 -20 9 -17 8 -15 7 -12 6 -9 6 -6 6 -2 6 1 6 4 0 0 0 0 0 0 0 0 0 0 0 0 0 0 0 0 0 0 0 0 0 0 -5 5 -7 2 -9 -1 -11 -3 -12 -5 -14 -7 -16 -8 -18 -10 -20 -11 -22 -11 -24 -12 -24 -11 -23 -10 -21 -9 -18 -8 -16 -8 -12 -9 -8 -11 -5 -14 -2 -19 -1 -24 0 -29 0 -35 -3 -39 -7 -43 -10 -46
CSI_META: ts=3996215171 rssi=-41 noise_floor=-98 channel=6 secondary_channel=0 sig_mode=0 mcs=0 rate=9 cwb=0 sgi=0 stbc=0 ant=0 len=128 rx_state=0 seq=-1 tx_mac=52:40:27:94:0a:bb
CSI_DATA: 28 -64 1 0 39 -25 32 -24 26 -20 22 -17 17 -11 15 -5 15 0 15 5 17 9 20 12 23 14 25 15 27 14 28 13 27 12 26 11 23 8 20 7 16 5 13 5 9 5 6 6 2 7 -2 7 -6 8 0 0 0 0 0 0 0 0 0 0 0 0 0 0 0 0 0 0 0 0 0 0 -8 -5 -5 -7 -2 -10 1 -12 3 -14 5 -16 6 -18 8 -21 9 -23 9 -26 9 -28 8 -28 7 -27 6 -25 6 -23 6 -19 7 -15 10 -11 14 -8 20 -5 25 -4 32 -4 37 -6 43 -9 47 -13 48 -18
CSI_META: ts=3996215298 rssi=-42 noise_floor=-98 channel=6 secondary_channel=0 sig_mode=0 mcs=0 rate=9 cwb=0 sgi=0 stbc=0 ant=0 len=128 rx_state=0 seq=-1 tx_mac=52:40:27:94:0a:bb
CSI_DATA: 28 -64 1 0 -39 -26 -35 -20 -28 -17 -22 -14 -15 -12 -9 -14 -3 -16 0 -19 3 -24 4 -27 3 -30 1 -32 -1 -33 -1 -32 -3 -30 -4 -27 -3 -23 -2 -19 -1 -15 1 -11 3 -8 6 -5 8 -3 11 0 13 2 0 0 0 0 0 0 0 0 0 0 0 0 0 0 0 0 0 0 0 0 0 0 0 11 -2 9 -5 6 -8 4 -11 2 -14 0 -17 -1 -21 -2 -24 -2 -27 -2 -30 -1 -31 0 -30 1 -29 2 -26 3 -23 1 -19 -1 -16 -4 -14 -9 -13 -14 -13 -21 -16 -27 -19 -33 -24 -37 -30 -39 -35 -40
CSI_META: ts=3996433392 rssi=-42 noise_floor=-98 channel=6 secondary_channel=0 sig_mode=0 mcs=0 rate=9 cwb=0 sgi=0 stbc=0 ant=0 len=128 rx_state=0 seq=-1 tx_mac=52:40:27:94:0a:bb
CSI_DATA: 28 -64 1 0 -11 -43 -11 -37 -10 -31 -7 -23 -3 -18 2 -14 8 -12 13 -11 18 -11 22 -13 24 -15 25 -17 25 -19 25 -20 23 -20 20 -19 18 -17 15 -15 12 -11 10 -8 8 -5 7 -1 5 2 4 6 3 9 0 0 0 0 0 0 0 0 0 0 0 0 0 0 0 0 0 0 0 0 0 0 -5 6 -7 3 -9 0 -11 -3 -13 -6 -15 -8 -16 -11 -19 -13 -21 -14 -23 -15 -25 -15 -25 -15 -24 -13 -22 -12 -19 -11 -16 -11 -11 -11 -7 -13 -2 -16 3 -20 6 -26 7 -32 7 -39 5 -44 2 -49 -1 -53
CSI_META: ts=3996441490 rssi=-42 noise_floor=-98 channel=6 secondary_channel=0 sig_mode=0 mcs=0 rate=9 cwb=0 sgi=0 stbc=0 ant=0 len=128 rx_state=0 seq=-1 tx_mac=52:40:27:94:0a:bb
CSI_DATA: 28 -64 1 0 34 -21 27 -19 22 -17 17 -12 14 -7 12 -2 11 4 11 9 13 13 15 16 18 18 20 19 21 18 22 17 22 15 20 14 18 11 15 9 12 8 9 7 5 6 2 5 -2 5 -6 4 -9 4 0 0 0 0 0 0 0 0 0 0 0 0 0 0 0 0 0 0 0 0 0 0 -7 -2 -6 -5 -4 -8 -2 -10 0 -13 1 -15 2 -17 2 -20 3 -23 3 -25 3 -26 2 -26 1 -24 2 -22 2 -20 2 -16 4 -12 8 -9 12 -6 17 -4 23 -3 29 -4 34 -6 39 -8 42 -12 43 -16
CSI_META: ts=3996588793 rssi=-42 noise_floor=-98 channel=6 secondary_channel=0 sig_mode=0 mcs=0 rate=9 cwb=0 sgi=0 stbc=0 ant=0 len=128 rx_state=0 seq=-1 tx_mac=52:40:27:94:0a:bb
CSI_DATA: 28 -64 1 0 22 -15 26 -16 30 -19 29 -21 29 -24 27 -26 25 -27 21 -27 18 -26 15 -23 12 -18 10 -13 8 -8 8 -4 8 0 9 5 9 8 10 10 10 12 11 14 11 14 11 15 10 15 9 15 7 14 0 0 0 0 0 0 0 0 0 0 0 0 0 0 0 0 0 0 0 0 0 0 -14 9 -15 8 -16 7 -15 6 -15 5 -14 4 -13 2 -11 0 -10 -2 -8 -6 -6 -10 -4 -14 -2 -19 -2 -23 -2 -26 -4 -31 -6 -33 -8 -35 -10 -34 -12 -33 -13 -31 -13 -28 -12 -25 -8 -21 -3 -18 3 -15
CSI_META: ts=3996589084 rssi=-38 noise_floor=-98 channel=6 secondary_channel=0 sig_mode=0 mcs=0 rate=9 cwb=0 sgi=0 stbc=0 ant=0 len=128 rx_state=0 seq=-1 tx_mac=52:40:27:94:0a:bb
CSI_DATA: 28 -64 1 0 -9 19 -12 25 -13 26 -12 31 -10 32 -7 32 -5 30 -4 29 -2 25 -2 22 -2 18 -1 13 -3 10 -5 5 -8 1 -9 -2 -11 -4 -13 -6 -13 -6 -15 -7 -15 -8 -15 -8 -14 -9 -13 -9 -11 -10 0 0 0 0 0 0 0 0 0 0 0 0 0 0 0 0 0 0 0 0 0 0 0 -15 2 -16 2 -15 3 -16 3 -14 5 -13 5 -11 4 -9 6 -6 7 -3 9 1 10 5 12 8 13 12 18 15 19 16 24 18 24 17 28 16 27 13 27 11 25 10 21 8 17 8 12 9 6 11
CSI_META: ts=3996822809 rssi=-41 noise_floor=-98 channel=6 secondary_channel=0 sig_mode=0 mcs=0 rate=9 cwb=0 sgi=0 stbc=0 ant=0 len=128 rx_state=0 seq=-1 tx_mac=52:40:27:94:0a:bb
CSI_DATA: 28 -64 1 0 10 -17 11 -10 14 -4 18 2 23 5 27 7 30 6 33 4 34 2 34 0 32 -2 29 -3 25 -4 21 -4 17 -2 12 0 8 2 4 5 2 7 -1 10 -3 12 -5 14 -6 15 -7 16 -9 16 0 0 0 0 0 0 0 0 0 0 0 0 0 0 0 0 0 0 0 0 0 0 -9 -2 -10 -6 -11 -9 -12 -12 -13 -13 -14 -15 -15 -16 -16 -17 -16 -17 -15 -17 -14 -16 -12 -15 -8 -13 -4 -12 2 -12 6 -12 12 -14 17 -17 21 -21 24 -26 25 -30 25 -35 23 -37 21 -39 17 -39 14 -37
CSI_META: ts=3997731174 rssi=-37 noise_floor=-98 channel=6 secondary_channel=0 sig_mode=0 mcs=0 rate=9 cwb=0 sgi=0 stbc=0 ant=0 len=128 rx_state=0 seq=-1 tx_mac=52:40:27:94:0a:bb
CSI_DATA: 28 -64 1 0 -6 6 -5 2 -6 -2 -7 -5 -9 -7 -10 -9 -12 -11 -13 -10 -15 -11 -15 -10 -15 -9 -15 -8 -13 -7 -12 -6 -10 -5 -8 -4 -5 -3 -3 -3 -1 -3 1 -3 3 -2 5 -2 6 -2 8 -1 8 -1 0 0 0 0 0 0 0 0 0 0 0 0 0 0 0 0 0 0 0 0 0 0 5 -1 6 0 7 1 8 2 9 2 9 2 9 3 9 3 8 3 7 4 6 3 4 3 2 3 -1 4 -3 4 -6 5 -8 6 -11 8 -12 10 -13 13 -14 14 -14 16 -13 17 -12 18 -11 17 -9 16
CSI_META: ts=3998080342 rssi=-42 noise_floor=-98 channel=6 secondary_channel=0 sig_mode=0 mcs=0 rate=9 cwb=0 sgi=0 stbc=0 ant=0 len=128 rx_state=0 seq=-1 tx_mac=52:40:27:94:0a:bb
CSI_DATA: 28 -64 1 0 14 -8 12 0 12 7 14 14 17 19 20 23 24 24 26 24 29 23 29 20 29 18 27 15 24 13 20 10 15 8 9 7 4 7 -1 6 -5 5 -9 6 -13 6 -16 6 -18 6 -20 5 -21 4 0 0 0 0 0 0 0 0 0 0 0 0 0 0 0 0 0 0 0 0 0 0 -10 -4 -12 -7 -13 -10 -13 -13 -14 -14 -14 -15 -14 -16 -15 -17 -14 -17 -13 -17 -10 -16 -7 -14 -3 -12 2 -10 7 -10 13 -9 18 -9 24 -12 28 -15 32 -18 34 -22 35 -26 34 -29 32 -30 28 -30 24 -28
CSI_META: ts=3998592066 rssi=-41 noise_floor=-98 channel=6 secondary_channel=0 sig_mode=0 mcs=0 rate=9 cwb=0 sgi=0 stbc=0 ant=0 len=128 rx_state=0 seq=-1 tx_mac=52:40:27:94:0a:bb
CSI_DATA: 28 -64 1 0 -8 39 -5 35 -2 31 -2 25 -2 20 -4 15 -7 12 -11 9 -14 8 -17 8 -20 9 -22 10 -23 11 -23 13 -22 13 -20 13 -18 12 -16 10 -13 8 -12 7 -10 4 -9 2 -8 -1 -7 -4 -5 -7 0 0 0 0 0 0 0 0 0 0 0 0 0 0 0 0 0 0 0 0 0 0 8 -4 7 -1 6 2 5 5 4 8 4 11 4 14 5 17 5 20 6 22 8 24 9 24 10 23 10 22 10 20 8 18 6 16 3 14 -1 13 -6 14 -10 16 -14 19 -17 25 -19 29 -19 34 -18 39
CSI_META: ts=3999097009 rssi=-41 noise_floor=-98 channel=6 secondary_channel=0 sig_mode=0 mcs=0 rate=9 cwb=0 sgi=0 stbc=0 ant=0 len=128 rx_state=0 seq=-1 tx_mac=52:40:27:94:0a:bb
CSI_DATA: 28 -64 1 0 -39 11 -33 12 -28 11 -24 8 -20 6 -18 2 -17 -2 -18 -5 -19 -7 -21 -9 -24 -9 -25 -9 -26 -8 -26 -6 -24 -4 -23 -4 -19 -3 -17 -3 -13 -3 -11 -4 -9 -6 -7 -7 -4 -8 -2 -10 0 -12 0 0 0 0 0 0 0 0 0 0 0 0 0 0 0 0 0 0 0 0 0 0 3 11 0 9 -2 8 -5 7 -8 7 -10 6 -13 6 -16 7 -19 8 -23 10 -24 11 -24 13 -23 14 -22 14 -20 14 -19 13 -17 10 -16 8 -17 4 -20 0 -23 -3 -27 -4 -32 -5 -37 -3 -41 -1 -43 2
CSI_META: ts=3999912425 rssi=-38 noise_floor=-98 channel=6 secondary_channel=0 sig_mode=0 mcs=0 rate=9 cwb=0 sgi=0 stbc=0 ant=0 len=128 rx_state=0 seq=-1 tx_mac=52:40:27:94:0a:bb
CSI_DATA: 28 -64 1 0 -39 -12 -39 -9 -38 -6 -36 -3 -33 0 -28 1 -23 1 -18 1 -14 -1 -10 -3 -7 -7 -5 -11 -3 -14 -2 -17 -2 -19 -2 -21 -2 -20 -3 -21 -3 -19 -3 -18 -3 -17 -1 -15 -1 -13 0 -11 2 -9 0 0 0 0 0 0 0 0 0 0 0 0 0 0 0 0 0 0 0 0 0 0 11 4 10 5 7 5 5 5 2 6 -1 6 -4 7 -7 8 -11 10 -14 11 -18 13 -20 14 -20 17 -21 18 -20 19 -18 20 -17 20 -14 19 -13 16 -11 13 -11 9 -13 4 -14 -2 -18 -6 -23 -10 -27 -14
CSI_META: ts=4000296835 rssi=-38 noise_floor=-98 channel=6 secondary_channel=0 sig_mode=0 mcs=0 rate=9 cwb=0 sgi=0 stbc=0 ant=0 len=128 rx_state=0 seq=-1 tx_mac=52:40:27:94:0a:bb
CSI_DATA: 28 -64 1 0 1 19 0 24 0 27 2 29 3 30 6 30 8 28 8 26 9 22 8 19 7 15 4 12 1 9 -3 6 -6 4 -9 3 -10 2 -13 1 -14 1 -16 0 -16 0 -16 0 -15 -1 -15 -2 -13 -3 0 0 0 0 0 0 0 0 0 0 0 0 0 0 0 0 0 0 0 0 0 0 -5 -13 -4 -15 -2 -16 -3 -16 -1 -15 -1 -15 0 -13 1 -12 2 -9 3 -7 6 -4 8 -2 11 2 14 4 19 6 22 8 25 8 27 6 29 4 29 2 29 1 27 0 24 -1 19 0 16 2 11 5
CSI_META: ts=4001681469 rssi=-38 noise_floor=-98 channel=6 secondary_channel=0 sig_mode=0 mcs=0 rate=9 cwb=0 sgi=0 stbc=0 ant=0 len=128 rx_state=0 seq=-1 tx_mac=52:40:27:94:0a:bb
CSI_DATA: 28 -64 1 0 -13 9 -13 3 -13 -2 -15 -7 -18 -11 -21 -12 -24 -14 -26 -13 -28 -12 -29 -10 -28 -9 -26 -7 -23 -5 -20 -4 -17 -4 -13 -4 -9 -4 -5 -5 -2 -6 1 -7 3 -9 6 -9 8 -10 9 -11 12 -10 0 0 0 0 0 0 0 0 0 0 0 0 0 0 0 0 0 0 0 0 0 0 8 5 8 7 9 10 9 11 9 13 10 13 9 14 9 14 9 14 8 14 5 12 3 11 0 10 -4 9 -8 8 -12 7 -16 8 -21 11 -24 13 -26 17 -27 20 -27 23 -28 26 -26 26 -23 27 -19 25
CSI_META: ts=4002011660 rssi=-37 noise_floor=-98 channel=6 secondary_channel=0 sig_mode=0 mcs=0 rate=9 cwb=0 sgi=0 stbc=0 ant=0 len=128 rx_state=0 seq=-1 tx_mac=52:40:27:94:0a:bb
CSI_DATA: 28 -64 1 0 -5 -22 -5 -26 -6 -29 -9 -30 -11 -31 -13 -30 -13 -27 -14 -24 -13 -21 -12 -18 -9 -14 -6 -11 -3 -8 1 -6 5 -5 8 -4 10 -4 12 -4 13 -3 14 -3 15 -3 15 -3 14 -2 14 -1 12 0 0 0 0 0 0 0 0 0 0 0 0 0 0 0 0 0 0 0 0 0 0 0 7 11 6 12 5 13 4 13 4 13 2 12 1 10 -1 9 -2 7 -5 5 -8 3 -12 1 -15 -1 -18 -3 -21 -3 -25 -3 -27 -2 -29 -1 -30 1 -30 3 -27 5 -25 5 -22 3 -19 1 -14 -1 -10 -6
CSI_META: ts=4002683780 rssi=-38 noise_floor=-98 channel=6 secondary_channel=0 sig_mode=0 mcs=0 rate=9 cwb=0 sgi=0 stbc=0 ant=0 len=128 rx_state=0 seq=-1 tx_mac=52:40:27:94:0a:bb
CSI_DATA: 28 -64 1 0 -19 -11 -17 -8 -13 -7 -10 -6 -7 -5 -4 -5 -1 -6 1 -7 4 -9 5 -10 5 -12 5 -13 5 -14 5 -14 4 -14 3 -13 3 -11 2 -10 2 -8 2 -7 2 -5 2 -3 2 -1 2 1 2 2 0 0 0 0 0 0 0 0 0 0 0 0 0 0 0 0 0 0 0 0 0 0 1 2 -1 3 -3 3 -4 3 -6 3 -7 4 -8 4 -10 5 -11 6 -12 6 -12 6 -12 6 -11 6 -10 5 -9 4 -8 3 -7 0 -6 -2 -6 -4 -6 -8 -8 -11 -9 -13 -11 -15 -14 -17 -16 -17 -18 -17
CSI_META: ts=4002687790 rssi=-42 noise_floor=-98 channel=6 secondary_channel=0 sig_mode=0 mcs=0 rate=9 cwb=0 sgi=0 stbc=0 ant=0 len=128 rx_state=0 seq=-1 tx_mac=52:40:27:94:0a:bb
CSI_DATA: 28 -64 1 0 34 28 30 23 25 19 19 14 13 12 7 11 0 12 -6 13 -10 15 -13 18 -15 21 -16 24 -16 25 -16 27 -15 27 -13 26 -11 22 -10 20 -8 16 -8 13 -7 10 -7 6 -6 3 -6 -1 -5 -5 0 0 0 0 0 0 0 0 0 0 0 0 0 0 0 0 0 0 0 0 0 0 0 -8 4 -8 7 -8 10 -7 13 -8 16 -7 19 -8 21 -9 24 -9 25 -10 26 -10 25 -10 23 -9 20 -8 18 -6 15 -3 12 1 11 6 9 12 10 19 11 24 15 30 18 36 23 39 28 40 32 40
CSI_META: ts=4003060050 rssi=-37 noise_floor=-98 channel=6 secondary_channel=0 sig_mode=0 mcs=0 rate=9 cwb=0 sgi=0 stbc=0 ant=0 len=128 rx_state=0 seq=-1 tx_mac=52:40:27:94:0a:bb
CSI_DATA: 28 -64 1 0 32 -17 27 -16 20 -13 16 -9 12 -3 10 2 10 8 9 11 11 15 14 18 16 19 17 19 18 18 19 17 18 15 16 13 14 10 10 8 6 6 2 5 -1 5 -4 4 -7 4 -10 3 -12 2 0 0 0 0 0 0 0 0 0 0 0 0 0 0 0 0 0 0 0 0 0 0 -10 1 -8 -1 -6 -3 -4 -6 -2 -8 0 -11 2 -13 3 -17 4 -19 4 -23 4 -25 3 -25 3 -25 2 -24 2 -21 1 -18 2 -14 4 -10 9 -7 14 -4 19 -1 24 -1 30 -3 35 -4 40 -7 42 -12
CSI_META: ts=4003506931 rssi=-42 noise_floor=-98 channel=6 secondary_channel=0 sig_mode=0 mcs=0 rate=9 cwb=0 sgi=0 stbc=0 ant=0 len=128 rx_state=0 seq=-1 tx_mac=52:40:27:94:0a:bb
CSI_DATA: 28 -64 1 0 9 -25 12 -29 14 -33 12 -35 11 -37 8 -38 6 -37 4 -35 2 -32 1 -28 0 -23 0 -19 2 -14 4 -10 7 -6 10 -3 12 0 14 1 15 3 16 4 17 4 17 5 17 6 16 7 15 8 0 0 0 0 0 0 0 0 0 0 0 0 0 0 0 0 0 0 0 0 0 0 -7 16 -9 15 -10 14 -10 13 -10 12 -10 10 -10 7 -10 4 -10 1 -10 -3 -10 -7 -11 -12 -12 -16 -14 -20 -17 -22 -20 -25 -23 -26 -25 -26 -27 -24 -29 -22 -28 -20 -26 -17 -23 -16 -18 -15 -13 -14 -6 -16
CSI_META: ts=4003862531 rssi=-38 noise_floor=-98 channel=6 secondary_channel=0 sig_mode=0 mcs=0 rate=9 cwb=0 sgi=0 stbc=0 ant=0 len=128 rx_state=0 seq=-1 tx_mac=52:40:27:94:0a:bb
CSI_DATA: 28 -64 1 0 7 -21 5 -19 4 -16 3 -11 3 -8 3 -5 5 -2 6 0 9 2 11 3 12 3 14 3 14 3 15 2 14 1 13 1 12 1 9 0 7 0 5 1 3 1 2 2 0 2 -2 3 -4 3 0 0 0 0 0 0 0 0 0 0 0 0 0 0 0 0 0 0 0 0 0 0 -2 2 -3 1 -4 -1 -4 -3 -5 -4 -6 -6 -7 -7 -8 -8 -9 -9 -10 -10 -11 -11 -11 -11 -10 -10 -9 -9 -9 -8 -7 -7 -4 -6 -2 -6 2 -6 4 -7 7 -9 10 -12 12 -14 13 -17 14 -19 13 -22
CSI_META: ts=4004019241 rssi=-41 noise_floor=-98 channel=6 secondary_channel=0 sig_mode=0 mcs=0 rate=9 cwb=0 sgi=0 stbc=0 ant=0 len=128 rx_state=0 seq=-1 tx_mac=52:40:27:94:0a:bb
CSI_DATA: 28 -64 1 0 18 -20 21 -21 25 -25 25 -27 24 -30 22 -32 20 -32 17 -32 13 -30 11 -26 8 -22 7 -17 7 -12 8 -8 9 -3 10 1 12 4 13 7 14 8 14 10 15 10 15 11 14 12 13 12 11 13 0 0 0 0 0 0 0 0 0 0 0 0 0 0 0 0 0 0 0 0 0 0 -14 11 -16 10 -16 9 -16 8 -16 7 -15 5 -14 4 -13 2 -11 -1 -9 -5 -8 -9 -6 -14 -5 -18 -5 -23 -6 -27 -8 -31 -10 -33 -13 -35 -15 -34 -17 -33 -18 -31 -18 -28 -17 -26 -13 -23 -8 -19 -2 -18
CSI_META: ts=4004280309 rssi=-38 noise_floor=-98 channel=6 secondary_channel=0 sig_mode=0 mcs=0 rate=9 cwb=0 sgi=0 stbc=0 ant=0 len=128 rx_state=0 seq=-1 tx_mac=52:40:27:94:0a:bb
CSI_DATA: 28 -64 1 0 -18 6 -15 2 -13 -3 -14 -8 -15 -12 -17 -15 -20 -16 -22 -16 -24 -16 -24 -14 -24 -13 -24 -11 -23 -9 -21 -7 -17 -6 -14 -6 -10 -5 -6 -6 -3 -6 0 -7 2 -9 4 -9 6 -10 8 -11 10 -10 0 0 0 0 0 0 0 0 0 0 0 0 0 0 0 0 0 0 0 0 0 0 3 9 1 11 0 13 0 15 -1 15 -1 16 -2 17 -1 17 -1 17 -2 17 -3 15 -4 12 -5 10 -8 7 -10 4 -14 2 -18 1 -22 1 -27 2 -30 4 -32 6 -34 9 -35 12 -34 14 -32 16 -29 16
CSI_META: ts=4005306596 rssi=-37 noise_floor=-98 channel=6 secondary_channel=0 sig_mode=0 mcs=0 rate=9 cwb=0 sgi=0 stbc=0 ant=0 len=128 rx_state=0 seq=-1 tx_mac=52:40:27:94:0a:bb
CSI_DATA: 28 -64 1 0 33 14 29 10 24 9 19 7 14 7 9 7 5 10 1 13 0 15 -2 18 -1 21 -1 23 0 24 1 25 2 24 2 22 2 19 2 16 1 14 0 11 -1 9 -3 6 -4 4 -6 1 -7 -1 0 0 0 0 0 0 0 0 0 0 0 0 0 0 0 0 0 0 0 0 0 0 -1 -7 2 -7 4 -6 6 -6 9 -6 12 -5 14 -5 17 -6 18 -7 20 -8 21 -8 21 -8 20 -8 18 -8 16 -7 14 -5 13 -2 11 1 11 5 12 11 14 15 17 18 19 23 25 24 29 25 32 24
CSI_META: ts=4005511645 rssi=-37 noise_floor=-98 channel=6 secondary_channel=0 sig_mode=0 mcs=0 rate=9 cwb=0 sgi=0 stbc=0 ant=0 len=128 rx_state=0 seq=-1 tx_mac=52:40:27:94:0a:bb
CSI_DATA: 28 -64 1 0 -20 7 -17 8 -14 7 -11 5 -9 3 -8 0 -7 -2 -7 -4 -7 -6 -9 -8 -10 -9 -11 -10 -12 -9 -12 -9 -12 -8 -12 -8 -11 -6 -9 -6 -8 -5 -6 -4 -5 -4 -3 -4 -1 -4 0 -4 2 -4 0 0 0 0 0 0 0 0 0 0 0 0 0 0 0 0 0 0 0 0 0 0 2 2 0 3 -1 4 -2 4 -3 5 -4 6 -5 7 -6 8 -6 9 -7 10 -7 11 -7 10 -6 11 -6 10 -5 8 -5 7 -6 5 -7 3 -8 1 -10 -1 -13 -2 -16 -2 -18 -1 -20 0 -23 1 -23 3
CSI_META: ts=4005554951 rssi=-37 noise_floor=-98 channel=6 secondary_channel=0 sig_mode=0 mcs=0 rate=9 cwb=0 sgi=0 stbc=0 ant=0 len=128 rx_state=0 seq=-1 tx_mac=52:40:27:94:0a:bb
CSI_DATA: 28 -64 1 0 2 13 2 15 2 17 3 18 4 18 6 18 7 17 8 15 8 13 7 11 6 9 5 8 3 6 1 5 -2 4 -4 4 -5 3 -7 3 -8 3 -9 3 -10 2 -10 3 -10 2 -10 2 -10 1 0 0 0 0 0 0 0 0 0 0 0 0 0 0 0 0 0 0 0 0 0 0 -1 -9 0 -9 1 -9 1 -9 2 -8 2 -7 2 -6 3 -5 4 -4 4 -2 6 0 7 2 8 3 10 5 12 5 13 6 15 6 16 5 17 4 17 3 17 1 16 1 14 1 11 1 9 3 7 5
CSI_META: ts=4005783953 rssi=-37 noise_floor=-98 channel=6 secondary_channel=0 sig_mode=0 mcs=0 rate=9 cwb=0 sgi=0 stbc=0 ant=0 len=128 rx_state=0 seq=-1 tx_mac=52:40:27:94:0a:bb
CSI_DATA: 28 -64 1 0 -28 22 -22 21 -18 18 -15 13 -12 9 -12 4 -12 0 -13 -4 -16 -7 -18 -9 -21 -10 -22 -9 -23 -9 -23 -7 -23 -6 -21 -5 -19 -4 -16 -3 -12 -4 -10 -3 -8 -4 -4 -5 -2 -6 1 -8 4 -8 0 0 0 0 0 0 0 0 0 0 0 0 0 0 0 0 0 0 0 0 0 0 7 1 4 3 2 6 0 7 -1 10 -3 12 -4 13 -5 16 -5 19 -5 21 -5 22 -4 23 -3 22 -3 21 -3 18 -3 15 -5 12 -7 9 -10 7 -15 5 -20 5 -25 6 -29 7 -33 10 -35 15 -36 19
CSI_META: ts=4011091819 rssi=-38 noise_floor=-98 channel=6 secondary_channel=0 sig_mode=0 mcs=0 rate=9 cwb=0 sgi=0 stbc=0 ant=0 len=128 rx_state=0 seq=-1 tx_mac=52:40:27:94:0a:bb
CSI_DATA: 28 -64 1 0 9 -9 11 -11 13 -13 13 -13 13 -15 12 -16 11 -16 9 -15 8 -14 6 -13 4 -10 4 -8 4 -5 3 -2 4 0 4 3 5 4 5 5 5 6 5 7 5 7 5 8 5 8 4 7 3 7 0 0 0 0 0 0 0 0 0 0 0 0 0 0 0 0 0 0 0 0 0 0 -4 7 -5 7 -5 7 -6 7 -6 6 -6 6 -6 5 -5 4 -5 3 -5 0 -5 -2 -4 -5 -5 -7 -5 -10 -6 -12 -7 -14 -9 -15 -10 -16 -11 -15 -12 -15 -12 -14 -12 -12 -11 -11 -8 -10 -5 -8 -2 -8
CSI_META: ts=4012895782 rssi=-43 noise_floor=-98 channel=6 secondary_channel=0 sig_mode=0 mcs=0 rate=9 cwb=0 sgi=0 stbc=0 ant=0 len=128 rx_state=0 seq=-1 tx_mac=52:40:27:94:0a:bb
CSI_DATA: 28 -64 1 0 13 -14 14 -8 16 -4 19 0 23 2 26 3 28 2 30 0 31 -2 30 -5 28 -6 26 -7 23 -7 20 -7 16 -6 13 -3 10 -1 7 2 5 4 3 7 2 10 1 12 0 14 -1 15 -2 16 0 0 0 0 0 0 0 0 0 0 0 0 0 0 0 0 0 0 0 0 0 0 -9 -9 -8 -12 -8 -14 -8 -16 -8 -17 -8 -17 -7 -18 -7 -18 -7 -18 -5 -18 -4 -16 -2 -15 2 -13 5 -12 9 -11 13 -12 17 -12 21 -15 24 -18 26 -21 26 -24 25 -28 24 -30 21 -32 18 -31 16 -29
CSI_META: ts=4014235030 rssi=-38 noise_floor=-98 channel=6 secondary_channel=0 sig_mode=0 mcs=0 rate=9 cwb=0 sgi=0 stbc=0 ant=0 len=128 rx_state=0 seq=-1 tx_mac=52:40:27:94:0a:bb
CSI_DATA: 28 -64 1 0 9 2 6 4 3 6 2 8 1 10 0 13 1 14 1 15 2 16 3 16 4 15 5 14 5 13 4 11 3 9 2 7 1 5 -1 3 -2 2 -4 1 -5 0 -6 0 -7 -1 -8 -2 -9 -3 0 0 0 0 0 0 0 0 0 0 0 0 0 0 0 0 0 0 0 0 0 0 0 -7 1 -8 2 -9 2 -9 3 -9 4 -10 4 -10 4 -10 4 -10 4 -9 4 -8 4 -6 4 -4 5 -2 6 0 7 3 9 5 11 6 13 7 16 7 18 7 19 6 20 5 20 3 19 2 18 1
CSI_META: ts=4014235342 rssi=-42 noise_floor=-98 channel=6 secondary_channel=0 sig_mode=0 mcs=0 rate=9 cwb=0 sgi=0 stbc=0 ant=0 len=128 rx_state=0 seq=-1 tx_mac=52:40:27:94:0a:bb
CSI_DATA: 28 -64 1 0 15 9 10 11 4 14 1 17 -2 21 -3 24 -2 28 -3 30 1 30 3 30 5 29 6 27 6 25 4 21 4 18 2 14 0 10 -3 7 -5 4 -7 2 -9 0 -12 -1 -14 -2 -15 -4 -16 -6 0 0 0 0 0 0 0 0 0 0 0 0 0 0 0 0 0 0 0 0 0 0 3 -12 6 -13 8 -13 10 -14 11 -14 12 -15 12 -14 13 -15 13 -14 12 -13 12 -11 11 -8 10 -5 10 0 11 5 13 9 15 14 18 17 22 19 25 21 30 21 32 20 35 17 36 14 36 11 33 9
CSI_META: ts=4014444438 rssi=-42 noise_floor=-98 channel=6 secondary_channel=0 sig_mode=0 mcs=0 rate=9 cwb=0 sgi=0 stbc=0 ant=0 len=128 rx_state=0 seq=-1 tx_mac=52:40:27:94:0a:bb
CSI_DATA: 28 -64 1 0 -10 23 -12 27 -13 30 -11 32 -8 33 -6 33 -4 32 -2 30 0 26 0 23 0 18 -1 14 -3 10 -6 7 -8 4 -11 1 -13 -1 -15 -2 -16 -2 -17 -3 -18 -3 -18 -3 -18 -4 -17 -5 -15 -6 0 0 0 0 0 0 0 0 0 0 0 0 0 0 0 0 0 0 0 0 0 0 7 -14 9 -14 9 -13 9 -12 9 -11 10 -9 9 -7 9 -5 9 -2 9 1 9 5 9 9 10 13 12 16 14 19 16 22 18 23 21 23 23 21 24 20 23 18 22 15 19 14 15 13 9 13 4 14
CSI_META: ts=4014770942 rssi=-43 noise_floor=-98 channel=6 secondary_channel=0 sig_mode=0 mcs=0 rate=9 cwb=0 sgi=0 stbc=0 ant=0 len=128 rx_state=0 seq=-1 tx_mac=52:40:27:94:0a:bb
CSI_DATA: 28 -64 1 0 -39 -22 -39 -18 -39 -15 -36 -10 -33 -7 -29 -5 -23 -4 -18 -4 -14 -6 -10 -9 -8 -12 -6 -15 -5 -18 -5 -21 -5 -23 -6 -24 -6 -23 -7 -23 -7 -21 -7 -19 -6 -18 -5 -16 -4 -14 -1 -12 1 -9 0 0 0 0 0 0 0 0 0 0 0 0 0 0 0 0 0 0 0 0 0 0 2 13 0 12 -2 10 -4 9 -6 7 -8 5 -10 4 -13 3 -17 2 -21 1 -23 0 -26 1 -28 2 -29 3 -28 5 -28 6 -26 6 -24 7 -21 5 -20 3 -18 -1 -18 -5 -18 -11 -20 -16 -24 -20 -27 -24
CSI_META: ts=4014985903 rssi=-42 noise_floor=-98 channel=6 secondary_channel=0 sig_mode=0 mcs=0 rate=9 cwb=0 sgi=0 stbc=0 ant=0 len=128 rx_state=0 seq=-1 tx_mac=52:40:27:94:0a:bb
CSI_DATA: 28 -64 1 0 19 -12 23 -13 26 -15 27 -17 27 -19 26 -21 24 -23 21 -23 18 -22 15 -20 12 -16 10 -13 9 -9 8 -5 8 -1 8 3 8 6 9 8 9 10 10 11 10 12 10 13 9 13 8 13 7 13 0 0 0 0 0 0 0 0 0 0 0 0 0 0 0 0 0 0 0 0 0 0 -16 5 -17 4 -17 3 -17 2 -16 2 -16 1 -14 0 -12 -1 -10 -3 -8 -6 -5 -9 -2 -12 0 -16 2 -20 2 -24 2 -28 0 -30 -2 -33 -4 -33 -6 -33 -8 -32 -8 -29 -8 -27 -6 -23 -3 -19 2 -16
CSI_META: ts=4015242909 rssi=-43 noise_floor=-98 channel=6 secondary_channel=0 sig_mode=0 mcs=0 rate=9 cwb=0 sgi=0 stbc=0 ant=0 len=128 rx_state=0 seq=-1 tx_mac=52:40:27:94:0a:bb
CSI_DATA: 28 -64 1 0 -1 14 -2 16 -2 19 -1 20 1 21 2 21 4 20 4 18 5 16 5 14 4 11 3 9 1 7 -1 5 -3 4 -5 3 -7 1 -8 1 -9 0 -10 0 -11 0 -12 0 -12 -1 -11 -1 -11 -2 0 0 0 0 0 0 0 0 0 0 0 0 0 0 0 0 0 0 0 0 0 0 0 -10 1 -10 2 -10 2 -10 3 -9 3 -8 3 -7 4 -6 4 -4 5 -2 6 1 7 3 8 5 10 7 12 8 14 9 15 9 17 8 18 7 18 6 18 4 16 4 14 4 12 4 9 4 6 6
CSI_META: ts=4015643610 rssi=-38 noise_floor=-98 channel=6 secondary_channel=0 sig_mode=0 mcs=0 rate=9 cwb=0 sgi=0 stbc=0 ant=0 len=128 rx_state=0 seq=-1 tx_mac=52:40:27:94:0a:bb
CSI_DATA: 28 -64 1 0 -8 -9 -9 -11 -9 -13 -11 -14 -12 -14 -13 -13 -13 -12 -13 -10 -12 -9 -11 -8 -10 -6 -8 -5 -6 -5 -4 -5 -2 -5 0 -5 2 -5 3 -5 4 -6 5 -6 6 -6 6 -7 6 -6 6 -6 6 -5 0 0 0 0 0 0 0 0 0 0 0 0 0 0 0 0 0 0 0 0 0 0 4 6 3 7 3 7 2 8 2 7 2 6 1 6 0 5 -2 4 -3 3 -5 2 -7 1 -9 0 -11 0 -13 0 -15 1 -15 1 -17 3 -17 4 -17 5 -16 6 -14 6 -13 5 -11 4 -10 2 -8 -1
CSI_META: ts=4016163583 rssi=-38 noise_floor=-98 channel=6 secondary_channel=0 sig_mode=0 mcs=0 rate=9 cwb=0 sgi=0 stbc=0 ant=0 len=128 rx_state=0 seq=-1 tx_mac=52:40:27:94:0a:bb
CSI_DATA: 28 -64 1 0 -16 -17 -17 -20 -20 -23 -22 -23 -25 -23 -26 -22 -26 -19 -25 -15 -24 -13 -21 -11 -18 -9 -14 -8 -10 -7 -5 -7 -2 -7 2 -8 5 -9 6 -9 9 -10 10 -11 11 -11 12 -12 12 -11 12 -10 12 -8 0 0 0 0 0 0 0 0 0 0 0 0 0 0 0 0 0 0 0 0 0 0 11 9 10 10 9 11 8 11 7 11 6 10 3 9 2 9 -1 8 -4 6 -8 6 -12 4 -15 4 -20 4 -22 6 -26 7 -27 9 -28 11 -28 12 -27 14 -25 15 -23 15 -21 12 -17 10 -16 4 -14 -1
CSI_META: ts=4017445069 rssi=-42 noise_floor=-98 channel=6 secondary_channel=0 sig_mode=0 mcs=0 rate=9 cwb=0 sgi=0 stbc=0 ant=0 len=128 rx_state=0 seq=-1 tx_mac=52:40:27:94:0a:bb
CSI_DATA: 28 -64 1 0 -9 -25 -10 -29 -11 -32 -14 -34 -16 -33 -19 -32 -19 -29 -19 -26 -19 -22 -17 -19 -14 -15 -10 -12 -6 -10 -1 -9 3 -9 7 -9 10 -8 12 -9 13 -9 15 -9 15 -9 16 -9 16 -8 15 -7 15 -5 0 0 0 0 0 0 0 0 0 0 0 0 0 0 0 0 0 0 0 0 0 0 4 15 2 16 2 16 0 15 0 15 -1 13 -3 11 -4 9 -6 7 -8 4 -11 1 -14 -2 -18 -4 -22 -5 -25 -6 -29 -6 -31 -5 -33 -4 -34 -1 -34 1 -32 3 -29 4 -25 2 -21 1 -17 -3 -13 -8
CSI_META: ts=4017693108 rssi=-38 noise_floor=-98 channel=6 secondary_channel=0 sig_mode=0 mcs=0 rate=9 cwb=0 sgi=0 stbc=0 ant=0 len=128 rx_state=0 seq=-1 tx_mac=52:40:27:94:0a:bb
CSI_DATA: 28 -64 1 0 16 -35 14 -35 11 -36 7 -33 5 -31 3 -28 2 -23 1 -18 2 -13 4 -9 6 -5 9 -1 11 1 15 2 16 4 18 4 18 4 19 5 18 4 16 4 15 4 14 4 11 4 8 5 6 4 0 0 0 0 0 0 0 0 0 0 0 0 0 0 0 0 0 0 0 0 0 0 -2 12 -3 10 -3 8 -4 5 -5 3 -6 -1 -7 -3 -9 -6 -9 -9 -12 -12 -13 -15 -15 -17 -18 -18 -19 -19 -20 -18 -22 -17 -20 -15 -20 -14 -17 -11 -14 -10 -9 -9 -4 -10 1 -13 7 -15 11 -19 15 -24
CSI_META: ts=4018340885 rssi=-42 noise_floor=-98 channel=6 secondary_channel=0 sig_mode=0 mcs=0 rate=9 cwb=0 sgi=0 stbc=0 ant=0 len=128 rx_state=0 seq=-1 tx_mac=52:40:27:94:0a:bb
CSI_DATA: 28 -64 1 0 21 -19 24 -21 26 -24 26 -26 24 -28 22 -29 18 -29 15 -29 11 -26 9 -23 7 -18 7 -13 7 -8 9 -4 10 0 12 3 13 6 15 7 15 8 16 9 16 9 16 8 15 8 14 9 12 9 0 0 0 0 0 0 0 0 0 0 0 0 0 0 0 0 0 0 0 0 0 0 -16 5 -18 4 -17 3 -17 2 -16 1 -16 0 -14 -1 -12 -3 -10 -5 -8 -8 -6 -11 -3 -15 -2 -19 -1 -23 -1 -26 -2 -30 -3 -32 -6 -34 -8 -33 -10 -32 -11 -31 -10 -27 -10 -25 -6 -21 -2 -18 5 -17
CSI_META: ts=4018355269 rssi=-42 noise_floor=-98 channel=6 secondary_channel=0 sig_mode=0 mcs=0 rate=9 cwb=0 sgi=0 stbc=0 ant=0 len=128 rx_state=0 seq=-1 tx_mac=52:40:27:94:0a:bb
CSI_DATA: 28 -64 1 0 0 -18 5 -14 12 -14 16 -13 21 -15 23 -17 24 -20 24 -23 22 -25 20 -26 17 -25 13 -23 11 -20 9 -17 8 -12 7 -7 7 -3 7 1 8 4 9 7 10 9 11 11 11 13 11 14 10 15 0 0 0 0 0 0 0 0 0 0 0 0 0 0 0 0 0 0 0 0 0 0 -10 2 -12 0 -14 -2 -16 -3 -17 -5 -18 -5 -19 -6 -20 -6 -20 -6 -19 -7 -17 -7 -15 -8 -11 -8 -7 -10 -4 -13 -1 -17 1 -21 2 -25 3 -29 2 -33 -1 -37 -3 -38 -7 -39 -9 -38 -10 -35 -10 -32
CSI_META: ts=4019301676 rssi=-41 noise_floor=-98 channel=6 secondary_channel=0 sig_mode=0 mcs=0 rate=9 cwb=0 sgi=0 stbc=0 ant=0 len=128 rx_state=0 seq=-1 tx_mac=52:40:27:94:0a:bb
CSI_DATA: 28 -64 1 0 24 -1 29 1 33 0 35 -1 36 -3 36 -6 35 -8 31 -11 28 -11 23 -11 19 -8 16 -6 12 -2 10 1 8 5 6 9 6 12 5 14 5 15 4 16 4 17 4 17 3 17 2 16 0 15 0 0 0 0 0 0 0 0 0 0 0 0 0 0 0 0 0 0 0 0 0 0 -17 -5 -18 -7 -17 -8 -18 -9 -17 -9 -16 -9 -14 -9 -12 -9 -9 -9 -5 -10 -1 -11 3 -12 7 -14 11 -17 15 -20 17 -24 17 -27 18 -31 16 -33 14 -34 12 -34 9 -33 7 -30 7 -25 8 -20 11 -14
CSI_META: ts=4020565997 rssi=-37 noise_floor=-98 channel=6 secondary_channel=0 sig_mode=0 mcs=0 rate=9 cwb=0 sgi=0 stbc=0 ant=0 len=128 rx_state=0 seq=-1 tx_mac=52:40:27:94:0a:bb
CSI_DATA: 28 -64 1 0 -1 15 -5 9 -9 5 -14 1 -19 0 -23 -1 -26 -1 -28 1 -30 3 -30 4 -29 5 -27 6 -24 6 -21 6 -18 5 -14 3 -10 1 -7 -1 -4 -4 -2 -6 1 -8 3 -10 4 -11 7 -12 9 -12 0 0 0 0 0 0 0 0 0 0 0 0 0 0 0 0 0 0 0 0 0 0 9 -5 12 -5 14 -4 15 -4 17 -2 18 -2 18 -2 18 -2 17 -1 16 -1 13 1 10 2 7 4 3 7 0 10 -3 14 -5 18 -7 22 -8 26 -7 32 -6 34 -3 36 -2 38 0 38 2 36 4 33
CSI_META: ts=4020921458 rssi=-42 noise_floor=-98 channel=6 secondary_channel=0 sig_mode=0 mcs=0 rate=9 cwb=0 sgi=0 stbc=0 ant=0 len=128 rx_state=0 seq=-1 tx_mac=52:40:27:94:0a:bb
CSI_DATA: 28 -64 1 0 25 0 30 1 36 1 38 -1 40 -2 41 -5 39 -7 37 -10 34 -10 29 -10 24 -9 19 -6 14 -3 10 -1 6 3 2 7 -1 10 -3 12 -4 14 -6 16 -7 17 -9 18 -9 18 -11 17 -12 15 0 0 0 0 0 0 0 0 0 0 0 0 0 0 0 0 0 0 0 0 0 0 -13 14 -14 13 -15 12 -15 10 -14 8 -13 6 -11 4 -10 1 -8 -2 -6 -7 -3 -11 -1 -16 1 -21 3 -26 3 -30 2 -35 1 -37 -1 -40 -3 -40 -5 -39 -7 -37 -7 -34 -7 -30 -4 -24 0 -18 5 -12
CSI_META: ts=4023065938 rssi=-38 noise_floor=-98 channel=6 secondary_channel=0 sig_mode=0 mcs=0 rate=9 cwb=0 sgi=0 stbc=0 ant=0 len=128 rx_state=0 seq=-1 tx_mac=52:40:27:94:0a:bb
CSI_DATA: 28 -64 1 0 14 9 7 9 1 11 -1 12 -5 16 -7 18 -7 21 -8 23 -6 25 -6 26 -4 25 -3 24 -1 22 -1 19 -1 16 -1 12 -2 9 -4 6 -4 3 -6 0 -8 -1 -9 -4 -10 -5 -11 -7 -11 -9 0 0 0 0 0 0 0 0 0 0 0 0 0 0 0 0 0 0 0 0 0 0 4 -9 6 -10 8 -11 10 -12 11 -12 11 -13 12 -13 12 -13 12 -13 12 -12 11 -10 10 -7 9 -3 8 0 8 4 9 9 10 13 13 17 15 19 20 21 22 22 26 22 27 21 29 20 30 17 28 14
CSI_META: ts=4023587902 rssi=-41 noise_floor=-98 channel=6 secondary_channel=0 sig_mode=0 mcs=0 rate=9 cwb=0 sgi=0 stbc=0 ant=0 len=128 rx_state=0 seq=-1 tx_mac=52:40:27:94:0a:bb
CSI_DATA: 28 -64 1 0 39 -6 33 -8 27 -6 21 -4 17 -1 13 4 11 9 10 13 11 17 13 20 15 21 17 22 18 21 19 20 18 18 17 16 15 13 12 11 8 9 6 8 2 7 -1 6 -4 6 -7 6 -10 5 0 0 0 0 0 0 0 0 0 0 0 0 0 0 0 0 0 0 0 0 0 0 -6 -7 -3 -7 0 -8 3 -9 6 -10 9 -11 12 -12 14 -14 16 -16 18 -18 19 -20 18 -20 17 -20 15 -19 14 -17 12 -14 11 -9 12 -6 14 -1 18 4 22 7 28 9 33 10 39 9 44 7 46 4
CSI_META: ts=4023680063 rssi=-42 noise_floor=-98 channel=6 secondary_channel=0 sig_mode=0 mcs=0 rate=9 cwb=0 sgi=0 stbc=0 ant=0 len=128 rx_state=0 seq=-1 tx_mac=52:40:27:94:0a:bb
CSI_DATA: 28 -64 1 0 10 14 4 13 -3 14 -7 15 -11 17 -13 20 -14 23 -15 26 -14 27 -13 28 -10 28 -9 26 -7 24 -5 21 -5 18 -4 14 -5 9 -6 5 -7 2 -8 -1 -9 -3 -10 -6 -11 -8 -12 -10 -12 -12 0 0 0 0 0 0 0 0 0 0 0 0 0 0 0 0 0 0 0 0 0 0 9 -7 11 -7 13 -7 15 -7 16 -7 17 -7 17 -7 17 -7 17 -7 16 -5 15 -3 13 -1 10 2 8 5 7 9 6 14 6 19 7 24 9 27 13 30 16 32 20 32 22 33 24 31 25 28 23 24
CSI_META: ts=4023909671 rssi=-38 noise_floor=-98 channel=6 secondary_channel=0 sig_mode=0 mcs=0 rate=9 cwb=0 sgi=0 stbc=0 ant=0 len=128 rx_state=0 seq=-1 tx_mac=52:40:27:94:0a:bb
CSI_DATA: 28 -64 1 0 -22 -1 -18 0 -15 0 -11 -1 -8 -2 -7 -4 -5 -7 -4 -9 -4 -11 -5 -13 -6 -14 -7 -14 -8 -14 -8 -13 -8 -12 -8 -11 -6 -9 -5 -8 -3 -6 -2 -4 -1 -4 1 -3 3 -3 4 -2 6 -2 0 0 0 0 0 0 0 0 0 0 0 0 0 0 0 0 0 0 0 0 0 0 3 3 1 3 -1 3 -3 4 -4 4 -6 4 -7 5 -9 6 -10 7 -11 8 -12 8 -11 8 -11 9 -10 8 -9 7 -7 6 -7 4 -7 1 -8 -1 -9 -4 -12 -6 -15 -8 -17 -9 -20 -9 -23 -8 -24 -6
CSI_META: ts=4024294469 rssi=-43 noise_floor=-98 channel=6 secondary_channel=0 sig_mode=0 mcs=0 rate=9 cwb=0 sgi=0 stbc=0 ant=0 len=128 rx_state=0 seq=-1 tx_mac=52:40:27:94:0a:bb
CSI_DATA: 28 -64 1 0 5 14 5 16 6 18 8 19 10 19 11 18 12 16 11 14 11 12 10 10 8 8 6 6 4 5 1 4 -2 4 -4 4 -6 3 -7 4 -8 4 -9 4 -10 4 -11 4 -10 3 -10 3 -10 2 0 0 0 0 0 0 0 0 0 0 0 0 0 0 0 0 0 0 0 0 0 0 -5 -9 -4 -10 -3 -10 -2 -9 -2 -9 -1 -8 0 -6 1 -6 3 -4 5 -3 7 -1 9 0 11 1 13 1 15 1 17 1 18 1 19 -1 19 -2 19 -3 17 -4 16 -4 13 -3 11 -1 9 1 7 4
CSI_META: ts=4024434112 rssi=-43 noise_floor=-98 channel=6 secondary_channel=0 sig_mode=0 mcs=0 rate=9 cwb=0 sgi=0 stbc=0 ant=0 len=128 rx_state=0 seq=-1 tx_mac=52:40:27:94:0a:bb
CSI_DATA: 28 -64 1 0 15 14 11 18 8 24 9 27 10 31 12 32 15 33 17 32 20 29 20 26 20 22 18 18 15 15 11 13 7 11 2 11 -2 10 -6 10 -8 11 -10 12 -12 13 -13 14 -14 14 -14 13 -14 12 0 0 0 0 0 0 0 0 0 0 0 0 0 0 0 0 0 0 0 0 0 0 8 -11 11 -10 13 -10 15 -10 17 -10 18 -9 18 -9 19 -9 19 -9 19 -8 18 -6 16 -3 16 0 15 4 16 9 17 14 19 17 23 20 27 20 32 21 35 20 38 18 39 16 38 12 36 10 31 9
CSI_META: ts=4024811005 rssi=-38 noise_floor=-98 channel=6 secondary_channel=0 sig_mode=0 mcs=0 rate=9 cwb=0 sgi=0 stbc=0 ant=0 len=128 rx_state=0 seq=-1 tx_mac=52:40:27:94:0a:bb
CSI_DATA: 28 -64 1 0 -30 24 -28 26 -24 27 -21 26 -17 24 -13 22 -10 18 -9 15 -8 10 -9 7 -10 2 -12 -1 -15 -2 -16 -3 -18 -4 -19 -5 -20 -4 -19 -4 -17 -3 -17 -3 -15 -3 -14 -3 -12 -4 -10 -4 -7 -5 0 0 0 0 0 0 0 0 0 0 0 0 0 0 0 0 0 0 0 0 0 0 13 -3 11 -1 9 1 7 3 5 4 3 6 2 8 0 11 -2 14 -4 17 -4 21 -4 23 -4 25 -3 26 -1 27 0 26 2 25 2 23 1 20 0 17 -3 14 -7 12 -11 11 -16 10 -22 13 -26 15
CSI_META: ts=4025162633 rssi=-38 noise_floor=-98 channel=6 secondary_channel=0 sig_mode=0 mcs=0 rate=9 cwb=0 sgi=0 stbc=0 ant=0 len=128 rx_state=0 seq=-1 tx_mac=52:40:27:94:0a:bb
CSI_DATA: 28 -64 1 0 8 -21 6 -18 4 -15 4 -11 4 -8 5 -5 6 -3 8 -1 11 0 12 0 14 -1 14 -1 15 -2 14 -3 13 -3 12 -3 10 -3 8 -2 6 -2 5 0 3 1 2 2 1 3 -1 4 -2 5 0 0 0 0 0 0 0 0 0 0 0 0 0 0 0 0 0 0 0 0 0 0 -5 2 -5 0 -4 -2 -4 -3 -4 -6 -3 -7 -4 -9 -4 -11 -5 -12 -5 -14 -6 -15 -7 -14 -7 -14 -6 -13 -5 -12 -5 -10 -3 -9 -1 -8 2 -8 6 -8 9 -9 11 -11 14 -14 15 -16 15 -19 15 -22
CSI_META: ts=4025688278 rssi=-38 noise_floor=-98 channel=6 secondary_channel=0 sig_mode=0 mcs=0 rate=9 cwb=0 sgi=0 stbc=0 ant=0 len=128 rx_state=0 seq=-1 tx_mac=52:40:27:94:0a:bb
CSI_DATA: 28 -64 1 0 -17 14 -15 15 -13 16 -11 15 -9 14 -7 12 -5 10 -5 8 -5 5 -5 3 -6 1 -8 -1 -9 -2 -10 -2 -11 -2 -11 -3 -11 -2 -11 -2 -10 -2 -10 -1 -9 -2 -8 -1 -6 -2 -5 -2 -4 -3 0 0 0 0 0 0 0 0 0 0 0 0 0 0 0 0 0 0 0 0 0 0 7 -2 6 -2 5 -1 4 0 4 2 2 3 1 4 0 5 0 7 -1 9 -2 11 -1 13 -1 14 -1 15 0 15 1 15 1 14 2 13 1 11 1 9 -1 8 -3 7 -6 7 -9 7 -12 7 -14 9
CSI_META: ts=4025971363 rssi=-38 noise_floor=-98 channel=6 secondary_channel=0 sig_mode=0 mcs=0 rate=9 cwb=0 sgi=0 stbc=0 ant=0 len=128 rx_state=0 seq=-1 tx_mac=52:40:27:94:0a:bb
CSI_DATA: 28 -64 1 0 17 5 12 7 10 11 8 14 8 17 9 20 11 22 11 22 13 23 15 22 16 20 15 18 14 14 13 13 11 11 8 10 4 7 1 7 -1 5 -4 6 -6 6 -8 6 -10 6 -12 6 -13 5 0 0 0 0 0 0 0 0 0 0 0 0 0 0 0 0 0 0 0 0 0 0 3 -11 5 -11 7 -12 9 -13 10 -13 10 -13 10 -13 10 -13 11 -13 12 -13 11 -10 11 -7 11 -5 11 -1 12 2 14 6 16 9 20 10 22 11 27 11 30 10 33 8 35 7 34 4 33 3 30 1
CSI_META: ts=4026043620 rssi=-39 noise_floor=-98 channel=6 secondary_channel=0 sig_mode=0 mcs=0 rate=9 cwb=0 sgi=0 stbc=0 ant=0 len=128 rx_state=0 seq=-1 tx_mac=52:40:27:94:0a:bb
CSI_DATA: 28 -64 1 0 -4 21 -2 20 0 20 1 18 2 16 3 14 3 11 1 9 0 7 -2 5 -4 4 -6 4 -7 4 -9 4 -10 4 -10 5 -10 5 -10 5 -9 4 -9 5 -8 4 -7 4 -6 3 -6 2 -5 0 0 0 0 0 0 0 0 0 0 0 0 0 0 0 0 0 0 0 0 0 0 0 4 -6 4 -5 4 -4 4 -2 4 -1 3 1 3 2 4 4 4 6 5 7 6 9 7 10 7 11 8 11 9 11 9 10 9 9 9 8 8 7 6 7 4 6 2 7 0 9 -3 10 -5 13 -5 15
CSI_META: ts=4026390274 rssi=-37 noise_floor=-98 channel=6 secondary_channel=0 sig_mode=0 mcs=0 rate=9 cwb=0 sgi=0 stbc=0 ant=0 len=128 rx_state=0 seq=-1 tx_mac=52:40:27:94:0a:bb
CSI_DATA: 28 -64 1 0 -36 -4 -31 -2 -26 -2 -20 -2 -16 -3 -12 -7 -9 -11 -9 -14 -9 -17 -10 -20 -12 -21 -13 -22 -15 -21 -15 -20 -15 -19 -14 -16 -12 -14 -10 -11 -7 -10 -5 -8 -2 -7 1 -6 3 -6 6 -6 9 -5 0 0 0 0 0 0 0 0 0 0 0 0 0 0 0 0 0 0 0 0 0 0 3 8 0 7 -3 7 -6 6 -8 5 -11 5 -13 5 -17 5 -19 6 -22 7 -23 8 -23 9 -22 10 -20 10 -19 9 -17 7 -15 5 -14 1 -15 -3 -16 -8 -19 -12 -22 -15 -27 -17 -31 -17 -36 -17 -39 -15
CSI_META: ts=4026449007 rssi=-37 noise_floor=-98 channel=6 secondary_channel=0 sig_mode=0 mcs=0 rate=9 cwb=0 sgi=0 stbc=0 ant=0 len=128 rx_state=0 seq=-1 tx_mac=52:40:27:94:0a:bb
CSI_DATA: 28 -64 1 0 2 34 3 30 3 26 3 20 0 17 -3 14 -6 12 -10 12 -12 12 -14 13 -16 14 -16 16 -16 17 -15 19 -14 19 -12 17 -10 16 -9 13 -8 10 -7 8 -7 6 -7 3 -7 1 -7 -2 -8 -5 0 0 0 0 0 0 0 0 0 0 0 0 0 0 0 0 0 0 0 0 0 0 8 -1 8 2 6 5 6 7 6 9 5 12 6 14 7 17 8 18 8 20 9 21 10 22 10 20 9 18 8 17 7 15 4 14 1 14 -2 15 -6 17 -8 20 -10 24 -12 29 -12 32 -10 36 -7 39
CSI_META: ts=4026449175 rssi=-41 noise_floor=-98 channel=6 secondary_channel=0 sig_mode=0 mcs=0 rate=9 cwb=0 sgi=0 stbc=0 ant=0 len=128 rx_state=0 seq=-1 tx_mac=52:40:27:94:0a:bb
CSI_DATA: 28 -64 1 0 39 6 34 3 30 2 23 2 20 4 16 7 13 10 11 13 12 15 13 16 15 18 17 19 17 19 18 19 17 17 18 16 15 13 13 12 10 11 8 9 6 9 3 8 1 8 -2 8 -5 7 0 0 0 0 0 0 0 0 0 0 0 0 0 0 0 0 0 0 0 0 0 0 2 -10 5 -8 8 -7 10 -5 13 -5 15 -3 17 -2 20 -3 22 -2 24 -5 25 -7 24 -7 23 -8 22 -7 20 -5 19 -3 16 0 17 3 16 7 18 11 21 15 23 18 29 18 35 16 39 15 41 15
CSI_META: ts=4026707487 rssi=-38 noise_floor=-98 channel=6 secondary_channel=0 sig_mode=0 mcs=0 rate=9 cwb=0 sgi=0 stbc=0 ant=0 len=128 rx_state=0 seq=-1 tx_mac=52:40:27:94:0a:bb
CSI_DATA: 28 -64 1 0 15 17 17 19 19 22 21 22 23 21 25 19 25 16 23 13 22 10 18 8 15 6 12 5 7 6 4 7 1 9 -2 10 -4 11 -6 12 -6 13 -7 14 -7 14 -7 14 -8 13 -8 12 -8 10 0 0 0 0 0 0 0 0 0 0 0 0 0 0 0 0 0 0 0 0 0 0 -3 -14 -2 -15 -1 -16 -1 -15 0 -15 1 -13 2 -13 3 -11 4 -10 6 -7 9 -5 12 -3 14 -2 17 0 21 1 24 0 25 0 29 -2 29 -5 29 -7 28 -8 25 -9 22 -7 20 -6 18 -2 15 3
CSI_META: ts=4028595259 rssi=-41 noise_floor=-98 channel=6 secondary_channel=0 sig_mode=0 mcs=0 rate=9 cwb=0 sgi=0 stbc=0 ant=0 len=128 rx_state=0 seq=-1 tx_mac=52:40:27:94:0a:bb
CSI_DATA: 28 -64 1 0 -22 -12 -15 -13 -9 -16 -6 -19 -3 -23 -3 -26 -3 -29 -4 -31 -6 -32 -8 -32 -10 -30 -11 -27 -11 -24 -10 -21 -8 -17 -5 -15 -2 -12 1 -9 4 -8 7 -7 9 -6 12 -6 13 -5 15 -4 16 -3 0 0 0 0 0 0 0 0 0 0 0 0 0 0 0 0 0 0 0 0 0 0 -7 7 -10 6 -13 6 -15 6 -18 6 -19 7 -21 7 -22 8 -22 8 -22 8 -21 7 -18 5 -16 3 -15 -1 -13 -4 -13 -10 -13 -15 -15 -19 -18 -22 -23 -25 -27 -27 -31 -27 -35 -26 -37 -23 -37 -20 -35 -17
CSI_META: ts=4028759187 rssi=-37 noise_floor=-98 channel=6 secondary_channel=0 sig_mode=0 mcs=0 rate=9 cwb=0 sgi=0 stbc=0 ant=0 len=128 rx_state=0 seq=-1 tx_mac=52:40:27:94:0a:bb
CSI_DATA: 28 -64 1 0 4 -17 8 -20 9 -25 9 -27 8 -29 6 -30 5 -29 3 -27 1 -25 -1 -22 -1 -18 0 -14 1 -10 3 -6 5 -3 7 0 9 3 10 4 11 5 12 6 13 6 13 7 12 7 11 7 9 8 0 0 0 0 0 0 0 0 0 0 0 0 0 0 0 0 0 0 0 0 0 0 0 13 -2 13 -2 14 -3 14 -4 14 -4 13 -4 12 -5 11 -6 9 -6 6 -7 2 -8 -1 -9 -5 -12 -9 -15 -11 -18 -15 -21 -16 -24 -17 -25 -15 -27 -14 -27 -12 -26 -10 -24 -9 -20 -7 -16 -8 -10 -9
CSI_META: ts=4028914406 rssi=-41 noise_floor=-98 channel=6 secondary_channel=0 sig_mode=0 mcs=0 rate=9 cwb=0 sgi=0 stbc=0 ant=0 len=128 rx_state=0 seq=-1 tx_mac=52:40:27:94:0a:bb
CSI_DATA: 28 -64 1 0 31 -33 28 -35 25 -37 20 -35 16 -34 13 -30 10 -26 8 -21 7 -16 8 -11 10 -6 12 -2 15 1 18 2 20 3 22 5 22 4 22 4 20 3 19 3 18 3 16 3 13 3 11 4 7 5 0 0 0 0 0 0 0 0 0 0 0 0 0 0 0 0 0 0 0 0 0 0 -15 7 -15 5 -14 3 -12 0 -10 -2 -8 -4 -6 -7 -5 -11 -3 -15 -2 -19 -2 -23 -2 -27 -2 -30 -4 -32 -6 -32 -8 -33 -9 -31 -10 -30 -9 -25 -7 -22 -4 -19 1 -17 6 -17 13 -16 19 -18 25 -21
CSI_META: ts=4029272894 rssi=-42 noise_floor=-98 channel=6 secondary_channel=0 sig_mode=0 mcs=0 rate=9 cwb=0 sgi=0 stbc=0 ant=0 len=128 rx_state=0 seq=-1 tx_mac=52:40:27:94:0a:bb
CSI_DATA: 28 -64 1 0 13 20 15 19 16 17 16 14 16 12 14 10 12 8 9 6 6 6 3 6 1 6 -1 7 -3 9 -4 10 -5 11 -5 12 -5 12 -5 12 -4 11 -4 10 -4 9 -4 8 -4 7 -4 5 -4 3 0 0 0 0 0 0 0 0 0 0 0 0 0 0 0 0 0 0 0 0 0 0 -1 -10 0 -9 1 -8 2 -7 3 -5 4 -3 5 -2 6 0 8 1 10 2 12 3 14 4 15 3 16 3 17 2 17 2 16 1 15 0 14 -1 12 0 10 1 8 3 7 7 6 10 7 13 8 17
CSI_META: ts=4029721681 rssi=-42 noise_floor=-98 channel=6 secondary_channel=0 sig_mode=0 mcs=0 rate=9 cwb=0 sgi=0 stbc=0 ant=0 len=128 rx_state=0 seq=-1 tx_mac=52:40:27:94:0a:bb
CSI_DATA: 28 -64 1 0 18 35 17 29 15 24 11 18 6 15 1 13 -5 12 -10 13 -13 15 -16 17 -17 20 -18 22 -17 24 -16 25 -15 24 -12 22 -11 20 -9 17 -8 13 -8 10 -7 6 -7 3 -7 -1 -7 -4 -7 -8 0 0 0 0 0 0 0 0 0 0 0 0 0 0 0 0 0 0 0 0 0 0 4 -7 6 -5 8 -3 10 0 12 2 14 5 16 6 18 7 21 9 22 9 24 9 24 9 23 7 21 6 18 6 15 7 11 8 8 11 4 14 2 19 0 24 1 30 2 36 5 40 9 43 13 45
CSI_META: ts=4030071861 rssi=-38 noise_floor=-98 channel=6 secondary_channel=0 sig_mode=0 mcs=0 rate=9 cwb=0 sgi=0 stbc=0 ant=0 len=128 rx_state=0 seq=-1 tx_mac=52:40:27:94:0a:bb
CSI_DATA: 28 -64 1 0 -13 -21 -14 -20 -15 -19 -15 -16 -14 -14 -13 -11 -11 -9 -7 -7 -5 -6 -2 -5 1 -5 4 -5 6 -5 8 -6 9 -7 10 -7 10 -7 10 -7 9 -7 9 -6 8 -6 7 -5 6 -4 5 -3 3 -1 0 0 0 0 0 0 0 0 0 0 0 0 0 0 0 0 0 0 0 0 0 0 6 3 5 3 4 3 2 3 0 3 -1 3 -3 3 -5 3 -7 3 -10 3 -13 3 -14 4 -15 5 -15 5 -16 6 -15 6 -14 6 -13 6 -11 5 -9 4 -8 1 -7 -2 -5 -6 -6 -9 -6 -13 -7 -17
CSI_META: ts=4030071969 rssi=-38 noise_floor=-98 channel=6 secondary_channel=0 sig_mode=0 mcs=0 rate=9 cwb=0 sgi=0 stbc=0 ant=0 len=128 rx_state=0 seq=-1 tx_mac=52:40:27:94:0a:bb
CSI_DATA: 28 -64 1 0 13 -19 12 -21 9 -20 8 -20 6 -17 4 -15 3 -12 3 -9 2 -6 3 -3 4 0 6 2 8 4 8 5 10 6 10 6 11 7 10 6 9 5 8 5 7 5 6 4 5 3 3 3 1 3 0 0 0 0 0 0 0 0 0 0 0 0 0 0 0 0 0 0 0 0 0 0 -1 7 -2 7 -3 5 -3 4 -3 2 -4 1 -4 -1 -5 -4 -5 -5 -7 -8 -8 -9 -9 -11 -10 -12 -11 -12 -12 -13 -12 -12 -13 -11 -11 -9 -10 -8 -7 -7 -5 -6 -2 -6 2 -7 6 -8 9 -10 12 -14
CSI_META: ts=4030072132 rssi=-38 noise_floor=-98 channel=6 secondary_channel=0 sig_mode=0 mcs=0 rate=9 cwb=0 sgi=0 stbc=0 ant=0 len=128 rx_state=0 seq=-1 tx_mac=52:40:27:94:0a:bb
CSI_DATA: 28 -64 1 0 16 -17 16 -18 13 -18 11 -18 8 -16 7 -14 5 -11 4 -7 3 -4 3 -1 5 2 6 5 7 6 8 8 10 9 10 8 10 8 9 7 8 6 7 6 6 5 4 4 3 4 1 3 -1 2 0 0 0 0 0 0 0 0 0 0 0 0 0 0 0 0 0 0 0 0 0 0 -2 8 -3 7 -4 6 -4 5 -4 3 -4 1 -4 0 -4 -3 -4 -5 -5 -7 -6 -9 -7 -11 -8 -13 -9 -14 -10 -14 -10 -14 -11 -13 -10 -11 -10 -10 -7 -8 -5 -8 -1 -6 2 -6 6 -7 10 -9 14 -11
CSI_META: ts=4030075725 rssi=-38 noise_floor=-98 channel=6 secondary_channel=0 sig_mode=0 mcs=0 rate=9 cwb=0 sgi=0 stbc=0 ant=0 len=128 rx_state=0 seq=-1 tx_mac=52:40:27:94:0a:bb
CSI_DATA: 28 -64 1 0 20 32 22 31 24 29 23 25 22 21 20 16 16 13 11 10 6 7 1 7 -3 6 -8 7 -12 8 -15 8 -18 10 -18 10 -18 10 -18 10 -16 9 -16 9 -15 8 -12 6 -11 4 -9 2 -7 -1 0 0 0 0 0 0 0 0 0 0 0 0 0 0 0 0 0 0 0 0 0 0 -13 -4 -11 -5 -9 -6 -6 -7 -4 -6 0 -6 3 -6 7 -7 11 -6 14 -8 18 -8 22 -9 23 -10 24 -12 23 -13 23 -13 21 -13 19 -13 17 -11 14 -9 11 -5 9 0 8 8 9 14 10 20 13 26
CSI_META: ts=4030075897 rssi=-42 noise_floor=-98 channel=6 secondary_channel=0 sig_mode=0 mcs=0 rate=9 cwb=0 sgi=0 stbc=0 ant=0 len=128 rx_state=0 seq=-1 tx_mac=52:40:27:94:0a:bb
CSI_DATA: 28 -64 1 0 17 -42 14 -43 10 -42 6 -39 4 -35 1 -31 1 -25 1 -19 3 -13 5 -8 8 -3 12 0 16 2 19 3 22 4 23 5 23 4 23 4 21 4 20 3 17 3 15 3 12 3 9 4 5 5 0 0 0 0 0 0 0 0 0 0 0 0 0 0 0 0 0 0 0 0 0 0 -2 14 -3 12 -4 10 -5 7 -6 4 -7 1 -8 -2 -10 -6 -12 -9 -14 -13 -17 -17 -19 -19 -21 -20 -23 -21 -24 -20 -26 -19 -25 -16 -23 -15 -19 -12 -15 -11 -10 -11 -4 -12 2 -15 8 -18 13 -23 17 -30
CSI_META: ts=4030076033 rssi=-38 noise_floor=-98 channel=6 secondary_channel=0 sig_mode=0 mcs=0 rate=9 cwb=0 sgi=0 stbc=0 ant=0 len=128 rx_state=0 seq=-1 tx_mac=52:40:27:94:0a:bb
CSI_DATA: 28 -64 1 0 15 17 17 16 17 14 16 12 16 10 14 8 12 6 9 4 6 4 3 3 0 3 -2 4 -5 5 -7 6 -8 7 -9 8 -9 8 -9 7 -9 7 -9 7 -8 6 -8 6 -7 4 -7 3 -6 2 0 0 0 0 0 0 0 0 0 0 0 0 0 0 0 0 0 0 0 0 0 0 -7 -2 -5 -2 -4 -3 -3 -4 -1 -4 1 -4 3 -4 5 -5 7 -5 9 -6 11 -7 12 -8 13 -9 13 -9 12 -10 12 -10 10 -10 9 -9 8 -7 7 -5 6 -3 6 0 5 4 7 8 8 11 10 14
CSI_META: ts=4030599259 rssi=-42 noise_floor=-98 channel=6 secondary_channel=0 sig_mode=0 mcs=0 rate=9 cwb=0 sgi=0 stbc=0 ant=0 len=128 rx_state=0 seq=-1 tx_mac=52:40:27:94:0a:bb
CSI_DATA: 28 -64 1 0 11 24 13 22 14 21 15 18 14 16 13 13 11 10 8 8 4 6 1 5 -2 5 -5 6 -7 6 -10 7 -11 8 -12 9 -11 9 -11 9 -10 8 -10 8 -9 7 -8 6 -7 4 -7 3 -5 1 0 0 0 0 0 0 0 0 0 0 0 0 0 0 0 0 0 0 0 0 0 0 -5 -8 -4 -7 -3 -7 -1 -6 0 -5 2 -4 4 -3 6 -2 9 -1 11 -1 14 -1 15 0 16 -1 17 -2 18 -2 17 -3 16 -4 15 -4 13 -3 11 -2 8 0 7 3 5 7 5 11 5 15 6 19
CSI_META: ts=4030831232 rssi=-42 noise_floor=-98 channel=6 secondary_channel=0 sig_mode=0 mcs=0 rate=9 cwb=0 sgi=0 stbc=0 ant=0 len=128 rx_state=0 seq=-1 tx_mac=52:40:27:94:0a:bb
CSI_DATA: 28 -64 1 0 -19 16 -23 19 -26 22 -26 25 -26 28 -24 29 -21 29 -19 29 -15 27 -13 24 -10 20 -9 15 -8 11 -8 5 -8 1 -9 -4 -9 -7 -10 -10 -10 -12 -11 -14 -12 -15 -11 -16 -11 -17 -10 -17 -8 -17 0 0 0 0 0 0 0 0 0 0 0 0 0 0 0 0 0 0 0 0 0 0 7 -17 8 -16 9 -15 10 -14 10 -13 10 -11 9 -9 9 -6 8 -3 8 1 8 6 7 11 8 15 9 20 10 24 12 27 15 30 17 30 20 29 21 28 22 25 21 22 19 20 14 17 8 15 2 14
CSI_META: ts=4031052839 rssi=-41 noise_floor=-98 channel=6 secondary_channel=0 sig_mode=0 mcs=0 rate=9 cwb=0 sgi=0 stbc=0 ant=0 len=128 rx_state=0 seq=-1 tx_mac=52:40:27:94:0a:bb
CSI_DATA: 28 -64 1 0 -40 -8 -34 -5 -28 -4 -22 -3 -17 -4 -12 -6 -8 -10 -5 -13 -3 -17 -3 -21 -4 -24 -5 -25 -6 -26 -7 -26 -7 -25 -8 -24 -7 -20 -6 -17 -5 -14 -3 -12 -2 -10 0 -7 3 -5 5 -3 7 -1 0 0 0 0 0 0 0 0 0 0 0 0 0 0 0 0 0 0 0 0 0 0 3 6 -1 6 -4 7 -7 7 -10 7 -12 8 -15 9 -17 10 -19 12 -21 13 -21 14 -21 14 -20 14 -18 13 -16 11 -14 8 -13 4 -12 0 -13 -5 -15 -10 -19 -14 -23 -17 -27 -20 -33 -21 -38 -20 -41 -19
CSI_META: ts=4031052993 rssi=-41 noise_floor=-98 channel=6 secondary_channel=0 sig_mode=0 mcs=0 rate=9 cwb=0 sgi=0 stbc=0 ant=0 len=128 rx_state=0 seq=-1 tx_mac=52:40:27:94:0a:bb
CSI_DATA: 28 -64 1 0 -16 -39 -17 -36 -13 -26 -11 -23 -5 -17 0 -14 6 -12 11 -11 14 -12 17 -15 20 -18 21 -21 23 -22 19 -20 20 -22 16 -19 15 -18 12 -14 10 -11 8 -8 7 -5 6 -1 6 2 5 5 4 9 0 0 0 0 0 0 0 0 0 0 0 0 0 0 0 0 0 0 0 0 0 0 -2 8 -5 5 -8 3 -11 0 -12 -2 -15 -5 -17 -7 -20 -9 -23 -10 -25 -9 -28 -9 -28 -8 -28 -7 -26 -6 -24 -7 -18 -7 -15 -8 -9 -10 -5 -14 -1 -18 1 -25 3 -31 0 -35 -4 -42 -7 -47 -9 -50
CSI_META: ts=4031053129 rssi=-41 noise_floor=-98 channel=6 secondary_channel=0 sig_mode=0 mcs=0 rate=9 cwb=0 sgi=0 stbc=0 ant=0 len=128 rx_state=0 seq=-1 tx_mac=52:40:27:94:0a:bb
CSI_DATA: 28 -64 1 0 43 -2 38 -4 30 -4 24 -3 18 -1 14 3 10 8 7 12 7 17 6 21 8 24 10 26 11 27 12 26 13 25 13 23 12 20 10 17 8 14 6 11 3 10 0 7 -3 5 -6 3 -9 1 0 0 0 0 0 0 0 0 0 0 0 0 0 0 0 0 0 0 0 0 0 0 -6 -6 -2 -8 1 -9 4 -11 7 -12 10 -14 12 -15 14 -18 16 -19 17 -21 18 -22 17 -22 16 -22 14 -20 13 -18 12 -13 11 -9 12 -5 15 0 18 6 23 9 29 12 34 13 40 13 46 12 49 9
CSI_META: ts=4031680658 rssi=-41 noise_floor=-98 channel=6 secondary_channel=0 sig_mode=0 mcs=0 rate=9 cwb=0 sgi=0 stbc=0 ant=0 len=128 rx_state=0 seq=-1 tx_mac=52:40:27:94:0a:bb
CSI_DATA: 28 -64 1 0 -22 2 -18 -2 -14 -8 -13 -13 -13 -17 -15 -21 -16 -23 -18 -24 -21 -25 -23 -23 -24 -22 -24 -20 -23 -17 -20 -15 -18 -12 -14 -11 -10 -9 -7 -8 -3 -8 0 -8 3 -8 6 -8 9 -8 11 -8 13 -8 0 0 0 0 0 0 0 0 0 0 0 0 0 0 0 0 0 0 0 0 0 0 0 13 -2 15 -4 16 -5 17 -5 19 -6 19 -7 19 -7 19 -7 18 -8 17 -8 15 -9 11 -10 8 -12 4 -15 1 -18 -3 -22 -5 -27 -6 -31 -6 -36 -5 -39 -3 -41 0 -42 2 -42 6 -40 8 -36 8
CSI_META: ts=4031680821 rssi=-42 noise_floor=-98 channel=6 secondary_channel=0 sig_mode=0 mcs=0 rate=9 cwb=0 sgi=0 stbc=0 ant=0 len=128 rx_state=0 seq=-1 tx_mac=52:40:27:94:0a:bb
CSI_DATA: 28 -64 1 0 -5 19 -9 14 -12 10 -18 7 -23 6 -26 7 -29 9 -30 11 -29 14 -28 16 -26 18 -23 17 -20 16 -17 13 -15 10 -12 6 -10 3 -8 -1 -7 -5 -7 -8 -7 -11 -7 -13 -7 -14 -7 -16 -6 -18 0 0 0 0 0 0 0 0 0 0 0 0 0 0 0 0 0 0 0 0 0 0 9 0 11 3 12 6 14 9 14 10 16 11 15 12 17 13 17 13 17 12 16 12 14 11 10 10 5 11 0 12 -4 14 -8 17 -11 21 -14 26 -15 30 -14 35 -13 38 -8 40 -5 41 -2 39 -1 37
CSI_META: ts=4031680939 rssi=-42 noise_floor=-98 channel=6 secondary_channel=0 sig_mode=0 mcs=0 rate=9 cwb=0 sgi=0 stbc=0 ant=0 len=128 rx_state=0 seq=-1 tx_mac=52:40:27:94:0a:bb
CSI_DATA: 28 -64 1 0 -13 16 -13 10 -17 4 -19 0 -22 -3 -26 -4 -29 -4 -32 -3 -33 -1 -33 1 -31 3 -29 5 -26 5 -23 5 -19 3 -15 1 -11 -1 -8 -4 -6 -6 -4 -9 -2 -11 -1 -13 0 -15 2 -17 4 -17 0 0 0 0 0 0 0 0 0 0 0 0 0 0 0 0 0 0 0 0 0 0 9 6 9 9 9 12 9 14 9 16 10 17 10 18 10 18 10 19 9 18 7 18 5 16 2 14 -2 12 -6 11 -12 12 -16 13 -21 15 -24 18 -27 22 -28 26 -27 30 -27 33 -24 35 -20 35 -18 33
CSI_META: ts=4031684519 rssi=-41 noise_floor=-98 channel=6 secondary_channel=0 sig_mode=0 mcs=0 rate=9 cwb=0 sgi=0 stbc=0 ant=0 len=128 rx_state=0 seq=-1 tx_mac=52:40:27:94:0a:bb
CSI_DATA: 28 -64 1 0 17 11 11 12 4 15 1 18 -2 22 -3 25 -3 28 -2 31 0 32 2 32 4 30 6 28 6 25 6 21 5 18 3 14 0 10 -3 7 -6 5 -9 3 -11 2 -13 1 -15 0 -17 -1 -17 -3 0 0 0 0 0 0 0 0 0 0 0 0 0 0 0 0 0 0 0 0 0 0 6 -9 10 -9 12 -9 14 -10 16 -10 18 -10 18 -10 18 -11 19 -10 18 -10 18 -8 16 -5 14 -3 12 1 11 5 11 11 12 15 14 20 18 22 22 25 26 26 30 26 33 25 35 23 35 19 33 16
CSI_META: ts=4031684636 rssi=-41 noise_floor=-98 channel=6 secondary_channel=0 sig_mode=0 mcs=0 rate=9 cwb=0 sgi=0 stbc=0 ant=0 len=128 rx_state=0 seq=-1 tx_mac=52:40:27:94:0a:bb
CSI_DATA: 28 -64 1 0 21 2 16 6 11 10 9 15 9 20 9 23 11 26 12 28 15 28 17 27 18 25 18 22 17 20 15 16 13 14 9 12 5 9 2 8 -1 7 -5 6 -8 7 -11 6 -13 6 -15 6 -17 5 0 0 0 0 0 0 0 0 0 0 0 0 0 0 0 0 0 0 0 0 0 0 2 -12 5 -13 7 -15 9 -16 10 -17 11 -17 11 -18 12 -18 12 -18 12 -17 12 -15 11 -12 11 -8 12 -4 13 0 15 5 18 9 22 11 27 12 32 12 36 11 39 9 41 7 42 4 40 1 37 -1
CSI_META: ts=4031684781 rssi=-41 noise_floor=-98 channel=6 secondary_channel=0 sig_mode=0 mcs=0 rate=9 cwb=0 sgi=0 stbc=0 ant=0 len=128 rx_state=0 seq=-1 tx_mac=52:40:27:94:0a:bb
CSI_DATA: 28 -64 1 0 -2 20 -6 16 -11 12 -16 10 -20 10 -24 10 -26 12 -28 15 -28 17 -26 19 -24 20 -21 20 -19 19 -16 17 -14 14 -11 9 -10 5 -9 2 -8 -2 -8 -5 -8 -8 -8 -11 -9 -12 -8 -15 -7 -16 0 0 0 0 0 0 0 0 0 0 0 0 0 0 0 0 0 0 0 0 0 0 10 1 12 3 13 6 15 7 16 9 17 10 17 10 18 10 19 11 17 11 15 11 12 11 9 10 5 11 0 13 -3 15 -7 19 -9 23 -11 27 -11 32 -10 36 -7 39 -4 42 -1 42 1 40 3 37
CSI_META: ts=4031872073 rssi=-42 noise_floor=-98 channel=6 secondary_channel=0 sig_mode=0 mcs=0 rate=9 cwb=0 sgi=0 stbc=0 ant=0 len=128 rx_state=0 seq=-1 tx_mac=52:40:27:94:0a:bb
CSI_DATA: 28 -64 1 0 39 21 39 18 40 15 37 10 34 7 29 5 24 3 18 3 12 4 7 6 4 10 1 14 0 17 -2 20 -2 22 -2 24 -1 23 -1 22 -1 20 -1 18 -1 16 -2 14 -3 11 -4 8 -5 4 0 0 0 0 0 0 0 0 0 0 0 0 0 0 0 0 0 0 0 0 0 0 -14 -10 -12 -10 -10 -11 -7 -10 -5 -9 -1 -8 2 -8 6 -7 10 -8 15 -8 19 -9 23 -10 25 -12 26 -15 27 -17 26 -19 24 -19 22 -19 19 -17 17 -14 15 -10 14 -4 14 2 17 8 22 14 25 19
CSI_META: ts=4031872227 rssi=-38 noise_floor=-98 channel=6 secondary_channel=0 sig_mode=0 mcs=0 rate=9 cwb=0 sgi=0 stbc=0 ant=0 len=128 rx_state=0 seq=-1 tx_mac=52:40:27:94:0a:bb
CSI_DATA: 28 -64 1 0 20 -12 19 -13 18 -14 15 -14 13 -14 11 -12 9 -11 7 -9 6 -7 5 -4 5 0 5 2 5 4 6 6 7 6 7 8 8 8 8 8 7 7 7 7 6 7 5 6 4 6 3 5 2 4 0 0 0 0 0 0 0 0 0 0 0 0 0 0 0 0 0 0 0 0 0 0 -6 4 -6 3 -6 1 -5 0 -4 -2 -3 -3 -3 -5 -2 -7 -2 -9 -1 -11 -1 -14 -1 -15 -1 -16 -2 -17 -2 -16 -4 -17 -4 -15 -5 -15 -4 -12 -2 -11 -1 -8 2 -7 5 -6 9 -6 12 -6 16 -7
CSI_META: ts=4031872354 rssi=-38 noise_floor=-98 channel=6 secondary_channel=0 sig_mode=0 mcs=0 rate=9 cwb=0 sgi=0 stbc=0 ant=0 len=128 rx_state=0 seq=-1 tx_mac=52:40:27:94:0a:bb
CSI_DATA: 28 -64 1 0 -17 -14 -17 -13 -17 -12 -17 -10 -16 -8 -14 -6 -12 -5 -9 -4 -7 -4 -4 -4 -2 -5 0 -7 1 -7 3 -9 3 -10 4 -10 4 -10 4 -10 3 -9 3 -9 3 -9 3 -8 3 -6 3 -5 2 -3 0 0 0 0 0 0 0 0 0 0 0 0 0 0 0 0 0 0 0 0 0 0 6 4 4 4 3 4 1 4 0 4 -1 3 -3 3 -5 2 -7 2 -9 3 -11 3 -13 3 -14 4 -14 5 -14 6 -14 6 -13 7 -11 7 -10 6 -9 5 -8 2 -7 0 -7 -3 -8 -6 -9 -10 -11 -12
CSI_META: ts=4032135132 rssi=-42 noise_floor=-98 channel=6 secondary_channel=0 sig_mode=0 mcs=0 rate=9 cwb=0 sgi=0 stbc=0 ant=0 len=128 rx_state=0 seq=-1 tx_mac=52:40:27:94:0a:bb
CSI_DATA: 28 -64 1 0 -1 -27 1 -30 2 -35 -1 -36 -3 -38 -5 -38 -7 -36 -9 -34 -10 -31 -10 -27 -10 -23 -8 -18 -5 -15 -1 -12 3 -9 6 -7 9 -5 11 -4 13 -3 15 -3 16 -3 18 -2 18 -2 18 -1 17 1 0 0 0 0 0 0 0 0 0 0 0 0 0 0 0 0 0 0 0 0 0 0 -2 18 -4 17 -5 17 -5 15 -6 14 -7 12 -7 9 -8 6 -9 3 -11 -1 -13 -5 -15 -9 -18 -12 -21 -14 -24 -16 -28 -18 -30 -17 -33 -17 -34 -14 -34 -12 -33 -10 -31 -8 -27 -8 -22 -8 -17 -9 -11 -13
CSI_META: ts=4032682340 rssi=-42 noise_floor=-98 channel=6 secondary_channel=0 sig_mode=0 mcs=0 rate=9 cwb=0 sgi=0 stbc=0 ant=0 len=128 rx_state=0 seq=-1 tx_mac=52:40:27:94:0a:bb
CSI_DATA: 28 -64 1 0 15 -37 11 -32 8 -28 7 -21 7 -15 8 -10 10 -5 13 -1 17 2 20 3 23 3 25 3 26 2 27 0 26 -1 24 -1 21 -1 18 -2 14 -1 11 0 8 1 6 2 3 4 0 6 -3 7 0 0 0 0 0 0 0 0 0 0 0 0 0 0 0 0 0 0 0 0 0 0 -7 2 -7 -1 -7 -5 -7 -8 -7 -11 -8 -13 -8 -16 -9 -19 -10 -21 -11 -23 -12 -23 -13 -23 -13 -21 -12 -20 -10 -17 -8 -15 -4 -13 1 -12 6 -12 12 -13 17 -15 21 -19 25 -24 27 -29 27 -33 26 -38
CSI_META: ts=4033048842 rssi=-42 noise_floor=-98 channel=6 secondary_channel=0 sig_mode=0 mcs=0 rate=9 cwb=0 sgi=0 stbc=0 ant=0 len=128 rx_state=0 seq=-1 tx_mac=52:40:27:94:0a:bb
CSI_DATA: 28 -64 1 0 31 24 28 19 23 16 18 12 13 11 8 11 3 12 -1 14 -3 17 -5 20 -5 23 -5 25 -4 26 -2 26 -1 26 -1 24 0 21 0 18 -1 14 -1 12 -2 9 -4 6 -6 3 -8 1 -9 -2 0 0 0 0 0 0 0 0 0 0 0 0 0 0 0 0 0 0 0 0 0 0 1 -8 4 -6 7 -4 10 -3 12 -1 14 -1 17 0 20 1 23 0 24 0 26 0 25 0 24 -2 22 -2 19 -1 16 0 13 3 11 6 9 10 9 16 10 21 13 25 15 30 19 33 24 35 28 35
CSI_META: ts=4033530810 rssi=-42 noise_floor=-98 channel=6 secondary_channel=0 sig_mode=0 mcs=0 rate=9 cwb=0 sgi=0 stbc=0 ant=0 len=128 rx_state=0 seq=-1 tx_mac=52:40:27:94:0a:bb
CSI_DATA: 28 -64 1 0 24 -4 21 -5 16 -4 13 -3 10 -1 7 1 5 4 4 7 4 10 5 12 6 13 7 14 7 15 8 14 8 14 8 12 7 11 6 9 4 7 3 6 1 5 0 4 -2 3 -4 2 -6 1 0 0 0 0 0 0 0 0 0 0 0 0 0 0 0 0 0 0 0 0 0 0 -4 -3 -2 -4 0 -6 1 -7 3 -8 4 -9 5 -9 6 -11 7 -12 8 -14 8 -14 7 -14 7 -14 6 -13 6 -11 5 -9 5 -6 6 -3 8 -1 11 2 14 4 17 5 20 5 24 5 27 3 29 1
CSI_META: ts=4035155699 rssi=-39 noise_floor=-98 channel=6 secondary_channel=0 sig_mode=0 mcs=0 rate=9 cwb=0 sgi=0 stbc=0 ant=0 len=128 rx_state=0 seq=-1 tx_mac=52:40:27:94:0a:bb
CSI_DATA: 28 -64 1 0 21 7 19 5 15 4 11 3 7 3 4 4 1 5 -2 8 -3 10 -4 11 -4 14 -4 15 -3 16 -3 15 -2 14 -2 13 -1 12 -1 10 -1 7 -1 5 -2 3 -2 1 -4 0 -4 -2 -4 -4 0 0 0 0 0 0 0 0 0 0 0 0 0 0 0 0 0 0 0 0 0 0 -4 -3 -2 -4 0 -4 2 -5 3 -5 5 -6 7 -6 8 -8 9 -8 11 -10 11 -10 10 -10 10 -10 9 -10 8 -9 7 -7 6 -4 6 -1 6 2 7 5 8 8 11 11 13 13 17 14 20 14 22 14
CSI_META: ts=4036274949 rssi=-38 noise_floor=-98 channel=6 secondary_channel=0 sig_mode=0 mcs=0 rate=9 cwb=0 sgi=0 stbc=0 ant=0 len=128 rx_state=0 seq=-1 tx_mac=52:40:27:94:0a:bb
CSI_DATA: 28 -64 1 0 17 13 17 12 18 11 17 9 17 7 15 5 13 4 10 2 7 2 4 2 2 3 -1 4 -3 5 -5 6 -6 7 -6 8 -6 8 -7 8 -7 8 -7 8 -6 7 -6 6 -6 5 -5 4 -5 2 0 0 0 0 0 0 0 0 0 0 0 0 0 0 0 0 0 0 0 0 0 0 -9 0 -8 -1 -6 -2 -5 -3 -3 -3 -2 -3 0 -4 2 -5 5 -5 7 -7 9 -8 10 -9 11 -10 11 -11 11 -12 11 -13 10 -13 8 -12 7 -11 6 -9 6 -7 6 -3 5 0 7 4 9 7 10 10
CSI_META: ts=4037244073 rssi=-42 noise_floor=-98 channel=6 secondary_channel=0 sig_mode=0 mcs=0 rate=9 cwb=0 sgi=0 stbc=0 ant=0 len=128 rx_state=0 seq=-1 tx_mac=52:40:27:94:0a:bb
CSI_DATA: 28 -64 1 0 -20 -8 -13 -9 -7 -13 -4 -17 -1 -21 -1 -25 -1 -28 -2 -30 -5 -31 -7 -30 -9 -29 -10 -26 -10 -23 -9 -20 -7 -16 -4 -13 -1 -9 1 -7 4 -5 7 -3 9 -3 12 -2 14 -1 15 0 16 1 0 0 0 0 0 0 0 0 0 0 0 0 0 0 0 0 0 0 0 0 0 0 -2 8 -6 9 -8 10 -11 11 -13 12 -14 13 -16 13 -16 14 -17 14 -17 14 -16 13 -15 10 -13 7 -13 3 -12 -1 -13 -6 -15 -11 -18 -15 -21 -18 -26 -20 -30 -21 -34 -20 -37 -19 -39 -16 -38 -12 -35 -10
CSI_META: ts=4037482664 rssi=-37 noise_floor=-98 channel=6 secondary_channel=0 sig_mode=0 mcs=0 rate=9 cwb=0 sgi=0 stbc=0 ant=0 len=128 rx_state=0 seq=-1 tx_mac=52:40:27:94:0a:bb
CSI_DATA: 28 -64 1 0 31 27 31 25 34 24 32 20 31 16 28 13 24 10 18 7 14 6 7 5 2 5 -3 7 -7 7 -11 9 -13 10 -16 12 -16 12 -17 12 -16 11 -16 10 -15 9 -14 8 -13 6 -12 4 -10 2 0 0 0 0 0 0 0 0 0 0 0 0 0 0 0 0 0 0 0 0 0 0 -14 5 -13 3 -11 1 -9 -1 -6 -2 -3 -4 0 -6 3 -9 6 -11 10 -14 14 -17 16 -19 17 -22 18 -24 18 -25 17 -26 15 -26 13 -24 11 -21 9 -17 8 -12 8 -6 9 1 11 8 15 13 19 21
CSI_META: ts=4037763719 rssi=-42 noise_floor=-98 channel=6 secondary_channel=0 sig_mode=0 mcs=0 rate=9 cwb=0 sgi=0 stbc=0 ant=0 len=128 rx_state=0 seq=-1 tx_mac=52:40:27:94:0a:bb
CSI_DATA: 28 -64 1 0 21 -1 26 0 31 0 33 -1 35 -3 35 -5 34 -7 32 -9 29 -10 25 -10 20 -8 16 -6 12 -3 8 0 5 3 2 7 0 9 -2 12 -3 13 -5 15 -6 16 -7 17 -8 16 -9 16 -9 14 0 0 0 0 0 0 0 0 0 0 0 0 0 0 0 0 0 0 0 0 0 0 -12 11 -13 10 -14 9 -14 8 -13 6 -13 5 -12 4 -11 1 -9 -1 -6 -4 -4 -8 -2 -12 0 -16 2 -20 3 -24 2 -28 2 -31 0 -34 -1 -34 -3 -34 -5 -33 -5 -30 -6 -26 -4 -22 -1 -17 3 -12
CSI_META: ts=4038076122 rssi=-42 noise_floor=-98 channel=6 secondary_channel=0 sig_mode=0 mcs=0 rate=9 cwb=0 sgi=0 stbc=0 ant=0 len=128 rx_state=0 seq=-1 tx_mac=52:40:27:94:0a:bb
CSI_DATA: 28 -64 1 0 -5 -25 -4 -31 -3 -35 -5 -39 -8 -41 -10 -42 -12 -40 -14 -38 -14 -34 -14 -30 -13 -25 -11 -21 -7 -17 -2 -13 3 -10 7 -7 11 -5 14 -4 16 -3 18 -2 20 -2 21 -1 21 0 21 1 20 3 0 0 0 0 0 0 0 0 0 0 0 0 0 0 0 0 0 0 0 0 0 0 4 16 3 18 2 18 1 18 0 17 -1 16 -2 14 -3 13 -5 10 -7 7 -10 3 -13 0 -17 -4 -21 -7 -26 -9 -30 -10 -34 -10 -37 -9 -39 -6 -40 -4 -40 -1 -37 0 -34 0 -29 0 -24 -2 -18 -7
CSI_META: ts=4038442665 rssi=-41 noise_floor=-98 channel=6 secondary_channel=0 sig_mode=0 mcs=0 rate=9 cwb=0 sgi=0 stbc=0 ant=0 len=128 rx_state=0 seq=-1 tx_mac=52:40:27:94:0a:bb
CSI_DATA: 28 -64 1 0 40 -21 33 -21 28 -19 22 -14 19 -10 17 -5 17 0 17 5 20 9 22 10 25 12 27 12 28 11 29 9 28 7 26 6 23 4 19 3 15 3 12 4 9 5 6 6 2 7 -1 9 -4 10 0 0 0 0 0 0 0 0 0 0 0 0 0 0 0 0 0 0 0 0 0 0 -7 -8 -4 -9 -1 -10 3 -11 6 -12 8 -13 11 -15 13 -17 15 -20 17 -22 17 -24 17 -25 16 -25 14 -24 13 -22 12 -19 11 -14 13 -11 16 -7 20 -4 25 -2 31 -1 37 -2 43 -4 47 -8 48 -12
CSI_META: ts=4039262625 rssi=-38 noise_floor=-98 channel=6 secondary_channel=0 sig_mode=0 mcs=0 rate=9 cwb=0 sgi=0 stbc=0 ant=0 len=128 rx_state=0 seq=-1 tx_mac=52:40:27:94:0a:bb
CSI_DATA: 28 -64 1 0 2 20 3 17 3 15 2 11 1 8 -1 6 -3 4 -6 3 -8 2 -10 2 -12 2 -13 2 -14 3 -14 4 -13 4 -12 5 -11 4 -9 3 -8 2 -7 2 -5 0 -4 -1 -3 -2 -2 -3 0 -4 0 0 0 0 0 0 0 0 0 0 0 0 0 0 0 0 0 0 0 0 0 0 0 -4 1 -3 3 -2 4 0 5 1 6 1 8 2 9 3 11 4 11 4 12 4 12 4 12 3 11 3 9 2 8 2 5 3 3 4 1 5 -1 8 -3 10 -3 14 -5 16 -4 19 -3 21 -2 23
CSI_META: ts=4039762949 rssi=-42 noise_floor=-98 channel=6 secondary_channel=0 sig_mode=0 mcs=0 rate=9 cwb=0 sgi=0 stbc=0 ant=0 len=128 rx_state=0 seq=-1 tx_mac=52:40:27:94:0a:bb
CSI_DATA: 28 -64 1 0 -27 -3 -31 -5 -34 -5 -37 -4 -39 -2 -38 1 -36 3 -34 6 -30 7 -26 7 -21 5 -17 3 -13 0 -10 -3 -7 -6 -5 -10 -4 -12 -3 -15 -2 -16 -2 -18 -1 -19 -1 -19 0 -19 0 -18 2 -17 0 0 0 0 0 0 0 0 0 0 0 0 0 0 0 0 0 0 0 0 0 0 16 3 16 5 16 6 15 7 14 7 13 7 11 8 9 8 6 8 2 10 -2 11 -6 12 -10 14 -14 16 -17 19 -19 23 -19 26 -19 29 -18 31 -16 32 -14 32 -11 30 -10 27 -10 22 -11 16 -13 10
CSI_META: ts=4041071390 rssi=-42 noise_floor=-98 channel=6 secondary_channel=0 sig_mode=0 mcs=0 rate=9 cwb=0 sgi=0 stbc=0 ant=0 len=128 rx_state=0 seq=-1 tx_mac=52:40:27:94:0a:bb
CSI_DATA: 28 -64 1 0 -12 0 -8 -2 -4 -6 -3 -9 -2 -12 -1 -15 -2 -18 -2 -19 -3 -20 -5 -20 -6 -19 -6 -18 -6 -16 -6 -14 -5 -12 -3 -9 -2 -7 0 -5 1 -3 3 -1 5 0 6 2 7 3 8 4 8 5 0 0 0 0 0 0 0 0 0 0 0 0 0 0 0 0 0 0 0 0 0 0 3 5 3 6 3 8 2 9 2 10 2 11 1 11 1 12 1 11 0 11 0 10 -1 8 -3 6 -4 4 -6 1 -9 -1 -12 -2 -15 -3 -18 -3 -21 -3 -23 -2 -25 -1 -25 0 -26 2 -25 3 -22 4
CSI_META: ts=4041445579 rssi=-42 noise_floor=-98 channel=6 secondary_channel=0 sig_mode=0 mcs=0 rate=9 cwb=0 sgi=0 stbc=0 ant=0 len=128 rx_state=0 seq=-1 tx_mac=52:40:27:94:0a:bb
CSI_DATA: 28 -64 1 0 24 -2 29 -1 34 -2 35 -2 37 -5 36 -7 35 -9 31 -11 28 -12 23 -11 18 -9 14 -6 10 -2 7 2 4 6 2 10 1 13 0 15 -1 16 -2 18 -2 18 -2 19 -3 18 -4 17 -5 15 0 0 0 0 0 0 0 0 0 0 0 0 0 0 0 0 0 0 0 0 0 0 -15 6 -16 5 -17 4 -17 3 -17 2 -16 2 -15 1 -14 -1 -11 -3 -8 -5 -5 -8 -2 -11 1 -15 4 -19 6 -23 6 -28 6 -31 5 -35 4 -36 2 -36 0 -35 -1 -33 -3 -29 -1 -24 2 -18 6 -13
CSI_META: ts=4041586301 rssi=-42 noise_floor=-98 channel=6 secondary_channel=0 sig_mode=0 mcs=0 rate=9 cwb=0 sgi=0 stbc=0 ant=0 len=128 rx_state=0 seq=-1 tx_mac=52:40:27:94:0a:bb
CSI_DATA: 28 -64 1 0 -7 -26 -9 -25 -10 -25 -11 -22 -12 -19 -11 -16 -10 -13 -8 -10 -5 -8 -2 -7 0 -6 4 -5 6 -6 9 -6 10 -6 11 -7 11 -7 11 -7 10 -7 10 -7 9 -6 8 -5 8 -4 6 -3 5 -2 0 0 0 0 0 0 0 0 0 0 0 0 0 0 0 0 0 0 0 0 0 0 3 8 2 7 1 6 -1 5 -2 4 -4 3 -5 1 -7 0 -9 -1 -12 -2 -14 -4 -16 -4 -18 -4 -19 -4 -19 -2 -20 -2 -18 -1 -17 0 -15 0 -13 0 -10 -2 -7 -4 -5 -8 -4 -12 -3 -15 -3 -20
CSI_META: ts=4041586459 rssi=-42 noise_floor=-98 channel=6 secondary_channel=0 sig_mode=0 mcs=0 rate=9 cwb=0 sgi=0 stbc=0 ant=0 len=128 rx_state=0 seq=-1 tx_mac=52:40:27:94:0a:bb
CSI_DATA: 28 -64 1 0 -20 -45 -22 -40 -25 -40 -24 -33 -25 -29 -23 -24 -18 -19 -14 -14 -8 -12 -2 -10 4 -10 8 -11 12 -12 16 -14 17 -15 19 -17 18 -16 17 -17 15 -15 14 -14 13 -13 12 -11 10 -8 8 -5 6 -1 0 0 0 0 0 0 0 0 0 0 0 0 0 0 0 0 0 0 0 0 0 0 9 15 7 14 5 14 3 11 0 11 -2 8 -5 6 -9 3 -13 2 -19 -1 -23 -3 -27 -3 -30 -3 -33 -2 -33 0 -36 2 -32 4 -32 5 -27 4 -24 4 -19 1 -15 -4 -11 -11 -9 -18 -9 -26 -8 -32
CSI_META: ts=4041586718 rssi=-39 noise_floor=-98 channel=6 secondary_channel=0 sig_mode=0 mcs=0 rate=9 cwb=0 sgi=0 stbc=0 ant=0 len=128 rx_state=0 seq=-1 tx_mac=52:40:27:94:0a:bb
CSI_DATA: 28 -64 1 0 7 -20 6 -21 5 -21 3 -20 2 -19 0 -16 0 -14 -1 -11 0 -8 1 -6 2 -4 3 -2 5 0 7 1 9 2 9 2 10 2 10 2 9 2 9 1 9 2 8 1 7 1 6 2 4 2 0 0 0 0 0 0 0 0 0 0 0 0 0 0 0 0 0 0 0 0 0 0 0 7 -1 6 -2 5 -2 4 -3 2 -4 0 -5 -1 -6 -3 -7 -5 -9 -6 -11 -8 -12 -9 -12 -9 -14 -9 -14 -9 -14 -9 -14 -8 -13 -7 -11 -6 -9 -5 -6 -5 -3 -6 -1 -7 2 -9 4 -11 7 -15
CSI_META: ts=4041962596 rssi=-39 noise_floor=-98 channel=6 secondary_channel=0 sig_mode=0 mcs=0 rate=9 cwb=0 sgi=0 stbc=0 ant=0 len=128 rx_state=0 seq=-1 tx_mac=52:40:27:94:0a:bb
CSI_DATA: 28 -64 1 0 3 -23 1 -20 0 -17 0 -12 1 -9 2 -5 4 -2 6 0 9 2 11 2 13 2 14 2 15 2 16 1 15 1 14 1 12 0 10 -1 7 0 6 0 4 0 2 1 0 2 -2 2 -4 2 0 0 0 0 0 0 0 0 0 0 0 0 0 0 0 0 0 0 0 0 0 0 -1 4 -2 3 -4 1 -5 -1 -6 -2 -7 -3 -9 -4 -10 -6 -12 -6 -13 -7 -14 -8 -14 -7 -14 -7 -13 -7 -11 -6 -9 -5 -7 -5 -4 -6 0 -7 3 -8 5 -11 7 -14 10 -17 10 -20 10 -23 9 -26
CSI_META: ts=4043033645 rssi=-42 noise_floor=-98 channel=6 secondary_channel=0 sig_mode=0 mcs=0 rate=9 cwb=0 sgi=0 stbc=0 ant=0 len=128 rx_state=0 seq=-1 tx_mac=52:40:27:94:0a:bb
CSI_DATA: 28 -64 1 0 -43 17 -36 17 -29 15 -23 12 -18 8 -15 3 -12 -3 -11 -8 -11 -14 -13 -17 -15 -21 -17 -23 -19 -22 -20 -23 -20 -21 -20 -20 -18 -17 -16 -14 -13 -12 -11 -10 -8 -9 -5 -8 -1 -7 2 -6 6 -4 0 0 0 0 0 0 0 0 0 0 0 0 0 0 0 0 0 0 0 0 0 0 7 1 5 4 2 7 0 9 -2 12 -4 15 -5 17 -6 21 -7 24 -8 27 -8 28 -7 28 -6 27 -5 25 -5 22 -5 18 -6 14 -9 10 -13 5 -18 2 -24 0 -30 -1 -37 -1 -43 1 -47 4 -49 8
CSI_META: ts=4043240427 rssi=-38 noise_floor=-98 channel=6 secondary_channel=0 sig_mode=0 mcs=0 rate=9 cwb=0 sgi=0 stbc=0 ant=0 len=128 rx_state=0 seq=-1 tx_mac=52:40:27:94:0a:bb
CSI_DATA: 28 -64 1 0 -4 15 -7 8 -8 3 -11 -3 -14 -7 -18 -10 -21 -11 -24 -11 -26 -11 -28 -10 -28 -9 -26 -8 -24 -6 -23 -5 -19 -4 -16 -4 -11 -3 -8 -4 -4 -4 -1 -4 3 -5 5 -5 7 -5 10 -5 12 -4 0 0 0 0 0 0 0 0 0 0 0 0 0 0 0 0 0 0 0 0 0 0 10 -4 12 -3 14 -3 16 -1 16 -1 17 -1 17 1 17 0 16 1 15 2 13 2 10 3 5 5 2 7 -3 9 -7 12 -10 15 -13 19 -14 22 -16 27 -15 30 -14 33 -13 35 -11 35 -9 35 -7 33
CSI_META: ts=4045900857 rssi=-43 noise_floor=-98 channel=6 secondary_channel=0 sig_mode=0 mcs=0 rate=9 cwb=0 sgi=0 stbc=0 ant=0 len=128 rx_state=0 seq=-1 tx_mac=52:40:27:94:0a:bb
CSI_DATA: 28 -64 1 0 -2 13 -3 16 -3 19 -2 20 -1 21 1 21 2 19 3 18 3 15 3 13 2 10 1 7 -1 5 -3 3 -5 1 -7 -1 -8 -2 -9 -2 -10 -3 -10 -3 -11 -3 -11 -3 -10 -4 -9 -4 -8 -4 0 0 0 0 0 0 0 0 0 0 0 0 0 0 0 0 0 0 0 0 0 0 -5 -9 -4 -10 -4 -11 -3 -11 -3 -11 -2 -10 -1 -9 -1 -8 0 -7 2 -5 4 -3 5 -1 8 1 10 3 12 4 15 5 17 5 19 4 20 3 20 2 19 1 18 0 16 0 13 0 10 2 6 4
CSI_META: ts=4046043001 rssi=-42 noise_floor=-98 channel=6 secondary_channel=0 sig_mode=0 mcs=0 rate=9 cwb=0 sgi=0 stbc=0 ant=0 len=128 rx_state=0 seq=-1 tx_mac=52:40:27:94:0a:bb
CSI_DATA: 28 -64 1 0 20 19 18 16 15 13 12 9 9 7 4 5 0 4 -4 4 -8 4 -11 5 -13 6 -15 7 -16 8 -16 9 -16 9 -15 9 -14 8 -12 7 -10 5 -9 4 -7 2 -5 1 -4 -1 -2 -3 0 -4 0 0 0 0 0 0 0 0 0 0 0 0 0 0 0 0 0 0 0 0 0 0 -4 -1 -2 -3 -1 -4 1 -5 3 -7 5 -8 7 -9 9 -10 10 -12 11 -13 13 -13 12 -13 11 -13 10 -12 9 -10 7 -8 6 -5 5 -2 4 2 5 7 5 11 8 15 9 19 12 22 15 24 17 25
CSI_META: ts=4046720065 rssi=-38 noise_floor=-98 channel=6 secondary_channel=0 sig_mode=0 mcs=0 rate=9 cwb=0 sgi=0 stbc=0 ant=0 len=128 rx_state=0 seq=-1 tx_mac=52:40:27:94:0a:bb
CSI_DATA: 28 -64 1 0 -18 16 -15 17 -12 16 -10 14 -8 13 -7 10 -5 7 -6 5 -6 2 -7 -1 -8 -2 -10 -4 -11 -4 -12 -4 -13 -4 -13 -4 -13 -4 -12 -3 -10 -3 -10 -3 -8 -3 -7 -3 -5 -3 -3 -3 -2 -4 0 0 0 0 0 0 0 0 0 0 0 0 0 0 0 0 0 0 0 0 0 0 5 -4 4 -2 4 -1 3 1 1 2 1 4 1 6 0 8 0 10 0 12 0 13 1 15 1 15 2 15 3 14 3 13 3 11 2 9 1 8 -2 6 -4 6 -7 5 -10 6 -14 7 -17 9 -18 11
CSI_META: ts=4047077504 rssi=-42 noise_floor=-98 channel=6 secondary_channel=0 sig_mode=0 mcs=0 rate=9 cwb=0 sgi=0 stbc=0 ant=0 len=128 rx_state=0 seq=-1 tx_mac=52:40:27:94:0a:bb
CSI_DATA: 28 -64 1 0 -11 -4 -7 0 -3 3 0 6 3 9 5 11 7 14 8 15 9 16 9 17 8 17 7 16 6 15 5 14 4 11 3 9 2 6 1 4 1 1 2 -1 3 -3 4 -4 5 -5 7 -5 8 -4 0 0 0 0 0 0 0 0 0 0 0 0 0 0 0 0 0 0 0 0 0 0 2 -7 3 -8 5 -8 7 -8 8 -8 9 -7 10 -7 11 -6 11 -5 10 -4 9 -3 6 -3 4 -3 1 -3 -3 -4 -6 -4 -10 -5 -13 -7 -16 -8 -19 -9 -21 -10 -22 -11 -23 -12 -23 -12 -22 -12 -20 -11
CSI_META: ts=4047077630 rssi=-42 noise_floor=-98 channel=6 secondary_channel=0 sig_mode=0 mcs=0 rate=9 cwb=0 sgi=0 stbc=0 ant=0 len=128 rx_state=0 seq=-1 tx_mac=52:40:27:94:0a:bb
CSI_DATA: 28 -64 1 0 -3 17 1 10 6 3 11 -4 15 -10 18 -15 22 -19 23 -20 24 -22 26 -23 26 -23 25 -21 24 -19 21 -15 20 -13 14 -9 11 -7 6 -5 2 -4 -2 -4 -5 -5 -8 -6 -10 -8 -11 -10 -11 -14 0 0 0 0 0 0 0 0 0 0 0 0 0 0 0 0 0 0 0 0 0 0 -11 -3 -14 -5 -15 -8 -16 -11 -15 -13 -16 -16 -14 -17 -13 -19 -11 -19 -9 -17 -8 -16 -6 -12 -5 -7 -4 -2 -4 5 -6 10 -7 17 -7 23 -9 30 -10 35 -11 39 -12 41 -12 42 -13 44 -12 41 -12 38
CSI_META: ts=4047081411 rssi=-43 noise_floor=-98 channel=6 secondary_channel=0 sig_mode=0 mcs=0 rate=9 cwb=0 sgi=0 stbc=0 ant=0 len=128 rx_state=0 seq=-1 tx_mac=52:40:27:94:0a:bb
CSI_DATA: 28 -64 1 0 -21 -4 -13 1 -4 5 2 9 8 14 13 17 18 21 21 23 23 25 23 26 22 25 20 25 17 23 15 21 11 18 8 14 6 9 4 5 3 0 3 -4 4 -7 6 -10 8 -12 10 -13 13 -12 0 0 0 0 0 0 0 0 0 0 0 0 0 0 0 0 0 0 0 0 0 0 1 -7 2 -11 5 -13 8 -15 11 -16 13 -16 16 -15 18 -15 19 -13 20 -12 18 -10 15 -7 10 -6 5 -5 -1 -5 -8 -4 -15 -5 -22 -6 -27 -7 -33 -8 -39 -10 -42 -11 -45 -11 -46 -11 -44 -12 -40 -11
CSI_META: ts=4047081520 rssi=-42 noise_floor=-98 channel=6 secondary_channel=0 sig_mode=0 mcs=0 rate=9 cwb=0 sgi=0 stbc=0 ant=0 len=128 rx_state=0 seq=-1 tx_mac=52:40:27:94:0a:bb
CSI_DATA: 28 -64 1 0 -8 -19 -8 -10 -7 -2 -7 7 -8 14 -8 20 -8 26 -9 29 -9 32 -10 33 -11 32 -11 31 -11 28 -10 25 -10 21 -8 16 -6 12 -3 7 0 4 3 1 6 0 9 -1 12 0 15 1 16 4 0 0 0 0 0 0 0 0 0 0 0 0 0 0 0 0 0 0 0 0 0 0 8 -3 11 -2 14 -1 17 1 19 3 20 6 19 8 20 10 19 11 17 12 15 12 12 9 9 6 5 1 2 -4 -1 -9 -4 -16 -6 -22 -8 -28 -10 -34 -12 -39 -12 -42 -13 -45 -12 -45 -12 -44 -11 -41
CSI_META: ts=4047081683 rssi=-43 noise_floor=-98 channel=6 secondary_channel=0 sig_mode=0 mcs=0 rate=9 cwb=0 sgi=0 stbc=0 ant=0 len=128 rx_state=0 seq=-1 tx_mac=52:40:27:94:0a:bb
CSI_DATA: 28 -64 1 0 -20 7 -10 6 0 6 8 6 15 6 22 6 27 7 31 7 33 8 34 9 33 9 31 9 28 9 24 8 19 7 14 6 10 3 5 0 2 -3 0 -6 -2 -9 -2 -13 -1 -15 1 -18 3 -19 0 0 0 0 0 0 0 0 0 0 0 0 0 0 0 0 0 0 0 0 0 0 -1 -6 -1 -10 -1 -13 1 -16 3 -18 5 -20 8 -21 10 -21 11 -21 13 -20 13 -18 11 -14 8 -11 4 -8 -1 -4 -8 -1 -14 2 -21 4 -26 7 -32 9 -38 11 -41 12 -45 12 -45 12 -44 11 -41 10
CSI_META: ts=4048982915 rssi=-38 noise_floor=-98 channel=6 secondary_channel=0 sig_mode=0 mcs=0 rate=9 cwb=0 sgi=0 stbc=0 ant=0 len=128 rx_state=0 seq=-1 tx_mac=52:40:27:94:0a:bb
CSI_DATA: 28 -64 1 0 3 -26 4 -28 4 -30 2 -31 0 -31 -2 -31 -4 -29 -5 -27 -6 -25 -6 -23 -6 -19 -4 -17 -2 -15 1 -14 2 -13 6 -12 7 -12 8 -12 8 -11 9 -12 9 -11 10 -12 10 -11 10 -9 10 -8 0 0 0 0 0 0 0 0 0 0 0 0 0 0 0 0 0 0 0 0 0 0 -15 -3 -15 -4 -15 -5 -14 -5 -14 -6 -13 -7 -11 -7 -11 -8 -9 -10 -7 -11 -5 -13 -4 -16 -2 -19 -2 -21 -2 -23 -4 -27 -5 -28 -7 -29 -9 -29 -12 -28 -13 -27 -13 -25 -12 -24 -11 -23 -8 -22 -5 -23
CSI_META: ts=4048983087 rssi=-41 noise_floor=-98 channel=6 secondary_channel=0 sig_mode=0 mcs=0 rate=9 cwb=0 sgi=0 stbc=0 ant=0 len=128 rx_state=0 seq=-1 tx_mac=52:40:27:94:0a:bb
CSI_DATA: 28 -64 1 0 -33 -4 -33 -4 -37 -3 -35 -2 -36 0 -35 2 -32 4 -29 7 -27 7 -23 7 -20 4 -18 2 -16 -1 -17 -3 -15 -5 -17 -8 -16 -8 -16 -10 -16 -10 -16 -10 -15 -10 -15 -10 -14 -9 -12 -9 -9 -9 0 0 0 0 0 0 0 0 0 0 0 0 0 0 0 0 0 0 0 0 0 0 -6 14 -7 14 -9 15 -9 13 -10 14 -9 13 -10 12 -11 11 -12 10 -14 8 -15 6 -17 4 -20 2 -23 1 -24 0 -29 2 -30 3 -33 6 -32 7 -33 9 -32 11 -30 11 -29 12 -27 11 -26 7 -25 3
CSI_META: ts=4048983223 rssi=-41 noise_floor=-98 channel=6 secondary_channel=0 sig_mode=0 mcs=0 rate=9 cwb=0 sgi=0 stbc=0 ant=0 len=128 rx_state=0 seq=-1 tx_mac=52:40:27:94:0a:bb
CSI_DATA: 28 -64 1 0 28 -11 31 -12 32 -13 32 -16 30 -18 28 -19 25 -20 22 -20 19 -19 17 -16 15 -13 14 -10 14 -7 15 -5 17 -2 16 0 18 1 18 1 17 1 17 1 17 1 16 2 15 2 13 3 12 5 0 0 0 0 0 0 0 0 0 0 0 0 0 0 0 0 0 0 0 0 0 0 -3 -15 -2 -17 -1 -17 -1 -18 0 -17 1 -18 1 -16 2 -16 4 -15 6 -14 9 -13 12 -12 15 -12 18 -12 21 -14 23 -15 25 -18 24 -20 25 -24 23 -25 20 -26 19 -25 17 -24 18 -22 18 -19 21 -17
CSI_META: ts=4049497612 rssi=-41 noise_floor=-98 channel=6 secondary_channel=0 sig_mode=0 mcs=0 rate=9 cwb=0 sgi=0 stbc=0 ant=0 len=128 rx_state=0 seq=-1 tx_mac=52:40:27:94:0a:bb
CSI_DATA: 28 -64 1 0 -37 19 -31 19 -26 17 -21 14 -17 10 -14 5 -12 0 -11 -4 -12 -9 -14 -13 -15 -16 -17 -17 -19 -18 -20 -18 -20 -17 -20 -16 -18 -13 -15 -12 -12 -10 -10 -9 -7 -8 -4 -7 -1 -7 3 -6 6 -5 0 0 0 0 0 0 0 0 0 0 0 0 0 0 0 0 0 0 0 0 0 0 8 -2 6 0 4 3 2 5 0 8 -2 11 -3 14 -4 17 -5 20 -6 23 -5 25 -4 26 -3 26 -2 25 -1 22 -1 20 -2 15 -4 12 -7 8 -12 5 -17 3 -23 2 -29 2 -35 4 -39 7 -41 11
CSI_META: ts=4051020856 rssi=-38 noise_floor=-98 channel=6 secondary_channel=0 sig_mode=0 mcs=0 rate=9 cwb=0 sgi=0 stbc=0 ant=0 len=128 rx_state=0 seq=-1 tx_mac=52:40:27:94:0a:bb
CSI_DATA: 28 -64 1 0 -20 -17 -22 -19 -25 -20 -26 -20 -28 -18 -29 -16 -27 -13 -25 -10 -22 -8 -19 -6 -15 -6 -11 -5 -6 -7 -2 -7 1 -9 4 -11 6 -11 7 -12 7 -13 8 -14 8 -14 8 -14 8 -12 8 -11 8 -9 0 0 0 0 0 0 0 0 0 0 0 0 0 0 0 0 0 0 0 0 0 0 12 8 12 9 11 10 10 10 9 10 7 9 5 9 3 8 0 7 -3 7 -8 6 -12 7 -15 7 -19 8 -22 9 -25 10 -26 13 -26 15 -25 17 -24 18 -21 19 -19 16 -16 13 -15 9 -14 5 -13 -2
CSI_META: ts=4051021019 rssi=-42 noise_floor=-98 channel=6 secondary_channel=0 sig_mode=0 mcs=0 rate=9 cwb=0 sgi=0 stbc=0 ant=0 len=128 rx_state=0 seq=-1 tx_mac=52:40:27:94:0a:bb
CSI_DATA: 28 -64 1 0 -30 3 -33 4 -36 6 -36 8 -36 11 -34 12 -31 14 -27 15 -23 13 -19 11 -15 7 -12 3 -10 -1 -8 -4 -7 -8 -7 -12 -7 -14 -7 -16 -7 -16 -7 -17 -7 -17 -6 -17 -5 -17 -4 -16 -2 -14 0 0 0 0 0 0 0 0 0 0 0 0 0 0 0 0 0 0 0 0 0 0 16 -4 17 -3 17 -2 16 -1 15 0 13 1 11 2 9 3 7 5 3 8 -1 11 -5 14 -7 17 -9 21 -9 24 -10 29 -8 31 -7 34 -5 33 -2 33 -1 31 0 27 -1 24 -4 18 -8 13 -12 9
CSI_META: ts=4051021173 rssi=-42 noise_floor=-98 channel=6 secondary_channel=0 sig_mode=0 mcs=0 rate=9 cwb=0 sgi=0 stbc=0 ant=0 len=128 rx_state=0 seq=-1 tx_mac=52:40:27:94:0a:bb
CSI_DATA: 28 -64 1 0 -29 9 -30 9 -35 12 -33 13 -34 15 -32 17 -29 18 -26 18 -22 19 -18 16 -14 12 -12 9 -10 4 -9 0 -8 -4 -8 -8 -7 -10 -7 -13 -7 -14 -8 -16 -7 -17 -8 -17 -7 -16 -6 -16 -4 -15 0 0 0 0 0 0 0 0 0 0 0 0 0 0 0 0 0 0 0 0 0 0 15 -9 14 -7 15 -6 13 -4 13 -3 11 -2 9 1 7 3 5 6 3 10 1 13 -1 17 -2 21 -3 25 -3 27 -3 32 -1 31 1 34 2 31 3 32 4 29 4 26 4 23 0 18 -4 14 -9 11
CSI_META: ts=4051600648 rssi=-38 noise_floor=-98 channel=6 secondary_channel=0 sig_mode=0 mcs=0 rate=9 cwb=0 sgi=0 stbc=0 ant=0 len=128 rx_state=0 seq=-1 tx_mac=52:40:27:94:0a:bb
CSI_DATA: 28 -64 1 0 3 22 4 20 5 17 4 14 4 11 3 9 0 7 -2 6 -5 5 -7 6 -9 6 -10 8 -11 8 -11 9 -11 10 -10 10 -9 9 -8 8 -7 7 -6 6 -6 4 -5 3 -5 1 -4 0 -4 -2 0 0 0 0 0 0 0 0 0 0 0 0 0 0 0 0 0 0 0 0 0 0 2 -4 3 -3 3 -1 3 1 4 2 4 3 5 5 6 6 7 8 8 8 9 9 9 9 10 8 10 8 9 7 9 6 7 5 5 5 3 6 1 7 -1 9 -3 11 -4 14 -4 17 -3 20 -2 22
CSI_META: ts=4051600784 rssi=-42 noise_floor=-98 channel=6 secondary_channel=0 sig_mode=0 mcs=0 rate=9 cwb=0 sgi=0 stbc=0 ant=0 len=128 rx_state=0 seq=-1 tx_mac=52:40:27:94:0a:bb
CSI_DATA: 28 -64 1 0 26 -31 23 -33 15 -29 14 -25 9 -22 9 -17 9 -12 11 -8 14 -5 17 -2 20 0 23 0 26 -2 25 -1 28 -2 24 -4 23 -4 21 -6 17 -5 15 -5 13 -2 10 -1 8 2 6 5 3 7 0 0 0 0 0 0 0 0 0 0 0 0 0 0 0 0 0 0 0 0 0 0 -9 -3 -7 -4 -4 -6 -3 -9 0 -9 2 -13 2 -14 3 -18 5 -19 4 -22 4 -24 4 -25 3 -25 2 -25 1 -24 1 -21 2 -19 3 -15 7 -14 9 -11 14 -13 20 -11 23 -15 28 -16 32 -20 34 -27
CSI_META: ts=4051600947 rssi=-42 noise_floor=-98 channel=6 secondary_channel=0 sig_mode=0 mcs=0 rate=9 cwb=0 sgi=0 stbc=0 ant=0 len=128 rx_state=0 seq=-1 tx_mac=52:40:27:94:0a:bb
CSI_DATA: 28 -64 1 0 -46 -22 -39 -15 -38 -14 -30 -9 -25 -8 -20 -8 -14 -11 -10 -13 -7 -19 -5 -22 -5 -25 -6 -28 -6 -28 -9 -32 -9 -29 -10 -30 -9 -24 -9 -23 -7 -19 -6 -17 -4 -14 -1 -12 3 -9 6 -7 9 -4 0 0 0 0 0 0 0 0 0 0 0 0 0 0 0 0 0 0 0 0 0 0 1 11 -2 8 -5 7 -7 4 -10 3 -12 1 -15 0 -19 -1 -22 0 -27 0 -28 0 -29 1 -30 3 -29 4 -26 5 -26 5 -20 3 -20 1 -16 -3 -16 -8 -16 -13 -18 -18 -22 -26 -27 -28 -33 -31 -36 -31
CSI_META: ts=4054724972 rssi=-39 noise_floor=-98 channel=6 secondary_channel=0 sig_mode=0 mcs=0 rate=9 cwb=0 sgi=0 stbc=0 ant=0 len=128 rx_state=0 seq=-1 tx_mac=52:40:27:94:0a:bb
CSI_DATA: 28 -64 1 0 -20 4 -17 4 -13 3 -10 2 -7 0 -5 -3 -4 -6 -4 -8 -4 -10 -4 -12 -5 -13 -6 -14 -7 -14 -7 -13 -7 -12 -7 -11 -6 -10 -5 -8 -4 -6 -3 -5 -1 -4 0 -3 1 -2 3 -1 4 0 0 0 0 0 0 0 0 0 0 0 0 0 0 0 0 0 0 0 0 0 0 0 2 1 1 2 0 4 -1 5 -2 7 -3 8 -3 9 -4 11 -4 11 -5 13 -4 13 -4 12 -3 11 -3 10 -3 9 -4 6 -5 4 -6 2 -8 0 -11 -2 -14 -4 -17 -4 -19 -3 -22 -3 -24 -1 -24 0
CSI_META: ts=4054981144 rssi=-38 noise_floor=-98 channel=6 secondary_channel=0 sig_mode=0 mcs=0 rate=9 cwb=0 sgi=0 stbc=0 ant=0 len=128 rx_state=0 seq=-1 tx_mac=52:40:27:94:0a:bb
CSI_DATA: 28 -64 1 0 -17 -10 -19 -14 -22 -17 -24 -18 -27 -18 -29 -17 -29 -15 -28 -12 -26 -10 -24 -7 -21 -7 -16 -5 -12 -5 -8 -6 -4 -7 -1 -8 3 -9 5 -10 6 -11 7 -11 9 -13 9 -13 10 -12 10 -11 10 -9 0 0 0 0 0 0 0 0 0 0 0 0 0 0 0 0 0 0 0 0 0 0 12 6 12 8 13 9 12 9 12 10 11 9 9 9 7 8 6 9 2 8 -2 7 -6 6 -10 7 -15 8 -18 9 -22 11 -23 13 -25 17 -25 19 -25 22 -23 23 -21 23 -19 20 -16 18 -15 14 -13 9
CSI_META: ts=4054981240 rssi=-42 noise_floor=-98 channel=6 secondary_channel=0 sig_mode=0 mcs=0 rate=9 cwb=0 sgi=0 stbc=0 ant=0 len=128 rx_state=0 seq=-1 tx_mac=52:40:27:94:0a:bb
CSI_DATA: 28 -64 1 0 -8 24 -11 26 -16 34 -14 34 -14 38 -11 39 -9 39 -6 37 -4 35 -2 29 -2 24 -2 18 -4 13 -7 10 -9 5 -14 2 -15 -1 -17 -3 -18 -4 -20 -5 -20 -5 -21 -6 -19 -6 -18 -7 -15 -8 0 0 0 0 0 0 0 0 0 0 0 0 0 0 0 0 0 0 0 0 0 0 9 -15 10 -14 12 -16 12 -15 14 -16 13 -14 13 -13 13 -12 13 -9 12 -6 10 -1 10 5 10 10 11 15 12 19 16 25 18 26 24 30 25 27 30 29 30 26 32 23 30 23 26 18 20 16 12 15
CSI_META: ts=4055191341 rssi=-41 noise_floor=-98 channel=6 secondary_channel=0 sig_mode=0 mcs=0 rate=9 cwb=0 sgi=0 stbc=0 ant=0 len=128 rx_state=0 seq=-1 tx_mac=52:40:27:94:0a:bb
CSI_DATA: 28 -64 1 0 16 -25 16 -20 16 -17 18 -14 20 -12 22 -12 23 -12 23 -13 24 -15 24 -17 22 -18 21 -18 18 -17 17 -17 15 -15 13 -12 12 -10 11 -7 10 -5 11 -2 11 0 12 2 12 3 12 5 13 6 0 0 0 0 0 0 0 0 0 0 0 0 0 0 0 0 0 0 0 0 0 0 -2 -11 1 -13 3 -14 4 -15 6 -16 6 -18 7 -19 7 -20 7 -21 8 -21 8 -21 8 -20 8 -18 10 -16 11 -14 14 -13 16 -12 20 -13 23 -14 26 -16 28 -19 29 -23 29 -27 28 -30 26 -31 23 -32
CSI_META: ts=4056362852 rssi=-38 noise_floor=-98 channel=6 secondary_channel=0 sig_mode=0 mcs=0 rate=9 cwb=0 sgi=0 stbc=0 ant=0 len=128 rx_state=0 seq=-1 tx_mac=52:40:27:94:0a:bb
CSI_DATA: 28 -64 1 0 -8 -20 -8 -17 -7 -15 -6 -12 -4 -9 -2 -8 1 -7 3 -7 5 -7 7 -8 8 -9 8 -10 8 -11 8 -12 8 -12 6 -11 6 -10 5 -9 4 -8 4 -6 3 -5 3 -3 3 -1 3 1 3 2 0 0 0 0 0 0 0 0 0 0 0 0 0 0 0 0 0 0 0 0 0 0 -3 2 -4 1 -4 0 -5 -2 -6 -3 -6 -4 -7 -5 -8 -6 -9 -7 -10 -8 -11 -8 -11 -7 -12 -7 -11 -6 -9 -5 -9 -5 -6 -5 -5 -6 -3 -7 -1 -9 1 -11 1 -14 2 -17 0 -20 -1 -21 -2 -24
CSI_META: ts=4056362979 rssi=-42 noise_floor=-98 channel=6 secondary_channel=0 sig_mode=0 mcs=0 rate=9 cwb=0 sgi=0 stbc=0 ant=0 len=128 rx_state=0 seq=-1 tx_mac=52:40:27:94:0a:bb
CSI_DATA: 28 -64 1 0 -43 -8 -40 -6 -32 -4 -28 -4 -21 -4 -16 -7 -12 -11 -9 -14 -8 -19 -9 -23 -10 -26 -12 -27 -13 -29 -14 -27 -15 -27 -15 -24 -14 -21 -12 -18 -10 -15 -8 -12 -5 -11 -2 -9 2 -8 5 -6 9 -5 0 0 0 0 0 0 0 0 0 0 0 0 0 0 0 0 0 0 0 0 0 0 1 8 -2 7 -5 6 -8 6 -11 5 -14 5 -16 5 -20 6 -22 7 -24 8 -26 9 -26 10 -25 11 -23 10 -22 10 -18 7 -17 4 -15 0 -16 -4 -18 -10 -21 -14 -25 -18 -29 -21 -36 -23 -41 -22 -45 -21
CSI_META: ts=4056363123 rssi=-38 noise_floor=-98 channel=6 secondary_channel=0 sig_mode=0 mcs=0 rate=9 cwb=0 sgi=0 stbc=0 ant=0 len=128 rx_state=0 seq=-1 tx_mac=52:40:27:94:0a:bb
CSI_DATA: 28 -64 1 0 -10 -22 -9 -19 -8 -16 -6 -12 -4 -10 -2 -9 2 -7 4 -8 7 -8 9 -9 10 -10 10 -12 10 -13 9 -14 8 -13 7 -13 6 -11 5 -10 4 -8 3 -6 4 -4 3 -2 3 0 3 2 3 4 0 0 0 0 0 0 0 0 0 0 0 0 0 0 0 0 0 0 0 0 0 0 -3 4 -3 2 -4 1 -5 0 -6 -2 -7 -4 -8 -5 -9 -6 -10 -7 -11 -8 -12 -9 -13 -9 -13 -8 -12 -8 -12 -6 -11 -5 -8 -5 -6 -6 -4 -7 -2 -10 0 -12 0 -16 2 -19 2 -22 0 -24 -2 -26
CSI_META: ts=4056907634 rssi=-41 noise_floor=-98 channel=6 secondary_channel=0 sig_mode=0 mcs=0 rate=9 cwb=0 sgi=0 stbc=0 ant=0 len=128 rx_state=0 seq=-1 tx_mac=52:40:27:94:0a:bb
CSI_DATA: 28 -64 1 0 33 12 30 8 27 8 24 6 21 6 18 8 16 9 15 11 16 12 16 13 18 14 19 14 19 13 20 12 19 11 18 10 16 8 14 7 11 6 9 6 8 7 6 7 4 9 2 9 -1 11 0 0 0 0 0 0 0 0 0 0 0 0 0 0 0 0 0 0 0 0 0 0 9 -6 10 -3 10 -1 10 1 11 3 12 4 13 6 15 7 17 9 19 9 20 10 21 9 21 8 21 8 20 7 19 8 17 8 17 9 16 11 17 14 17 16 20 19 22 21 27 22 30 21 33 20
CSI_META: ts=4057712906 rssi=-41 noise_floor=-98 channel=6 secondary_channel=0 sig_mode=0 mcs=0 rate=9 cwb=0 sgi=0 stbc=0 ant=0 len=128 rx_state=0 seq=-1 tx_mac=52:40:27:94:0a:bb
CSI_DATA: 28 -64 1 0 21 11 16 13 12 16 11 19 11 22 12 25 13 26 15 26 17 26 18 25 19 22 19 20 18 17 16 15 13 13 10 12 6 10 3 10 0 9 -3 10 -5 11 -7 12 -8 12 -10 12 -12 12 0 0 0 0 0 0 0 0 0 0 0 0 0 0 0 0 0 0 0 0 0 0 10 -7 12 -6 14 -5 16 -5 17 -5 18 -5 19 -5 19 -5 20 -4 19 -4 18 -3 16 -1 15 1 14 5 14 8 14 12 15 16 17 19 21 21 25 22 29 22 32 21 34 19 36 17 36 14 33 12
CSI_META: ts=4058690348 rssi=-35 noise_floor=-98 channel=6 secondary_channel=0 sig_mode=0 mcs=0 rate=9 cwb=0 sgi=0 stbc=0 ant=0 len=128 rx_state=0 seq=-1 tx_mac=52:40:27:94:0a:bb
CSI_DATA: 28 -64 1 0 15 1 14 1 13 1 12 2 12 2 12 3 12 3 12 2 12 2 12 1 12 1 12 0 11 0 11 0 10 0 9 0 8 0 7 1 6 1 5 2 5 2 4 3 4 4 4 4 3 5 0 0 0 0 0 0 0 0 0 0 0 0 0 0 0 0 0 0 0 0 0 0 5 -3 6 -2 6 -1 7 0 7 0 8 0 8 1 9 1 9 1 10 1 10 2 10 2 10 2 10 3 9 3 9 4 9 4 10 5 11 6 12 6 14 6 15 5 16 5 17 5 18 4 18 3
CSI_META: ts=4059520045 rssi=-42 noise_floor=-98 channel=6 secondary_channel=0 sig_mode=0 mcs=0 rate=9 cwb=0 sgi=0 stbc=0 ant=0 len=128 rx_state=0 seq=-1 tx_mac=52:40:27:94:0a:bb
CSI_DATA: 28 -64 1 0 13 -13 13 -6 14 0 17 6 20 9 23 12 27 12 29 12 31 10 31 8 30 7 29 5 26 3 23 2 18 2 13 3 9 3 5 4 1 5 -2 8 -5 9 -7 10 -9 11 -11 12 -13 12 0 0 0 0 0 0 0 0 0 0 0 0 0 0 0 0 0 0 0 0 0 0 -9 -6 -10 -9 -11 -12 -11 -13 -11 -15 -12 -15 -12 -16 -12 -16 -12 -17 -11 -16 -9 -15 -6 -13 -2 -12 2 -10 7 -10 11 -10 16 -11 21 -14 24 -17 28 -20 29 -25 29 -28 28 -31 26 -32 23 -32 20 -30
CSI_META: ts=4060120629 rssi=-42 noise_floor=-98 channel=6 secondary_channel=0 sig_mode=0 mcs=0 rate=9 cwb=0 sgi=0 stbc=0 ant=0 len=128 rx_state=0 seq=-1 tx_mac=52:40:27:94:0a:bb
CSI_DATA: 28 -64 1 0 -3 26 -6 19 -9 14 -14 9 -20 7 -25 6 -28 7 -31 9 -32 12 -32 14 -30 16 -28 17 -25 17 -21 15 -18 12 -14 9 -12 5 -10 1 -8 -3 -7 -6 -7 -10 -7 -13 -6 -15 -6 -17 -5 -19 0 0 0 0 0 0 0 0 0 0 0 0 0 0 0 0 0 0 0 0 0 0 8 -1 9 2 10 6 11 9 12 11 14 13 15 14 17 15 18 16 18 16 18 16 16 15 13 13 9 12 4 12 -1 13 -5 15 -10 18 -14 23 -16 28 -17 34 -17 39 -14 43 -11 45 -7 45 -4 44
CSI_META: ts=4060121051 rssi=-42 noise_floor=-98 channel=6 secondary_channel=0 sig_mode=0 mcs=0 rate=9 cwb=0 sgi=0 stbc=0 ant=0 len=128 rx_state=0 seq=-1 tx_mac=52:40:27:94:0a:bb
CSI_DATA: 28 -64 1 0 -27 5 -21 1 -18 -4 -13 -10 -12 -15 -12 -19 -14 -24 -16 -26 -19 -27 -21 -27 -23 -26 -24 -24 -23 -21 -22 -19 -20 -17 -16 -14 -12 -12 -8 -10 -4 -9 0 -9 3 -8 6 -8 9 -8 12 -8 15 -7 0 0 0 0 0 0 0 0 0 0 0 0 0 0 0 0 0 0 0 0 0 0 0 10 -2 12 -4 14 -6 16 -7 17 -8 19 -9 19 -9 21 -9 21 -10 20 -9 19 -10 16 -10 13 -11 8 -12 4 -15 0 -19 -3 -24 -6 -28 -8 -34 -8 -39 -7 -43 -4 -46 -2 -47 2 -47 6 -44 8
CSI_META: ts=4060381567 rssi=-38 noise_floor=-98 channel=6 secondary_channel=0 sig_mode=0 mcs=0 rate=9 cwb=0 sgi=0 stbc=0 ant=0 len=128 rx_state=0 seq=-1 tx_mac=52:40:27:94:0a:bb
CSI_DATA: 28 -64 1 0 5 11 3 9 0 7 -3 5 -6 4 -8 4 -10 5 -12 6 -13 7 -13 8 -13 9 -11 9 -11 9 -9 9 -8 7 -7 6 -5 4 -4 2 -4 0 -3 -2 -3 -3 -3 -5 -3 -6 -2 -8 -1 -8 0 0 0 0 0 0 0 0 0 0 0 0 0 0 0 0 0 0 0 0 0 0 1 -3 3 -3 4 -2 6 -2 7 -1 9 -1 9 -1 11 0 12 -1 12 -1 12 -1 10 0 9 0 7 0 5 1 4 3 2 5 0 8 -1 10 -1 13 0 16 1 18 3 20 4 21 6 20 7 20
CSI_META: ts=4060381712 rssi=-38 noise_floor=-98 channel=6 secondary_channel=0 sig_mode=0 mcs=0 rate=9 cwb=0 sgi=0 stbc=0 ant=0 len=128 rx_state=0 seq=-1 tx_mac=52:40:27:94:0a:bb
CSI_DATA: 28 -64 1 0 -15 4 -12 2 -8 -1 -6 -4 -5 -6 -4 -10 -4 -12 -6 -13 -7 -15 -8 -15 -9 -16 -9 -14 -9 -13 -10 -11 -8 -10 -7 -8 -4 -6 -3 -5 -1 -4 1 -3 2 -3 4 -2 6 -2 7 -1 8 0 0 0 0 0 0 0 0 0 0 0 0 0 0 0 0 0 0 0 0 0 0 0 2 2 1 4 0 6 -1 7 -2 8 -3 9 -3 10 -3 11 -3 12 -4 12 -3 12 -3 11 -4 9 -4 7 -4 4 -5 2 -7 0 -10 -2 -13 -3 -15 -3 -19 -3 -21 -2 -24 -1 -24 0 -25 1 -23 3
CSI_META: ts=4060381821 rssi=-38 noise_floor=-98 channel=6 secondary_channel=0 sig_mode=0 mcs=0 rate=9 cwb=0 sgi=0 stbc=0 ant=0 len=128 rx_state=0 seq=-1 tx_mac=52:40:27:94:0a:bb
CSI_DATA: 28 -64 1 0 -9 -12 -6 -8 -3 -8 0 -6 3 -6 6 -6 8 -7 9 -8 11 -10 11 -10 10 -11 9 -11 8 -10 7 -12 6 -10 6 -9 4 -7 4 -5 3 -3 2 -1 2 0 2 2 2 3 1 5 1 6 0 0 0 0 0 0 0 0 0 0 0 0 0 0 0 0 0 0 0 0 0 0 -4 2 -5 2 -7 2 -8 1 -10 1 -10 1 -11 1 -11 1 -12 1 -12 1 -11 0 -10 0 -8 -1 -7 -2 -5 -3 -4 -5 -2 -7 -2 -10 -1 -11 -2 -15 -2 -17 -5 -19 -5 -22 -7 -21 -8 -21 -9 -19
CSI_META: ts=4060385355 rssi=-41 noise_floor=-98 channel=6 secondary_channel=0 sig_mode=0 mcs=0 rate=9 cwb=0 sgi=0 stbc=0 ant=0 len=128 rx_state=0 seq=-1 tx_mac=52:40:27:94:0a:bb
CSI_DATA: 28 -64 1 0 9 -27 7 -19 8 -12 10 -5 14 1 18 5 22 7 26 7 29 7 31 6 31 5 30 3 28 1 27 0 23 0 18 0 14 1 9 2 6 3 2 5 -1 7 -4 8 -7 10 -9 11 -12 11 0 0 0 0 0 0 0 0 0 0 0 0 0 0 0 0 0 0 0 0 0 0 -7 1 -9 -2 -11 -6 -12 -8 -14 -11 -15 -12 -17 -14 -18 -15 -20 -16 -20 -17 -19 -16 -17 -15 -14 -13 -10 -12 -6 -11 -1 -11 5 -12 11 -14 16 -17 20 -22 23 -27 24 -31 24 -36 23 -39 21 -41 18 -42
CSI_META: ts=4060385491 rssi=-41 noise_floor=-98 channel=6 secondary_channel=0 sig_mode=0 mcs=0 rate=9 cwb=0 sgi=0 stbc=0 ant=0 len=128 rx_state=0 seq=-1 tx_mac=52:40:27:94:0a:bb
CSI_DATA: 28 -64 1 0 -1 27 -2 20 -5 14 -9 7 -14 3 -19 1 -23 0 -27 0 -31 1 -32 3 -32 5 -31 6 -29 7 -27 8 -23 7 -19 6 -15 3 -12 1 -8 -1 -5 -4 -2 -7 0 -9 2 -11 4 -13 6 -14 0 0 0 0 0 0 0 0 0 0 0 0 0 0 0 0 0 0 0 0 0 0 6 -4 9 -1 11 1 14 3 16 5 18 6 19 7 21 7 23 8 23 8 22 8 20 8 16 7 12 7 7 8 3 10 -3 12 -7 16 -11 21 -13 27 -14 32 -13 37 -13 42 -10 45 -6 45 -4 44
CSI_META: ts=4060385732 rssi=-38 noise_floor=-98 channel=6 secondary_channel=0 sig_mode=0 mcs=0 rate=9 cwb=0 sgi=0 stbc=0 ant=0 len=128 rx_state=0 seq=-1 tx_mac=52:40:27:94:0a:bb
CSI_DATA: 28 -64 1 0 7 -11 5 -8 5 -5 5 -1 5 2 7 5 8 7 9 8 11 8 12 8 13 7 12 6 12 6 11 5 10 4 8 4 6 3 4 2 2 2 0 2 -2 2 -4 2 -5 2 -7 2 -7 1 0 0 0 0 0 0 0 0 0 0 0 0 0 0 0 0 0 0 0 0 0 0 -4 0 -5 -2 -6 -4 -6 -5 -7 -6 -8 -7 -8 -7 -8 -8 -9 -9 -9 -9 -9 -8 -8 -8 -6 -7 -4 -6 -2 -5 1 -5 3 -5 6 -6 9 -7 12 -8 13 -10 15 -12 15 -14 15 -16 14 -17 13 -18
CSI_META: ts=4060724636 rssi=-42 noise_floor=-98 channel=6 secondary_channel=0 sig_mode=0 mcs=0 rate=9 cwb=0 sgi=0 stbc=0 ant=0 len=128 rx_state=0 seq=-1 tx_mac=52:40:27:94:0a:bb
CSI_DATA: 28 -64 1 0 20 42 20 37 20 33 18 27 15 21 11 16 6 12 0 8 -5 5 -11 3 -15 3 -20 3 -23 3 -26 3 -27 3 -26 4 -24 3 -23 2 -20 2 -18 1 -15 0 -12 -1 -8 -2 -5 -4 -1 -4 0 0 0 0 0 0 0 0 0 0 0 0 0 0 0 0 0 0 0 0 0 0 -10 1 -7 -1 -5 -3 -1 -4 3 -6 6 -7 10 -8 14 -10 18 -12 21 -14 23 -16 25 -17 24 -18 24 -18 22 -18 20 -16 16 -14 13 -10 9 -6 7 1 5 7 5 15 5 23 7 30 10 36 12 42
CSI_META: ts=4061260831 rssi=-41 noise_floor=-98 channel=6 secondary_channel=0 sig_mode=0 mcs=0 rate=9 cwb=0 sgi=0 stbc=0 ant=0 len=128 rx_state=0 seq=-1 tx_mac=52:40:27:94:0a:bb
CSI_DATA: 28 -64 1 0 -34 -25 -34 -21 -33 -18 -31 -14 -28 -10 -24 -9 -20 -8 -16 -8 -12 -9 -9 -11 -8 -14 -7 -17 -7 -19 -7 -20 -7 -21 -8 -21 -8 -20 -9 -19 -8 -17 -7 -16 -6 -14 -5 -13 -3 -11 -1 -9 2 -8 0 0 0 0 0 0 0 0 0 0 0 0 0 0 0 0 0 0 0 0 0 0 -6 11 -7 9 -8 7 -8 5 -10 2 -11 0 -12 -2 -15 -4 -17 -6 -20 -7 -23 -8 -24 -9 -26 -7 -27 -6 -27 -5 -26 -4 -25 -3 -22 -3 -20 -3 -18 -5 -17 -8 -16 -12 -15 -17 -18 -21 -21 -25 -24 -28
CSI_META: ts=4061671200 rssi=-37 noise_floor=-98 channel=6 secondary_channel=0 sig_mode=0 mcs=0 rate=9 cwb=0 sgi=0 stbc=0 ant=0 len=128 rx_state=0 seq=-1 tx_mac=52:40:27:94:0a:bb
CSI_DATA: 28 -64 1 0 -19 -11 -12 -10 -4 -9 2 -10 7 -10 12 -13 15 -16 17 -18 18 -22 19 -23 17 -23 16 -23 13 -23 12 -20 11 -18 9 -14 7 -10 5 -6 5 -3 3 0 2 3 2 6 1 9 0 12 -1 13 0 0 0 0 0 0 0 0 0 0 0 0 0 0 0 0 0 0 0 0 0 0 -1 9 -3 11 -4 13 -6 14 -7 16 -8 17 -8 17 -9 18 -10 18 -10 16 -10 16 -9 12 -8 8 -7 4 -8 -1 -8 -6 -10 -12 -12 -17 -15 -20 -19 -24 -23 -26 -27 -27 -29 -28 -32 -27 -33 -25 -32 -22
CSI_META: ts=4061729351 rssi=-38 noise_floor=-98 channel=6 secondary_channel=0 sig_mode=0 mcs=0 rate=9 cwb=0 sgi=0 stbc=0 ant=0 len=128 rx_state=0 seq=-1 tx_mac=52:40:27:94:0a:bb
CSI_DATA: 28 -64 1 0 -12 -11 -15 -15 -18 -20 -20 -22 -24 -22 -25 -22 -26 -21 -26 -18 -25 -17 -23 -15 -20 -13 -16 -10 -12 -8 -8 -6 -3 -5 1 -4 5 -2 8 -1 10 0 11 1 14 2 15 3 15 5 15 6 14 8 0 0 0 0 0 0 0 0 0 0 0 0 0 0 0 0 0 0 0 0 0 0 4 -16 6 -16 8 -16 9 -15 9 -14 9 -12 8 -10 6 -7 6 -5 4 -1 2 3 -1 8 -3 12 -6 16 -6 21 -8 25 -8 28 -7 31 -7 33 -5 35 -4 33 -2 31 -2 28 -2 24 -2 17 -3 11
CSI_META: ts=4062086258 rssi=-42 noise_floor=-98 channel=6 secondary_channel=0 sig_mode=0 mcs=0 rate=9 cwb=0 sgi=0 stbc=0 ant=0 len=128 rx_state=0 seq=-1 tx_mac=52:40:27:94:0a:bb
CSI_DATA: 28 -64 1 0 -7 -37 -10 -38 -12 -38 -15 -35 -17 -33 -17 -29 -16 -24 -14 -20 -11 -16 -7 -13 -3 -12 1 -11 5 -10 9 -11 12 -12 14 -12 14 -13 15 -13 14 -13 14 -12 13 -12 12 -11 11 -9 11 -7 9 -4 0 0 0 0 0 0 0 0 0 0 0 0 0 0 0 0 0 0 0 0 0 0 0 15 -2 15 -3 13 -4 11 -5 9 -6 6 -7 4 -9 1 -11 -2 -14 -5 -17 -8 -20 -11 -23 -12 -25 -12 -28 -12 -30 -11 -30 -9 -30 -7 -28 -5 -25 -4 -22 -4 -17 -5 -13 -9 -9 -13 -6 -18 -4 -25
CSI_META: ts=4062199842 rssi=-37 noise_floor=-98 channel=6 secondary_channel=0 sig_mode=0 mcs=0 rate=9 cwb=0 sgi=0 stbc=0 ant=0 len=128 rx_state=0 seq=-1 tx_mac=52:40:27:94:0a:bb
CSI_DATA: 28 -64 1 0 27 21 29 21 31 19 31 17 32 14 30 11 27 8 24 5 19 4 15 5 11 5 8 8 5 9 3 12 1 15 0 16 -1 17 -1 17 -1 17 -1 17 -1 16 -1 15 -2 14 -3 12 -4 10 0 0 0 0 0 0 0 0 0 0 0 0 0 0 0 0 0 0 0 0 0 0 -7 -15 -6 -15 -4 -14 -3 -13 -1 -11 1 -9 3 -7 6 -6 9 -4 13 -4 17 -2 21 -2 24 -3 26 -3 28 -6 29 -8 28 -9 27 -11 26 -12 23 -11 20 -10 18 -6 15 -2 16 3 16 8 18 13
CSI_META: ts=4062199996 rssi=-41 noise_floor=-98 channel=6 secondary_channel=0 sig_mode=0 mcs=0 rate=9 cwb=0 sgi=0 stbc=0 ant=0 len=128 rx_state=0 seq=-1 tx_mac=52:40:27:94:0a:bb
CSI_DATA: 28 -64 1 0 -4 35 -2 37 1 36 5 35 6 33 8 29 9 25 7 21 6 17 3 15 0 12 -4 12 -7 11 -11 12 -13 13 -13 13 -14 13 -14 13 -13 12 -13 12 -12 11 -11 10 -10 8 -10 6 -9 3 0 0 0 0 0 0 0 0 0 0 0 0 0 0 0 0 0 0 0 0 0 0 13 -10 14 -9 14 -7 13 -7 12 -5 11 -3 10 -2 10 1 8 5 9 7 9 11 9 15 11 18 12 21 14 23 16 24 19 24 20 21 21 19 19 17 18 15 14 14 11 14 7 15 3 18 -1 23
CSI_META: ts=4062200123 rssi=-41 noise_floor=-98 channel=6 secondary_channel=0 sig_mode=0 mcs=0 rate=9 cwb=0 sgi=0 stbc=0 ant=0 len=128 rx_state=0 seq=-1 tx_mac=52:40:27:94:0a:bb
CSI_DATA: 28 -64 1 0 36 -17 36 -19 36 -23 33 -24 29 -26 25 -26 22 -25 18 -24 15 -20 13 -16 12 -11 12 -7 13 -3 14 0 16 2 17 5 18 6 18 6 18 6 18 6 18 6 17 7 16 7 14 8 11 8 0 0 0 0 0 0 0 0 0 0 0 0 0 0 0 0 0 0 0 0 0 0 -17 -6 -15 -7 -13 -8 -11 -8 -8 -8 -6 -9 -3 -10 0 -12 3 -13 7 -16 10 -19 12 -22 13 -25 14 -28 13 -30 12 -32 10 -33 8 -33 6 -31 5 -28 5 -25 6 -22 8 -19 13 -15 18 -13 23 -13
CSI_META: ts=4062508613 rssi=-37 noise_floor=-98 channel=6 secondary_channel=0 sig_mode=0 mcs=0 rate=9 cwb=0 sgi=0 stbc=0 ant=0 len=128 rx_state=0 seq=-1 tx_mac=52:40:27:94:0a:bb
CSI_DATA: 28 -64 1 0 -11 -8 -3 -6 6 -7 11 -6 17 -6 21 -9 26 -12 27 -14 27 -15 26 -17 23 -17 21 -16 18 -14 14 -11 10 -8 7 -5 4 -1 1 2 -2 4 -5 7 -6 10 -8 11 -10 12 -12 12 -13 11 0 0 0 0 0 0 0 0 0 0 0 0 0 0 0 0 0 0 0 0 0 0 4 3 3 7 4 9 3 13 3 15 3 18 1 19 1 20 1 21 1 21 0 18 -1 16 -2 12 -3 7 -5 2 -8 -5 -11 -10 -14 -15 -18 -18 -23 -22 -26 -24 -30 -24 -32 -24 -34 -23 -34 -20 -30 -18
CSI_META: ts=4062697007 rssi=-38 noise_floor=-98 channel=6 secondary_channel=0 sig_mode=0 mcs=0 rate=9 cwb=0 sgi=0 stbc=0 ant=0 len=128 rx_state=0 seq=-1 tx_mac=52:40:27:94:0a:bb
CSI_DATA: 28 -64 1 0 -23 4 -23 5 -23 7 -20 7 -18 8 -16 7 -13 7 -10 6 -8 3 -6 1 -4 -2 -2 -4 -1 -6 0 -8 0 -10 1 -11 0 -12 1 -12 1 -11 1 -11 1 -10 1 -9 1 -8 2 -7 2 -5 0 0 0 0 0 0 0 0 0 0 0 0 0 0 0 0 0 0 0 0 0 0 0 -9 1 -8 1 -6 2 -5 2 -3 2 -1 2 1 2 3 3 6 3 8 3 11 4 13 4 14 5 15 6 15 6 15 7 14 7 13 6 11 5 9 2 7 0 5 -4 3 -8 2 -12 2 -16 2
CSI_META: ts=4062995317 rssi=-36 noise_floor=-98 channel=6 secondary_channel=0 sig_mode=0 mcs=0 rate=9 cwb=0 sgi=0 stbc=0 ant=0 len=128 rx_state=0 seq=-1 tx_mac=52:40:27:94:0a:bb
CSI_DATA: 28 -64 1 0 8 -36 5 -37 3 -38 0 -36 -2 -34 -4 -31 -5 -26 -4 -23 -4 -18 -1 -15 2 -11 4 -9 8 -7 11 -7 14 -6 16 -5 16 -5 17 -6 16 -6 16 -5 15 -5 15 -5 13 -3 12 -2 10 0 0 0 0 0 0 0 0 0 0 0 0 0 0 0 0 0 0 0 0 0 0 0 -7 13 -8 11 -8 9 -8 6 -8 5 -8 1 -8 -2 -8 -5 -10 -8 -11 -12 -12 -16 -13 -19 -16 -20 -18 -21 -19 -21 -22 -21 -22 -19 -22 -17 -21 -15 -18 -13 -15 -12 -11 -12 -6 -14 -1 -16 3 -19 6 -25
CSI_META: ts=4063206455 rssi=-42 noise_floor=-98 channel=6 secondary_channel=0 sig_mode=0 mcs=0 rate=9 cwb=0 sgi=0 stbc=0 ant=0 len=128 rx_state=0 seq=-1 tx_mac=52:40:27:94:0a:bb
CSI_DATA: 28 -64 1 0 1 -42 -2 -39 -5 -37 -7 -32 -8 -28 -7 -24 -5 -19 -2 -17 2 -15 6 -14 8 -14 10 -15 12 -16 13 -18 13 -19 12 -19 11 -18 9 -17 8 -15 7 -14 6 -12 6 -9 6 -6 6 -3 7 0 0 0 0 0 0 0 0 0 0 0 0 0 0 0 0 0 0 0 0 0 0 0 -15 3 -14 1 -13 -1 -11 -3 -10 -4 -9 -6 -7 -9 -6 -12 -6 -15 -5 -19 -6 -22 -7 -25 -8 -26 -10 -27 -12 -27 -13 -26 -14 -24 -13 -22 -11 -19 -9 -18 -5 -18 -1 -19 3 -22 6 -25 8 -29 9 -35
CSI_META: ts=4064232662 rssi=-38 noise_floor=-98 channel=6 secondary_channel=0 sig_mode=0 mcs=0 rate=9 cwb=0 sgi=0 stbc=0 ant=0 len=128 rx_state=0 seq=-1 tx_mac=52:40:27:94:0a:bb
CSI_DATA: 28 -64 1 0 6 0 3 3 2 6 1 9 0 12 1 14 1 15 1 16 3 17 4 16 4 15 4 14 4 11 3 9 2 8 1 6 0 4 -2 2 -3 0 -4 -1 -6 -2 -7 -3 -7 -4 -8 -5 -7 -6 0 0 0 0 0 0 0 0 0 0 0 0 0 0 0 0 0 0 0 0 0 0 -5 -5 -5 -7 -5 -8 -5 -9 -5 -10 -5 -10 -4 -10 -4 -10 -4 -9 -3 -9 -2 -8 -1 -6 1 -5 4 -3 6 -1 9 0 11 1 14 2 16 0 19 0 20 -1 20 -2 20 -3 19 -4 18 -5 16 -5
CSI_META: ts=4064456222 rssi=-39 noise_floor=-98 channel=6 secondary_channel=0 sig_mode=0 mcs=0 rate=9 cwb=0 sgi=0 stbc=0 ant=0 len=128 rx_state=0 seq=-1 tx_mac=52:40:27:94:0a:bb
CSI_DATA: 28 -64 1 0 -6 -8 -3 -5 0 -2 3 0 6 2 9 4 12 4 13 4 15 4 16 4 16 3 15 3 14 2 13 2 10 2 8 1 6 1 3 1 1 0 -1 0 -3 0 -5 -1 -6 -2 -7 -3 -8 -4 0 0 0 0 0 0 0 0 0 0 0 0 0 0 0 0 0 0 0 0 0 0 2 4 2 5 1 7 1 8 0 9 0 10 -1 10 -1 10 -1 11 -2 10 -2 9 -2 7 -2 4 -3 1 -2 -2 -3 -5 -4 -8 -4 -11 -5 -14 -6 -16 -8 -18 -10 -20 -11 -20 -12 -20 -12 -19 -11 -18
CSI_META: ts=4065140909 rssi=-42 noise_floor=-98 channel=6 secondary_channel=0 sig_mode=0 mcs=0 rate=9 cwb=0 sgi=0 stbc=0 ant=0 len=128 rx_state=0 seq=-1 tx_mac=52:40:27:94:0a:bb
CSI_DATA: 28 -64 1 0 3 -23 2 -20 2 -17 2 -12 3 -8 4 -4 7 -2 9 0 11 1 14 2 15 1 16 1 17 0 17 -1 16 -1 15 -1 13 -1 11 -1 8 -1 6 0 4 0 2 1 0 2 -2 3 -4 4 0 0 0 0 0 0 0 0 0 0 0 0 0 0 0 0 0 0 0 0 0 0 -3 2 -5 0 -6 -2 -7 -3 -8 -5 -9 -6 -10 -7 -11 -8 -13 -9 -13 -10 -14 -10 -13 -10 -12 -9 -10 -8 -9 -7 -7 -7 -4 -6 0 -7 3 -9 6 -11 9 -13 10 -17 12 -20 12 -23 11 -25 10 -28
CSI_META: ts=4066585654 rssi=-41 noise_floor=-98 channel=6 secondary_channel=0 sig_mode=0 mcs=0 rate=9 cwb=0 sgi=0 stbc=0 ant=0 len=128 rx_state=0 seq=-1 tx_mac=52:40:27:94:0a:bb
CSI_DATA: 28 -64 1 0 -27 36 -22 33 -17 29 -13 22 -11 17 -10 11 -10 4 -11 -1 -13 -7 -16 -10 -19 -13 -22 -15 -23 -15 -25 -15 -26 -14 -25 -13 -23 -12 -21 -10 -17 -9 -14 -8 -11 -7 -8 -7 -4 -6 0 -6 4 -5 0 0 0 0 0 0 0 0 0 0 0 0 0 0 0 0 0 0 0 0 0 0 4 -5 5 -2 6 2 7 6 8 9 9 12 10 15 11 17 13 21 14 23 15 24 15 23 15 22 14 20 12 17 10 15 5 12 1 10 -5 9 -12 10 -18 11 -24 15 -29 18 -33 22 -36 27 -36 32
CSI_META: ts=4066792330 rssi=-38 noise_floor=-98 channel=6 secondary_channel=0 sig_mode=0 mcs=0 rate=9 cwb=0 sgi=0 stbc=0 ant=0 len=128 rx_state=0 seq=-1 tx_mac=52:40:27:94:0a:bb
CSI_DATA: 28 -64 1 0 19 7 21 10 22 12 25 13 27 12 28 10 29 7 27 4 25 2 23 1 20 0 17 0 14 2 12 3 9 5 8 7 6 9 5 10 5 12 3 13 4 14 4 14 3 15 2 14 0 13 0 0 0 0 0 0 0 0 0 0 0 0 0 0 0 0 0 0 0 0 0 0 3 -14 4 -14 6 -15 6 -16 6 -15 7 -15 7 -14 7 -13 8 -12 9 -9 10 -8 11 -4 13 -2 16 0 19 1 23 2 25 1 29 0 30 -3 31 -5 31 -8 29 -9 27 -9 25 -9 23 -8 21 -5
CSI_META: ts=4066994947 rssi=-42 noise_floor=-98 channel=6 secondary_channel=0 sig_mode=0 mcs=0 rate=9 cwb=0 sgi=0 stbc=0 ant=0 len=128 rx_state=0 seq=-1 tx_mac=52:40:27:94:0a:bb
CSI_DATA: 28 -64 1 0 -25 -11 -25 -9 -24 -7 -23 -5 -21 -3 -18 -2 -15 -1 -12 -1 -9 -2 -6 -3 -4 -6 -3 -8 -2 -10 -1 -11 -1 -13 -1 -14 -1 -13 -1 -13 -1 -12 -1 -12 -1 -11 -1 -10 0 -8 0 -7 1 -5 0 0 0 0 0 0 0 0 0 0 0 0 0 0 0 0 0 0 0 0 0 0 8 4 6 4 4 4 2 4 0 4 -2 4 -4 4 -6 4 -9 5 -11 6 -14 7 -15 8 -16 9 -16 10 -16 11 -15 11 -13 11 -12 11 -10 9 -9 7 -9 4 -9 1 -9 -3 -12 -6 -14 -9 -17 -12
CSI_META: ts=4067222974 rssi=-37 noise_floor=-98 channel=6 secondary_channel=0 sig_mode=0 mcs=0 rate=9 cwb=0 sgi=0 stbc=0 ant=0 len=128 rx_state=0 seq=-1 tx_mac=52:40:27:94:0a:bb
CSI_DATA: 28 -64 1 0 13 -31 12 -34 11 -35 8 -34 5 -32 3 -30 2 -25 1 -20 2 -15 2 -10 3 -5 6 -1 8 3 11 6 13 8 14 9 14 10 14 10 13 10 12 10 11 9 10 8 7 8 5 7 2 6 0 0 0 0 0 0 0 0 0 0 0 0 0 0 0 0 0 0 0 0 0 0 12 11 11 11 9 11 7 11 5 9 3 8 1 6 -3 4 -6 1 -10 -2 -14 -4 -18 -6 -21 -8 -25 -9 -28 -9 -30 -8 -31 -6 -30 -5 -28 -3 -25 -2 -21 -1 -16 -2 -9 -5 -4 -8 2 -12 7 -18
CSI_META: ts=4069686873 rssi=-38 noise_floor=-98 channel=6 secondary_channel=0 sig_mode=0 mcs=0 rate=9 cwb=0 sgi=0 stbc=0 ant=0 len=128 rx_state=0 seq=-1 tx_mac=52:40:27:94:0a:bb
CSI_DATA: 28 -64 1 0 29 -18 29 -21 29 -23 26 -24 23 -25 20 -25 16 -23 13 -21 11 -17 8 -14 8 -9 8 -4 8 0 9 3 11 6 12 8 13 9 13 10 13 10 13 10 12 10 12 9 11 9 10 9 7 9 0 0 0 0 0 0 0 0 0 0 0 0 0 0 0 0 0 0 0 0 0 0 -14 8 -14 6 -13 3 -12 2 -11 0 -9 -1 -8 -3 -7 -6 -4 -9 -3 -14 -1 -17 -1 -21 0 -24 0 -27 -2 -28 -4 -30 -5 -30 -7 -29 -7 -27 -7 -23 -6 -21 -3 -18 0 -15 5 -14 11 -11 17 -13
CSI_META: ts=4070614554 rssi=-41 noise_floor=-98 channel=6 secondary_channel=0 sig_mode=0 mcs=0 rate=9 cwb=0 sgi=0 stbc=0 ant=0 len=128 rx_state=0 seq=-1 tx_mac=52:40:27:94:0a:bb
CSI_DATA: 28 -64 1 0 -28 26 -23 25 -19 23 -16 19 -14 16 -13 12 -13 8 -15 6 -17 3 -19 2 -21 2 -23 3 -24 3 -24 5 -23 6 -22 6 -19 6 -17 6 -15 4 -13 3 -11 2 -10 0 -8 -2 -7 -4 -6 -7 0 0 0 0 0 0 0 0 0 0 0 0 0 0 0 0 0 0 0 0 0 0 5 7 3 8 0 8 -2 9 -4 9 -6 10 -8 12 -10 14 -11 16 -13 18 -13 19 -13 20 -12 20 -11 20 -10 19 -10 17 -10 15 -11 13 -13 10 -16 9 -20 8 -24 9 -27 11 -31 13 -34 16 -34 20
CSI_META: ts=4070686103 rssi=-41 noise_floor=-98 channel=6 secondary_channel=0 sig_mode=0 mcs=0 rate=9 cwb=0 sgi=0 stbc=0 ant=0 len=128 rx_state=0 seq=-1 tx_mac=52:40:27:94:0a:bb
CSI_DATA: 28 -64 1 0 22 -5 19 -2 17 2 17 6 17 9 19 12 21 13 22 13 24 12 25 10 26 8 25 6 23 5 21 3 18 2 15 3 11 3 8 4 6 5 3 7 1 8 0 10 -1 11 -3 12 -4 13 0 0 0 0 0 0 0 0 0 0 0 0 0 0 0 0 0 0 0 0 0 0 3 -11 5 -11 7 -12 9 -13 10 -13 10 -14 11 -14 12 -14 12 -15 12 -14 12 -13 12 -11 12 -8 13 -6 14 -3 16 0 18 2 22 3 26 4 30 3 33 2 35 -1 36 -3 36 -7 35 -9 33 -10
CSI_META: ts=4071586980 rssi=-44 noise_floor=-98 channel=6 secondary_channel=0 sig_mode=0 mcs=0 rate=9 cwb=0 sgi=0 stbc=0 ant=0 len=128 rx_state=0 seq=-1 tx_mac=52:40:27:94:0a:bb
CSI_DATA: 28 -64 1 0 -3 -19 -2 -10 -1 -1 1 7 3 15 5 21 8 26 9 29 11 31 11 31 11 31 11 29 10 26 9 23 7 19 5 14 3 9 1 4 0 0 -1 -4 -1 -8 -1 -12 0 -14 2 -17 4 -17 0 0 0 0 0 0 0 0 0 0 0 0 0 0 0 0 0 0 0 0 0 0 3 4 4 8 3 12 3 15 2 18 1 20 0 22 -1 23 -2 24 -3 23 -5 21 -5 17 -4 12 -3 7 -2 0 -1 -6 0 -13 1 -20 1 -27 1 -34 0 -39 -1 -43 -1 -46 -1 -46 -2 -45 -3 -42
CSI_META: ts=4071587076 rssi=-44 noise_floor=-98 channel=6 secondary_channel=0 sig_mode=0 mcs=0 rate=9 cwb=0 sgi=0 stbc=0 ant=0 len=128 rx_state=0 seq=-1 tx_mac=52:40:27:94:0a:bb
CSI_DATA: 28 -64 1 0 3 17 1 9 0 1 -3 -9 -5 -16 -8 -21 -10 -26 -11 -29 -13 -29 -14 -31 -14 -31 -14 -29 -13 -27 -10 -23 -9 -21 -6 -14 -4 -11 -3 -6 -1 -2 0 3 0 6 0 9 -1 12 -2 15 -5 16 0 0 0 0 0 0 0 0 0 0 0 0 0 0 0 0 0 0 0 0 0 0 -5 -5 -6 -10 -6 -12 -6 -17 -5 -18 -5 -22 -3 -22 -3 -24 -1 -24 0 -22 1 -22 1 -18 1 -13 1 -7 1 0 0 6 0 13 0 19 0 28 1 33 2 38 2 42 4 43 5 45 6 43 7 41
CSI_META: ts=4071816036 rssi=-38 noise_floor=-98 channel=6 secondary_channel=0 sig_mode=0 mcs=0 rate=9 cwb=0 sgi=0 stbc=0 ant=0 len=128 rx_state=0 seq=-1 tx_mac=52:40:27:94:0a:bb
CSI_DATA: 28 -64 1 0 -22 4 -22 6 -21 7 -18 8 -17 8 -14 8 -12 7 -10 6 -8 4 -7 2 -6 -1 -5 -4 -6 -6 -6 -7 -6 -9 -7 -10 -7 -10 -7 -10 -6 -9 -6 -9 -6 -9 -5 -8 -4 -7 -3 -6 -1 -6 0 0 0 0 0 0 0 0 0 0 0 0 0 0 0 0 0 0 0 0 0 0 8 -3 7 -2 6 -1 5 -1 4 0 3 2 2 3 0 4 -1 6 -3 8 -4 10 -5 12 -5 13 -5 14 -4 15 -3 16 -2 15 -1 15 -1 13 -1 12 -2 9 -3 7 -5 5 -9 3 -12 2 -15 1
CSI_META: ts=4075687811 rssi=-38 noise_floor=-98 channel=6 secondary_channel=0 sig_mode=0 mcs=0 rate=9 cwb=0 sgi=0 stbc=0 ant=0 len=128 rx_state=0 seq=-1 tx_mac=52:40:27:94:0a:bb
CSI_DATA: 28 -64 1 0 11 -36 8 -38 5 -36 3 -34 1 -30 -1 -26 -1 -21 0 -16 1 -11 3 -7 6 -4 9 0 12 2 15 3 17 5 17 5 18 5 18 4 17 4 16 4 15 4 12 4 11 4 8 4 5 4 0 0 0 0 0 0 0 0 0 0 0 0 0 0 0 0 0 0 0 0 0 0 3 10 2 10 0 7 -2 6 -3 3 -6 1 -8 -1 -11 -4 -12 -7 -16 -9 -18 -11 -21 -12 -22 -12 -24 -13 -24 -12 -24 -10 -24 -9 -21 -8 -18 -6 -14 -6 -9 -7 -4 -9 1 -13 6 -16 9 -21 11 -28
CSI_META: ts=4075895443 rssi=-42 noise_floor=-98 channel=6 secondary_channel=0 sig_mode=0 mcs=0 rate=9 cwb=0 sgi=0 stbc=0 ant=0 len=128 rx_state=0 seq=-1 tx_mac=52:40:27:94:0a:bb
CSI_DATA: 28 -64 1 0 17 38 17 32 15 27 13 21 8 17 3 15 -2 15 -7 15 -10 18 -12 20 -12 23 -12 25 -11 26 -10 27 -8 25 -6 23 -5 20 -5 16 -4 12 -5 9 -6 6 -7 3 -9 0 -11 -2 -12 -5 0 0 0 0 0 0 0 0 0 0 0 0 0 0 0 0 0 0 0 0 0 0 8 -11 8 -8 8 -5 8 -2 9 2 10 5 11 9 13 12 15 15 18 17 20 19 22 18 23 17 23 16 22 14 20 13 17 12 13 11 9 13 5 16 2 20 0 26 -1 32 1 38 4 42 8 45
CSI_META: ts=4076006437 rssi=-38 noise_floor=-98 channel=6 secondary_channel=0 sig_mode=0 mcs=0 rate=9 cwb=0 sgi=0 stbc=0 ant=0 len=128 rx_state=0 seq=-1 tx_mac=52:40:27:94:0a:bb
CSI_DATA: 28 -64 1 0 20 2 20 1 21 0 19 -2 18 -3 16 -4 14 -4 11 -4 9 -3 7 -1 6 1 4 2 4 5 4 6 4 7 5 9 5 9 5 9 5 9 4 8 4 8 3 7 3 7 2 6 0 5 0 0 0 0 0 0 0 0 0 0 0 0 0 0 0 0 0 0 0 0 0 0 -7 -5 -6 -5 -5 -5 -4 -5 -3 -5 -1 -5 0 -5 2 -5 4 -6 6 -6 8 -7 10 -7 11 -8 11 -9 11 -11 11 -12 10 -12 9 -12 8 -11 7 -10 7 -8 7 -6 7 -3 9 -1 12 1 14 3
CSI_META: ts=4076579032 rssi=-38 noise_floor=-98 channel=6 secondary_channel=0 sig_mode=0 mcs=0 rate=9 cwb=0 sgi=0 stbc=0 ant=0 len=128 rx_state=0 seq=-1 tx_mac=52:40:27:94:0a:bb
CSI_DATA: 28 -64 1 0 -3 -22 -4 -22 -5 -22 -7 -20 -8 -18 -7 -16 -7 -13 -6 -11 -4 -9 -1 -7 1 -5 3 -5 5 -5 7 -5 9 -5 10 -5 10 -5 9 -6 9 -5 9 -5 8 -5 7 -4 6 -3 5 -2 4 0 0 0 0 0 0 0 0 0 0 0 0 0 0 0 0 0 0 0 0 0 0 0 1 9 0 8 0 8 -1 7 -2 6 -3 4 -4 3 -4 1 -6 0 -8 -3 -9 -4 -11 -6 -12 -6 -14 -6 -15 -6 -17 -6 -17 -5 -17 -4 -15 -2 -14 -2 -12 -2 -9 -3 -7 -5 -4 -8 -2 -11 -1 -15
CSI_META: ts=4076936423 rssi=-38 noise_floor=-98 channel=6 secondary_channel=0 sig_mode=0 mcs=0 rate=9 cwb=0 sgi=0 stbc=0 ant=0 len=128 rx_state=0 seq=-1 tx_mac=52:40:27:94:0a:bb
CSI_DATA: 28 -64 1 0 -16 -8 -20 -11 -23 -13 -26 -15 -29 -15 -31 -14 -31 -12 -31 -10 -29 -8 -26 -6 -22 -5 -17 -5 -13 -4 -9 -3 -4 -4 0 -4 4 -4 7 -4 10 -5 11 -5 14 -5 14 -4 15 -4 15 -2 15 -1 0 0 0 0 0 0 0 0 0 0 0 0 0 0 0 0 0 0 0 0 0 0 6 -15 7 -15 9 -15 9 -14 10 -13 10 -11 9 -9 8 -7 7 -4 5 -1 2 4 0 8 -2 13 -3 17 -4 21 -5 26 -5 28 -4 32 -3 33 -1 34 0 33 2 31 2 27 1 23 0 17 -3 10
CSI_META: ts=4077160413 rssi=-41 noise_floor=-98 channel=6 secondary_channel=0 sig_mode=0 mcs=0 rate=9 cwb=0 sgi=0 stbc=0 ant=0 len=128 rx_state=0 seq=-1 tx_mac=52:40:27:94:0a:bb
CSI_DATA: 28 -64 1 0 -18 -23 -18 -26 -18 -30 -21 -31 -23 -31 -26 -30 -27 -27 -27 -24 -27 -21 -25 -18 -22 -15 -18 -13 -14 -12 -11 -13 -7 -14 -4 -15 -1 -16 0 -17 2 -17 3 -19 3 -19 4 -20 4 -19 5 -18 6 -16 0 0 0 0 0 0 0 0 0 0 0 0 0 0 0 0 0 0 0 0 0 0 -13 9 -15 9 -16 9 -17 9 -18 8 -17 7 -17 7 -17 5 -17 4 -17 1 -16 -2 -16 -6 -16 -9 -18 -13 -20 -15 -23 -18 -26 -20 -30 -20 -33 -18 -36 -16 -37 -14 -37 -11 -35 -11 -33 -9 -29 -10 -24 -12
CSI_META: ts=4077440079 rssi=-42 noise_floor=-98 channel=6 secondary_channel=0 sig_mode=0 mcs=0 rate=9 cwb=0 sgi=0 stbc=0 ant=0 len=128 rx_state=0 seq=-1 tx_mac=52:40:27:94:0a:bb
CSI_DATA: 28 -64 1 0 21 -1 14 2 9 7 5 12 3 17 2 22 2 26 2 29 4 31 6 31 7 30 9 28 9 26 9 23 8 19 5 16 3 12 0 8 -2 5 -5 3 -8 1 -10 -2 -12 -4 -14 -6 -14 -8 0 0 0 0 0 0 0 0 0 0 0 0 0 0 0 0 0 0 0 0 0 0 -4 -10 -3 -13 -2 -16 -1 -18 0 -20 1 -20 1 -21 1 -22 2 -22 2 -21 3 -19 4 -15 5 -12 6 -8 9 -4 13 1 17 5 22 7 26 8 32 8 36 8 40 5 43 4 44 1 42 -2 38 -4
CSI_META: ts=4077698263 rssi=-42 noise_floor=-98 channel=6 secondary_channel=0 sig_mode=0 mcs=0 rate=9 cwb=0 sgi=0 stbc=0 ant=0 len=128 rx_state=0 seq=-1 tx_mac=52:40:27:94:0a:bb
CSI_DATA: 28 -64 1 0 3 -22 7 -16 11 -14 15 -11 20 -11 23 -12 25 -14 26 -16 25 -19 24 -20 21 -21 19 -20 16 -18 14 -17 12 -14 10 -9 9 -6 8 -2 8 1 8 4 9 6 9 8 10 10 10 12 9 13 0 0 0 0 0 0 0 0 0 0 0 0 0 0 0 0 0 0 0 0 0 0 -10 -3 -11 -6 -11 -9 -12 -11 -12 -12 -13 -13 -14 -14 -14 -15 -14 -15 -14 -15 -13 -15 -11 -14 -8 -13 -4 -13 0 -14 4 -16 7 -18 10 -22 12 -25 13 -30 13 -34 11 -37 8 -40 5 -41 2 -39 0 -37
CSI_META: ts=4077698359 rssi=-42 noise_floor=-98 channel=6 secondary_channel=0 sig_mode=0 mcs=0 rate=9 cwb=0 sgi=0 stbc=0 ant=0 len=128 rx_state=0 seq=-1 tx_mac=52:40:27:94:0a:bb
CSI_DATA: 28 -64 1 0 -16 15 -15 8 -18 5 -18 -1 -22 -4 -26 -5 -28 -5 -30 -3 -33 -2 -31 1 -30 2 -28 4 -24 4 -23 5 -18 3 -16 1 -12 -1 -9 -3 -7 -6 -5 -8 -4 -11 -3 -13 -2 -14 -1 -16 1 -16 0 0 0 0 0 0 0 0 0 0 0 0 0 0 0 0 0 0 0 0 0 0 6 8 4 10 4 13 3 14 3 17 3 17 3 18 3 19 3 19 2 19 1 18 -1 16 -3 14 -6 12 -9 10 -13 10 -17 9 -22 11 -24 12 -29 16 -31 19 -30 24 -32 27 -28 29 -26 29 -21 28
CSI_META: ts=4078604840 rssi=-44 noise_floor=-98 channel=6 secondary_channel=0 sig_mode=0 mcs=0 rate=9 cwb=0 sgi=0 stbc=0 ant=0 len=128 rx_state=0 seq=-1 tx_mac=52:40:27:94:0a:bb
CSI_DATA: 28 -64 1 0 41 10 43 9 44 7 42 4 39 2 35 0 29 -1 24 -2 17 -1 11 0 5 3 -1 7 -5 10 -9 12 -12 14 -14 16 -15 17 -16 17 -15 16 -16 15 -15 13 -14 12 -13 9 -12 7 -10 3 0 0 0 0 0 0 0 0 0 0 0 0 0 0 0 0 0 0 0 0 0 0 -3 17 -5 15 -6 12 -6 10 -6 7 -5 3 -5 -1 -4 -5 -3 -10 -3 -15 -2 -20 -1 -25 -2 -29 -3 -32 -4 -33 -5 -34 -6 -34 -7 -32 -7 -28 -6 -24 -4 -19 -1 -13 3 -8 10 -2 17 3 24 7
CSI_META: ts=4078668846 rssi=-42 noise_floor=-98 channel=6 secondary_channel=0 sig_mode=0 mcs=0 rate=9 cwb=0 sgi=0 stbc=0 ant=0 len=128 rx_state=0 seq=-1 tx_mac=52:40:27:94:0a:bb
CSI_DATA: 28 -64 1 0 -18 17 -14 10 -12 3 -12 -5 -13 -11 -15 -16 -18 -20 -20 -21 -23 -23 -25 -23 -27 -21 -27 -19 -26 -17 -24 -14 -20 -12 -16 -11 -12 -9 -7 -7 -3 -6 1 -6 5 -6 8 -5 11 -5 14 -4 16 -2 0 0 0 0 0 0 0 0 0 0 0 0 0 0 0 0 0 0 0 0 0 0 7 2 9 6 10 8 11 11 12 13 13 15 13 16 14 17 15 18 14 17 12 17 10 15 7 13 2 11 -3 9 -8 7 -13 7 -19 8 -25 11 -30 14 -34 17 -36 22 -36 25 -36 28 -34 30 -30 30
CSI_META: ts=4080281920 rssi=-37 noise_floor=-98 channel=6 secondary_channel=0 sig_mode=0 mcs=0 rate=9 cwb=0 sgi=0 stbc=0 ant=0 len=128 rx_state=0 seq=-1 tx_mac=52:40:27:94:0a:bb
CSI_DATA: 28 -64 1 0 24 2 22 1 20 0 16 -2 13 -1 10 -1 7 1 4 2 2 5 1 7 0 9 0 11 0 12 0 13 0 14 1 14 1 12 1 11 1 9 0 8 0 7 -1 5 -2 4 -2 2 -3 0 0 0 0 0 0 0 0 0 0 0 0 0 0 0 0 0 0 0 0 0 0 0 -5 0 -5 -1 -3 -3 -2 -4 0 -5 2 -6 3 -7 4 -8 6 -10 7 -11 8 -13 8 -13 7 -14 6 -14 5 -13 5 -12 4 -10 4 -8 4 -5 5 -2 7 1 10 3 12 5 16 7 19 7 22 7
CSI_META: ts=4080306948 rssi=-36 noise_floor=-98 channel=6 secondary_channel=0 sig_mode=0 mcs=0 rate=9 cwb=0 sgi=0 stbc=0 ant=0 len=128 rx_state=0 seq=-1 tx_mac=52:40:27:94:0a:bb
CSI_DATA: 28 -64 1 0 -15 -4 -11 -4 -7 -5 -5 -6 -2 -7 0 -10 1 -12 1 -13 1 -15 0 -16 -1 -16 -2 -16 -3 -16 -3 -15 -3 -13 -3 -11 -2 -9 -1 -7 0 -5 1 -4 2 -3 4 -1 4 0 5 1 6 3 0 0 0 0 0 0 0 0 0 0 0 0 0 0 0 0 0 0 0 0 0 0 -2 4 -4 5 -5 5 -6 6 -7 6 -8 6 -8 7 -9 7 -9 8 -9 8 -8 7 -8 6 -7 4 -6 2 -6 0 -6 -2 -7 -5 -8 -8 -9 -10 -12 -11 -14 -12 -17 -12 -19 -12 -20 -11 -21 -10 -21 -9
CSI_META: ts=4080565494 rssi=-37 noise_floor=-98 channel=6 secondary_channel=0 sig_mode=0 mcs=0 rate=9 cwb=0 sgi=0 stbc=0 ant=0 len=128 rx_state=0 seq=-1 tx_mac=52:40:27:94:0a:bb
CSI_DATA: 28 -64 1 0 7 4 5 5 2 6 0 8 -2 9 -3 11 -3 13 -3 14 -2 14 -1 15 0 14 0 13 1 12 1 10 1 8 0 6 -1 4 -2 2 -3 1 -4 0 -5 -1 -6 -2 -6 -3 -7 -4 -7 -5 0 0 0 0 0 0 0 0 0 0 0 0 0 0 0 0 0 0 0 0 0 0 1 -5 2 -6 3 -7 4 -8 5 -8 5 -8 6 -8 6 -9 6 -8 6 -8 6 -7 5 -5 5 -4 5 -2 5 1 6 3 6 6 8 8 10 9 12 10 14 11 16 11 17 10 17 9 17 7 17 6
CSI_META: ts=4080685305 rssi=-38 noise_floor=-98 channel=6 secondary_channel=0 sig_mode=0 mcs=0 rate=9 cwb=0 sgi=0 stbc=0 ant=0 len=128 rx_state=0 seq=-1 tx_mac=52:40:27:94:0a:bb
CSI_DATA: 28 -64 1 0 6 -21 6 -21 5 -21 3 -20 2 -18 1 -16 0 -13 0 -10 0 -7 1 -4 2 -1 3 1 4 4 5 5 6 6 7 7 7 8 7 7 6 6 6 7 5 6 4 5 3 5 2 4 0 3 0 0 0 0 0 0 0 0 0 0 0 0 0 0 0 0 0 0 0 0 0 0 7 2 6 2 5 2 3 2 1 2 -1 2 -3 1 -5 0 -8 0 -9 0 -12 -1 -14 -1 -15 -1 -16 -1 -17 0 -17 0 -16 1 -14 1 -12 1 -10 0 -7 0 -4 -2 -1 -5 2 -8 4 -11 6 -15
CSI_META: ts=4081563131 rssi=-38 noise_floor=-98 channel=6 secondary_channel=0 sig_mode=0 mcs=0 rate=9 cwb=0 sgi=0 stbc=0 ant=0 len=128 rx_state=0 seq=-1 tx_mac=52:40:27:94:0a:bb
CSI_DATA: 28 -64 1 0 0 -8 0 -4 1 0 2 4 3 8 4 10 5 12 6 12 8 13 8 13 8 12 8 11 7 10 6 9 5 7 3 5 1 3 0 1 -1 -1 -2 -2 -3 -4 -4 -5 -4 -7 -4 -8 -3 -8 0 0 0 0 0 0 0 0 0 0 0 0 0 0 0 0 0 0 0 0 0 0 -1 4 -2 5 -3 6 -4 8 -5 8 -5 9 -6 9 -7 9 -7 9 -7 8 -6 7 -5 5 -4 3 -3 1 -1 -2 0 -4 2 -7 3 -11 3 -14 4 -16 4 -19 4 -21 3 -21 2 -22 1 -21 1 -19
CSI_META: ts=4082003953 rssi=-36 noise_floor=-98 channel=6 secondary_channel=0 sig_mode=0 mcs=0 rate=9 cwb=0 sgi=0 stbc=0 ant=0 len=128 rx_state=0 seq=-1 tx_mac=52:40:27:94:0a:bb
CSI_DATA: 28 -64 1 0 38 4 38 1 37 -2 34 -5 31 -6 27 -7 22 -7 18 -6 13 -4 11 -1 9 3 8 7 7 10 7 13 8 15 8 16 8 16 8 15 8 14 8 14 7 13 6 12 5 11 3 9 1 7 0 0 0 0 0 0 0 0 0 0 0 0 0 0 0 0 0 0 0 0 0 0 -13 -8 -11 -8 -8 -8 -6 -9 -3 -8 0 -9 3 -8 6 -10 10 -11 14 -12 16 -14 18 -16 20 -18 21 -20 20 -22 18 -22 16 -22 14 -22 13 -19 12 -16 11 -12 13 -8 15 -2 18 1 24 5 28 6
CSI_META: ts=4082376521 rssi=-42 noise_floor=-98 channel=6 secondary_channel=0 sig_mode=0 mcs=0 rate=9 cwb=0 sgi=0 stbc=0 ant=0 len=128 rx_state=0 seq=-1 tx_mac=52:40:27:94:0a:bb
CSI_DATA: 28 -64 1 0 38 14 39 12 40 9 38 6 36 2 32 0 28 -1 22 -2 17 -1 13 1 10 5 7 9 5 12 4 15 3 18 4 20 3 21 4 21 4 19 4 19 3 17 2 16 1 14 0 12 -2 9 0 0 0 0 0 0 0 0 0 0 0 0 0 0 0 0 0 0 0 0 0 0 -14 -11 -12 -11 -10 -11 -8 -11 -6 -10 -3 -9 1 -9 4 -9 8 -8 13 -9 17 -10 21 -11 23 -13 25 -15 26 -18 26 -19 24 -21 22 -22 20 -20 17 -18 16 -15 15 -10 14 -5 17 1 21 6 25 11
CSI_META: ts=4082376648 rssi=-42 noise_floor=-98 channel=6 secondary_channel=0 sig_mode=0 mcs=0 rate=9 cwb=0 sgi=0 stbc=0 ant=0 len=128 rx_state=0 seq=-1 tx_mac=52:40:27:94:0a:bb
CSI_DATA: 28 -64 1 0 3 -40 0 -43 -3 -40 -6 -40 -8 -36 -9 -32 -9 -27 -7 -23 -5 -18 -3 -14 1 -12 5 -10 10 -10 13 -9 17 -11 17 -11 19 -11 18 -11 17 -10 17 -10 16 -10 14 -9 12 -7 11 -5 10 -2 0 0 0 0 0 0 0 0 0 0 0 0 0 0 0 0 0 0 0 0 0 0 -8 15 -9 14 -9 11 -9 10 -8 6 -9 3 -9 0 -10 -4 -10 -8 -12 -10 -14 -14 -16 -18 -18 -20 -22 -22 -24 -22 -24 -21 -27 -21 -26 -17 -25 -15 -22 -13 -19 -12 -13 -13 -9 -15 -4 -17 -1 -21 4 -28
CSI_META: ts=4082765735 rssi=-39 noise_floor=-98 channel=6 secondary_channel=0 sig_mode=0 mcs=0 rate=9 cwb=0 sgi=0 stbc=0 ant=0 len=128 rx_state=0 seq=-1 tx_mac=52:40:27:94:0a:bb
CSI_DATA: 28 -64 1 0 9 -2 6 0 2 3 1 5 0 8 -1 10 0 12 0 13 0 14 1 14 1 14 2 13 2 12 3 11 2 8 1 7 0 5 -1 3 -1 1 -3 0 -3 -1 -5 -3 -5 -4 -5 -5 -6 -6 0 0 0 0 0 0 0 0 0 0 0 0 0 0 0 0 0 0 0 0 0 0 -4 -4 -5 -5 -5 -7 -5 -8 -5 -9 -5 -10 -4 -10 -4 -10 -4 -10 -4 -10 -3 -9 -2 -7 0 -6 1 -4 4 -2 6 -1 8 1 11 1 13 1 16 1 18 0 19 -1 20 -2 20 -3 19 -4 17 -4
CSI_META: ts=4083327066 rssi=-43 noise_floor=-98 channel=6 secondary_channel=0 sig_mode=0 mcs=0 rate=9 cwb=0 sgi=0 stbc=0 ant=0 len=128 rx_state=0 seq=-1 tx_mac=52:40:27:94:0a:bb
CSI_DATA: 28 -64 1 0 25 33 23 28 19 22 15 15 9 10 3 5 -3 1 -9 -2 -15 -4 -20 -5 -23 -4 -26 -4 -28 -4 -28 -4 -28 -4 -24 -3 -22 -3 -18 -3 -14 -3 -10 -3 -7 -2 -3 -2 0 -1 4 -1 7 1 0 0 0 0 0 0 0 0 0 0 0 0 0 0 0 0 0 0 0 0 0 0 -3 9 -4 5 -4 0 -3 -4 -2 -8 0 -12 1 -16 3 -20 5 -23 6 -27 7 -29 8 -30 7 -29 7 -27 6 -24 5 -20 4 -15 4 -8 4 -1 5 7 7 14 10 22 13 29 17 34 21 38 24 41
CSI_META: ts=4083630604 rssi=-41 noise_floor=-98 channel=6 secondary_channel=0 sig_mode=0 mcs=0 rate=9 cwb=0 sgi=0 stbc=0 ant=0 len=128 rx_state=0 seq=-1 tx_mac=52:40:27:94:0a:bb
CSI_DATA: 28 -64 1 0 4 -14 10 -14 16 -16 18 -17 21 -19 22 -22 22 -25 20 -26 18 -27 15 -26 13 -24 10 -21 9 -18 8 -14 7 -10 7 -5 7 -1 7 2 8 5 9 7 9 9 10 11 10 12 9 13 8 14 0 0 0 0 0 0 0 0 0 0 0 0 0 0 0 0 0 0 0 0 0 0 -13 7 -15 7 -17 6 -18 6 -18 6 -18 5 -18 5 -17 4 -16 3 -14 1 -12 -2 -9 -5 -7 -9 -5 -13 -4 -17 -4 -22 -4 -27 -6 -31 -8 -33 -11 -35 -14 -35 -16 -34 -18 -33 -18 -29 -16 -26 -12 -22
CSI_META: ts=4083922810 rssi=-39 noise_floor=-98 channel=6 secondary_channel=0 sig_mode=0 mcs=0 rate=9 cwb=0 sgi=0 stbc=0 ant=0 len=128 rx_state=0 seq=-1 tx_mac=52:40:27:94:0a:bb
CSI_DATA: 28 -64 1 0 6 -3 3 0 1 3 -1 7 -1 9 -2 12 -2 14 -1 15 -1 16 0 16 1 15 1 14 1 13 1 11 1 9 0 6 0 4 -1 2 -2 0 -3 -3 -3 -4 -3 -5 -4 -7 -3 -8 -3 -8 0 0 0 0 0 0 0 0 0 0 0 0 0 0 0 0 0 0 0 0 0 0 -6 -1 -7 -2 -8 -3 -9 -4 -9 -4 -9 -5 -9 -5 -10 -6 -9 -6 -8 -6 -7 -5 -5 -5 -2 -4 0 -3 3 -3 6 -2 9 -2 12 -3 15 -4 17 -5 18 -6 19 -7 19 -8 19 -9 17 -9 16 -9
CSI_META: ts=4084151385 rssi=-38 noise_floor=-98 channel=6 secondary_channel=0 sig_mode=0 mcs=0 rate=9 cwb=0 sgi=0 stbc=0 ant=0 len=128 rx_state=0 seq=-1 tx_mac=52:40:27:94:0a:bb
CSI_DATA: 28 -64 1 0 18 -9 18 -10 18 -12 16 -12 14 -12 12 -12 10 -10 8 -9 6 -7 5 -4 4 -1 4 1 4 4 4 6 5 7 5 8 6 9 6 8 6 8 5 8 5 7 4 6 3 5 2 5 1 4 0 0 0 0 0 0 0 0 0 0 0 0 0 0 0 0 0 0 0 0 0 0 -7 6 -7 6 -7 4 -7 3 -6 2 -5 1 -5 0 -4 -2 -3 -4 -2 -7 -2 -9 -1 -11 -2 -13 -2 -15 -3 -16 -4 -17 -4 -17 -5 -16 -5 -15 -5 -13 -4 -11 -2 -9 0 -7 4 -6 8 -5 11 -6
CSI_META: ts=4084608082 rssi=-37 noise_floor=-98 channel=6 secondary_channel=0 sig_mode=0 mcs=0 rate=9 cwb=0 sgi=0 stbc=0 ant=0 len=128 rx_state=0 seq=-1 tx_mac=52:40:27:94:0a:bb
CSI_DATA: 28 -64 1 0 -5 18 -3 16 -2 15 -2 12 -3 11 -3 9 -4 8 -5 8 -6 8 -7 8 -8 9 -8 9 -8 10 -7 10 -7 11 -6 10 -5 9 -4 8 -4 7 -4 6 -4 4 -4 3 -5 2 -5 1 -5 0 0 0 0 0 0 0 0 0 0 0 0 0 0 0 0 0 0 0 0 0 0 0 4 4 2 4 1 5 0 5 -1 6 -2 7 -2 8 -3 9 -3 10 -3 11 -3 12 -3 12 -3 12 -2 12 -2 11 -2 10 -3 9 -4 9 -6 8 -6 9 -8 10 -9 11 -10 13 -11 15 -10 17 -9 19
CSI_META: ts=4085147747 rssi=-39 noise_floor=-98 channel=6 secondary_channel=0 sig_mode=0 mcs=0 rate=9 cwb=0 sgi=0 stbc=0 ant=0 len=128 rx_state=0 seq=-1 tx_mac=52:40:27:94:0a:bb
CSI_DATA: 28 -64 1 0 -22 9 -19 8 -15 7 -11 5 -8 4 -4 1 -1 -2 1 -4 3 -7 4 -10 4 -12 5 -13 5 -14 5 -15 5 -15 5 -13 4 -12 3 -11 2 -9 2 -6 2 -5 1 -3 0 -1 -1 1 -2 3 0 0 0 0 0 0 0 0 0 0 0 0 0 0 0 0 0 0 0 0 0 0 -3 -3 -1 -3 1 -2 3 -1 5 0 6 2 7 3 9 4 11 6 12 7 13 8 13 8 13 8 11 7 10 6 7 5 5 4 2 3 -2 2 -6 1 -10 1 -14 2 -18 3 -21 4 -23 5 -25 7
CSI_META: ts=4087372845 rssi=-37 noise_floor=-98 channel=6 secondary_channel=0 sig_mode=0 mcs=0 rate=9 cwb=0 sgi=0 stbc=0 ant=0 len=128 rx_state=0 seq=-1 tx_mac=52:40:27:94:0a:bb
CSI_DATA: 28 -64 1 0 -13 -17 -12 -14 -10 -12 -8 -9 -5 -7 -3 -6 1 -6 3 -6 5 -7 7 -8 8 -9 9 -10 8 -10 9 -11 8 -11 7 -10 6 -9 5 -8 4 -6 3 -5 3 -4 3 -2 2 0 2 1 1 3 0 0 0 0 0 0 0 0 0 0 0 0 0 0 0 0 0 0 0 0 0 0 0 3 -2 2 -4 2 -6 1 -7 1 -9 1 -10 1 -12 0 -13 1 -14 1 -15 1 -14 2 -13 2 -12 2 -11 1 -9 0 -7 -1 -5 -3 -4 -6 -3 -9 -3 -12 -3 -15 -4 -18 -6 -20 -9 -21 -10 -23
CSI_META: ts=4087600162 rssi=-37 noise_floor=-98 channel=6 secondary_channel=0 sig_mode=0 mcs=0 rate=9 cwb=0 sgi=0 stbc=0 ant=0 len=128 rx_state=0 seq=-1 tx_mac=52:40:27:94:0a:bb
CSI_DATA: 28 -64 1 0 17 19 11 14 5 11 0 8 -6 7 -11 7 -16 7 -20 10 -22 11 -23 13 -23 15 -23 16 -22 16 -20 16 -18 14 -16 12 -13 9 -10 6 -8 3 -6 0 -5 -2 -3 -5 -1 -7 0 -10 3 -11 0 0 0 0 0 0 0 0 0 0 0 0 0 0 0 0 0 0 0 0 0 0 3 -9 6 -10 9 -12 11 -13 13 -13 14 -14 15 -14 17 -14 17 -14 16 -15 16 -13 14 -11 12 -8 9 -5 7 1 6 5 5 11 5 16 6 21 8 27 10 31 15 34 17 36 20 36 23 36 24 33
CSI_META: ts=4088294428 rssi=-41 noise_floor=-98 channel=6 secondary_channel=0 sig_mode=0 mcs=0 rate=9 cwb=0 sgi=0 stbc=0 ant=0 len=128 rx_state=0 seq=-1 tx_mac=52:40:27:94:0a:bb
CSI_DATA: 28 -64 1 0 18 20 22 23 27 26 28 27 31 26 31 25 31 23 29 19 27 16 22 12 17 10 12 7 6 5 1 2 -4 0 -9 -1 -12 -3 -15 -4 -16 -5 -18 -6 -18 -7 -19 -8 -18 -9 -16 -10 -14 -11 0 0 0 0 0 0 0 0 0 0 0 0 0 0 0 0 0 0 0 0 0 0 3 20 0 20 -2 20 -4 18 -5 16 -5 14 -5 11 -5 7 -5 3 -4 -3 -3 -9 -2 -15 0 -21 0 -26 0 -31 0 -36 0 -37 -2 -40 -2 -40 -4 -39 -4 -36 -5 -32 -4 -26 -2 -19 1 -11 4 -2
CSI_META: ts=4088294564 rssi=-41 noise_floor=-98 channel=6 secondary_channel=0 sig_mode=0 mcs=0 rate=9 cwb=0 sgi=0 stbc=0 ant=0 len=128 rx_state=0 seq=-1 tx_mac=52:40:27:94:0a:bb
CSI_DATA: 28 -64 1 0 -17 -19 -23 -26 -24 -25 -30 -30 -30 -30 -30 -28 -31 -25 -28 -22 -26 -17 -25 -14 -20 -11 -15 -8 -10 -6 -4 -5 0 -2 5 0 10 2 11 4 13 4 16 6 15 8 16 7 17 8 16 9 14 11 0 0 0 0 0 0 0 0 0 0 0 0 0 0 0 0 0 0 0 0 0 0 -4 -20 -2 -22 1 -18 3 -19 2 -14 3 -13 3 -9 4 -5 3 -1 4 4 3 10 2 15 1 21 0 26 -1 33 -2 33 -1 40 0 36 1 41 1 37 3 35 1 29 3 23 2 18 -1 10 -4 0
CSI_META: ts=4088294700 rssi=-41 noise_floor=-98 channel=6 secondary_channel=0 sig_mode=0 mcs=0 rate=9 cwb=0 sgi=0 stbc=0 ant=0 len=128 rx_state=0 seq=-1 tx_mac=52:40:27:94:0a:bb
CSI_DATA: 28 -64 1 0 16 20 20 26 23 28 26 30 27 31 28 28 28 26 26 22 25 18 22 14 17 11 11 8 6 5 1 3 -4 0 -8 -2 -12 -4 -14 -6 -15 -7 -17 -8 -17 -9 -18 -10 -17 -10 -16 -11 -13 -12 0 0 0 0 0 0 0 0 0 0 0 0 0 0 0 0 0 0 0 0 0 0 2 19 -1 20 -3 19 -5 18 -5 16 -6 14 -6 10 -6 6 -5 2 -4 -3 -3 -9 -1 -15 0 -21 1 -26 3 -31 3 -35 2 -38 1 -39 1 -41 1 -39 -1 -36 -1 -32 -3 -26 -1 -19 1 -11 4 -2
CSI_META: ts=4088507108 rssi=-42 noise_floor=-98 channel=6 secondary_channel=0 sig_mode=0 mcs=0 rate=9 cwb=0 sgi=0 stbc=0 ant=0 len=128 rx_state=0 seq=-1 tx_mac=52:40:27:94:0a:bb
CSI_DATA: 28 -64 1 0 5 -19 9 -21 13 -24 14 -26 15 -29 13 -31 11 -32 9 -33 6 -32 3 -29 1 -26 0 -22 1 -18 2 -14 4 -10 6 -6 9 -3 11 -1 12 1 14 2 15 2 16 3 17 3 17 4 16 5 0 0 0 0 0 0 0 0 0 0 0 0 0 0 0 0 0 0 0 0 0 0 -14 6 -15 5 -16 4 -17 4 -18 3 -17 3 -17 2 -16 1 -15 0 -14 -2 -12 -5 -10 -8 -8 -12 -7 -16 -6 -20 -7 -24 -8 -28 -11 -31 -13 -31 -15 -32 -18 -32 -20 -30 -20 -28 -19 -24 -17 -22 -12 -19
CSI_META: ts=4088911639 rssi=-37 noise_floor=-98 channel=6 secondary_channel=0 sig_mode=0 mcs=0 rate=9 cwb=0 sgi=0 stbc=0 ant=0 len=128 rx_state=0 seq=-1 tx_mac=52:40:27:94:0a:bb
CSI_DATA: 28 -64 1 0 10 13 7 10 5 8 1 6 -1 6 -4 6 -7 7 -8 8 -10 10 -10 11 -10 12 -10 12 -9 13 -8 12 -7 11 -6 10 -5 8 -4 6 -4 4 -3 2 -4 0 -4 -2 -4 -3 -4 -4 -3 -6 0 0 0 0 0 0 0 0 0 0 0 0 0 0 0 0 0 0 0 0 0 0 2 -4 4 -3 5 -2 7 -2 8 -2 10 -2 11 -2 12 -2 12 -2 12 -2 12 -2 11 -1 9 -1 8 0 6 1 4 3 3 5 2 8 2 11 2 14 3 16 5 19 6 20 8 21 10 21 12 21
CSI_META: ts=4089585740 rssi=-41 noise_floor=-98 channel=6 secondary_channel=0 sig_mode=0 mcs=0 rate=9 cwb=0 sgi=0 stbc=0 ant=0 len=128 rx_state=0 seq=-1 tx_mac=52:40:27:94:0a:bb
CSI_DATA: 28 -64 1 0 -22 4 -18 -1 -15 -7 -16 -12 -17 -16 -19 -19 -22 -21 -24 -21 -26 -20 -27 -18 -28 -16 -27 -13 -24 -11 -21 -8 -17 -8 -13 -7 -8 -7 -4 -7 -1 -8 2 -10 5 -11 7 -13 9 -13 10 -14 12 -13 0 0 0 0 0 0 0 0 0 0 0 0 0 0 0 0 0 0 0 0 0 0 2 9 -1 11 -3 13 -4 15 -6 17 -7 18 -7 19 -7 20 -7 21 -8 20 -8 19 -8 16 -9 13 -10 9 -12 6 -15 2 -19 -1 -24 -2 -29 -2 -34 -1 -37 0 -40 4 -42 6 -41 10 -39 12 -35 13
CSI_META: ts=4089927085 rssi=-38 noise_floor=-98 channel=6 secondary_channel=0 sig_mode=0 mcs=0 rate=9 cwb=0 sgi=0 stbc=0 ant=0 len=128 rx_state=0 seq=-1 tx_mac=52:40:27:94:0a:bb
CSI_DATA: 28 -64 1 0 8 16 10 16 11 16 12 15 12 13 12 11 11 9 9 7 7 5 4 4 2 4 0 4 -3 4 -5 4 -7 4 -8 5 -9 5 -8 5 -9 5 -9 5 -9 5 -8 4 -8 3 -7 2 -6 1 0 0 0 0 0 0 0 0 0 0 0 0 0 0 0 0 0 0 0 0 0 0 -7 -4 -6 -5 -5 -5 -4 -5 -3 -4 -2 -4 0 -3 2 -3 4 -3 6 -3 9 -3 11 -3 12 -3 13 -4 14 -5 14 -6 14 -6 13 -7 12 -7 10 -6 9 -5 7 -3 6 0 5 3 5 6 5 10
CSI_META: ts=4090132893 rssi=-41 noise_floor=-98 channel=6 secondary_channel=0 sig_mode=0 mcs=0 rate=9 cwb=0 sgi=0 stbc=0 ant=0 len=128 rx_state=0 seq=-1 tx_mac=52:40:27:94:0a:bb
CSI_DATA: 28 -64 1 0 -40 25 -35 26 -32 28 -26 26 -22 25 -18 21 -14 17 -12 13 -12 8 -12 3 -13 -2 -15 -5 -17 -7 -20 -9 -21 -10 -23 -10 -22 -9 -22 -8 -20 -7 -19 -7 -17 -6 -15 -6 -12 -6 -9 -6 -6 -7 0 0 0 0 0 0 0 0 0 0 0 0 0 0 0 0 0 0 0 0 0 0 13 -2 11 0 9 2 6 4 5 6 3 8 0 11 -2 14 -4 17 -6 21 -7 25 -7 27 -6 29 -5 30 -4 30 -2 30 -1 27 -1 25 -2 20 -4 17 -7 14 -12 11 -17 11 -24 10 -30 11 -35 14
CSI_META: ts=4090563163 rssi=-38 noise_floor=-98 channel=6 secondary_channel=0 sig_mode=0 mcs=0 rate=9 cwb=0 sgi=0 stbc=0 ant=0 len=128 rx_state=0 seq=-1 tx_mac=52:40:27:94:0a:bb
CSI_DATA: 28 -64 1 0 -2 11 -5 16 -8 20 -8 24 -8 27 -7 29 -5 29 -4 29 -2 27 -1 24 0 22 -1 18 0 14 -1 10 -2 5 -3 1 -3 -2 -5 -5 -5 -8 -5 -10 -6 -12 -6 -13 -6 -14 -4 -15 -3 -16 0 0 0 0 0 0 0 0 0 0 0 0 0 0 0 0 0 0 0 0 0 0 -16 -2 -16 -4 -17 -6 -16 -7 -15 -7 -14 -8 -13 -8 -10 -8 -7 -7 -4 -7 0 -5 5 -4 10 -3 15 -2 19 -1 24 -1 27 -2 30 -4 31 -6 32 -6 31 -9 29 -9 27 -9 23 -8 18 -6 13 -3
CSI_META: ts=4090903157 rssi=-42 noise_floor=-98 channel=6 secondary_channel=0 sig_mode=0 mcs=0 rate=9 cwb=0 sgi=0 stbc=0 ant=0 len=128 rx_state=0 seq=-1 tx_mac=52:40:27:94:0a:bb
CSI_DATA: 28 -64 1 0 -10 -17 -4 -15 4 -16 8 -17 13 -19 15 -22 17 -25 17 -28 16 -30 14 -31 11 -30 9 -29 7 -26 6 -22 5 -19 5 -14 5 -9 5 -5 6 -1 7 2 8 5 10 7 10 10 11 12 11 14 0 0 0 0 0 0 0 0 0 0 0 0 0 0 0 0 0 0 0 0 0 0 -9 7 -12 7 -14 7 -16 7 -17 6 -19 7 -19 7 -19 7 -19 6 -18 5 -17 3 -15 1 -12 -2 -10 -6 -8 -10 -7 -16 -7 -21 -8 -26 -11 -29 -14 -33 -18 -35 -21 -36 -24 -35 -26 -34 -27 -30 -25 -27
CSI_META: ts=4090930655 rssi=-38 noise_floor=-98 channel=6 secondary_channel=0 sig_mode=0 mcs=0 rate=9 cwb=0 sgi=0 stbc=0 ant=0 len=128 rx_state=0 seq=-1 tx_mac=52:40:27:94:0a:bb
CSI_DATA: 28 -64 1 0 21 2 26 3 29 2 31 2 32 0 33 -3 31 -4 29 -7 25 -8 21 -7 18 -6 13 -4 10 -1 7 1 5 4 2 7 1 10 0 12 -1 13 -2 14 -2 15 -3 15 -3 15 -4 15 -5 14 0 0 0 0 0 0 0 0 0 0 0 0 0 0 0 0 0 0 0 0 0 0 -16 3 -17 1 -16 -1 -16 -1 -14 -2 -13 -2 -11 -3 -9 -4 -6 -5 -3 -8 0 -10 4 -13 7 -16 10 -19 11 -22 12 -25 12 -27 10 -29 9 -31 8 -31 6 -30 4 -27 3 -23 5 -20 6 -15 9 -10
CSI_META: ts=4093185386 rssi=-36 noise_floor=-98 channel=6 secondary_channel=0 sig_mode=0 mcs=0 rate=9 cwb=0 sgi=0 stbc=0 ant=0 len=128 rx_state=0 seq=-1 tx_mac=52:40:27:94:0a:bb
CSI_DATA: 28 -64 1 0 3 -13 4 -9 5 -7 6 -4 8 -3 10 -2 12 -2 13 -3 14 -4 14 -5 14 -6 13 -6 11 -6 11 -7 9 -6 7 -4 6 -3 5 -2 3 0 3 1 2 2 2 4 2 5 1 6 0 7 0 0 0 0 0 0 0 0 0 0 0 0 0 0 0 0 0 0 0 0 0 0 -5 -3 -5 -4 -5 -6 -5 -8 -6 -8 -6 -9 -6 -10 -7 -10 -7 -10 -7 -10 -6 -10 -6 -9 -4 -8 -2 -7 0 -7 2 -7 4 -7 7 -9 8 -10 10 -12 11 -15 11 -17 10 -19 9 -20 8 -21 6 -20
CSI_META: ts=4094233664 rssi=-37 noise_floor=-98 channel=6 secondary_channel=0 sig_mode=0 mcs=0 rate=9 cwb=0 sgi=0 stbc=0 ant=0 len=128 rx_state=0 seq=-1 tx_mac=52:40:27:94:0a:bb
CSI_DATA: 28 -64 1 0 -2 10 -4 8 -6 7 -8 6 -10 6 -12 6 -12 7 -12 9 -12 10 -12 11 -11 11 -9 11 -8 10 -7 9 -6 8 -5 6 -4 4 -5 2 -5 0 -5 -1 -5 -3 -5 -4 -6 -5 -6 -6 -6 -7 0 0 0 0 0 0 0 0 0 0 0 0 0 0 0 0 0 0 0 0 0 0 5 3 5 4 5 5 6 6 6 7 6 7 6 7 6 7 6 7 6 8 4 7 3 7 2 6 0 7 -2 7 -4 8 -5 10 -7 12 -7 13 -7 16 -7 17 -6 19 -5 20 -3 20 -2 18 -1 18
CSI_META: ts=4094233836 rssi=-41 noise_floor=-98 channel=6 secondary_channel=0 sig_mode=0 mcs=0 rate=9 cwb=0 sgi=0 stbc=0 ant=0 len=128 rx_state=0 seq=-1 tx_mac=52:40:27:94:0a:bb
CSI_DATA: 28 -64 1 0 23 8 16 10 14 15 11 18 11 22 12 25 14 27 16 28 19 28 21 24 21 22 22 19 18 16 18 15 13 11 11 11 6 8 3 9 -1 9 -4 9 -6 10 -9 12 -10 12 -12 12 -13 11 0 0 0 0 0 0 0 0 0 0 0 0 0 0 0 0 0 0 0 0 0 0 8 -11 10 -10 13 -11 14 -10 17 -11 16 -9 18 -10 19 -10 19 -10 20 -10 18 -8 16 -5 16 -2 16 1 15 5 18 10 17 12 24 16 25 16 30 19 34 19 37 17 41 15 40 10 39 8 35 7
CSI_META: ts=4094233944 rssi=-37 noise_floor=-98 channel=6 secondary_channel=0 sig_mode=0 mcs=0 rate=9 cwb=0 sgi=0 stbc=0 ant=0 len=128 rx_state=0 seq=-1 tx_mac=52:40:27:94:0a:bb
CSI_DATA: 28 -64 1 0 10 2 7 3 6 6 6 8 6 10 7 11 8 12 9 12 10 12 10 11 11 9 10 8 9 6 9 5 7 4 5 5 3 3 1 3 0 4 -2 4 -3 5 -4 6 -5 6 -6 6 -7 5 0 0 0 0 0 0 0 0 0 0 0 0 0 0 0 0 0 0 0 0 0 0 3 -5 4 -5 6 -6 6 -5 8 -6 7 -6 8 -6 8 -6 8 -6 9 -6 9 -4 8 -4 7 -2 7 0 7 1 8 3 8 5 10 7 12 7 15 7 16 7 18 5 20 6 20 4 19 3 17 2
CSI_META: ts=4094501778 rssi=-42 noise_floor=-98 channel=6 secondary_channel=0 sig_mode=0 mcs=0 rate=9 cwb=0 sgi=0 stbc=0 ant=0 len=128 rx_state=0 seq=-1 tx_mac=52:40:27:94:0a:bb
CSI_DATA: 28 -64 1 0 3 37 5 31 4 27 2 20 -1 16 -4 13 -9 12 -13 12 -16 13 -18 15 -19 16 -19 18 -18 20 -18 21 -16 21 -13 19 -11 17 -10 14 -8 10 -7 8 -7 4 -7 1 -8 -2 -8 -5 -8 -7 0 0 0 0 0 0 0 0 0 0 0 0 0 0 0 0 0 0 0 0 0 0 8 -3 8 1 7 4 7 7 7 9 8 12 8 14 9 17 11 19 12 20 13 21 14 21 13 19 12 18 11 16 9 15 5 14 2 14 -3 15 -7 19 -9 22 -11 27 -12 33 -11 37 -8 41 -5 44
CSI_META: ts=4094681919 rssi=-38 noise_floor=-98 channel=6 secondary_channel=0 sig_mode=0 mcs=0 rate=9 cwb=0 sgi=0 stbc=0 ant=0 len=128 rx_state=0 seq=-1 tx_mac=52:40:27:94:0a:bb
CSI_DATA: 28 -64 1 0 19 11 20 9 20 9 19 6 18 5 16 3 14 2 11 1 8 1 5 1 2 3 0 4 -3 6 -5 7 -6 8 -6 9 -6 9 -7 9 -6 9 -6 9 -6 8 -6 7 -6 6 -5 4 -5 3 0 0 0 0 0 0 0 0 0 0 0 0 0 0 0 0 0 0 0 0 0 0 -8 2 -8 1 -7 -1 -6 -1 -4 -2 -3 -3 -2 -3 1 -5 2 -6 4 -7 7 -9 8 -10 8 -12 9 -13 9 -14 8 -15 7 -14 6 -15 5 -13 5 -11 4 -9 5 -6 5 -2 7 1 9 4 11 8
CSI_META: ts=4094682037 rssi=-38 noise_floor=-98 channel=6 secondary_channel=0 sig_mode=0 mcs=0 rate=9 cwb=0 sgi=0 stbc=0 ant=0 len=128 rx_state=0 seq=-1 tx_mac=52:40:27:94:0a:bb
CSI_DATA: 28 -64 1 0 6 21 7 21 8 21 9 17 9 16 9 14 8 11 6 9 4 6 1 4 -2 3 -5 3 -7 2 -9 3 -11 3 -13 3 -12 3 -12 3 -11 3 -11 2 -10 2 -9 1 -7 1 -6 0 -4 -1 0 0 0 0 0 0 0 0 0 0 0 0 0 0 0 0 0 0 0 0 0 0 -8 -5 -7 -6 -6 -6 -5 -6 -3 -5 -2 -4 0 -3 2 -3 4 -2 6 -2 9 -2 11 -2 13 -2 15 -3 15 -3 16 -4 15 -5 15 -5 13 -5 11 -4 9 -3 7 -2 5 2 3 6 3 10 3 13
CSI_META: ts=4094682145 rssi=-42 noise_floor=-98 channel=6 secondary_channel=0 sig_mode=0 mcs=0 rate=9 cwb=0 sgi=0 stbc=0 ant=0 len=128 rx_state=0 seq=-1 tx_mac=52:40:27:94:0a:bb
CSI_DATA: 28 -64 1 0 -39 18 -34 18 -40 23 -33 23 -29 27 -23 23 -19 21 -15 18 -14 13 -13 7 -10 1 -8 -4 -8 -7 -9 -11 -9 -13 -10 -18 -10 -18 -12 -20 -11 -18 -11 -19 -10 -17 -8 -19 -5 -17 -2 -15 -1 -12 0 0 0 0 0 0 0 0 0 0 0 0 0 0 0 0 0 0 0 0 0 0 7 -12 7 -9 6 -9 5 -4 7 -3 6 0 6 5 4 8 6 12 1 18 1 23 1 25 1 27 3 27 5 26 11 29 9 24 12 28 9 21 9 20 5 14 1 12 -7 10 -15 7 -21 6 -26 8
CSI_META: ts=4095708665 rssi=-42 noise_floor=-98 channel=6 secondary_channel=0 sig_mode=0 mcs=0 rate=9 cwb=0 sgi=0 stbc=0 ant=0 len=128 rx_state=0 seq=-1 tx_mac=52:40:27:94:0a:bb
CSI_DATA: 28 -64 1 0 -14 21 -11 13 -9 6 -9 -2 -11 -9 -13 -15 -15 -19 -18 -21 -21 -23 -23 -24 -24 -23 -25 -21 -24 -19 -23 -17 -19 -14 -16 -12 -11 -9 -7 -8 -3 -6 1 -4 5 -3 8 -1 11 0 13 2 15 4 0 0 0 0 0 0 0 0 0 0 0 0 0 0 0 0 0 0 0 0 0 0 6 -3 10 -1 13 1 15 2 18 4 19 5 20 7 22 7 23 8 22 8 21 8 18 7 14 7 9 7 3 7 -3 7 -9 9 -14 12 -20 15 -25 20 -28 24 -29 29 -30 33 -29 36 -27 37 -24 37
CSI_META: ts=4095708761 rssi=-43 noise_floor=-98 channel=6 secondary_channel=0 sig_mode=0 mcs=0 rate=9 cwb=0 sgi=0 stbc=0 ant=0 len=128 rx_state=0 seq=-1 tx_mac=52:40:27:94:0a:bb
CSI_DATA: 28 -64 1 0 25 -5 17 -2 10 2 4 7 0 13 -3 18 -5 23 -5 27 -4 30 -3 31 -1 32 0 31 0 29 1 27 1 23 0 19 0 14 -1 9 -3 5 -4 1 -5 -3 -7 -7 -8 -9 -8 -12 -7 -15 0 0 0 0 0 0 0 0 0 0 0 0 0 0 0 0 0 0 0 0 0 0 -7 -4 -8 -8 -9 -11 -9 -14 -9 -17 -9 -19 -10 -21 -10 -22 -10 -23 -9 -23 -9 -22 -7 -19 -5 -16 -2 -12 2 -8 7 -5 12 0 18 2 24 3 31 4 36 4 41 2 44 -1 45 -4 45 -6 43 -8
CSI_META: ts=4096630470 rssi=-41 noise_floor=-98 channel=6 secondary_channel=0 sig_mode=0 mcs=0 rate=9 cwb=0 sgi=0 stbc=0 ant=0 len=128 rx_state=0 seq=-1 tx_mac=52:40:27:94:0a:bb
CSI_DATA: 28 -64 1 0 -23 11 -19 6 -16 -1 -16 -6 -16 -11 -18 -16 -20 -18 -23 -20 -25 -20 -27 -19 -28 -18 -28 -15 -27 -13 -25 -11 -21 -9 -17 -9 -13 -7 -9 -7 -5 -7 -1 -8 2 -9 5 -10 8 -10 11 -10 13 -10 0 0 0 0 0 0 0 0 0 0 0 0 0 0 0 0 0 0 0 0 0 0 3 9 2 11 1 14 0 16 -1 19 -1 19 -1 20 -1 21 -1 22 -2 22 -2 20 -2 17 -5 14 -7 11 -10 8 -14 4 -18 2 -23 2 -28 2 -33 4 -37 6 -40 10 -42 13 -41 16 -39 19 -36 20
CSI_META: ts=4096630588 rssi=-38 noise_floor=-98 channel=6 secondary_channel=0 sig_mode=0 mcs=0 rate=9 cwb=0 sgi=0 stbc=0 ant=0 len=128 rx_state=0 seq=-1 tx_mac=52:40:27:94:0a:bb
CSI_DATA: 28 -64 1 0 -2 11 -4 7 -5 5 -7 2 -10 0 -12 0 -14 0 -15 1 -16 2 -16 3 -15 4 -14 4 -12 5 -11 4 -9 3 -7 2 -5 0 -4 -2 -3 -3 -2 -4 -1 -6 -1 -7 0 -8 1 -9 2 -9 0 0 0 0 0 0 0 0 0 0 0 0 0 0 0 0 0 0 0 0 0 0 3 -1 4 0 5 1 5 3 7 4 7 4 8 5 9 5 9 6 9 6 9 5 8 5 7 5 4 4 2 4 0 5 -3 6 -5 8 -7 9 -8 12 -8 15 -8 17 -7 19 -6 20 -4 20 -3 19
CSI_META: ts=4096634368 rssi=-41 noise_floor=-98 channel=6 secondary_channel=0 sig_mode=0 mcs=0 rate=9 cwb=0 sgi=0 stbc=0 ant=0 len=128 rx_state=0 seq=-1 tx_mac=52:40:27:94:0a:bb
CSI_DATA: 28 -64 1 0 -19 -17 -12 -15 -5 -16 0 -17 5 -19 8 -23 9 -26 10 -29 9 -32 7 -33 4 -33 2 -31 0 -28 0 -26 0 -21 0 -17 2 -12 4 -9 5 -5 8 -2 10 0 12 2 14 4 15 6 16 8 0 0 0 0 0 0 0 0 0 0 0 0 0 0 0 0 0 0 0 0 0 0 -6 5 -9 5 -13 4 -15 4 -18 4 -20 3 -21 4 -23 5 -23 5 -23 5 -23 4 -20 3 -17 2 -15 -1 -12 -5 -10 -10 -9 -15 -9 -20 -11 -25 -14 -29 -18 -32 -22 -34 -26 -36 -29 -34 -31 -31 -31 -28
CSI_META: ts=4096634504 rssi=-41 noise_floor=-98 channel=6 secondary_channel=0 sig_mode=0 mcs=0 rate=9 cwb=0 sgi=0 stbc=0 ant=0 len=128 rx_state=0 seq=-1 tx_mac=52:40:27:94:0a:bb
CSI_DATA: 28 -64 1 0 20 14 13 13 6 14 1 16 -3 19 -6 23 -7 27 -7 30 -5 32 -3 33 -1 32 1 30 3 27 3 24 2 20 1 16 -2 11 -4 7 -6 4 -9 2 -12 0 -14 -2 -16 -3 -17 -5 -18 -7 0 0 0 0 0 0 0 0 0 0 0 0 0 0 0 0 0 0 0 0 0 0 4 -7 7 -7 10 -7 13 -7 16 -6 18 -7 19 -7 21 -8 22 -8 22 -9 21 -8 19 -7 17 -5 14 -2 12 2 10 7 10 12 11 17 13 22 17 26 20 29 26 30 29 31 32 30 34 27 34 23
CSI_META: ts=4096634640 rssi=-38 noise_floor=-98 channel=6 secondary_channel=0 sig_mode=0 mcs=0 rate=9 cwb=0 sgi=0 stbc=0 ant=0 len=128 rx_state=0 seq=-1 tx_mac=52:40:27:94:0a:bb
CSI_DATA: 28 -64 1 0 -12 3 -10 1 -7 -2 -6 -5 -6 -7 -7 -10 -7 -11 -8 -13 -10 -13 -11 -12 -12 -12 -12 -11 -11 -9 -10 -8 -9 -7 -7 -6 -5 -5 -3 -4 0 -4 1 -4 3 -4 4 -4 6 -4 7 -3 8 -3 0 0 0 0 0 0 0 0 0 0 0 0 0 0 0 0 0 0 0 0 0 0 1 3 1 4 0 6 -1 7 -1 8 -1 9 -1 10 -1 11 -1 10 -1 10 -1 10 -1 9 -2 7 -3 5 -4 4 -6 1 -8 0 -11 -1 -14 -1 -16 -1 -18 0 -20 1 -21 3 -21 4 -20 6 -19 7
CSI_META: ts=4096716217 rssi=-37 noise_floor=-98 channel=6 secondary_channel=0 sig_mode=0 mcs=0 rate=9 cwb=0 sgi=0 stbc=0 ant=0 len=128 rx_state=0 seq=-1 tx_mac=52:40:27:94:0a:bb
CSI_DATA: 28 -64 1 0 -15 35 -13 37 -11 38 -7 36 -5 34 -2 31 -1 26 0 22 -1 16 -3 11 -5 7 -8 3 -11 0 -14 -3 -17 -3 -19 -4 -19 -4 -20 -5 -19 -4 -18 -5 -18 -4 -16 -5 -14 -5 -12 -5 -9 -5 0 0 0 0 0 0 0 0 0 0 0 0 0 0 0 0 0 0 0 0 0 0 -1 -17 0 -15 1 -14 2 -12 2 -10 4 -7 5 -3 7 0 9 4 11 8 14 12 16 15 19 17 21 17 24 17 25 17 25 15 26 14 24 11 20 9 17 8 11 9 5 10 -1 12 -6 16 -10 22
CSI_META: ts=4097001409 rssi=-38 noise_floor=-98 channel=6 secondary_channel=0 sig_mode=0 mcs=0 rate=9 cwb=0 sgi=0 stbc=0 ant=0 len=128 rx_state=0 seq=-1 tx_mac=52:40:27:94:0a:bb
CSI_DATA: 28 -64 1 0 36 -7 36 -9 35 -12 31 -13 27 -14 24 -13 19 -12 15 -10 12 -8 9 -4 7 1 6 5 6 8 5 11 5 14 5 16 6 16 6 17 6 16 6 16 5 15 4 15 3 13 2 12 0 9 0 0 0 0 0 0 0 0 0 0 0 0 0 0 0 0 0 0 0 0 0 0 -11 5 -10 3 -9 0 -8 -2 -5 -3 -3 -6 -2 -8 -1 -11 0 -14 2 -18 3 -21 4 -23 3 -25 3 -27 2 -27 1 -27 0 -25 -1 -24 -1 -20 0 -16 3 -13 6 -9 9 -6 15 -3 22 -2 27 -2
CSI_META: ts=4097325442 rssi=-38 noise_floor=-98 channel=6 secondary_channel=0 sig_mode=0 mcs=0 rate=9 cwb=0 sgi=0 stbc=0 ant=0 len=128 rx_state=0 seq=-1 tx_mac=52:40:27:94:0a:bb
CSI_DATA: 28 -64 1 0 0 -25 -1 -24 -3 -23 -3 -19 -4 -16 -4 -14 -3 -11 -2 -7 1 -5 3 -3 5 -2 7 -1 9 -1 11 -1 12 -1 13 -1 12 -1 12 -1 11 -1 10 -1 9 -1 7 -1 6 0 4 1 2 1 0 0 0 0 0 0 0 0 0 0 0 0 0 0 0 0 0 0 0 0 0 0 2 6 0 5 -1 4 -2 2 -4 2 -5 0 -7 -1 -9 -2 -11 -3 -12 -4 -14 -5 -15 -5 -16 -5 -16 -5 -16 -4 -15 -3 -14 -3 -12 -3 -9 -3 -7 -4 -4 -5 -1 -8 2 -11 3 -15 4 -18 4 -22
CSI_META: ts=4097761809 rssi=-37 noise_floor=-98 channel=6 secondary_channel=0 sig_mode=0 mcs=0 rate=9 cwb=0 sgi=0 stbc=0 ant=0 len=128 rx_state=0 seq=-1 tx_mac=52:40:27:94:0a:bb
CSI_DATA: 28 -64 1 0 -41 8 -37 10 -34 12 -30 14 -25 14 -21 12 -18 10 -15 7 -14 4 -14 0 -14 -4 -15 -6 -16 -8 -18 -8 -19 -9 -21 -9 -19 -7 -18 -8 -16 -5 -16 -5 -14 -5 -12 -6 -9 -6 -7 -6 -4 -6 0 0 0 0 0 0 0 0 0 0 0 0 0 0 0 0 0 0 0 0 0 0 7 10 5 10 3 9 0 9 -2 8 -5 8 -8 8 -11 9 -13 11 -17 11 -20 13 -21 14 -22 16 -21 17 -20 18 -20 19 -17 17 -16 18 -14 14 -15 12 -16 8 -17 6 -21 2 -26 -1 -31 -1 -34 1
CSI_META: ts=4097761936 rssi=-37 noise_floor=-98 channel=6 secondary_channel=0 sig_mode=0 mcs=0 rate=9 cwb=0 sgi=0 stbc=0 ant=0 len=128 rx_state=0 seq=-1 tx_mac=52:40:27:94:0a:bb
CSI_DATA: 28 -64 1 0 9 18 11 18 11 14 12 13 11 10 10 8 8 7 6 6 4 5 2 6 1 7 -1 8 -1 9 -2 10 -2 11 -1 10 -1 11 0 10 -1 9 0 8 0 8 0 6 -1 6 -2 4 -3 3 0 0 0 0 0 0 0 0 0 0 0 0 0 0 0 0 0 0 0 0 0 0 4 -5 4 -4 4 -3 5 -2 4 0 5 1 5 3 6 4 6 6 8 6 9 8 10 8 11 8 11 8 12 7 11 7 11 7 10 5 9 5 7 5 6 6 4 8 4 10 4 12 4 15 6 18
CSI_META: ts=4098391656 rssi=-39 noise_floor=-98 channel=6 secondary_channel=0 sig_mode=0 mcs=0 rate=9 cwb=0 sgi=0 stbc=0 ant=0 len=128 rx_state=0 seq=-1 tx_mac=52:40:27:94:0a:bb
CSI_DATA: 28 -64 1 0 13 -3 10 0 8 2 7 4 7 7 8 9 8 10 9 11 10 11 11 11 12 9 12 8 11 7 11 7 9 5 7 5 5 4 3 4 1 3 0 4 -2 5 -3 5 -4 5 -5 6 -7 5 0 0 0 0 0 0 0 0 0 0 0 0 0 0 0 0 0 0 0 0 0 0 1 -6 2 -6 4 -7 5 -7 6 -8 6 -9 6 -9 6 -10 7 -9 7 -10 7 -9 6 -8 6 -6 6 -5 6 -2 7 0 8 2 11 3 13 4 15 4 18 4 20 3 21 2 22 0 22 -2 20 -3
CSI_META: ts=4098770771 rssi=-41 noise_floor=-98 channel=6 secondary_channel=0 sig_mode=0 mcs=0 rate=9 cwb=0 sgi=0 stbc=0 ant=0 len=128 rx_state=0 seq=-1 tx_mac=52:40:27:94:0a:bb
CSI_DATA: 28 -64 1 0 16 -6 13 1 11 8 12 14 13 20 15 23 17 25 19 26 22 25 23 23 23 21 22 18 20 16 16 13 13 10 8 9 4 7 0 6 -4 5 -7 5 -11 4 -13 4 -15 4 -17 4 -18 2 0 0 0 0 0 0 0 0 0 0 0 0 0 0 0 0 0 0 0 0 0 0 -9 -8 -9 -11 -9 -14 -9 -17 -9 -19 -9 -20 -9 -21 -10 -21 -9 -21 -8 -20 -7 -19 -4 -16 -1 -13 4 -10 9 -7 14 -5 20 -4 25 -5 31 -7 36 -9 38 -13 40 -16 40 -19 38 -21 35 -22 30 -21
CSI_META: ts=4099456032 rssi=-37 noise_floor=-98 channel=6 secondary_channel=0 sig_mode=0 mcs=0 rate=9 cwb=0 sgi=0 stbc=0 ant=0 len=128 rx_state=0 seq=-1 tx_mac=52:40:27:94:0a:bb
CSI_DATA: 28 -64 1 0 8 4 4 4 0 5 -3 6 -6 7 -8 9 -9 11 -10 12 -9 14 -9 14 -8 14 -7 14 -6 13 -5 12 -4 10 -4 7 -3 5 -3 3 -2 1 -3 -2 -3 -4 -3 -5 -3 -6 -2 -8 -2 -9 0 0 0 0 0 0 0 0 0 0 0 0 0 0 0 0 0 0 0 0 0 0 -1 -6 0 -8 0 -9 1 -10 2 -10 2 -11 3 -11 3 -12 3 -11 3 -11 3 -9 3 -8 3 -5 3 -2 4 0 6 4 7 6 9 9 11 10 14 12 16 12 18 12 19 12 20 11 20 9 18 8
CSI_META: ts=4099664568 rssi=-41 noise_floor=-98 channel=6 secondary_channel=0 sig_mode=0 mcs=0 rate=9 cwb=0 sgi=0 stbc=0 ant=0 len=128 rx_state=0 seq=-1 tx_mac=52:40:27:94:0a:bb
CSI_DATA: 28 -64 1 0 -25 8 -29 9 -32 11 -33 13 -33 15 -32 17 -29 18 -25 19 -21 17 -17 15 -14 11 -11 6 -10 1 -8 -3 -8 -7 -8 -11 -8 -14 -8 -15 -8 -16 -8 -17 -8 -17 -8 -17 -7 -15 -5 -15 -3 -13 0 0 0 0 0 0 0 0 0 0 0 0 0 0 0 0 0 0 0 0 0 0 13 -8 15 -7 17 -6 17 -6 17 -5 17 -4 15 -3 14 -2 12 0 9 3 6 6 3 10 1 14 -1 18 -3 23 -3 27 -2 31 0 34 2 34 4 35 6 33 7 31 7 27 5 22 1 18 -5 14
CSI_META: ts=4101587478 rssi=-37 noise_floor=-98 channel=6 secondary_channel=0 sig_mode=0 mcs=0 rate=9 cwb=0 sgi=0 stbc=0 ant=0 len=128 rx_state=0 seq=-1 tx_mac=52:40:27:94:0a:bb
CSI_DATA: 28 -64 1 0 14 -1 11 4 10 9 11 13 13 17 14 19 17 20 18 20 20 19 20 17 21 15 19 13 18 11 15 8 12 7 8 6 4 6 1 5 -2 5 -5 5 -7 6 -9 6 -11 7 -13 6 -13 5 0 0 0 0 0 0 0 0 0 0 0 0 0 0 0 0 0 0 0 0 0 0 -6 -11 -5 -14 -5 -15 -4 -17 -3 -18 -3 -18 -3 -17 -2 -17 -2 -17 0 -15 1 -14 3 -11 6 -8 9 -6 13 -3 16 -2 21 -1 25 -1 28 -3 32 -5 33 -8 34 -11 33 -12 32 -14 29 -15 25 -13
CSI_META: ts=4101793305 rssi=-41 noise_floor=-98 channel=6 secondary_channel=0 sig_mode=0 mcs=0 rate=9 cwb=0 sgi=0 stbc=0 ant=0 len=128 rx_state=0 seq=-1 tx_mac=52:40:27:94:0a:bb
CSI_DATA: 28 -64 1 0 -7 18 -9 11 -12 5 -16 -1 -20 -4 -25 -6 -29 -6 -31 -5 -33 -3 -33 -1 -32 1 -30 2 -28 3 -24 3 -20 3 -15 1 -11 -1 -7 -3 -4 -6 -1 -8 2 -10 4 -12 6 -14 8 -15 10 -15 0 0 0 0 0 0 0 0 0 0 0 0 0 0 0 0 0 0 0 0 0 0 8 -1 11 2 13 4 14 6 16 8 17 8 18 9 19 10 19 10 18 10 17 10 14 10 10 9 5 9 0 10 -5 11 -10 14 -14 18 -17 22 -20 27 -20 32 -19 36 -18 39 -15 41 -12 40 -9 38
CSI_META: ts=4101793423 rssi=-37 noise_floor=-98 channel=6 secondary_channel=0 sig_mode=0 mcs=0 rate=9 cwb=0 sgi=0 stbc=0 ant=0 len=128 rx_state=0 seq=-1 tx_mac=52:40:27:94:0a:bb
CSI_DATA: 28 -64 1 0 9 1 6 3 3 5 1 8 0 10 -1 13 0 15 1 17 1 16 2 17 3 16 4 15 4 13 3 11 2 9 1 6 -1 4 -2 3 -3 1 -5 0 -6 -1 -7 -2 -8 -3 -9 -4 -9 -4 0 0 0 0 0 0 0 0 0 0 0 0 0 0 0 0 0 0 0 0 0 0 -2 -5 -1 -6 0 -7 1 -9 2 -9 2 -11 2 -11 2 -12 3 -12 3 -12 3 -11 3 -9 3 -7 3 -5 5 -3 6 0 8 3 10 5 13 6 16 6 18 6 21 5 21 4 22 4 22 2 21 1
CSI_META: ts=4101793532 rssi=-37 noise_floor=-98 channel=6 secondary_channel=0 sig_mode=0 mcs=0 rate=9 cwb=0 sgi=0 stbc=0 ant=0 len=128 rx_state=0 seq=-1 tx_mac=52:40:27:94:0a:bb
CSI_DATA: 28 -64 1 0 -2 9 -4 6 -5 3 -8 0 -10 -1 -12 -1 -14 -1 -16 0 -17 1 -16 1 -16 2 -15 3 -13 4 -11 4 -9 2 -7 1 -5 0 -4 -1 -2 -2 -1 -4 0 -5 1 -6 2 -7 2 -8 3 -8 0 0 0 0 0 0 0 0 0 0 0 0 0 0 0 0 0 0 0 0 0 0 4 -1 5 0 6 1 7 1 8 2 9 3 9 3 10 3 10 3 10 3 9 3 7 3 5 3 3 4 0 4 -2 5 -4 7 -6 9 -7 11 -7 14 -7 17 -6 18 -6 20 -5 20 -3 19 -2 18
CSI_META: ts=4101797160 rssi=-37 noise_floor=-98 channel=6 secondary_channel=0 sig_mode=0 mcs=0 rate=9 cwb=0 sgi=0 stbc=0 ant=0 len=128 rx_state=0 seq=-1 tx_mac=52:40:27:94:0a:bb
CSI_DATA: 28 -64 1 0 4 -9 4 -6 5 -3 7 0 9 2 11 3 13 4 13 3 15 3 15 1 15 0 14 0 12 -1 11 -1 9 -1 7 0 5 1 2 1 1 2 -1 3 -2 4 -3 5 -4 5 -5 5 -6 5 0 0 0 0 0 0 0 0 0 0 0 0 0 0 0 0 0 0 0 0 0 0 -5 -1 -6 -2 -7 -3 -8 -4 -8 -5 -9 -5 -9 -5 -10 -6 -9 -6 -9 -6 -8 -6 -7 -5 -5 -5 -2 -5 0 -6 2 -6 5 -8 6 -9 8 -11 10 -13 10 -15 10 -17 9 -19 8 -19 6 -19 6 -18
CSI_META: ts=4101797278 rssi=-41 noise_floor=-98 channel=6 secondary_channel=0 sig_mode=0 mcs=0 rate=9 cwb=0 sgi=0 stbc=0 ant=0 len=128 rx_state=0 seq=-1 tx_mac=52:40:27:94:0a:bb
CSI_DATA: 28 -64 1 0 15 -14 13 -7 13 -1 14 6 16 11 18 15 22 17 24 17 26 18 28 15 28 14 27 12 24 10 22 7 18 6 14 6 9 5 5 5 1 5 -3 6 -6 7 -9 8 -12 8 -14 8 -16 7 0 0 0 0 0 0 0 0 0 0 0 0 0 0 0 0 0 0 0 0 0 0 -8 -5 -9 -8 -10 -12 -10 -14 -11 -16 -11 -17 -11 -18 -12 -19 -12 -19 -11 -19 -9 -18 -7 -16 -4 -14 0 -12 5 -10 10 -9 15 -8 20 -10 25 -12 30 -15 33 -19 34 -23 35 -26 33 -29 30 -29 26 -29
CSI_META: ts=4101797414 rssi=-37 noise_floor=-98 channel=6 secondary_channel=0 sig_mode=0 mcs=0 rate=9 cwb=0 sgi=0 stbc=0 ant=0 len=128 rx_state=0 seq=-1 tx_mac=52:40:27:94:0a:bb
CSI_DATA: 28 -64 1 0 3 10 0 7 -3 5 -7 4 -10 4 -12 5 -14 6 -15 7 -15 8 -15 10 -14 10 -12 10 -11 10 -10 8 -8 7 -6 5 -5 3 -4 1 -4 -2 -3 -3 -2 -5 -2 -6 -2 -8 -2 -9 -1 -10 0 0 0 0 0 0 0 0 0 0 0 0 0 0 0 0 0 0 0 0 0 0 4 -4 6 -3 7 -3 8 -3 9 -3 10 -2 10 -2 11 -2 11 -2 11 -2 10 -1 9 0 7 0 5 2 2 4 1 7 0 9 -1 12 0 15 0 18 1 20 3 21 5 22 6 21 7 20 8 18
CSI_META: ts=4102384253 rssi=-37 noise_floor=-98 channel=6 secondary_channel=0 sig_mode=0 mcs=0 rate=9 cwb=0 sgi=0 stbc=0 ant=0 len=128 rx_state=0 seq=-1 tx_mac=52:40:27:94:0a:bb
CSI_DATA: 28 -64 1 0 -17 15 -14 9 -10 3 -10 -4 -10 -9 -12 -14 -13 -18 -14 -19 -17 -22 -19 -22 -20 -21 -21 -20 -20 -19 -20 -17 -16 -14 -14 -12 -10 -9 -7 -8 -3 -6 -1 -5 3 -4 6 -3 9 -3 11 -1 13 1 0 0 0 0 0 0 0 0 0 0 0 0 0 0 0 0 0 0 0 0 0 0 7 3 8 6 9 8 10 10 11 12 11 13 11 15 13 16 12 16 12 15 11 14 9 12 6 11 2 9 -3 8 -7 5 -12 5 -17 6 -23 8 -28 10 -31 13 -33 16 -35 20 -34 22 -33 24 -30 25
CSI_META: ts=4103057704 rssi=-37 noise_floor=-98 channel=6 secondary_channel=0 sig_mode=0 mcs=0 rate=9 cwb=0 sgi=0 stbc=0 ant=0 len=128 rx_state=0 seq=-1 tx_mac=52:40:27:94:0a:bb
CSI_DATA: 28 -64 1 0 -37 -6 -39 -4 -39 -2 -37 0 -35 3 -31 4 -26 5 -21 4 -16 3 -11 0 -7 -3 -3 -7 0 -10 3 -12 5 -15 7 -17 7 -17 8 -18 7 -18 8 -17 7 -16 7 -14 7 -12 6 -9 6 -6 0 0 0 0 0 0 0 0 0 0 0 0 0 0 0 0 0 0 0 0 0 0 6 -15 7 -14 6 -11 7 -9 6 -7 5 -4 4 -1 3 2 2 7 1 12 0 16 -1 20 -1 24 0 27 1 28 2 29 4 29 5 28 5 25 4 22 3 17 0 13 -3 8 -9 3 -15 -1 -21 -4
CSI_META: ts=4103244838 rssi=-37 noise_floor=-98 channel=6 secondary_channel=0 sig_mode=0 mcs=0 rate=9 cwb=0 sgi=0 stbc=0 ant=0 len=128 rx_state=0 seq=-1 tx_mac=52:40:27:94:0a:bb
CSI_DATA: 28 -64 1 0 -3 10 -4 7 -6 5 -8 4 -10 3 -12 4 -13 4 -14 5 -14 6 -14 7 -13 8 -12 8 -11 8 -9 7 -8 6 -7 4 -5 3 -5 1 -4 -1 -4 -2 -3 -4 -4 -5 -3 -6 -3 -7 -3 -8 0 0 0 0 0 0 0 0 0 0 0 0 0 0 0 0 0 0 0 0 0 0 5 1 6 2 6 3 7 4 7 5 7 5 7 6 8 6 8 6 7 6 6 6 5 6 3 5 1 6 -1 6 -3 7 -5 9 -6 11 -7 13 -8 15 -7 17 -6 18 -5 20 -3 20 -2 19 -1 18
CSI_META: ts=4103559050 rssi=-38 noise_floor=-98 channel=6 secondary_channel=0 sig_mode=0 mcs=0 rate=9 cwb=0 sgi=0 stbc=0 ant=0 len=128 rx_state=0 seq=-1 tx_mac=52:40:27:94:0a:bb
CSI_DATA: 28 -64 1 0 -2 -8 0 -5 3 -3 6 0 8 2 10 3 13 3 14 2 16 2 16 1 15 1 14 0 13 0 12 -1 10 -1 7 0 5 1 3 1 1 1 -1 1 -3 2 -5 2 -6 2 -7 2 -8 1 0 0 0 0 0 0 0 0 0 0 0 0 0 0 0 0 0 0 0 0 0 0 -3 4 -5 5 -6 5 -7 6 -8 6 -8 6 -8 6 -8 6 -8 5 -8 4 -7 3 -6 2 -4 0 -3 -2 -1 -4 -1 -7 0 -10 1 -13 1 -15 0 -18 -1 -19 -2 -21 -3 -21 -3 -21 -4 -20 -4 -19
CSI_META: ts=4104166453 rssi=-42 noise_floor=-98 channel=6 secondary_channel=0 sig_mode=0 mcs=0 rate=9 cwb=0 sgi=0 stbc=0 ant=0 len=128 rx_state=0 seq=-1 tx_mac=52:40:27:94:0a:bb
CSI_DATA: 28 -64 1 0 0 -48 -3 -46 -6 -45 -8 -39 -9 -34 -9 -28 -7 -21 -4 -15 0 -9 4 -5 8 -1 13 2 17 3 21 4 23 4 24 4 23 4 22 4 20 3 18 3 16 2 13 2 9 2 6 2 2 3 0 0 0 0 0 0 0 0 0 0 0 0 0 0 0 0 0 0 0 0 0 0 15 8 13 9 10 9 7 8 3 7 -1 6 -5 4 -10 3 -14 2 -19 1 -24 0 -29 0 -31 0 -33 1 -34 2 -35 3 -32 4 -29 4 -24 4 -19 2 -14 -1 -8 -6 -4 -13 1 -20 3 -28 5 -36
CSI_META: ts=4104166589 rssi=-41 noise_floor=-98 channel=6 secondary_channel=0 sig_mode=0 mcs=0 rate=9 cwb=0 sgi=0 stbc=0 ant=0 len=128 rx_state=0 seq=-1 tx_mac=52:40:27:94:0a:bb
CSI_DATA: 28 -64 1 0 -8 46 -5 44 -2 45 0 39 3 34 2 28 3 22 0 15 -3 8 -6 2 -10 -1 -14 -4 -17 -6 -21 -6 -23 -7 -25 -7 -24 -7 -23 -6 -20 -6 -19 -6 -16 -5 -14 -5 -10 -5 -6 -5 -2 -5 0 0 0 0 0 0 0 0 0 0 0 0 0 0 0 0 0 0 0 0 0 0 -12 -13 -9 -13 -9 -12 -5 -10 -2 -10 1 -7 6 -5 9 -2 14 -2 18 5 22 8 26 9 28 10 30 9 32 7 33 2 30 1 30 1 25 1 19 2 12 3 9 8 -1 14 -7 19 -10 26 -14 32
CSI_META: ts=4104166698 rssi=-41 noise_floor=-98 channel=6 secondary_channel=0 sig_mode=0 mcs=0 rate=9 cwb=0 sgi=0 stbc=0 ant=0 len=128 rx_state=0 seq=-1 tx_mac=52:40:27:94:0a:bb
CSI_DATA: 28 -64 1 0 -50 0 -46 4 -46 6 -38 8 -34 9 -28 9 -22 7 -17 5 -11 0 -7 -4 -4 -9 -1 -14 0 -17 0 -22 0 -23 0 -26 -1 -24 -1 -23 -1 -21 -1 -20 -1 -18 -1 -16 0 -11 1 -9 2 -5 0 0 0 0 0 0 0 0 0 0 0 0 0 0 0 0 0 0 0 0 0 0 12 -13 11 -10 11 -8 9 -4 8 -1 6 2 4 6 2 10 0 14 -3 20 -4 24 -5 28 -4 30 -4 32 -3 32 -1 34 0 30 1 30 1 23 -1 19 -4 13 -8 8 -14 3 -22 -2 -29 -4 -35 -5
CSI_META: ts=4104629262 rssi=-38 noise_floor=-98 channel=6 secondary_channel=0 sig_mode=0 mcs=0 rate=9 cwb=0 sgi=0 stbc=0 ant=0 len=128 rx_state=0 seq=-1 tx_mac=52:40:27:94:0a:bb
CSI_DATA: 28 -64 1 0 4 6 5 12 7 18 8 22 10 26 12 28 14 28 15 27 16 26 15 24 14 21 12 18 10 15 7 12 4 8 1 5 -2 2 -4 -1 -6 -3 -8 -6 -9 -8 -10 -10 -10 -12 -10 -13 -8 -14 0 0 0 0 0 0 0 0 0 0 0 0 0 0 0 0 0 0 0 0 0 0 -9 13 -11 13 -13 12 -13 12 -14 11 -14 10 -12 7 -12 6 -10 4 -8 1 -4 -2 -1 -5 3 -8 7 -13 10 -16 13 -20 15 -23 16 -27 17 -30 16 -32 15 -33 14 -33 12 -31 10 -27 8 -23 7 -18
CSI_META: ts=4105480105 rssi=-38 noise_floor=-98 channel=6 secondary_channel=0 sig_mode=0 mcs=0 rate=9 cwb=0 sgi=0 stbc=0 ant=0 len=128 rx_state=0 seq=-1 tx_mac=52:40:27:94:0a:bb
CSI_DATA: 28 -64 1 0 6 -4 3 -1 0 2 -2 5 -3 8 -4 11 -5 12 -5 14 -5 15 -4 16 -4 16 -3 14 -3 13 -2 11 -2 10 -2 7 -1 5 -1 2 -1 0 -1 -2 -1 -4 -1 -5 0 -6 0 -8 1 -8 0 0 0 0 0 0 0 0 0 0 0 0 0 0 0 0 0 0 0 0 0 0 -6 1 -8 0 -9 -1 -10 -2 -10 -2 -11 -3 -10 -3 -10 -4 -10 -4 -9 -5 -8 -4 -6 -3 -3 -4 0 -3 3 -3 6 -2 9 -2 12 -3 14 -4 17 -5 18 -6 20 -7 19 -8 19 -9 18 -9 16 -9
CSI_META: ts=4105805200 rssi=-41 noise_floor=-98 channel=6 secondary_channel=0 sig_mode=0 mcs=0 rate=9 cwb=0 sgi=0 stbc=0 ant=0 len=128 rx_state=0 seq=-1 tx_mac=52:40:27:94:0a:bb
CSI_DATA: 28 -64 1 0 20 -34 15 -28 11 -22 10 -13 9 -6 11 1 13 7 16 11 20 14 24 16 26 16 28 15 28 13 28 11 25 9 21 8 17 6 13 5 8 4 4 4 0 4 -4 5 -8 5 -12 5 -15 4 0 0 0 0 0 0 0 0 0 0 0 0 0 0 0 0 0 0 0 0 0 0 -4 8 -6 4 -7 0 -9 -4 -9 -7 -10 -11 -12 -14 -14 -17 -16 -20 -17 -22 -19 -23 -19 -23 -18 -22 -17 -20 -14 -17 -10 -14 -5 -12 1 -11 8 -11 15 -13 21 -16 27 -20 31 -25 33 -30 34 -35 33 -39
CSI_META: ts=4107300455 rssi=-38 noise_floor=-98 channel=6 secondary_channel=0 sig_mode=0 mcs=0 rate=9 cwb=0 sgi=0 stbc=0 ant=0 len=128 rx_state=0 seq=-1 tx_mac=52:40:27:94:0a:bb
CSI_DATA: 28 -64 1 0 -4 -7 -1 -5 4 -5 6 -5 9 -5 11 -6 12 -7 13 -8 13 -10 12 -10 11 -10 10 -10 8 -9 7 -8 6 -7 5 -5 3 -3 3 -1 2 0 1 2 0 4 -1 5 -1 6 -2 7 -3 7 0 0 0 0 0 0 0 0 0 0 0 0 0 0 0 0 0 0 0 0 0 0 -2 6 -3 6 -4 7 -6 7 -6 8 -6 8 -6 7 -7 7 -7 7 -6 6 -6 4 -5 2 -4 0 -4 -3 -3 -5 -4 -8 -5 -11 -6 -14 -7 -15 -8 -16 -10 -17 -11 -18 -13 -17 -13 -16 -13 -14 -12 -13
CSI_META: ts=4107300618 rssi=-41 noise_floor=-98 channel=6 secondary_channel=0 sig_mode=0 mcs=0 rate=9 cwb=0 sgi=0 stbc=0 ant=0 len=128 rx_state=0 seq=-1 tx_mac=52:40:27:94:0a:bb
CSI_DATA: 28 -64 1 0 -12 -10 -5 -11 4 -14 8 -17 11 -21 13 -26 14 -29 13 -32 13 -33 11 -32 8 -30 6 -28 4 -24 2 -20 3 -15 3 -10 4 -5 5 -1 6 3 8 6 9 8 10 11 9 13 9 14 8 15 0 0 0 0 0 0 0 0 0 0 0 0 0 0 0 0 0 0 0 0 0 0 -1 10 -3 12 -5 14 -7 15 -9 17 -10 18 -10 19 -11 19 -10 20 -11 18 -11 15 -10 11 -10 7 -10 1 -10 -4 -12 -10 -14 -15 -18 -20 -22 -22 -28 -24 -32 -25 -36 -23 -38 -25 -38 -22 -36 -19 -32 -15
CSI_META: ts=4107676578 rssi=-42 noise_floor=-98 channel=6 secondary_channel=0 sig_mode=0 mcs=0 rate=9 cwb=0 sgi=0 stbc=0 ant=0 len=128 rx_state=0 seq=-1 tx_mac=52:40:27:94:0a:bb
CSI_DATA: 28 -64 1 0 8 26 9 31 11 34 13 36 16 36 18 34 19 31 19 27 18 23 15 19 12 15 8 12 3 9 -1 7 -6 6 -10 5 -13 4 -16 4 -17 3 -19 3 -19 3 -20 2 -19 2 -18 0 -17 -2 0 0 0 0 0 0 0 0 0 0 0 0 0 0 0 0 0 0 0 0 0 0 -14 -12 -13 -14 -13 -14 -12 -14 -10 -14 -8 -13 -5 -12 -3 -11 0 -9 4 -7 9 -5 14 -4 18 -3 23 -2 27 -3 31 -3 33 -5 35 -8 35 -10 34 -12 32 -13 28 -12 24 -10 20 -7 16 -2 11 5
CSI_META: ts=4108635331 rssi=-37 noise_floor=-98 channel=6 secondary_channel=0 sig_mode=0 mcs=0 rate=9 cwb=0 sgi=0 stbc=0 ant=0 len=128 rx_state=0 seq=-1 tx_mac=52:40:27:94:0a:bb
CSI_DATA: 28 -64 1 0 21 5 25 7 28 7 30 6 32 5 31 2 30 0 28 -2 24 -3 21 -3 17 -3 13 -2 9 0 6 2 3 5 0 7 -2 9 -3 10 -4 12 -6 13 -6 13 -7 13 -7 13 -7 12 -8 11 0 0 0 0 0 0 0 0 0 0 0 0 0 0 0 0 0 0 0 0 0 0 -15 5 -16 3 -15 2 -15 1 -14 0 -12 0 -10 -2 -8 -3 -5 -5 -2 -8 2 -10 5 -13 7 -16 10 -19 11 -22 11 -25 11 -28 10 -29 8 -30 7 -30 5 -28 4 -26 4 -22 5 -17 6 -13 9 -6
CSI_META: ts=4110497567 rssi=-38 noise_floor=-98 channel=6 secondary_channel=0 sig_mode=0 mcs=0 rate=9 cwb=0 sgi=0 stbc=0 ant=0 len=128 rx_state=0 seq=-1 tx_mac=52:40:27:94:0a:bb
CSI_DATA: 28 -64 1 0 -1 -6 1 -3 5 0 7 3 9 4 12 5 13 5 15 5 16 4 15 3 14 2 13 2 11 1 9 1 7 1 4 1 1 1 -1 1 -2 1 -5 0 -6 0 -7 1 -8 0 -9 -1 -9 -2 0 0 0 0 0 0 0 0 0 0 0 0 0 0 0 0 0 0 0 0 0 0 0 4 -1 6 -2 7 -3 8 -4 8 -5 9 -5 9 -6 9 -6 9 -6 8 -5 7 -5 5 -4 3 -3 0 -2 -4 -2 -7 -1 -9 -2 -13 -2 -15 -2 -18 -4 -19 -5 -21 -6 -21 -6 -20 -7 -19 -6 -17
CSI_META: ts=4110989496 rssi=-38 noise_floor=-98 channel=6 secondary_channel=0 sig_mode=0 mcs=0 rate=9 cwb=0 sgi=0 stbc=0 ant=0 len=128 rx_state=0 seq=-1 tx_mac=52:40:27:94:0a:bb
CSI_DATA: 28 -64 1 0 -37 20 -35 20 -33 21 -29 20 -25 19 -20 17 -15 13 -12 10 -8 5 -4 0 -1 -4 1 -8 3 -12 4 -15 5 -17 6 -19 7 -19 7 -19 7 -17 7 -17 7 -15 6 -13 6 -11 5 -8 4 -5 0 0 0 0 0 0 0 0 0 0 0 0 0 0 0 0 0 0 0 0 0 0 -13 -3 -10 -5 -7 -5 -4 -4 -1 -3 2 -2 6 -1 10 1 13 3 17 5 21 7 24 8 26 8 27 9 27 8 26 8 24 7 22 5 16 4 12 4 6 3 0 4 -8 5 -15 7 -22 10 -28 12
CSI_META: ts=4110989668 rssi=-42 noise_floor=-98 channel=6 secondary_channel=0 sig_mode=0 mcs=0 rate=9 cwb=0 sgi=0 stbc=0 ant=0 len=128 rx_state=0 seq=-1 tx_mac=52:40:27:94:0a:bb
CSI_DATA: 28 -64 1 0 28 46 25 37 31 41 24 31 25 28 21 23 17 18 11 12 5 8 -2 2 -8 0 -14 -2 -17 -2 -24 -4 -23 -4 -28 -5 -24 -5 -25 -5 -23 -5 -21 -6 -19 -6 -17 -6 -12 -5 -8 -5 -4 -4 0 0 0 0 0 0 0 0 0 0 0 0 0 0 0 0 0 0 0 0 0 0 -9 16 -9 11 -10 10 -8 5 -7 2 -4 -2 -1 -6 1 -10 4 -15 9 -21 12 -24 14 -28 16 -31 15 -32 14 -31 15 -36 11 -29 11 -31 8 -22 7 -18 6 -11 7 -3 7 9 9 17 13 26 14 33
CSI_META: ts=4110989804 rssi=-42 noise_floor=-98 channel=6 secondary_channel=0 sig_mode=0 mcs=0 rate=9 cwb=0 sgi=0 stbc=0 ant=0 len=128 rx_state=0 seq=-1 tx_mac=52:40:27:94:0a:bb
CSI_DATA: 28 -64 1 0 -19 -40 -22 -42 -21 -36 -22 -34 -20 -28 -18 -23 -14 -17 -10 -12 -5 -7 0 -4 6 -2 10 1 16 3 18 4 22 5 21 5 23 6 21 5 19 5 17 5 15 5 12 5 9 4 6 4 3 3 0 0 0 0 0 0 0 0 0 0 0 0 0 0 0 0 0 0 0 0 0 0 9 -13 10 -11 8 -7 8 -5 5 -2 2 2 -1 4 -4 8 -7 12 -9 14 -13 19 -16 22 -17 24 -18 26 -19 28 -17 26 -17 27 -13 22 -11 19 -9 14 -8 8 -6 0 -5 -8 -7 -16 -9 -24 -11 -33
CSI_META: ts=4111631077 rssi=-38 noise_floor=-98 channel=6 secondary_channel=0 sig_mode=0 mcs=0 rate=9 cwb=0 sgi=0 stbc=0 ant=0 len=128 rx_state=0 seq=-1 tx_mac=52:40:27:94:0a:bb
CSI_DATA: 28 -64 1 0 0 18 0 14 0 11 -1 6 -2 3 -4 0 -5 -3 -7 -5 -9 -7 -11 -8 -12 -8 -14 -8 -14 -7 -14 -7 -12 -6 -11 -6 -9 -5 -7 -4 -5 -3 -3 -2 -1 -2 1 -1 3 -1 4 0 5 1 0 0 0 0 0 0 0 0 0 0 0 0 0 0 0 0 0 0 0 0 0 0 -3 -2 -2 -2 0 -3 2 -3 4 -4 6 -4 8 -4 9 -5 11 -5 12 -5 13 -5 13 -5 12 -5 10 -4 8 -3 6 -2 3 0 1 2 -1 5 -3 8 -4 11 -5 15 -6 18 -6 21 -4 22 -3 24
CSI_META: ts=4111631172 rssi=-42 noise_floor=-98 channel=6 secondary_channel=0 sig_mode=0 mcs=0 rate=9 cwb=0 sgi=0 stbc=0 ant=0 len=128 rx_state=0 seq=-1 tx_mac=52:40:27:94:0a:bb
CSI_DATA: 28 -64 1 0 40 5 30 3 23 3 14 2 7 3 0 6 -7 9 -12 12 -17 17 -18 20 -20 22 -20 24 -19 23 -18 25 -15 21 -15 20 -11 15 -10 11 -7 7 -6 4 -4 0 -2 -4 0 -7 2 -10 5 -11 0 0 0 0 0 0 0 0 0 0 0 0 0 0 0 0 0 0 0 0 0 0 -4 5 -5 0 -5 -4 -6 -8 -6 -12 -5 -15 -5 -18 -5 -22 -5 -25 -5 -29 -5 -29 -5 -28 -5 -26 -4 -23 -2 -19 -1 -15 2 -8 6 -4 9 2 17 7 22 12 29 14 37 17 42 16 46 15 47 13
CSI_META: ts=4112003060 rssi=-42 noise_floor=-98 channel=6 secondary_channel=0 sig_mode=0 mcs=0 rate=9 cwb=0 sgi=0 stbc=0 ant=0 len=128 rx_state=0 seq=-1 tx_mac=52:40:27:94:0a:bb
CSI_DATA: 28 -64 1 0 10 40 9 34 9 27 6 19 3 12 0 5 -5 -1 -9 -6 -13 -10 -17 -13 -20 -15 -23 -16 -25 -16 -26 -16 -25 -16 -23 -14 -20 -13 -17 -11 -13 -10 -11 -8 -7 -6 -4 -5 -1 -2 2 0 4 3 0 0 0 0 0 0 0 0 0 0 0 0 0 0 0 0 0 0 0 0 0 0 -3 -1 -2 -5 0 -8 3 -11 5 -13 7 -16 10 -18 12 -20 15 -22 16 -23 17 -23 18 -22 16 -20 14 -18 11 -14 8 -10 6 -4 3 2 1 9 0 16 -1 24 0 31 0 38 1 43 4 47 6 50
CSI_META: ts=4112003156 rssi=-42 noise_floor=-98 channel=6 secondary_channel=0 sig_mode=0 mcs=0 rate=9 cwb=0 sgi=0 stbc=0 ant=0 len=128 rx_state=0 seq=-1 tx_mac=52:40:27:94:0a:bb
CSI_DATA: 28 -64 1 0 29 -32 21 -26 17 -23 11 -14 7 -8 3 -1 1 5 -1 12 -3 19 -3 23 -2 26 -2 28 -2 28 0 30 0 26 -1 25 -1 20 -2 17 -2 12 -2 9 -2 4 -2 1 -1 -3 -1 -7 1 -10 0 0 0 0 0 0 0 0 0 0 0 0 0 0 0 0 0 0 0 0 0 0 6 1 1 2 -2 3 -7 3 -11 3 -14 2 -18 2 -22 0 -26 1 -30 -1 -30 -1 -30 -2 -28 -2 -25 -2 -21 -2 -17 -2 -10 -2 -4 -4 3 -6 11 -9 18 -12 24 -18 32 -22 35 -26 37 -30 37 -33
CSI_META: ts=4112222618 rssi=-38 noise_floor=-98 channel=6 secondary_channel=0 sig_mode=0 mcs=0 rate=9 cwb=0 sgi=0 stbc=0 ant=0 len=128 rx_state=0 seq=-1 tx_mac=52:40:27:94:0a:bb
CSI_DATA: 28 -64 1 0 -13 -2 -15 -3 -18 -2 -19 -2 -19 -1 -19 -1 -18 0 -17 0 -15 1 -12 1 -9 0 -6 0 -3 -1 -1 -1 2 -2 4 -2 6 -3 7 -3 8 -3 9 -3 8 -3 9 -2 8 -1 8 0 7 0 0 0 0 0 0 0 0 0 0 0 0 0 0 0 0 0 0 0 0 0 0 0 -8 -5 -8 -6 -7 -7 -7 -8 -6 -8 -5 -7 -4 -6 -3 -6 -1 -4 0 -2 2 0 3 2 5 5 6 7 8 9 10 11 11 12 12 13 13 12 13 12 13 11 11 9 10 8 7 5 3 4 0 2
CSI_META: ts=4112358424 rssi=-41 noise_floor=-98 channel=6 secondary_channel=0 sig_mode=0 mcs=0 rate=9 cwb=0 sgi=0 stbc=0 ant=0 len=128 rx_state=0 seq=-1 tx_mac=52:40:27:94:0a:bb
CSI_DATA: 28 -64 1 0 15 -47 12 -45 10 -45 7 -40 4 -35 2 -30 1 -23 1 -16 2 -10 3 -3 5 3 7 8 9 12 12 15 13 17 14 19 13 19 13 18 11 17 11 16 9 15 7 13 5 11 2 9 0 6 0 0 0 0 0 0 0 0 0 0 0 0 0 0 0 0 0 0 0 0 0 0 14 -1 11 1 8 2 4 3 1 3 -4 4 -8 4 -13 4 -18 4 -23 3 -28 3 -31 4 -33 4 -33 4 -33 5 -32 6 -29 6 -25 6 -20 4 -14 2 -9 -2 -3 -7 3 -14 9 -20 13 -27 16 -35
CSI_META: ts=4112594882 rssi=-41 noise_floor=-98 channel=6 secondary_channel=0 sig_mode=0 mcs=0 rate=9 cwb=0 sgi=0 stbc=0 ant=0 len=128 rx_state=0 seq=-1 tx_mac=52:40:27:94:0a:bb
CSI_DATA: 28 -64 1 0 9 -9 8 0 8 7 10 14 12 20 13 24 17 27 18 27 20 27 21 26 21 24 20 21 18 18 16 16 12 12 8 9 4 6 0 4 -3 2 -7 0 -10 -2 -12 -4 -14 -5 -15 -7 -15 -9 0 0 0 0 0 0 0 0 0 0 0 0 0 0 0 0 0 0 0 0 0 0 -13 4 -16 3 -19 2 -21 1 -22 0 -22 -1 -21 -1 -22 -2 -20 -3 -18 -4 -14 -4 -10 -5 -5 -7 1 -8 7 -10 12 -13 17 -15 22 -20 24 -24 27 -28 28 -32 27 -35 26 -37 24 -36 20 -35 17 -31
CSI_META: ts=4112836991 rssi=-41 noise_floor=-98 channel=6 secondary_channel=0 sig_mode=0 mcs=0 rate=9 cwb=0 sgi=0 stbc=0 ant=0 len=128 rx_state=0 seq=-1 tx_mac=52:40:27:94:0a:bb
CSI_DATA: 28 -64 1 0 -40 12 -32 11 -24 8 -18 5 -12 0 -8 -5 -4 -11 -2 -16 -1 -21 -2 -25 -3 -28 -4 -30 -5 -31 -7 -30 -7 -28 -6 -26 -6 -21 -5 -18 -3 -14 -2 -11 0 -8 2 -4 4 -1 5 2 6 6 0 0 0 0 0 0 0 0 0 0 0 0 0 0 0 0 0 0 0 0 0 0 5 -1 5 3 5 7 4 11 4 14 4 17 4 20 4 23 5 25 4 27 5 27 5 26 4 24 3 21 2 17 -1 12 -5 8 -9 3 -15 0 -22 -2 -29 -4 -35 -3 -41 -2 -46 0 -50 3 -50 6
CSI_META: ts=4112997163 rssi=-41 noise_floor=-98 channel=6 secondary_channel=0 sig_mode=0 mcs=0 rate=9 cwb=0 sgi=0 stbc=0 ant=0 len=128 rx_state=0 seq=-1 tx_mac=52:40:27:94:0a:bb
CSI_DATA: 28 -64 1 0 28 28 24 22 18 18 13 12 6 9 0 7 -7 6 -13 6 -18 7 -22 9 -24 10 -26 12 -26 13 -26 13 -25 13 -22 13 -19 10 -17 9 -14 6 -11 4 -8 2 -6 -1 -3 -3 0 -5 3 -7 0 0 0 0 0 0 0 0 0 0 0 0 0 0 0 0 0 0 0 0 0 0 -3 -5 0 -7 2 -10 5 -12 8 -14 10 -15 12 -17 15 -19 16 -20 17 -21 17 -21 17 -20 15 -19 13 -15 11 -12 9 -7 7 -1 7 5 7 11 8 18 11 25 14 30 18 35 22 38 26 39 29 40
CSI_META: ts=4113592734 rssi=-37 noise_floor=-98 channel=6 secondary_channel=0 sig_mode=0 mcs=0 rate=9 cwb=0 sgi=0 stbc=0 ant=0 len=128 rx_state=0 seq=-1 tx_mac=52:40:27:94:0a:bb
CSI_DATA: 28 -64 1 0 -6 -7 1 -7 8 -8 12 -9 17 -11 19 -13 21 -16 22 -17 21 -19 20 -19 18 -19 15 -18 13 -16 10 -13 8 -11 6 -7 4 -3 2 0 1 3 0 5 -1 8 -2 10 -3 11 -4 12 -6 12 0 0 0 0 0 0 0 0 0 0 0 0 0 0 0 0 0 0 0 0 0 0 3 10 1 13 1 14 -1 16 -2 17 -3 17 -2 17 -4 16 -3 15 -4 14 -5 10 -6 7 -6 3 -7 -2 -8 -7 -10 -11 -14 -16 -16 -20 -20 -21 -23 -23 -25 -23 -28 -22 -29 -22 -28 -20 -27 -17 -24 -15
CSI_META: ts=4113593253 rssi=-41 noise_floor=-98 channel=6 secondary_channel=0 sig_mode=0 mcs=0 rate=9 cwb=0 sgi=0 stbc=0 ant=0 len=128 rx_state=0 seq=-1 tx_mac=52:40:27:94:0a:bb
CSI_DATA: 28 -64 1 0 -10 -8 -2 -9 7 -12 12 -16 17 -19 19 -23 21 -26 21 -29 20 -30 18 -31 15 -30 13 -27 10 -24 9 -20 7 -16 5 -10 4 -5 3 0 2 3 2 7 2 10 1 13 0 15 -1 17 -3 18 0 0 0 0 0 0 0 0 0 0 0 0 0 0 0 0 0 0 0 0 0 0 7 11 7 14 6 17 5 19 4 20 3 21 3 21 2 21 1 19 -1 17 -2 14 -4 10 -6 5 -9 0 -13 -5 -17 -10 -21 -14 -26 -17 -31 -19 -35 -19 -39 -19 -41 -18 -42 -16 -41 -13 -38 -11 -32 -9
CSI_META: ts=4114304056 rssi=-38 noise_floor=-98 channel=6 secondary_channel=0 sig_mode=0 mcs=0 rate=9 cwb=0 sgi=0 stbc=0 ant=0 len=128 rx_state=0 seq=-1 tx_mac=52:40:27:94:0a:bb
CSI_DATA: 28 -64 1 0 -10 -20 -9 -16 -7 -13 -5 -9 -1 -6 2 -4 5 -2 7 -1 10 -1 12 -1 14 -1 15 -1 15 -2 15 -3 14 -3 13 -3 11 -2 9 -2 7 -2 5 -1 3 0 1 0 -1 1 -3 2 -4 2 0 0 0 0 0 0 0 0 0 0 0 0 0 0 0 0 0 0 0 0 0 0 1 2 -1 2 -3 3 -5 4 -7 5 -8 5 -10 6 -11 6 -13 7 -13 7 -14 7 -13 7 -12 7 -10 5 -8 4 -7 2 -5 -1 -3 -4 -2 -7 -2 -11 -1 -15 -2 -18 -3 -22 -5 -24 -7 -25 -8 -27
CSI_META: ts=4114529980 rssi=-42 noise_floor=-98 channel=6 secondary_channel=0 sig_mode=0 mcs=0 rate=9 cwb=0 sgi=0 stbc=0 ant=0 len=128 rx_state=0 seq=-1 tx_mac=52:40:27:94:0a:bb
CSI_DATA: 28 -64 1 0 30 26 26 20 20 16 14 11 7 7 1 4 -7 2 -13 1 -19 0 -23 0 -27 1 -29 2 -30 3 -30 3 -29 3 -27 3 -23 2 -20 1 -16 0 -12 0 -9 -1 -5 -2 -1 -2 3 -2 6 -2 0 0 0 0 0 0 0 0 0 0 0 0 0 0 0 0 0 0 0 0 0 0 -4 -1 -4 -5 -3 -9 -3 -13 -2 -16 -1 -19 0 -21 1 -24 2 -26 2 -27 3 -28 3 -26 3 -24 2 -20 2 -15 3 -10 4 -4 5 3 7 9 10 16 14 22 18 27 22 32 27 35 30 36 33 37
CSI_META: ts=4114530125 rssi=-42 noise_floor=-98 channel=6 secondary_channel=0 sig_mode=0 mcs=0 rate=9 cwb=0 sgi=0 stbc=0 ant=0 len=128 rx_state=0 seq=-1 tx_mac=52:40:27:94:0a:bb
CSI_DATA: 28 -64 1 0 -43 2 -30 1 -28 2 -17 0 -11 -1 -4 -4 3 -6 8 -10 14 -14 16 -16 19 -19 20 -21 20 -19 20 -23 17 -18 19 -21 14 -15 13 -13 10 -10 8 -7 6 -4 3 -1 0 2 -3 4 -6 5 0 0 0 0 0 0 0 0 0 0 0 0 0 0 0 0 0 0 0 0 0 0 2 -3 4 0 8 2 8 5 12 8 11 10 13 13 14 16 16 18 18 22 17 20 15 20 14 18 11 16 7 12 5 9 -1 3 -6 3 -10 -2 -19 -4 -24 -8 -32 -7 -42 -9 -45 -7 -48 -6 -47 -5
CSI_META: ts=4114533953 rssi=-42 noise_floor=-98 channel=6 secondary_channel=0 sig_mode=0 mcs=0 rate=9 cwb=0 sgi=0 stbc=0 ant=0 len=128 rx_state=0 seq=-1 tx_mac=52:40:27:94:0a:bb
CSI_DATA: 28 -64 1 0 -40 -13 -33 -9 -26 -7 -18 -5 -11 -4 -3 -4 4 -5 10 -6 16 -9 20 -10 22 -13 24 -14 25 -15 25 -15 24 -15 22 -14 19 -12 16 -9 13 -7 10 -5 7 -3 4 -1 1 1 -3 3 -6 3 0 0 0 0 0 0 0 0 0 0 0 0 0 0 0 0 0 0 0 0 0 0 3 -1 4 3 6 6 6 10 7 13 7 16 7 19 7 21 7 24 7 26 7 26 6 24 6 22 4 19 2 14 0 10 -3 4 -7 -1 -11 -6 -16 -11 -22 -16 -28 -19 -34 -21 -40 -22 -44 -22 -45 -21
CSI_META: ts=4114534116 rssi=-38 noise_floor=-98 channel=6 secondary_channel=0 sig_mode=0 mcs=0 rate=9 cwb=0 sgi=0 stbc=0 ant=0 len=128 rx_state=0 seq=-1 tx_mac=52:40:27:94:0a:bb
CSI_DATA: 28 -64 1 0 -4 20 -3 17 -1 13 -1 9 -1 5 -2 1 -3 -3 -4 -6 -6 -9 -7 -11 -8 -12 -9 -13 -9 -13 -10 -13 -9 -13 -8 -12 -8 -10 -6 -9 -5 -7 -3 -6 -2 -4 -1 -2 0 -1 1 1 2 3 0 0 0 0 0 0 0 0 0 0 0 0 0 0 0 0 0 0 0 0 0 0 -1 -2 0 -3 2 -4 3 -5 5 -6 6 -6 8 -7 9 -7 11 -8 12 -8 12 -8 12 -8 10 -7 9 -6 7 -4 5 -3 2 0 0 2 -2 5 -4 9 -6 12 -7 16 -8 19 -8 21 -8 24 -7 25
CSI_META: ts=4114545498 rssi=-42 noise_floor=-98 channel=6 secondary_channel=0 sig_mode=0 mcs=0 rate=9 cwb=0 sgi=0 stbc=0 ant=0 len=128 rx_state=0 seq=-1 tx_mac=52:40:27:94:0a:bb
CSI_DATA: 28 -64 1 0 29 25 23 19 18 15 10 9 3 5 -4 2 -12 0 -18 -1 -23 -1 -27 -1 -30 0 -31 1 -31 2 -30 2 -27 2 -23 2 -19 1 -14 0 -9 -1 -5 -2 -1 -2 3 -3 7 -3 10 -2 13 -1 0 0 0 0 0 0 0 0 0 0 0 0 0 0 0 0 0 0 0 0 0 0 -3 7 -4 3 -4 -1 -3 -5 -3 -10 -2 -14 -1 -17 0 -21 1 -25 2 -28 3 -29 4 -29 3 -28 3 -25 2 -20 2 -16 2 -10 4 -3 5 4 9 12 12 19 17 25 21 31 26 35 30 36 32 37
CSI_META: ts=4114611234 rssi=-42 noise_floor=-98 channel=6 secondary_channel=0 sig_mode=0 mcs=0 rate=9 cwb=0 sgi=0 stbc=0 ant=0 len=128 rx_state=0 seq=-1 tx_mac=52:40:27:94:0a:bb
CSI_DATA: 28 -64 1 0 -13 -22 -11 -18 -9 -15 -6 -10 -3 -6 1 -3 4 -1 8 1 11 2 14 3 15 3 17 3 17 3 18 3 17 2 15 2 13 2 10 2 8 1 5 1 3 1 1 1 -2 1 -4 0 -6 -1 0 0 0 0 0 0 0 0 0 0 0 0 0 0 0 0 0 0 0 0 0 0 2 0 1 2 -1 4 -2 6 -3 8 -5 9 -6 10 -8 12 -9 13 -9 14 -10 14 -10 14 -9 12 -8 10 -7 8 -6 5 -4 2 -4 -2 -3 -7 -3 -12 -4 -16 -5 -20 -6 -24 -8 -27 -10 -28 -11 -30
CSI_META: ts=4115304102 rssi=-41 noise_floor=-98 channel=6 secondary_channel=0 sig_mode=0 mcs=0 rate=9 cwb=0 sgi=0 stbc=0 ant=0 len=128 rx_state=0 seq=-1 tx_mac=52:40:27:94:0a:bb
CSI_DATA: 28 -64 1 0 -30 4 -34 5 -38 8 -37 9 -38 12 -36 14 -33 15 -29 16 -24 14 -20 12 -15 8 -11 4 -8 0 -5 -4 -3 -9 -2 -13 0 -15 0 -17 1 -18 1 -19 1 -19 2 -19 3 -18 3 -17 4 -14 0 0 0 0 0 0 0 0 0 0 0 0 0 0 0 0 0 0 0 0 0 0 6 -18 8 -17 9 -17 9 -15 10 -13 9 -11 8 -8 8 -5 7 -1 5 4 4 9 3 14 3 19 3 24 4 28 6 32 8 33 10 35 11 33 13 32 13 29 12 25 10 21 5 16 -1 12 -8 8
CSI_META: ts=4116363166 rssi=-38 noise_floor=-98 channel=6 secondary_channel=0 sig_mode=0 mcs=0 rate=9 cwb=0 sgi=0 stbc=0 ant=0 len=128 rx_state=0 seq=-1 tx_mac=52:40:27:94:0a:bb
CSI_DATA: 28 -64 1 0 -3 12 -7 6 -12 3 -16 0 -20 -2 -23 -2 -27 -2 -28 0 -29 1 -29 3 -27 4 -25 5 -22 4 -19 4 -15 2 -11 1 -7 -1 -4 -3 -1 -5 2 -7 3 -8 5 -10 7 -10 8 -11 10 -11 0 0 0 0 0 0 0 0 0 0 0 0 0 0 0 0 0 0 0 0 0 0 7 -8 10 -7 12 -7 15 -6 16 -6 17 -6 17 -5 17 -5 17 -4 15 -3 14 -2 11 0 8 2 4 5 0 10 -2 13 -4 18 -5 22 -6 27 -5 31 -4 33 -2 36 0 36 2 35 4 33 5 30
CSI_META: ts=4116725767 rssi=-42 noise_floor=-98 channel=6 secondary_channel=0 sig_mode=0 mcs=0 rate=9 cwb=0 sgi=0 stbc=0 ant=0 len=128 rx_state=0 seq=-1 tx_mac=52:40:27:94:0a:bb
CSI_DATA: 28 -64 1 0 30 -25 25 -22 18 -18 14 -12 9 -7 5 0 3 6 1 12 1 17 1 21 2 24 2 27 3 28 4 27 5 27 4 24 4 21 3 17 2 13 1 10 -1 7 -2 3 -3 0 -3 -4 -4 -7 0 0 0 0 0 0 0 0 0 0 0 0 0 0 0 0 0 0 0 0 0 0 -1 3 -5 1 -8 -1 -11 -3 -13 -5 -16 -7 -18 -9 -20 -11 -22 -12 -24 -14 -24 -15 -23 -14 -21 -14 -19 -12 -15 -10 -10 -8 -4 -7 2 -6 9 -7 16 -8 23 -9 29 -12 34 -15 38 -19 40 -22 41 -26
CSI_META: ts=4117690589 rssi=-37 noise_floor=-98 channel=6 secondary_channel=0 sig_mode=0 mcs=0 rate=9 cwb=0 sgi=0 stbc=0 ant=0 len=128 rx_state=0 seq=-1 tx_mac=52:40:27:94:0a:bb
CSI_DATA: 28 -64 1 0 -25 -2 -25 0 -24 1 -22 2 -19 3 -17 3 -13 3 -10 2 -7 0 -5 -2 -2 -4 -1 -6 0 -8 2 -10 2 -11 3 -12 3 -12 3 -12 3 -11 2 -11 3 -10 3 -9 2 -7 2 -6 3 -4 0 0 0 0 0 0 0 0 0 0 0 0 0 0 0 0 0 0 0 0 0 0 3 -8 3 -6 3 -5 3 -3 2 -1 2 1 1 3 1 5 0 8 0 11 0 13 0 14 0 16 1 17 1 17 2 17 2 15 2 14 1 11 1 9 -1 6 -4 3 -6 1 -11 -1 -15 -2 -18 -3
CSI_META: ts=4118065652 rssi=-36 noise_floor=-98 channel=6 secondary_channel=0 sig_mode=0 mcs=0 rate=9 cwb=0 sgi=0 stbc=0 ant=0 len=128 rx_state=0 seq=-1 tx_mac=52:40:27:94:0a:bb
CSI_DATA: 28 -64 1 0 -35 -25 -35 -22 -35 -19 -33 -16 -31 -13 -26 -10 -21 -8 -15 -5 -10 -5 -3 -5 1 -8 6 -9 9 -11 12 -13 14 -15 15 -15 15 -15 15 -14 13 -13 12 -12 11 -10 9 -9 8 -6 7 -4 4 -1 0 0 0 0 0 0 0 0 0 0 0 0 0 0 0 0 0 0 0 0 0 0 13 -8 13 -6 11 -4 9 -2 7 0 4 1 1 4 -2 6 -5 9 -8 13 -11 16 -14 19 -15 22 -15 24 -15 25 -15 26 -13 26 -11 24 -9 21 -8 17 -8 11 -8 5 -9 -2 -13 -8 -17 -14 -21 -20
CSI_META: ts=4119194101 rssi=-37 noise_floor=-98 channel=6 secondary_channel=0 sig_mode=0 mcs=0 rate=9 cwb=0 sgi=0 stbc=0 ant=0 len=128 rx_state=0 seq=-1 tx_mac=52:40:27:94:0a:bb
CSI_DATA: 28 -64 1 0 -20 -5 -25 -7 -29 -7 -32 -7 -34 -6 -34 -5 -33 -3 -31 -2 -28 -1 -25 -1 -20 0 -15 -1 -10 -2 -6 -2 -1 -3 4 -4 7 -4 10 -5 12 -5 13 -5 15 -4 15 -4 15 -3 16 -1 15 0 0 0 0 0 0 0 0 0 0 0 0 0 0 0 0 0 0 0 0 0 0 0 -8 -14 -7 -16 -6 -16 -4 -16 -3 -14 -2 -13 -1 -11 0 -8 1 -5 2 -1 4 4 5 9 6 14 7 18 9 21 11 25 12 27 15 28 16 28 16 27 15 25 15 22 13 18 9 15 5 10 0 6
CSI_META: ts=4119569231 rssi=-42 noise_floor=-98 channel=6 secondary_channel=0 sig_mode=0 mcs=0 rate=9 cwb=0 sgi=0 stbc=0 ant=0 len=128 rx_state=0 seq=-1 tx_mac=52:40:27:94:0a:bb
CSI_DATA: 28 -64 1 0 -12 -17 -6 -12 3 -10 9 -8 15 -7 21 -8 25 -10 27 -12 29 -14 29 -15 28 -16 26 -16 23 -15 20 -14 17 -11 13 -8 10 -5 7 -1 4 2 1 5 -1 7 -3 10 -5 12 -7 13 -9 13 0 0 0 0 0 0 0 0 0 0 0 0 0 0 0 0 0 0 0 0 0 0 -3 9 -6 11 -8 13 -10 14 -12 15 -13 16 -14 17 -15 17 -15 17 -15 16 -14 14 -12 10 -10 6 -8 1 -6 -4 -6 -10 -6 -16 -7 -22 -9 -28 -12 -33 -15 -36 -19 -38 -22 -40 -24 -38 -25 -36 -25 -33
CSI_META: ts=4119569394 rssi=-42 noise_floor=-98 channel=6 secondary_channel=0 sig_mode=0 mcs=0 rate=9 cwb=0 sgi=0 stbc=0 ant=0 len=128 rx_state=0 seq=-1 tx_mac=52:40:27:94:0a:bb
CSI_DATA: 28 -64 1 0 -20 1 -13 -3 -6 -9 -2 -14 2 -19 4 -23 5 -28 5 -31 2 -32 0 -33 -3 -32 -3 -30 -2 -28 0 -22 0 -19 1 -13 2 -9 4 -4 5 0 6 3 7 6 9 8 10 10 10 12 9 15 0 0 0 0 0 0 0 0 0 0 0 0 0 0 0 0 0 0 0 0 0 0 6 3 6 7 7 10 8 14 7 15 8 19 7 20 8 21 8 21 8 20 8 20 7 17 4 13 0 9 -4 5 -10 2 -16 -1 -21 -4 -28 -5 -32 -7 -38 -4 -41 -5 -43 1 -44 5 -43 8 -40 7
CSI_META: ts=4119569539 rssi=-42 noise_floor=-98 channel=6 secondary_channel=0 sig_mode=0 mcs=0 rate=9 cwb=0 sgi=0 stbc=0 ant=0 len=128 rx_state=0 seq=-1 tx_mac=52:40:27:94:0a:bb
CSI_DATA: 28 -64 1 0 21 -4 12 1 7 5 3 10 1 16 0 22 -1 25 0 29 1 32 2 31 4 31 4 29 4 25 6 25 4 18 2 17 1 11 -1 8 -3 4 -5 1 -7 -2 -9 -5 -10 -7 -11 -10 -10 -12 0 0 0 0 0 0 0 0 0 0 0 0 0 0 0 0 0 0 0 0 0 0 -8 -9 -7 -11 -9 -15 -8 -16 -9 -20 -8 -19 -8 -21 -8 -21 -8 -21 -7 -21 -5 -18 -4 -15 0 -11 3 -8 6 -4 12 0 16 3 23 4 26 3 34 3 38 3 41 -1 46 -2 44 -5 42 -7 37 -9
CSI_META: ts=4119573135 rssi=-42 noise_floor=-98 channel=6 secondary_channel=0 sig_mode=0 mcs=0 rate=9 cwb=0 sgi=0 stbc=0 ant=0 len=128 rx_state=0 seq=-1 tx_mac=52:40:27:94:0a:bb
CSI_DATA: 28 -64 1 0 20 -3 12 1 6 6 2 12 -2 17 -3 22 -4 26 -4 29 -3 32 -1 32 0 32 1 29 2 27 2 24 2 19 0 16 -1 11 -3 6 -4 2 -6 -1 -8 -4 -9 -7 -10 -10 -9 -12 -9 -14 0 0 0 0 0 0 0 0 0 0 0 0 0 0 0 0 0 0 0 0 0 0 -7 -7 -8 -11 -9 -14 -9 -16 -9 -19 -9 -20 -9 -21 -9 -22 -9 -22 -8 -21 -6 -19 -4 -16 -2 -12 2 -8 6 -5 11 0 16 3 22 4 27 5 34 4 38 3 42 1 44 0 44 -3 43 -5 39 -7
CSI_META: ts=4119573262 rssi=-42 noise_floor=-98 channel=6 secondary_channel=0 sig_mode=0 mcs=0 rate=9 cwb=0 sgi=0 stbc=0 ant=0 len=128 rx_state=0 seq=-1 tx_mac=52:40:27:94:0a:bb
CSI_DATA: 28 -64 1 0 0 -20 3 -13 7 -7 11 0 16 4 20 7 25 8 28 7 30 7 31 6 31 5 30 4 27 2 25 1 21 1 16 2 12 2 7 3 3 4 -1 4 -4 5 -8 6 -11 6 -13 6 -15 5 0 0 0 0 0 0 0 0 0 0 0 0 0 0 0 0 0 0 0 0 0 0 -9 6 -12 6 -15 6 -18 6 -20 5 -21 5 -22 5 -22 5 -22 5 -21 3 -19 2 -16 1 -11 -1 -7 -5 -2 -8 1 -12 5 -17 8 -22 10 -28 10 -34 10 -38 8 -42 6 -45 4 -45 1 -44 0 -41
CSI_META: ts=4119573407 rssi=-38 noise_floor=-98 channel=6 secondary_channel=0 sig_mode=0 mcs=0 rate=9 cwb=0 sgi=0 stbc=0 ant=0 len=128 rx_state=0 seq=-1 tx_mac=52:40:27:94:0a:bb
CSI_DATA: 28 -64 1 0 8 -4 5 -1 3 1 1 5 1 8 0 10 0 12 0 14 1 15 2 15 3 15 3 14 3 12 3 11 2 9 1 7 0 5 -1 3 -2 1 -3 -1 -4 -2 -5 -3 -5 -4 -5 -6 -5 -7 0 0 0 0 0 0 0 0 0 0 0 0 0 0 0 0 0 0 0 0 0 0 -5 -3 -5 -4 -6 -5 -7 -7 -7 -7 -7 -8 -7 -9 -7 -9 -7 -9 -7 -9 -6 -8 -5 -7 -3 -5 -1 -4 2 -3 5 -2 8 -1 11 -1 13 -1 16 -2 18 -3 19 -5 20 -6 20 -7 19 -8 17 -8
CSI_META: ts=4122435923 rssi=-38 noise_floor=-98 channel=6 secondary_channel=0 sig_mode=0 mcs=0 rate=9 cwb=0 sgi=0 stbc=0 ant=0 len=128 rx_state=0 seq=-1 tx_mac=52:40:27:94:0a:bb
CSI_DATA: 28 -64 1 0 1 11 -1 9 -4 9 -6 9 -7 10 -8 11 -8 12 -8 13 -7 15 -6 14 -5 14 -4 13 -3 12 -2 11 -2 9 -2 7 -3 5 -3 3 -4 2 -5 0 -6 0 -7 -1 -8 -2 -9 -2 -9 -3 0 0 0 0 0 0 0 0 0 0 0 0 0 0 0 0 0 0 0 0 0 0 6 1 6 3 6 3 6 4 7 5 7 5 7 5 7 5 7 5 7 5 6 6 4 6 3 6 1 6 0 8 -2 9 -2 11 -2 13 -2 14 -2 16 0 18 2 19 3 19 4 18 5 17 5 16
CSI_META: ts=4122436077 rssi=-41 noise_floor=-98 channel=6 secondary_channel=0 sig_mode=0 mcs=0 rate=9 cwb=0 sgi=0 stbc=0 ant=0 len=128 rx_state=0 seq=-1 tx_mac=52:40:27:94:0a:bb
CSI_DATA: 28 -64 1 0 -13 -19 -8 -18 -3 -21 -2 -22 0 -25 -1 -27 -1 -29 -3 -30 -5 -31 -6 -29 -9 -27 -9 -25 -9 -21 -8 -20 -6 -16 -3 -14 -1 -11 1 -10 4 -8 7 -8 9 -8 11 -8 13 -7 14 -7 15 -6 0 0 0 0 0 0 0 0 0 0 0 0 0 0 0 0 0 0 0 0 0 0 -12 1 -13 -1 -15 -2 -16 -3 -17 -4 -17 -4 -18 -4 -18 -4 -18 -4 -18 -6 -16 -6 -14 -7 -12 -9 -10 -11 -9 -13 -8 -17 -7 -20 -9 -25 -11 -26 -14 -29 -17 -30 -20 -30 -23 -30 -24 -28 -25 -25 -22 -22
CSI_META: ts=4122436212 rssi=-41 noise_floor=-98 channel=6 secondary_channel=0 sig_mode=0 mcs=0 rate=9 cwb=0 sgi=0 stbc=0 ant=0 len=128 rx_state=0 seq=-1 tx_mac=52:40:27:94:0a:bb
CSI_DATA: 28 -64 1 0 5 23 1 22 -4 21 -8 23 -10 25 -11 28 -11 30 -10 31 -8 33 -5 32 -3 32 -1 29 0 26 0 23 0 19 -2 16 -3 12 -6 9 -7 6 -10 4 -13 3 -15 2 -17 1 -18 0 -19 -2 0 0 0 0 0 0 0 0 0 0 0 0 0 0 0 0 0 0 0 0 0 0 13 2 14 4 15 6 16 7 16 8 16 9 17 9 17 10 17 10 16 11 14 11 11 11 9 13 6 15 4 17 1 20 -1 24 0 28 1 32 4 35 6 38 10 39 12 39 15 38 16 35 16 32
CSI_META: ts=4122728235 rssi=-37 noise_floor=-98 channel=6 secondary_channel=0 sig_mode=0 mcs=0 rate=9 cwb=0 sgi=0 stbc=0 ant=0 len=128 rx_state=0 seq=-1 tx_mac=52:40:27:94:0a:bb
CSI_DATA: 28 -64 1 0 7 16 3 13 -2 13 -7 12 -11 13 -13 14 -15 16 -17 18 -16 21 -16 22 -14 22 -13 22 -11 21 -9 19 -9 17 -7 14 -6 10 -6 7 -5 4 -6 1 -6 -2 -7 -4 -8 -6 -8 -9 -8 -11 0 0 0 0 0 0 0 0 0 0 0 0 0 0 0 0 0 0 0 0 0 0 10 -4 12 -4 13 -3 15 -3 15 -2 16 -2 16 -2 17 -1 16 -1 15 -1 14 2 11 3 9 4 6 6 4 10 3 14 1 18 2 22 3 25 5 29 7 31 10 32 12 33 15 32 16 30 16 28
CSI_META: ts=4123982220 rssi=-37 noise_floor=-98 channel=6 secondary_channel=0 sig_mode=0 mcs=0 rate=9 cwb=0 sgi=0 stbc=0 ant=0 len=128 rx_state=0 seq=-1 tx_mac=52:40:27:94:0a:bb
CSI_DATA: 28 -64 1 0 -9 -8 -5 -7 -2 -8 1 -8 4 -9 5 -11 6 -12 6 -14 6 -15 6 -16 4 -17 3 -15 2 -14 2 -13 2 -11 1 -9 2 -7 2 -5 2 -3 3 -1 3 0 4 2 5 3 5 5 5 5 0 0 0 0 0 0 0 0 0 0 0 0 0 0 0 0 0 0 0 0 0 0 -5 4 -6 4 -7 3 -8 4 -9 4 -10 3 -10 4 -10 4 -10 4 -10 4 -9 3 -8 1 -7 0 -6 -2 -5 -4 -5 -7 -5 -9 -5 -12 -7 -14 -8 -16 -10 -17 -12 -17 -14 -18 -15 -17 -16 -16 -16 -14
CSI_META: ts=4124187318 rssi=-42 noise_floor=-98 channel=6 secondary_channel=0 sig_mode=0 mcs=0 rate=9 cwb=0 sgi=0 stbc=0 ant=0 len=128 rx_state=0 seq=-1 tx_mac=52:40:27:94:0a:bb
CSI_DATA: 28 -64 1 0 -7 -25 -7 -21 -6 -18 -5 -13 -2 -9 1 -7 4 -4 8 -3 11 -3 13 -3 15 -4 16 -5 16 -5 17 -6 16 -6 14 -6 12 -5 10 -4 7 -3 6 -2 4 -1 2 1 0 2 -1 4 -3 5 0 0 0 0 0 0 0 0 0 0 0 0 0 0 0 0 0 0 0 0 0 0 2 4 0 3 -3 3 -5 1 -7 1 -9 0 -11 -1 -13 -2 -15 -2 -16 -2 -18 -2 -18 -2 -17 -2 -16 -1 -14 -1 -12 -1 -9 -2 -6 -4 -3 -6 -1 -10 1 -13 1 -18 2 -22 1 -25 0 -28 -2 -31
CSI_META: ts=4124365752 rssi=-37 noise_floor=-98 channel=6 secondary_channel=0 sig_mode=0 mcs=0 rate=9 cwb=0 sgi=0 stbc=0 ant=0 len=128 rx_state=0 seq=-1 tx_mac=52:40:27:94:0a:bb
CSI_DATA: 28 -64 1 0 -5 -22 -6 -22 -7 -21 -8 -20 -8 -18 -9 -15 -7 -13 -6 -10 -4 -8 -2 -6 0 -5 2 -4 5 -3 7 -3 9 -3 10 -3 10 -3 10 -3 10 -3 10 -3 9 -3 9 -2 7 -2 6 -1 4 0 0 0 0 0 0 0 0 0 0 0 0 0 0 0 0 0 0 0 0 0 0 0 5 5 4 5 3 5 2 4 0 3 -1 3 -3 2 -5 1 -7 0 -9 0 -11 -1 -13 -2 -15 -1 -16 -1 -17 0 -17 0 -16 1 -15 2 -13 2 -11 2 -9 0 -7 -2 -5 -5 -3 -8 -2 -11 -2 -16
CSI_META: ts=4124665757 rssi=-37 noise_floor=-98 channel=6 secondary_channel=0 sig_mode=0 mcs=0 rate=9 cwb=0 sgi=0 stbc=0 ant=0 len=128 rx_state=0 seq=-1 tx_mac=52:40:27:94:0a:bb
CSI_DATA: 28 -64 1 0 17 1 20 3 24 4 26 5 29 4 30 2 30 0 28 -3 26 -4 23 -5 19 -5 16 -3 12 -2 10 1 7 2 4 6 3 8 1 10 0 11 -1 13 -2 14 -2 15 -2 14 -3 14 -4 13 0 0 0 0 0 0 0 0 0 0 0 0 0 0 0 0 0 0 0 0 0 0 -14 -5 -14 -6 -14 -8 -14 -8 -13 -9 -12 -8 -11 -8 -10 -8 -8 -8 -4 -8 -1 -9 3 -9 6 -10 10 -12 13 -14 15 -17 17 -20 17 -23 17 -25 16 -27 14 -28 12 -27 10 -26 9 -23 8 -18 9 -14
CSI_META: ts=4124749491 rssi=-38 noise_floor=-98 channel=6 secondary_channel=0 sig_mode=0 mcs=0 rate=9 cwb=0 sgi=0 stbc=0 ant=0 len=128 rx_state=0 seq=-1 tx_mac=52:40:27:94:0a:bb
CSI_DATA: 28 -64 1 0 -11 -8 -7 -7 -3 -8 0 -8 3 -9 5 -11 6 -13 7 -14 6 -16 5 -17 4 -17 3 -17 2 -15 2 -14 1 -12 1 -10 1 -7 2 -5 2 -3 3 -1 3 0 4 2 5 3 5 4 5 6 0 0 0 0 0 0 0 0 0 0 0 0 0 0 0 0 0 0 0 0 0 0 -3 4 -5 5 -6 4 -8 5 -9 5 -9 5 -10 5 -10 5 -10 6 -10 5 -10 5 -8 3 -7 2 -6 -1 -6 -3 -5 -6 -6 -8 -7 -11 -8 -13 -10 -15 -12 -17 -14 -18 -16 -17 -17 -16 -18 -15 -17 -14
CSI_META: ts=4125525852 rssi=-37 noise_floor=-98 channel=6 secondary_channel=0 sig_mode=0 mcs=0 rate=9 cwb=0 sgi=0 stbc=0 ant=0 len=128 rx_state=0 seq=-1 tx_mac=52:40:27:94:0a:bb
CSI_DATA: 28 -64 1 0 8 -22 9 -16 10 -12 14 -8 17 -5 20 -5 22 -6 24 -7 25 -8 25 -10 25 -12 23 -13 20 -13 18 -12 15 -10 13 -8 11 -6 9 -3 7 0 6 3 6 5 6 8 6 10 5 12 4 13 0 0 0 0 0 0 0 0 0 0 0 0 0 0 0 0 0 0 0 0 0 0 -7 -6 -5 -8 -6 -11 -5 -13 -4 -15 -5 -16 -5 -17 -6 -18 -6 -19 -6 -19 -6 -19 -5 -17 -4 -15 -1 -13 2 -12 5 -12 9 -12 13 -14 17 -15 20 -19 21 -23 21 -26 20 -30 19 -33 16 -34 13 -34
CSI_META: ts=4125531409 rssi=-37 noise_floor=-98 channel=6 secondary_channel=0 sig_mode=0 mcs=0 rate=9 cwb=0 sgi=0 stbc=0 ant=0 len=128 rx_state=0 seq=-1 tx_mac=52:40:27:94:0a:bb
CSI_DATA: 28 -64 1 0 -22 -10 -17 -10 -12 -12 -9 -14 -6 -16 -4 -19 -3 -22 -4 -25 -6 -26 -8 -27 -9 -26 -10 -25 -11 -23 -10 -21 -10 -19 -7 -16 -5 -12 -3 -11 -1 -9 1 -8 4 -7 6 -6 9 -5 10 -5 12 -3 0 0 0 0 0 0 0 0 0 0 0 0 0 0 0 0 0 0 0 0 0 0 -8 5 -10 5 -12 4 -14 4 -16 4 -17 5 -17 5 -18 5 -18 5 -17 5 -16 4 -16 2 -14 1 -13 -2 -12 -5 -11 -9 -12 -13 -13 -16 -15 -19 -19 -21 -22 -23 -26 -23 -29 -22 -31 -20 -33 -19 -33 -16
CSI_META: ts=4126018416 rssi=-37 noise_floor=-98 channel=6 secondary_channel=0 sig_mode=0 mcs=0 rate=9 cwb=0 sgi=0 stbc=0 ant=0 len=128 rx_state=0 seq=-1 tx_mac=52:40:27:94:0a:bb
CSI_DATA: 28 -64 1 0 -18 -19 -19 -22 -20 -23 -23 -24 -25 -23 -26 -21 -26 -18 -25 -15 -24 -12 -21 -10 -19 -9 -15 -8 -11 -8 -8 -8 -4 -10 -2 -12 0 -12 2 -14 3 -14 3 -15 4 -17 4 -16 4 -16 5 -15 6 -14 0 0 0 0 0 0 0 0 0 0 0 0 0 0 0 0 0 0 0 0 0 0 -4 14 -5 14 -6 14 -7 13 -7 12 -7 11 -7 10 -8 8 -9 6 -11 4 -12 1 -15 -2 -17 -4 -20 -6 -24 -7 -26 -7 -29 -6 -30 -4 -31 -2 -32 0 -31 2 -29 3 -26 2 -24 0 -21 -2 -18 -6
CSI_META: ts=4126683175 rssi=-37 noise_floor=-98 channel=6 secondary_channel=0 sig_mode=0 mcs=0 rate=9 cwb=0 sgi=0 stbc=0 ant=0 len=128 rx_state=0 seq=-1 tx_mac=52:40:27:94:0a:bb
CSI_DATA: 28 -64 1 0 33 19 30 15 27 12 22 9 18 8 13 8 9 10 7 12 5 15 3 18 4 20 5 22 5 22 6 23 7 21 8 22 7 18 7 16 5 14 4 12 2 10 0 9 -2 7 -5 6 -7 4 0 0 0 0 0 0 0 0 0 0 0 0 0 0 0 0 0 0 0 0 0 0 2 -9 4 -6 6 -4 8 -3 11 -1 13 0 14 2 17 2 20 3 23 3 24 2 24 1 23 1 23 0 21 -1 19 1 15 1 14 4 12 7 12 12 12 16 15 20 17 24 21 27 26 28 29 28
CSI_META: ts=4127049450 rssi=-37 noise_floor=-98 channel=6 secondary_channel=0 sig_mode=0 mcs=0 rate=9 cwb=0 sgi=0 stbc=0 ant=0 len=128 rx_state=0 seq=-1 tx_mac=52:40:27:94:0a:bb
CSI_DATA: 28 -64 1 0 22 5 16 6 11 10 8 12 6 15 7 19 7 22 8 23 9 25 10 25 12 24 13 22 13 20 13 17 11 14 8 12 4 9 3 8 0 7 -4 5 -6 6 -8 6 -10 6 -12 5 -14 4 0 0 0 0 0 0 0 0 0 0 0 0 0 0 0 0 0 0 0 0 0 0 4 -8 6 -8 9 -9 11 -9 13 -9 15 -10 15 -10 16 -11 16 -12 16 -11 16 -10 14 -8 14 -7 12 -3 11 0 11 4 12 8 15 12 18 14 22 16 26 17 31 16 33 16 36 14 36 12 35 8
CSI_META: ts=4127452703 rssi=-37 noise_floor=-98 channel=6 secondary_channel=0 sig_mode=0 mcs=0 rate=9 cwb=0 sgi=0 stbc=0 ant=0 len=128 rx_state=0 seq=-1 tx_mac=52:40:27:94:0a:bb
CSI_DATA: 28 -64 1 0 26 27 25 22 22 19 17 14 13 12 8 10 3 10 -2 10 -5 13 -8 15 -10 17 -10 19 -10 20 -11 22 -9 22 -8 21 -7 19 -6 16 -5 13 -5 11 -5 8 -5 6 -6 3 -6 0 -6 -4 0 0 0 0 0 0 0 0 0 0 0 0 0 0 0 0 0 0 0 0 0 0 -2 -7 1 -6 4 -5 6 -4 10 -3 12 -2 15 -1 18 -1 21 -1 23 -1 25 -3 25 -3 24 -4 22 -5 20 -4 17 -3 13 -1 11 2 9 6 7 11 8 17 9 21 10 27 13 31 18 33 22 36
CSI_META: ts=4128145801 rssi=-36 noise_floor=-98 channel=6 secondary_channel=0 sig_mode=0 mcs=0 rate=9 cwb=0 sgi=0 stbc=0 ant=0 len=128 rx_state=0 seq=-1 tx_mac=52:40:27:94:0a:bb
CSI_DATA: 28 -64 1 0 -22 -10 -16 -10 -9 -10 -4 -12 1 -15 3 -17 6 -22 6 -24 6 -28 5 -28 3 -28 1 -27 0 -25 0 -23 0 -20 1 -16 2 -12 3 -8 4 -6 5 -3 7 0 8 2 10 4 10 6 11 8 0 0 0 0 0 0 0 0 0 0 0 0 0 0 0 0 0 0 0 0 0 0 -1 6 -4 7 -7 8 -9 9 -11 10 -13 11 -15 12 -16 13 -17 14 -17 14 -16 13 -15 12 -13 10 -11 7 -11 2 -10 -3 -10 -8 -12 -12 -14 -16 -18 -21 -22 -23 -26 -24 -30 -25 -33 -23 -36 -20 -35 -18
CSI_META: ts=4128145973 rssi=-40 noise_floor=-98 channel=6 secondary_channel=0 sig_mode=0 mcs=0 rate=9 cwb=0 sgi=0 stbc=0 ant=0 len=128 rx_state=0 seq=-1 tx_mac=52:40:27:94:0a:bb
CSI_DATA: 28 -64 1 0 -12 24 -12 18 -11 12 -14 5 -17 1 -20 -2 -24 -3 -27 -4 -29 -3 -32 -2 -32 0 -31 1 -30 3 -26 4 -24 3 -19 2 -17 1 -12 -1 -9 -3 -6 -5 -4 -8 -2 -10 1 -12 2 -13 5 -15 0 0 0 0 0 0 0 0 0 0 0 0 0 0 0 0 0 0 0 0 0 0 7 4 8 7 8 10 9 13 10 14 11 16 12 17 13 18 13 19 12 18 12 18 10 16 7 14 3 12 -1 11 -6 10 -11 11 -16 12 -21 17 -24 21 -26 25 -27 29 -26 33 -26 36 -23 38 -19 39
CSI_META: ts=4128146136 rssi=-36 noise_floor=-98 channel=6 secondary_channel=0 sig_mode=0 mcs=0 rate=9 cwb=0 sgi=0 stbc=0 ant=0 len=128 rx_state=0 seq=-1 tx_mac=52:40:27:94:0a:bb
CSI_DATA: 28 -64 1 0 16 15 12 13 5 12 0 13 -5 13 -9 14 -12 17 -14 20 -13 21 -14 24 -12 25 -11 25 -9 24 -7 21 -7 20 -5 15 -6 12 -6 8 -5 4 -6 1 -7 -2 -8 -4 -9 -6 -9 -9 -9 -12 0 0 0 0 0 0 0 0 0 0 0 0 0 0 0 0 0 0 0 0 0 0 4 -6 7 -6 9 -6 13 -7 14 -6 17 -7 17 -7 19 -7 19 -8 18 -8 19 -7 16 -6 14 -5 11 -2 9 2 7 6 6 11 6 15 7 21 9 26 12 29 16 31 18 31 23 33 25 30 27 28
CSI_META: ts=4128332844 rssi=-43 noise_floor=-98 channel=6 secondary_channel=0 sig_mode=0 mcs=0 rate=9 cwb=0 sgi=0 stbc=0 ant=0 len=128 rx_state=0 seq=-1 tx_mac=52:40:27:94:0a:bb
CSI_DATA: 28 -64 1 0 -3 -22 0 -16 6 -11 11 -6 16 -3 21 -2 26 -2 29 -4 31 -6 32 -7 31 -9 29 -10 27 -10 24 -10 21 -9 17 -6 13 -4 9 -1 6 1 3 4 0 7 -2 9 -4 11 -6 13 -9 13 0 0 0 0 0 0 0 0 0 0 0 0 0 0 0 0 0 0 0 0 0 0 -9 5 -13 4 -15 3 -18 2 -19 2 -21 2 -22 1 -23 1 -23 1 -22 0 -20 -1 -17 -2 -13 -3 -9 -6 -4 -9 -1 -13 2 -17 5 -23 6 -28 6 -34 5 -38 3 -42 1 -44 -2 -45 -5 -44 -7 -41
CSI_META: ts=4128555341 rssi=-37 noise_floor=-98 channel=6 secondary_channel=0 sig_mode=0 mcs=0 rate=9 cwb=0 sgi=0 stbc=0 ant=0 len=128 rx_state=0 seq=-1 tx_mac=52:40:27:94:0a:bb
CSI_DATA: 28 -64 1 0 -5 12 -7 6 -11 0 -15 -5 -19 -8 -23 -9 -27 -10 -28 -8 -30 -8 -30 -6 -29 -5 -26 -4 -23 -2 -20 -2 -15 -2 -10 -3 -6 -3 -2 -5 2 -5 5 -6 7 -7 10 -9 12 -8 13 -8 14 -7 0 0 0 0 0 0 0 0 0 0 0 0 0 0 0 0 0 0 0 0 0 0 6 -5 9 -5 12 -4 14 -3 17 -3 18 -3 19 -2 20 -3 20 -2 19 -1 17 -1 15 0 10 2 6 4 1 7 -3 11 -6 14 -9 20 -11 23 -12 29 -12 33 -10 36 -9 39 -7 38 -4 37 -3 34
CSI_META: ts=4130995295 rssi=-37 noise_floor=-98 channel=6 secondary_channel=0 sig_mode=0 mcs=0 rate=9 cwb=0 sgi=0 stbc=0 ant=0 len=128 rx_state=0 seq=-1 tx_mac=52:40:27:94:0a:bb
CSI_DATA: 28 -64 1 0 -22 -1 -26 -1 -28 -1 -30 -1 -31 2 -31 4 -30 6 -27 8 -24 8 -21 8 -18 6 -14 4 -11 1 -9 -1 -7 -4 -5 -7 -4 -10 -3 -12 -3 -13 -2 -14 -1 -15 -1 -16 0 -15 0 -15 2 -14 0 0 0 0 0 0 0 0 0 0 0 0 0 0 0 0 0 0 0 0 0 0 14 -1 14 0 14 1 13 2 12 2 11 3 8 3 7 4 4 6 1 6 -3 8 -6 11 -8 13 -11 16 -12 19 -13 22 -12 24 -12 27 -10 28 -9 28 -7 27 -5 24 -4 22 -5 17 -7 13 -9 9
CSI_META: ts=4131971774 rssi=-42 noise_floor=-98 channel=6 secondary_channel=0 sig_mode=0 mcs=0 rate=9 cwb=0 sgi=0 stbc=0 ant=0 len=128 rx_state=0 seq=-1 tx_mac=52:40:27:94:0a:bb
CSI_DATA: 28 -64 1 0 -27 35 -22 32 -17 27 -14 20 -11 14 -11 7 -12 1 -15 -4 -18 -8 -22 -10 -25 -12 -28 -12 -29 -11 -30 -9 -29 -8 -27 -7 -24 -6 -20 -5 -16 -4 -12 -5 -8 -5 -4 -6 -1 -7 3 -8 7 -8 0 0 0 0 0 0 0 0 0 0 0 0 0 0 0 0 0 0 0 0 0 0 7 -6 6 -2 5 1 5 5 4 8 4 12 4 15 4 18 6 22 6 25 7 27 8 27 8 26 9 24 8 21 7 18 4 15 0 12 -6 10 -12 10 -19 11 -24 13 -31 17 -35 21 -38 26 -37 32
CSI_META: ts=4132105333 rssi=-42 noise_floor=-98 channel=6 secondary_channel=0 sig_mode=0 mcs=0 rate=9 cwb=0 sgi=0 stbc=0 ant=0 len=128 rx_state=0 seq=-1 tx_mac=52:40:27:94:0a:bb
CSI_DATA: 28 -64 1 0 19 4 14 8 10 12 8 16 8 20 8 24 10 26 11 27 14 28 15 27 17 25 17 22 16 20 14 17 12 14 8 12 5 10 2 8 -2 7 -5 6 -8 6 -11 6 -13 6 -15 5 -16 4 0 0 0 0 0 0 0 0 0 0 0 0 0 0 0 0 0 0 0 0 0 0 4 -12 6 -12 8 -14 9 -14 11 -14 11 -15 11 -14 12 -15 12 -14 12 -13 11 -11 10 -8 11 -5 11 -1 13 3 15 7 17 11 21 13 25 13 30 14 34 13 36 11 38 9 38 5 37 3 33 2
CSI_META: ts=4132940523 rssi=-41 noise_floor=-98 channel=6 secondary_channel=0 sig_mode=0 mcs=0 rate=9 cwb=0 sgi=0 stbc=0 ant=0 len=128 rx_state=0 seq=-1 tx_mac=52:40:27:94:0a:bb
CSI_DATA: 28 -64 1 0 20 -21 20 -17 21 -14 23 -11 25 -10 27 -11 28 -12 28 -14 28 -16 27 -18 25 -18 22 -18 20 -18 17 -17 15 -15 14 -11 13 -8 12 -5 11 -3 12 0 13 2 13 4 14 6 14 7 15 9 0 0 0 0 0 0 0 0 0 0 0 0 0 0 0 0 0 0 0 0 0 0 0 -13 3 -14 5 -15 6 -15 8 -16 8 -17 9 -18 9 -19 10 -19 10 -19 10 -19 11 -17 12 -15 14 -13 16 -12 18 -11 21 -10 24 -12 27 -13 30 -16 31 -19 32 -23 31 -26 30 -28 28 -29 25 -30
CSI_META: ts=4133145652 rssi=-41 noise_floor=-98 channel=6 secondary_channel=0 sig_mode=0 mcs=0 rate=9 cwb=0 sgi=0 stbc=0 ant=0 len=128 rx_state=0 seq=-1 tx_mac=52:40:27:94:0a:bb
CSI_DATA: 28 -64 1 0 -26 -2 -28 -3 -30 -3 -32 -2 -33 0 -33 2 -32 4 -30 7 -27 8 -23 8 -20 7 -17 5 -15 3 -13 0 -11 -3 -10 -6 -9 -8 -9 -10 -9 -12 -9 -13 -9 -14 -9 -15 -9 -15 -8 -15 -7 -15 0 0 0 0 0 0 0 0 0 0 0 0 0 0 0 0 0 0 0 0 0 0 5 14 4 14 3 15 2 15 1 14 1 13 -1 12 -2 11 -4 11 -7 10 -10 8 -13 8 -16 7 -19 8 -22 9 -25 10 -26 12 -27 15 -26 17 -25 19 -24 20 -22 20 -20 19 -18 16 -18 13 -18 9
CSI_META: ts=4133315793 rssi=-41 noise_floor=-98 channel=6 secondary_channel=0 sig_mode=0 mcs=0 rate=9 cwb=0 sgi=0 stbc=0 ant=0 len=128 rx_state=0 seq=-1 tx_mac=52:40:27:94:0a:bb
CSI_DATA: 28 -64 1 0 -22 -18 -24 -20 -24 -21 -27 -21 -29 -20 -30 -18 -30 -15 -29 -12 -28 -10 -25 -8 -23 -6 -19 -6 -16 -7 -13 -8 -10 -9 -8 -11 -6 -13 -5 -14 -4 -15 -4 -17 -4 -17 -4 -17 -3 -18 -2 -17 -1 -17 0 0 0 0 0 0 0 0 0 0 0 0 0 0 0 0 0 0 0 0 0 0 -10 10 -12 10 -13 9 -13 9 -13 8 -13 7 -13 6 -13 4 -13 2 -14 0 -15 -3 -16 -5 -18 -7 -20 -10 -22 -11 -25 -12 -27 -12 -29 -11 -32 -9 -32 -7 -32 -5 -31 -3 -29 -3 -27 -3 -25 -5 -23 -8
CSI_META: ts=4134769501 rssi=-42 noise_floor=-98 channel=6 secondary_channel=0 sig_mode=0 mcs=0 rate=9 cwb=0 sgi=0 stbc=0 ant=0 len=128 rx_state=0 seq=-1 tx_mac=52:40:27:94:0a:bb
CSI_DATA: 28 -64 1 0 -24 4 -30 4 -35 5 -38 6 -39 8 -40 10 -38 13 -36 15 -32 15 -27 15 -23 13 -18 10 -14 6 -10 2 -7 -2 -5 -7 -3 -11 -1 -14 0 -16 1 -18 2 -20 2 -21 3 -21 4 -21 5 -19 0 0 0 0 0 0 0 0 0 0 0 0 0 0 0 0 0 0 0 0 0 0 12 -14 14 -13 15 -12 16 -11 15 -9 15 -8 13 -6 12 -3 10 -1 8 3 5 7 3 12 1 17 -1 22 -2 27 -1 31 0 35 2 38 4 38 6 39 7 37 8 34 8 31 6 25 2 20 -3 15
CSI_META: ts=4134977596 rssi=-43 noise_floor=-98 channel=6 secondary_channel=0 sig_mode=0 mcs=0 rate=9 cwb=0 sgi=0 stbc=0 ant=0 len=128 rx_state=0 seq=-1 tx_mac=52:40:27:94:0a:bb
CSI_DATA: 28 -64 1 0 -35 -28 -36 -26 -35 -23 -33 -19 -31 -15 -26 -12 -21 -9 -15 -6 -9 -5 -3 -5 3 -7 8 -8 12 -10 16 -11 18 -13 19 -13 19 -13 18 -13 17 -12 16 -11 14 -10 12 -8 10 -6 8 -4 6 -1 0 0 0 0 0 0 0 0 0 0 0 0 0 0 0 0 0 0 0 0 0 0 12 -8 11 -5 10 -3 8 -1 6 1 3 3 0 6 -3 9 -6 12 -9 15 -13 18 -15 21 -16 23 -16 25 -16 26 -15 26 -13 25 -11 22 -9 19 -9 14 -8 8 -9 2 -10 -6 -14 -12 -18 -19 -22 -25
CSI_META: ts=4135193718 rssi=-43 noise_floor=-98 channel=6 secondary_channel=0 sig_mode=0 mcs=0 rate=9 cwb=0 sgi=0 stbc=0 ant=0 len=128 rx_state=0 seq=-1 tx_mac=52:40:27:94:0a:bb
CSI_DATA: 28 -64 1 0 -43 17 -41 19 -37 21 -33 22 -28 22 -23 19 -18 16 -15 12 -12 7 -10 1 -9 -4 -10 -9 -11 -13 -13 -16 -14 -18 -15 -20 -15 -19 -15 -19 -14 -17 -13 -17 -12 -15 -10 -14 -8 -12 -5 -11 -2 -9 0 0 0 0 0 0 0 0 0 0 0 0 0 0 0 0 0 0 0 0 0 0 12 -8 12 -6 10 -3 8 -1 7 2 5 4 3 8 2 11 0 15 -2 19 -2 23 -2 26 -2 29 -1 30 1 30 1 30 3 28 4 25 2 21 0 18 -3 14 -8 10 -13 8 -21 6 -28 6 -33 8
CSI_META: ts=4135414549 rssi=-41 noise_floor=-98 channel=6 secondary_channel=0 sig_mode=0 mcs=0 rate=9 cwb=0 sgi=0 stbc=0 ant=0 len=128 rx_state=0 seq=-1 tx_mac=52:40:27:94:0a:bb
CSI_DATA: 28 -64 1 0 -31 33 -28 35 -24 36 -20 34 -16 32 -12 28 -9 23 -8 18 -8 12 -9 7 -11 2 -13 -2 -16 -5 -19 -7 -21 -8 -22 -9 -23 -8 -22 -8 -20 -7 -20 -7 -18 -6 -16 -6 -13 -6 -10 -6 -7 -6 0 0 0 0 0 0 0 0 0 0 0 0 0 0 0 0 0 0 0 0 0 0 10 -12 10 -10 9 -7 9 -4 7 -1 7 2 6 6 5 9 5 14 5 18 5 22 7 25 8 27 9 29 11 29 12 29 13 27 13 24 11 20 8 17 4 15 -1 13 -8 14 -14 15 -21 18 -26 22
CSI_META: ts=4135705656 rssi=-41 noise_floor=-98 channel=6 secondary_channel=0 sig_mode=0 mcs=0 rate=9 cwb=0 sgi=0 stbc=0 ant=0 len=128 rx_state=0 seq=-1 tx_mac=52:40:27:94:0a:bb
CSI_DATA: 28 -64 1 0 -15 41 -12 37 -8 31 -6 25 -6 18 -7 12 -10 6 -13 2 -17 -1 -21 -3 -24 -4 -27 -4 -29 -3 -30 -2 -30 -1 -27 0 -25 0 -22 0 -18 0 -15 -1 -12 -2 -8 -3 -5 -5 -2 -6 2 -8 0 0 0 0 0 0 0 0 0 0 0 0 0 0 0 0 0 0 0 0 0 0 5 -6 6 -2 7 1 8 5 8 8 10 11 11 14 13 17 14 19 15 21 17 23 18 22 17 21 16 19 14 17 11 14 7 13 2 12 -3 12 -9 14 -15 16 -20 20 -24 26 -26 32 -26 36 -26 42
CSI_META: ts=4135937467 rssi=-42 noise_floor=-98 channel=6 secondary_channel=0 sig_mode=0 mcs=0 rate=9 cwb=0 sgi=0 stbc=0 ant=0 len=128 rx_state=0 seq=-1 tx_mac=52:40:27:94:0a:bb
CSI_DATA: 28 -64 1 0 26 31 25 26 22 22 19 17 14 13 9 11 3 9 -2 9 -7 9 -11 11 -14 13 -16 15 -18 17 -18 18 -18 19 -17 18 -16 17 -14 15 -12 13 -11 11 -10 9 -9 6 -7 3 -6 0 -4 -4 0 0 0 0 0 0 0 0 0 0 0 0 0 0 0 0 0 0 0 0 0 0 -3 -6 0 -6 4 -6 7 -6 10 -6 13 -6 15 -6 18 -7 21 -7 23 -8 24 -9 24 -9 22 -10 21 -9 18 -8 15 -6 12 -3 10 1 8 5 7 11 7 17 8 23 10 29 14 33 18 36 21 38
CSI_META: ts=4136320016 rssi=-43 noise_floor=-98 channel=6 secondary_channel=0 sig_mode=0 mcs=0 rate=9 cwb=0 sgi=0 stbc=0 ant=0 len=128 rx_state=0 seq=-1 tx_mac=52:40:27:94:0a:bb
CSI_DATA: 28 -64 1 0 6 -23 4 -23 3 -24 1 -22 -1 -21 -2 -18 -2 -16 -2 -13 -1 -10 1 -7 2 -5 4 -3 6 -2 8 -1 10 -1 11 0 12 0 12 0 11 0 11 0 10 0 9 0 8 1 7 1 5 2 0 0 0 0 0 0 0 0 0 0 0 0 0 0 0 0 0 0 0 0 0 0 -1 8 -2 7 -2 6 -3 4 -4 2 -4 1 -5 -1 -6 -3 -7 -5 -9 -7 -10 -9 -11 -10 -13 -11 -14 -11 -15 -10 -15 -10 -15 -9 -14 -8 -13 -7 -11 -6 -8 -6 -5 -6 -2 -8 1 -10 4 -13 6 -16
CSI_META: ts=4137265863 rssi=-42 noise_floor=-98 channel=6 secondary_channel=0 sig_mode=0 mcs=0 rate=9 cwb=0 sgi=0 stbc=0 ant=0 len=128 rx_state=0 seq=-1 tx_mac=52:40:27:94:0a:bb
CSI_DATA: 28 -64 1 0 -14 8 -16 8 -17 9 -17 10 -17 11 -16 12 -14 13 -12 13 -10 13 -9 12 -8 9 -7 7 -7 5 -7 4 -8 2 -9 1 -10 0 -10 -1 -10 -1 -11 -2 -11 -2 -11 -2 -10 -2 -10 -2 -9 -3 0 0 0 0 0 0 0 0 0 0 0 0 0 0 0 0 0 0 0 0 0 0 4 7 4 8 3 8 3 9 3 9 3 9 2 9 2 9 1 9 -1 8 -2 8 -4 8 -6 8 -8 8 -10 9 -11 11 -11 12 -12 14 -11 16 -10 17 -9 17 -8 17 -7 17 -7 15 -7 14 -8 12
CSI_META: ts=4137446443 rssi=-42 noise_floor=-98 channel=6 secondary_channel=0 sig_mode=0 mcs=0 rate=9 cwb=0 sgi=0 stbc=0 ant=0 len=128 rx_state=0 seq=-1 tx_mac=52:40:27:94:0a:bb
CSI_DATA: 28 -64 1 0 -16 10 -15 5 -16 0 -18 -5 -21 -7 -24 -8 -26 -9 -28 -7 -29 -6 -30 -4 -29 -2 -27 0 -25 1 -21 1 -18 1 -14 0 -10 -2 -7 -4 -5 -5 -3 -7 -1 -10 0 -11 2 -13 3 -14 5 -15 0 0 0 0 0 0 0 0 0 0 0 0 0 0 0 0 0 0 0 0 0 0 7 9 6 11 6 13 5 15 5 16 5 17 5 17 5 17 4 17 2 16 1 15 -1 13 -4 11 -7 10 -11 9 -15 8 -19 8 -23 10 -27 13 -29 16 -30 19 -30 22 -29 24 -27 26 -24 26 -21 25
CSI_META: ts=4138640069 rssi=-44 noise_floor=-98 channel=6 secondary_channel=0 sig_mode=0 mcs=0 rate=9 cwb=0 sgi=0 stbc=0 ant=0 len=128 rx_state=0 seq=-1 tx_mac=52:40:27:94:0a:bb
CSI_DATA: 28 -64 1 0 35 -28 30 -26 23 -23 18 -18 13 -12 10 -6 8 1 7 7 8 13 10 17 12 21 14 23 15 24 16 24 16 22 15 21 13 17 11 14 8 11 5 9 2 6 -2 4 -5 2 -8 -1 -11 -3 0 0 0 0 0 0 0 0 0 0 0 0 0 0 0 0 0 0 0 0 0 0 -3 11 -4 8 -5 5 -6 1 -6 -3 -6 -7 -7 -11 -8 -15 -9 -19 -11 -23 -12 -26 -14 -27 -15 -27 -15 -26 -15 -24 -13 -21 -11 -17 -6 -14 -1 -11 6 -8 13 -7 21 -8 27 -10 34 -13 39 -17 42 -22
CSI_META: ts=4139427708 rssi=-42 noise_floor=-98 channel=6 secondary_channel=0 sig_mode=0 mcs=0 rate=9 cwb=0 sgi=0 stbc=0 ant=0 len=128 rx_state=0 seq=-1 tx_mac=52:40:27:94:0a:bb
CSI_DATA: 28 -64 1 0 -19 13 -19 15 -19 17 -17 17 -15 17 -13 17 -11 15 -9 13 -7 11 -6 7 -5 4 -5 1 -5 -2 -5 -5 -6 -7 -6 -9 -6 -10 -7 -10 -6 -11 -6 -11 -6 -11 -5 -11 -4 -10 -3 -9 -2 -8 0 0 0 0 0 0 0 0 0 0 0 0 0 0 0 0 0 0 0 0 0 0 -1 -11 0 -10 1 -9 1 -7 2 -6 2 -4 2 -1 3 1 4 3 4 6 6 9 7 11 8 13 9 14 11 14 12 15 12 14 13 13 12 11 11 9 9 8 6 7 3 6 -2 6 -6 6 -10 8
CSI_META: ts=4140566220 rssi=-38 noise_floor=-98 channel=6 secondary_channel=0 sig_mode=0 mcs=0 rate=9 cwb=0 sgi=0 stbc=0 ant=0 len=128 rx_state=0 seq=-1 tx_mac=52:40:27:94:0a:bb
CSI_DATA: 28 -64 1 0 -11 -15 -12 -15 -12 -15 -13 -13 -14 -11 -14 -9 -13 -8 -11 -7 -10 -6 -8 -6 -7 -5 -5 -6 -4 -7 -2 -8 -2 -9 -2 -9 -1 -10 -2 -10 -2 -10 -2 -9 -1 -9 -1 -9 -1 -8 0 -7 0 -6 0 0 0 0 0 0 0 0 0 0 0 0 0 0 0 0 0 0 0 0 0 0 -6 5 -6 5 -7 4 -7 3 -6 3 -6 2 -6 1 -6 0 -6 -1 -7 -3 -8 -5 -8 -6 -9 -7 -11 -8 -12 -8 -13 -8 -14 -8 -14 -7 -15 -5 -14 -4 -14 -4 -12 -4 -10 -5 -9 -6 -9 -8 -8 -11
CSI_META: ts=4142619598 rssi=-42 noise_floor=-98 channel=6 secondary_channel=0 sig_mode=0 mcs=0 rate=9 cwb=0 sgi=0 stbc=0 ant=0 len=128 rx_state=0 seq=-1 tx_mac=52:40:27:94:0a:bb
CSI_DATA: 28 -64 1 0 -11 -2 -14 -4 -17 -5 -19 -6 -21 -5 -22 -5 -22 -4 -22 -2 -21 -1 -19 -1 -16 -1 -13 -1 -10 -1 -7 -1 -4 -2 -1 -3 2 -4 4 -5 5 -5 7 -5 8 -6 9 -5 10 -5 10 -4 10 -3 0 0 0 0 0 0 0 0 0 0 0 0 0 0 0 0 0 0 0 0 0 0 2 -10 3 -10 4 -10 4 -9 4 -9 4 -8 4 -6 4 -5 3 -3 3 -1 2 2 1 5 0 7 0 11 0 13 0 16 0 18 2 20 2 20 3 21 4 20 5 19 5 17 4 14 2 11 0 7
CSI_META: ts=4143301273 rssi=-42 noise_floor=-98 channel=6 secondary_channel=0 sig_mode=0 mcs=0 rate=9 cwb=0 sgi=0 stbc=0 ant=0 len=128 rx_state=0 seq=-1 tx_mac=52:40:27:94:0a:bb
CSI_DATA: 28 -64 1 0 4 28 2 20 -1 15 -6 8 -12 5 -17 2 -22 2 -26 2 -29 4 -31 5 -31 7 -30 8 -28 9 -26 9 -22 8 -18 6 -14 4 -11 1 -7 -2 -4 -5 -2 -7 0 -10 2 -12 5 -14 7 -15 0 0 0 0 0 0 0 0 0 0 0 0 0 0 0 0 0 0 0 0 0 0 1 -5 4 -3 7 -2 10 0 13 1 16 1 18 2 20 2 22 3 23 3 23 3 22 2 19 2 15 2 11 3 7 5 2 8 -2 13 -5 17 -7 24 -8 30 -7 35 -6 40 -3 43 0 44 3 43
CSI_META: ts=4143685946 rssi=-38 noise_floor=-98 channel=6 secondary_channel=0 sig_mode=0 mcs=0 rate=9 cwb=0 sgi=0 stbc=0 ant=0 len=128 rx_state=0 seq=-1 tx_mac=52:40:27:94:0a:bb
CSI_DATA: 28 -64 1 0 -5 7 -8 7 -10 8 -11 8 -12 9 -12 10 -12 11 -11 13 -10 12 -9 12 -7 11 -6 9 -5 8 -5 6 -4 4 -5 2 -5 0 -5 -1 -5 -3 -6 -4 -6 -5 -6 -5 -6 -6 -6 -6 -6 -7 0 0 0 0 0 0 0 0 0 0 0 0 0 0 0 0 0 0 0 0 0 0 7 -2 8 -2 8 -2 8 -1 8 -1 8 0 7 0 7 0 6 1 5 1 4 3 3 4 1 6 0 7 -1 10 -1 11 -1 13 0 15 1 16 2 16 3 17 5 16 5 15 5 14 4 12 3 11
CSI_META: ts=4144666908 rssi=-37 noise_floor=-98 channel=6 secondary_channel=0 sig_mode=0 mcs=0 rate=9 cwb=0 sgi=0 stbc=0 ant=0 len=128 rx_state=0 seq=-1 tx_mac=52:40:27:94:0a:bb
CSI_DATA: 28 -64 1 0 -16 5 -13 4 -11 2 -9 0 -9 -2 -9 -5 -9 -6 -10 -7 -11 -8 -12 -8 -13 -8 -14 -7 -13 -6 -13 -5 -12 -4 -11 -4 -9 -3 -7 -4 -5 -3 -4 -4 -3 -4 -1 -5 0 -5 1 -6 3 -6 0 0 0 0 0 0 0 0 0 0 0 0 0 0 0 0 0 0 0 0 0 0 -1 4 -2 4 -4 5 -5 5 -6 6 -7 6 -8 7 -8 8 -8 8 -8 9 -8 8 -8 8 -7 7 -7 6 -6 4 -7 2 -8 0 -10 -1 -12 -2 -14 -3 -16 -3 -19 -3 -21 -1 -22 0 -23 2 -22 4
CSI_META: ts=4144694976 rssi=-36 noise_floor=-98 channel=6 secondary_channel=0 sig_mode=0 mcs=0 rate=9 cwb=0 sgi=0 stbc=0 ant=0 len=128 rx_state=0 seq=-1 tx_mac=52:40:27:94:0a:bb
CSI_DATA: 28 -64 1 0 13 -27 10 -22 9 -17 10 -12 11 -8 14 -5 16 -3 19 -2 22 -2 23 -3 24 -4 25 -5 23 -6 23 -8 20 -8 18 -6 15 -5 12 -4 10 -3 8 -1 6 2 5 4 3 6 3 8 1 10 0 0 0 0 0 0 0 0 0 0 0 0 0 0 0 0 0 0 0 0 0 0 -6 -5 -4 -8 -4 -11 -4 -13 -3 -15 -3 -17 -3 -18 -4 -20 -4 -22 -4 -22 -4 -21 -4 -20 -3 -19 -1 -16 1 -14 3 -12 6 -11 11 -11 15 -12 19 -14 23 -17 24 -21 26 -24 27 -28 25 -30 22 -34
CSI_META: ts=4144695085 rssi=-37 noise_floor=-98 channel=6 secondary_channel=0 sig_mode=0 mcs=0 rate=9 cwb=0 sgi=0 stbc=0 ant=0 len=128 rx_state=0 seq=-1 tx_mac=52:40:27:94:0a:bb
CSI_DATA: 28 -64 1 0 16 4 13 3 10 4 7 4 5 6 4 8 3 10 3 12 3 13 4 14 5 14 6 14 6 13 6 12 6 10 6 9 4 7 3 6 1 5 0 4 -2 3 -4 3 -5 3 -6 2 -7 2 0 0 0 0 0 0 0 0 0 0 0 0 0 0 0 0 0 0 0 0 0 0 0 -4 2 -4 4 -4 5 -4 7 -3 8 -3 9 -3 11 -4 11 -4 12 -5 12 -5 11 -5 10 -5 9 -4 8 -2 7 0 7 2 7 4 8 7 9 9 11 11 14 12 17 12 19 12 21 11 21 9
CSI_META: ts=4144695203 rssi=-37 noise_floor=-98 channel=6 secondary_channel=0 sig_mode=0 mcs=0 rate=9 cwb=0 sgi=0 stbc=0 ant=0 len=128 rx_state=0 seq=-1 tx_mac=52:40:27:94:0a:bb
CSI_DATA: 28 -64 1 0 17 4 14 3 10 4 7 4 5 6 4 7 3 9 3 11 3 13 3 14 5 14 5 14 6 13 7 12 6 11 6 10 4 8 3 6 2 5 0 4 -2 3 -3 3 -5 3 -6 2 -7 1 0 0 0 0 0 0 0 0 0 0 0 0 0 0 0 0 0 0 0 0 0 0 1 -4 3 -4 5 -4 6 -3 8 -4 9 -3 10 -4 11 -4 12 -4 12 -5 12 -5 11 -4 10 -4 9 -3 8 -2 7 0 6 3 7 5 7 7 9 10 12 11 14 12 16 13 19 12 21 11 21 10
CSI_META: ts=4145098841 rssi=-37 noise_floor=-98 channel=6 secondary_channel=0 sig_mode=0 mcs=0 rate=9 cwb=0 sgi=0 stbc=0 ant=0 len=128 rx_state=0 seq=-1 tx_mac=52:40:27:94:0a:bb
CSI_DATA: 28 -64 1 0 -9 21 -7 21 -5 22 -2 19 -1 18 -1 16 0 13 0 11 -1 9 -3 7 -5 5 -6 5 -8 4 -10 4 -11 5 -12 5 -11 5 -11 5 -10 5 -10 5 -9 4 -8 3 -7 2 -6 1 -6 0 0 0 0 0 0 0 0 0 0 0 0 0 0 0 0 0 0 0 0 0 0 0 7 -3 7 -2 6 -2 5 -1 5 1 4 2 3 3 3 5 2 7 2 9 2 11 2 12 3 14 4 14 5 15 6 15 6 14 6 13 6 11 5 10 3 9 1 9 -1 10 -4 11 -7 13 -8 15
CSI_META: ts=4145228841 rssi=-36 noise_floor=-98 channel=6 secondary_channel=0 sig_mode=0 mcs=0 rate=9 cwb=0 sgi=0 stbc=0 ant=0 len=128 rx_state=0 seq=-1 tx_mac=52:40:27:94:0a:bb
CSI_DATA: 28 -64 1 0 -20 9 -24 8 -26 9 -28 9 -29 11 -30 13 -28 15 -26 17 -23 18 -20 18 -17 16 -15 13 -14 10 -12 7 -11 4 -11 0 -11 -2 -11 -5 -11 -7 -12 -8 -13 -10 -13 -10 -12 -12 -12 -12 -11 -13 0 0 0 0 0 0 0 0 0 0 0 0 0 0 0 0 0 0 0 0 0 0 11 8 11 9 11 11 10 12 9 11 8 11 7 11 6 11 4 11 1 11 -2 11 -5 11 -9 12 -12 14 -15 16 -16 19 -17 21 -17 25 -16 27 -15 29 -13 29 -11 29 -8 28 -9 26 -9 22 -9 19
CSI_META: ts=4145465504 rssi=-38 noise_floor=-98 channel=6 secondary_channel=0 sig_mode=0 mcs=0 rate=9 cwb=0 sgi=0 stbc=0 ant=0 len=128 rx_state=0 seq=-1 tx_mac=52:40:27:94:0a:bb
CSI_DATA: 28 -64 1 0 -40 4 -36 6 -31 6 -26 6 -20 5 -16 2 -12 -2 -10 -6 -8 -11 -8 -14 -9 -17 -11 -20 -11 -20 -13 -21 -13 -21 -13 -20 -12 -17 -11 -15 -9 -13 -7 -11 -5 -9 -2 -8 1 -6 4 -5 6 -3 0 0 0 0 0 0 0 0 0 0 0 0 0 0 0 0 0 0 0 0 0 0 10 2 8 3 5 4 2 5 -1 6 -3 7 -7 9 -9 10 -12 13 -14 15 -15 18 -16 19 -15 21 -14 21 -13 20 -11 19 -9 16 -9 13 -9 9 -11 4 -13 0 -19 -4 -23 -7 -29 -8 -35 -8 -39 -6
CSI_META: ts=4146448681 rssi=-37 noise_floor=-98 channel=6 secondary_channel=0 sig_mode=0 mcs=0 rate=9 cwb=0 sgi=0 stbc=0 ant=0 len=128 rx_state=0 seq=-1 tx_mac=52:40:27:94:0a:bb
CSI_DATA: 28 -64 1 0 -10 -21 -7 -19 -3 -21 -2 -21 0 -22 0 -24 -1 -26 -2 -27 -3 -27 -6 -26 -7 -25 -8 -23 -8 -20 -8 -19 -7 -16 -5 -14 -2 -12 0 -11 2 -9 4 -9 6 -9 7 -9 9 -9 11 -9 12 -8 0 0 0 0 0 0 0 0 0 0 0 0 0 0 0 0 0 0 0 0 0 0 -11 -4 -11 -6 -11 -8 -11 -9 -12 -10 -12 -11 -12 -11 -12 -12 -13 -12 -12 -12 -11 -13 -9 -14 -7 -13 -5 -15 -4 -16 -3 -19 -2 -21 -3 -24 -3 -25 -5 -28 -8 -29 -10 -30 -12 -31 -14 -30 -15 -29 -15 -27
CSI_META: ts=4146448862 rssi=-37 noise_floor=-98 channel=6 secondary_channel=0 sig_mode=0 mcs=0 rate=9 cwb=0 sgi=0 stbc=0 ant=0 len=128 rx_state=0 seq=-1 tx_mac=52:40:27:94:0a:bb
CSI_DATA: 28 -64 1 0 11 4 11 6 8 7 9 8 10 9 10 10 12 10 13 10 12 8 13 7 13 6 12 5 12 4 8 4 8 4 5 3 4 4 3 5 2 5 1 6 0 7 0 7 0 8 -1 8 -1 9 0 0 0 0 0 0 0 0 0 0 0 0 0 0 0 0 0 0 0 0 0 0 4 -4 5 -3 5 -2 7 -2 7 -1 9 -1 8 -1 10 -1 10 0 10 -2 10 -1 9 0 9 0 9 2 9 3 8 4 9 7 9 7 12 8 13 8 15 7 17 8 17 6 18 5 18 4 19 3
CSI_META: ts=4146449024 rssi=-41 noise_floor=-98 channel=6 secondary_channel=0 sig_mode=0 mcs=0 rate=9 cwb=0 sgi=0 stbc=0 ant=0 len=128 rx_state=0 seq=-1 tx_mac=52:40:27:94:0a:bb
CSI_DATA: 28 -64 1 0 18 15 16 17 13 19 13 21 13 23 15 24 17 24 18 24 20 22 21 20 21 17 20 15 18 12 14 11 11 11 8 10 5 10 3 12 0 12 -1 13 -2 14 -2 15 -3 16 -4 16 -5 16 0 0 0 0 0 0 0 0 0 0 0 0 0 0 0 0 0 0 0 0 0 0 10 -3 11 -1 12 0 13 2 14 3 16 4 16 5 17 5 18 6 18 5 18 6 17 7 15 8 14 9 14 11 12 14 12 18 13 19 17 22 19 23 23 23 25 23 27 22 30 20 30 18 29 17
CSI_META: ts=4146706150 rssi=-37 noise_floor=-98 channel=6 secondary_channel=0 sig_mode=0 mcs=0 rate=9 cwb=0 sgi=0 stbc=0 ant=0 len=128 rx_state=0 seq=-1 tx_mac=52:40:27:94:0a:bb
CSI_DATA: 28 -64 1 0 -32 -24 -30 -19 -24 -16 -19 -13 -12 -10 -7 -10 -1 -10 4 -11 8 -15 10 -18 11 -21 12 -23 11 -24 11 -25 10 -25 8 -22 7 -20 6 -17 5 -13 5 -10 4 -7 4 -3 4 0 4 4 4 7 0 0 0 0 0 0 0 0 0 0 0 0 0 0 0 0 0 0 0 0 0 0 5 5 2 5 -2 6 -5 6 -9 5 -12 6 -15 6 -18 7 -21 8 -23 10 -24 11 -24 12 -23 12 -21 11 -19 10 -17 7 -14 4 -12 -1 -10 -6 -10 -12 -11 -18 -14 -23 -17 -28 -22 -32 -27 -33 -30 -35
CSI_META: ts=4148505665 rssi=-42 noise_floor=-98 channel=6 secondary_channel=0 sig_mode=0 mcs=0 rate=9 cwb=0 sgi=0 stbc=0 ant=0 len=128 rx_state=0 seq=-1 tx_mac=52:40:27:94:0a:bb
CSI_DATA: 28 -64 1 0 -13 -31 -9 -27 -6 -27 -2 -25 1 -25 2 -26 3 -28 3 -30 2 -32 0 -32 -2 -32 -3 -30 -5 -28 -6 -27 -5 -23 -4 -20 -2 -17 0 -15 2 -13 4 -11 6 -11 9 -10 11 -9 13 -9 15 -8 0 0 0 0 0 0 0 0 0 0 0 0 0 0 0 0 0 0 0 0 0 0 -10 -6 -9 -9 -9 -12 -8 -14 -9 -16 -9 -18 -10 -19 -11 -21 -12 -21 -12 -22 -12 -22 -11 -22 -10 -20 -8 -19 -6 -19 -4 -21 -1 -22 1 -25 3 -27 2 -32 2 -36 -2 -39 -3 -43 -6 -44 -10 -43 -12 -42
CSI_META: ts=4148505782 rssi=-42 noise_floor=-98 channel=6 secondary_channel=0 sig_mode=0 mcs=0 rate=9 cwb=0 sgi=0 stbc=0 ant=0 len=128 rx_state=0 seq=-1 tx_mac=52:40:27:94:0a:bb
CSI_DATA: 28 -64 1 0 20 -26 17 -20 20 -18 20 -13 22 -11 25 -10 27 -10 28 -12 29 -15 27 -16 26 -18 23 -18 20 -17 19 -17 16 -14 15 -11 13 -7 12 -4 12 -2 12 1 13 3 14 5 14 6 15 8 14 9 0 0 0 0 0 0 0 0 0 0 0 0 0 0 0 0 0 0 0 0 0 0 -4 -11 -1 -11 2 -13 5 -13 7 -15 8 -16 10 -17 11 -19 12 -21 12 -23 12 -23 11 -23 10 -21 11 -19 11 -16 14 -15 16 -13 20 -13 22 -12 27 -13 30 -16 32 -20 35 -24 33 -28 31 -32 28 -33
CSI_META: ts=4148505918 rssi=-42 noise_floor=-98 channel=6 secondary_channel=0 sig_mode=0 mcs=0 rate=9 cwb=0 sgi=0 stbc=0 ant=0 len=128 rx_state=0 seq=-1 tx_mac=52:40:27:94:0a:bb
CSI_DATA: 28 -64 1 0 -22 24 -20 19 -21 16 -21 12 -23 10 -25 9 -27 10 -28 13 -30 13 -29 14 -27 15 -25 16 -21 16 -19 17 -16 14 -15 12 -13 8 -12 5 -12 3 -13 0 -13 -2 -15 -5 -15 -6 -16 -8 -16 -9 0 0 0 0 0 0 0 0 0 0 0 0 0 0 0 0 0 0 0 0 0 0 0 10 -4 10 -6 10 -9 10 -11 12 -13 13 -15 14 -15 16 -16 19 -17 18 -18 19 -17 18 -16 17 -15 15 -15 13 -16 11 -19 9 -22 9 -25 8 -30 11 -32 12 -34 17 -38 20 -38 22 -36 26 -32 29
CSI_META: ts=4149265889 rssi=-43 noise_floor=-98 channel=6 secondary_channel=0 sig_mode=0 mcs=0 rate=9 cwb=0 sgi=0 stbc=0 ant=0 len=128 rx_state=0 seq=-1 tx_mac=52:40:27:94:0a:bb
CSI_DATA: 28 -64 1 0 -8 -13 -3 -6 4 0 9 6 16 10 20 13 25 15 28 15 29 15 30 15 29 13 26 12 23 10 19 9 15 7 9 5 4 3 -1 1 -5 -1 -8 -3 -11 -5 -13 -7 -14 -9 -15 -11 -14 -14 0 0 0 0 0 0 0 0 0 0 0 0 0 0 0 0 0 0 0 0 0 0 3 3 4 7 4 10 3 13 3 16 2 19 1 20 1 22 0 22 -1 22 -2 20 -2 17 -2 12 -2 7 -3 0 -4 -6 -5 -12 -7 -19 -8 -26 -11 -31 -14 -35 -16 -38 -18 -40 -20 -40 -20 -37 -19 -34
CSI_META: ts=4150604368 rssi=-38 noise_floor=-98 channel=6 secondary_channel=0 sig_mode=0 mcs=0 rate=9 cwb=0 sgi=0 stbc=0 ant=0 len=128 rx_state=0 seq=-1 tx_mac=52:40:27:94:0a:bb
CSI_DATA: 28 -64 1 0 12 17 11 14 9 12 7 8 4 5 2 2 -1 -1 -4 -3 -6 -5 -8 -6 -11 -7 -12 -8 -12 -9 -13 -9 -12 -9 -11 -9 -10 -8 -9 -8 -6 -6 -5 -5 -4 -4 -3 -3 -1 -2 0 0 1 2 0 0 0 0 0 0 0 0 0 0 0 0 0 0 0 0 0 0 0 0 0 0 0 1 -1 -1 -2 -3 -3 -4 -3 -6 -4 -8 -4 -9 -4 -11 -3 -12 -3 -14 -3 -14 -2 -14 -2 -13 -2 -12 -2 -10 -2 -7 -1 -4 0 -1 1 2 3 6 4 9 6 13 7 16 10 18 11 20 12 22
CSI_META: ts=4151706996 rssi=-45 noise_floor=-98 channel=6 secondary_channel=0 sig_mode=0 mcs=0 rate=9 cwb=0 sgi=0 stbc=0 ant=0 len=128 rx_state=0 seq=-1 tx_mac=52:40:27:94:0a:bb
CSI_DATA: 28 -64 1 0 -23 34 -21 34 -19 34 -16 32 -13 29 -10 25 -7 20 -6 14 -5 9 -4 3 -3 -3 -3 -8 -3 -12 -4 -17 -4 -19 -3 -21 -3 -22 -3 -22 -2 -21 -1 -20 0 -18 0 -17 2 -14 2 -11 3 -8 0 0 0 0 0 0 0 0 0 0 0 0 0 0 0 0 0 0 0 0 0 0 -11 2 -9 0 -6 -1 -4 -2 -1 -3 2 -3 6 -3 10 -4 13 -3 17 -3 21 -3 24 -4 25 -4 26 -4 26 -5 25 -5 23 -5 20 -5 16 -4 11 -3 6 -1 1 3 -5 8 -10 12 -15 17 -18 24
CSI_META: ts=4151884861 rssi=-40 noise_floor=-98 channel=6 secondary_channel=0 sig_mode=0 mcs=0 rate=9 cwb=0 sgi=0 stbc=0 ant=0 len=128 rx_state=0 seq=-1 tx_mac=52:40:27:94:0a:bb
CSI_DATA: 28 -64 1 0 -8 23 -6 24 -5 23 -3 20 -2 18 -1 15 -1 11 -1 8 -2 5 -3 1 -3 -1 -4 -5 -6 -7 -7 -9 -7 -10 -8 -11 -8 -11 -8 -11 -7 -11 -6 -10 -5 -9 -4 -9 -3 -7 -2 -7 -1 -5 0 0 0 0 0 0 0 0 0 0 0 0 0 0 0 0 0 0 0 0 0 0 -7 0 -6 -1 -4 -1 -2 -2 -1 -2 2 -3 4 -3 6 -3 9 -4 10 -3 13 -4 14 -4 15 -4 16 -5 16 -5 15 -5 13 -5 11 -5 8 -4 6 -2 3 0 0 3 -2 7 -4 10 -6 14 -7 18
CSI_META: ts=4151885106 rssi=-45 noise_floor=-98 channel=6 secondary_channel=0 sig_mode=0 mcs=0 rate=9 cwb=0 sgi=0 stbc=0 ant=0 len=128 rx_state=0 seq=-1 tx_mac=52:40:27:94:0a:bb
CSI_DATA: 28 -64 1 0 -23 44 -19 41 -17 43 -12 36 -9 34 -7 28 -5 20 -5 13 -5 5 -6 -3 -7 -8 -9 -13 -11 -17 -13 -22 -13 -23 -14 -25 -13 -23 -13 -23 -11 -20 -10 -19 -8 -17 -6 -15 -3 -11 -1 -8 1 -4 0 0 0 0 0 0 0 0 0 0 0 0 0 0 0 0 0 0 0 0 0 0 -15 -4 -12 -5 -10 -5 -7 -5 -3 -5 1 -4 5 -3 9 -3 14 -2 19 0 24 1 27 2 30 2 32 1 31 0 32 -2 27 -2 26 -2 20 -2 15 -1 8 1 2 6 -6 12 -12 17 -17 23 -21 31
CSI_META: ts=4152207120 rssi=-44 noise_floor=-98 channel=6 secondary_channel=0 sig_mode=0 mcs=0 rate=9 cwb=0 sgi=0 stbc=0 ant=0 len=128 rx_state=0 seq=-1 tx_mac=52:40:27:94:0a:bb
CSI_DATA: 28 -64 1 0 -44 -13 -43 -10 -41 -9 -37 -6 -32 -4 -27 -3 -20 -2 -14 -1 -7 -2 -1 -3 5 -5 10 -7 14 -8 17 -9 20 -10 21 -11 21 -10 20 -9 19 -8 17 -7 16 -6 13 -4 11 -3 8 -1 4 0 0 0 0 0 0 0 0 0 0 0 0 0 0 0 0 0 0 0 0 0 0 0 -7 -12 -4 -10 -2 -8 0 -6 1 -3 3 1 4 4 5 8 6 13 8 17 9 21 10 24 11 26 12 27 12 26 12 25 12 23 11 19 8 15 5 11 0 6 -5 1 -11 -4 -18 -7 -26 -10 -32 -14
CSI_META: ts=4152207265 rssi=-44 noise_floor=-98 channel=6 secondary_channel=0 sig_mode=0 mcs=0 rate=9 cwb=0 sgi=0 stbc=0 ant=0 len=128 rx_state=0 seq=-1 tx_mac=52:40:27:94:0a:bb
CSI_DATA: 28 -64 1 0 0 -45 -1 -43 -2 -42 -3 -37 -5 -32 -4 -26 -4 -20 -2 -14 -1 -7 2 -2 4 4 7 9 9 13 12 15 13 18 13 20 12 19 12 19 10 17 9 16 7 14 5 13 2 10 1 7 -1 4 0 0 0 0 0 0 0 0 0 0 0 0 0 0 0 0 0 0 0 0 0 0 7 -11 7 -8 6 -6 4 -3 2 0 0 3 -3 6 -7 8 -9 11 -14 13 -18 15 -20 17 -22 18 -22 18 -22 19 -20 20 -18 18 -16 16 -13 13 -9 8 -6 2 -3 -4 0 -11 3 -19 4 -27 4 -34
CSI_META: ts=4152207428 rssi=-44 noise_floor=-98 channel=6 secondary_channel=0 sig_mode=0 mcs=0 rate=9 cwb=0 sgi=0 stbc=0 ant=0 len=128 rx_state=0 seq=-1 tx_mac=52:40:27:94:0a:bb
CSI_DATA: 28 -64 1 0 -3 -45 -4 -42 -5 -42 -6 -36 -7 -32 -7 -26 -6 -20 -3 -13 -1 -7 2 -1 5 3 8 8 10 11 13 15 14 16 15 18 14 17 14 17 12 16 10 15 9 14 7 12 4 10 2 7 0 4 0 0 0 0 0 0 0 0 0 0 0 0 0 0 0 0 0 0 0 0 0 0 8 -11 7 -8 6 -6 4 -3 3 0 0 3 -3 6 -7 8 -9 11 -14 14 -17 16 -19 18 -21 19 -21 20 -20 20 -20 21 -17 18 -16 17 -12 13 -9 9 -6 3 -3 -4 -1 -12 1 -19 2 -27 2 -35
CSI_META: ts=4152210888 rssi=-44 noise_floor=-98 channel=6 secondary_channel=0 sig_mode=0 mcs=0 rate=9 cwb=0 sgi=0 stbc=0 ant=0 len=128 rx_state=0 seq=-1 tx_mac=52:40:27:94:0a:bb
CSI_DATA: 28 -64 1 0 35 26 35 24 34 22 31 18 28 15 23 11 18 8 12 5 5 3 -1 2 -7 1 -12 1 -17 1 -20 0 -23 0 -24 0 -24 -1 -23 -1 -21 -2 -20 -2 -17 -3 -15 -3 -11 -4 -8 -4 -5 -3 0 0 0 0 0 0 0 0 0 0 0 0 0 0 0 0 0 0 0 0 0 0 2 12 1 10 -1 7 -2 5 -3 1 -3 -2 -3 -6 -3 -11 -3 -15 -3 -20 -3 -24 -3 -27 -3 -29 -4 -30 -4 -30 -5 -29 -5 -26 -5 -23 -4 -18 -2 -13 1 -7 5 0 8 7 14 12 19 18 24 23
CSI_META: ts=4152210997 rssi=-44 noise_floor=-98 channel=6 secondary_channel=0 sig_mode=0 mcs=0 rate=9 cwb=0 sgi=0 stbc=0 ant=0 len=128 rx_state=0 seq=-1 tx_mac=52:40:27:94:0a:bb
CSI_DATA: 28 -64 1 0 -25 37 -22 37 -19 36 -16 32 -13 29 -10 23 -7 17 -5 11 -4 4 -3 -3 -2 -9 -3 -14 -3 -18 -4 -22 -4 -24 -3 -25 -3 -24 -2 -23 -1 -21 -1 -19 0 -16 1 -13 1 -10 1 -6 1 -2 0 0 0 0 0 0 0 0 0 0 0 0 0 0 0 0 0 0 0 0 0 0 -14 4 -13 2 -10 0 -8 -1 -4 -2 -1 -3 3 -4 8 -4 12 -5 17 -4 21 -5 25 -5 27 -6 29 -6 29 -7 28 -7 25 -7 23 -7 18 -6 12 -4 6 -1 1 3 -6 9 -12 14 -17 20 -21 27
CSI_META: ts=4152211169 rssi=-44 noise_floor=-98 channel=6 secondary_channel=0 sig_mode=0 mcs=0 rate=9 cwb=0 sgi=0 stbc=0 ant=0 len=128 rx_state=0 seq=-1 tx_mac=52:40:27:94:0a:bb
CSI_DATA: 28 -64 1 0 44 -7 42 -9 40 -10 35 -10 31 -10 26 -9 20 -8 14 -6 8 -3 3 0 -2 4 -6 7 -10 10 -13 13 -14 14 -17 16 -16 15 -17 15 -16 13 -16 12 -15 10 -14 9 -12 6 -11 4 -8 2 0 0 0 0 0 0 0 0 0 0 0 0 0 0 0 0 0 0 0 0 0 0 9 5 6 5 3 4 0 2 -3 0 -6 -2 -9 -4 -12 -7 -15 -10 -18 -13 -20 -15 -22 -17 -23 -18 -24 -18 -23 -18 -23 -17 -21 -14 -18 -13 -14 -10 -8 -7 -3 -5 4 -4 11 -2 20 -1 27 -2 33 -3
CSI_META: ts=4152514928 rssi=-43 noise_floor=-98 channel=6 secondary_channel=0 sig_mode=0 mcs=0 rate=9 cwb=0 sgi=0 stbc=0 ant=0 len=128 rx_state=0 seq=-1 tx_mac=52:40:27:94:0a:bb
CSI_DATA: 28 -64 1 0 -10 -2 -13 -2 -16 -3 -18 -3 -20 -3 -21 -2 -21 -2 -21 -1 -19 0 -17 0 -15 0 -12 0 -9 -1 -6 -1 -3 -2 0 -2 3 -2 5 -2 6 -2 8 -2 9 -1 10 -1 10 0 10 1 10 3 0 0 0 0 0 0 0 0 0 0 0 0 0 0 0 0 0 0 0 0 0 0 -8 -6 -8 -7 -7 -7 -6 -7 -6 -7 -5 -7 -4 -6 -3 -5 -2 -4 0 -2 1 0 3 3 4 5 6 7 7 9 9 11 11 12 13 13 13 13 14 13 14 12 13 11 12 10 10 8 7 6 4 4
CSI_META: ts=4152929535 rssi=-43 noise_floor=-98 channel=6 secondary_channel=0 sig_mode=0 mcs=0 rate=9 cwb=0 sgi=0 stbc=0 ant=0 len=128 rx_state=0 seq=-1 tx_mac=52:40:27:94:0a:bb
CSI_DATA: 28 -64 1 0 7 0 12 7 17 12 21 16 26 18 29 19 31 19 32 17 31 15 29 14 26 12 22 10 17 8 12 7 7 6 1 5 -4 4 -8 3 -11 2 -14 1 -17 -1 -18 -2 -19 -4 -20 -5 -18 -7 0 0 0 0 0 0 0 0 0 0 0 0 0 0 0 0 0 0 0 0 0 0 -5 12 -7 14 -9 14 -11 15 -11 15 -12 15 -12 14 -11 13 -10 11 -9 8 -7 4 -4 0 -2 -5 1 -10 3 -16 4 -21 5 -27 4 -32 4 -36 2 -39 0 -40 -2 -41 -3 -38 -4 -35 -4 -30 -3 -23
CSI_META: ts=4152929680 rssi=-43 noise_floor=-98 channel=6 secondary_channel=0 sig_mode=0 mcs=0 rate=9 cwb=0 sgi=0 stbc=0 ant=0 len=128 rx_state=0 seq=-1 tx_mac=52:40:27:94:0a:bb
CSI_DATA: 28 -64 1 0 -7 5 -13 1 -22 1 -25 0 -30 -1 -34 1 -35 1 -37 4 -36 6 -32 6 -29 6 -26 5 -21 3 -17 2 -11 -1 -7 -3 -2 -4 2 -7 6 -7 9 -7 12 -8 14 -9 16 -8 17 -6 18 -4 0 0 0 0 0 0 0 0 0 0 0 0 0 0 0 0 0 0 0 0 0 0 -8 -14 -7 -15 -7 -18 -5 -18 -5 -19 -4 -17 -3 -17 -2 -16 -1 -14 -1 -11 0 -7 2 -2 4 3 6 9 7 13 12 19 13 22 19 27 19 27 22 30 24 30 26 29 28 27 25 22 21 18 16 15
CSI_META: ts=4152929807 rssi=-43 noise_floor=-98 channel=6 secondary_channel=0 sig_mode=0 mcs=0 rate=9 cwb=0 sgi=0 stbc=0 ant=0 len=128 rx_state=0 seq=-1 tx_mac=52:40:27:94:0a:bb
CSI_DATA: 28 -64 1 0 -4 8 -11 10 -18 14 -21 17 -26 22 -27 24 -27 26 -25 26 -24 26 -21 24 -18 20 -15 17 -12 12 -10 8 -6 2 -5 -3 -2 -7 -1 -11 1 -14 3 -16 4 -18 6 -19 8 -18 9 -17 11 -14 0 0 0 0 0 0 0 0 0 0 0 0 0 0 0 0 0 0 0 0 0 0 -10 -6 -11 -9 -13 -12 -13 -13 -14 -15 -13 -15 -13 -15 -12 -15 -11 -14 -10 -13 -6 -10 -3 -6 2 -3 7 1 11 4 17 8 21 9 29 11 31 10 37 10 38 9 39 7 39 6 35 4 30 3 22 2
CSI_META: ts=4152933393 rssi=-43 noise_floor=-98 channel=6 secondary_channel=0 sig_mode=0 mcs=0 rate=9 cwb=0 sgi=0 stbc=0 ant=0 len=128 rx_state=0 seq=-1 tx_mac=52:40:27:94:0a:bb
CSI_DATA: 28 -64 1 0 -5 5 -11 5 -18 7 -22 8 -26 10 -29 11 -29 13 -30 14 -28 14 -26 15 -23 13 -20 11 -17 9 -13 6 -10 3 -6 -1 -2 -3 1 -6 4 -8 6 -9 8 -10 10 -11 12 -11 14 -10 15 -8 0 0 0 0 0 0 0 0 0 0 0 0 0 0 0 0 0 0 0 0 0 0 -12 -8 -12 -10 -12 -12 -12 -13 -11 -13 -10 -14 -9 -13 -8 -12 -6 -11 -5 -9 -2 -5 1 -2 5 1 8 5 12 8 16 12 20 14 24 16 27 16 29 16 31 15 31 14 31 12 28 10 24 8 18 7
CSI_META: ts=4152933556 rssi=-43 noise_floor=-98 channel=6 secondary_channel=0 sig_mode=0 mcs=0 rate=9 cwb=0 sgi=0 stbc=0 ant=0 len=128 rx_state=0 seq=-1 tx_mac=52:40:27:94:0a:bb
CSI_DATA: 28 -64 1 0 2 7 -2 14 -6 20 -6 26 -7 31 -7 34 -6 36 -6 36 -5 35 -3 33 -3 29 -2 25 -3 20 -3 16 -3 9 -4 5 -4 -1 -5 -5 -5 -9 -4 -12 -5 -15 -4 -18 -2 -19 0 -20 3 -20 0 0 0 0 0 0 0 0 0 0 0 0 0 0 0 0 0 0 0 0 0 0 -15 4 -17 3 -18 3 -19 2 -19 1 -18 0 -18 0 -16 -1 -14 -1 -11 -2 -6 -3 -1 -3 4 -4 10 -5 16 -6 22 -7 25 -9 30 -13 32 -15 34 -18 35 -20 33 -21 32 -21 28 -20 23 -18 18 -13
CSI_META: ts=4152933728 rssi=-43 noise_floor=-98 channel=6 secondary_channel=0 sig_mode=0 mcs=0 rate=9 cwb=0 sgi=0 stbc=0 ant=0 len=128 rx_state=0 seq=-1 tx_mac=52:40:27:94:0a:bb
CSI_DATA: 28 -64 1 0 3 -7 11 -8 19 -10 23 -13 27 -15 29 -17 31 -19 31 -20 29 -21 27 -20 24 -18 20 -16 17 -13 13 -9 9 -5 6 -1 2 3 -1 6 -4 8 -7 10 -9 11 -11 12 -13 12 -16 12 -17 10 0 0 0 0 0 0 0 0 0 0 0 0 0 0 0 0 0 0 0 0 0 0 13 7 13 10 13 11 13 12 12 13 12 13 10 13 9 12 7 10 5 8 1 5 -2 1 -6 -2 -11 -6 -15 -9 -20 -13 -25 -15 -29 -16 -33 -16 -36 -16 -38 -15 -38 -13 -37 -12 -33 -9 -29 -8 -22 -7
CSI_META: ts=4155131351 rssi=-39 noise_floor=-98 channel=6 secondary_channel=0 sig_mode=0 mcs=0 rate=9 cwb=0 sgi=0 stbc=0 ant=0 len=128 rx_state=0 seq=-1 tx_mac=52:40:27:94:0a:bb
CSI_DATA: 28 -64 1 0 18 -18 16 -18 12 -17 10 -14 7 -12 6 -9 6 -5 6 -2 6 1 8 3 9 5 11 6 12 7 13 7 14 7 13 7 12 6 11 5 10 4 8 4 6 4 4 3 2 3 0 4 -2 3 0 0 0 0 0 0 0 0 0 0 0 0 0 0 0 0 0 0 0 0 0 0 -5 2 -4 1 -4 -1 -3 -3 -2 -5 -2 -7 -2 -9 -2 -11 -2 -13 -3 -14 -3 -16 -4 -16 -4 -16 -4 -15 -5 -14 -5 -13 -4 -10 -2 -9 0 -7 4 -6 7 -6 11 -6 14 -7 17 -9 20 -11 22 -14
CSI_META: ts=4155375542 rssi=-42 noise_floor=-98 channel=6 secondary_channel=0 sig_mode=0 mcs=0 rate=9 cwb=0 sgi=0 stbc=0 ant=0 len=128 rx_state=0 seq=-1 tx_mac=52:40:27:94:0a:bb
CSI_DATA: 28 -64 1 0 -8 -46 -9 -40 -9 -36 -8 -28 -6 -22 -2 -17 3 -12 8 -9 13 -8 18 -7 22 -8 24 -8 26 -9 28 -11 28 -12 26 -12 24 -11 21 -10 18 -8 15 -7 12 -5 10 -2 7 1 5 3 2 6 0 0 0 0 0 0 0 0 0 0 0 0 0 0 0 0 0 0 0 0 0 0 -2 6 -5 3 -7 1 -10 -1 -12 -3 -15 -5 -17 -7 -20 -8 -23 -10 -25 -11 -27 -11 -27 -11 -26 -9 -25 -8 -22 -7 -19 -6 -14 -7 -10 -9 -5 -11 0 -16 4 -21 5 -27 8 -35 7 -40 5 -46 2 -50
CSI_META: ts=4155468833 rssi=-42 noise_floor=-98 channel=6 secondary_channel=0 sig_mode=0 mcs=0 rate=9 cwb=0 sgi=0 stbc=0 ant=0 len=128 rx_state=0 seq=-1 tx_mac=52:40:27:94:0a:bb
CSI_DATA: 28 -64 1 0 -8 -20 -4 -14 3 -11 8 -8 14 -6 19 -6 24 -6 27 -8 29 -10 29 -12 28 -13 27 -14 24 -14 22 -13 19 -11 15 -9 12 -6 9 -3 6 0 3 3 1 5 -1 8 -3 10 -5 12 -8 13 0 0 0 0 0 0 0 0 0 0 0 0 0 0 0 0 0 0 0 0 0 0 -7 6 -10 6 -12 6 -15 6 -16 6 -18 6 -18 6 -19 6 -19 6 -19 5 -18 4 -15 2 -12 0 -9 -3 -6 -7 -4 -11 -2 -16 -1 -22 0 -26 -2 -31 -4 -35 -6 -38 -9 -41 -12 -40 -14 -39 -14 -37
CSI_META: ts=4156564575 rssi=-42 noise_floor=-98 channel=6 secondary_channel=0 sig_mode=0 mcs=0 rate=9 cwb=0 sgi=0 stbc=0 ant=0 len=128 rx_state=0 seq=-1 tx_mac=52:40:27:94:0a:bb
CSI_DATA: 28 -64 1 0 21 -37 16 -33 12 -29 10 -22 9 -15 10 -9 12 -4 15 0 18 3 22 4 25 5 27 4 28 3 28 1 28 0 25 0 22 0 18 -1 14 0 11 1 7 3 4 5 1 6 -2 8 -5 10 0 0 0 0 0 0 0 0 0 0 0 0 0 0 0 0 0 0 0 0 0 0 -9 5 -8 1 -7 -2 -6 -5 -5 -9 -5 -12 -5 -16 -5 -19 -6 -23 -6 -26 -8 -28 -9 -28 -10 -27 -10 -25 -9 -23 -9 -20 -5 -16 -1 -14 4 -13 11 -12 16 -13 22 -16 27 -21 31 -25 32 -30 32 -36
CSI_META: ts=4156680766 rssi=-42 noise_floor=-98 channel=6 secondary_channel=0 sig_mode=0 mcs=0 rate=9 cwb=0 sgi=0 stbc=0 ant=0 len=128 rx_state=0 seq=-1 tx_mac=52:40:27:94:0a:bb
CSI_DATA: 28 -64 1 0 27 -38 24 -39 21 -40 16 -38 12 -36 9 -32 6 -27 5 -22 5 -16 7 -11 9 -6 12 -2 14 1 18 3 20 4 22 5 22 5 22 5 21 4 20 4 18 4 17 4 14 4 11 5 8 5 0 0 0 0 0 0 0 0 0 0 0 0 0 0 0 0 0 0 0 0 0 0 -11 11 -11 8 -10 5 -9 2 -9 -1 -8 -4 -7 -8 -8 -12 -8 -16 -8 -20 -9 -25 -10 -27 -12 -29 -13 -30 -15 -30 -16 -29 -17 -27 -16 -25 -14 -21 -10 -18 -6 -16 0 -15 6 -16 13 -17 19 -21 24 -26
CSI_META: ts=4156680920 rssi=-42 noise_floor=-98 channel=6 secondary_channel=0 sig_mode=0 mcs=0 rate=9 cwb=0 sgi=0 stbc=0 ant=0 len=128 rx_state=0 seq=-1 tx_mac=52:40:27:94:0a:bb
CSI_DATA: 28 -64 1 0 44 -11 43 -14 40 -17 35 -19 31 -18 25 -17 20 -14 15 -10 11 -5 9 -1 8 6 8 11 8 15 9 18 10 20 11 22 11 21 10 20 10 18 9 16 7 14 5 12 3 10 1 7 -2 5 0 0 0 0 0 0 0 0 0 0 0 0 0 0 0 0 0 0 0 0 0 0 -16 9 -16 6 -15 4 -13 2 -11 0 -9 -2 -7 -5 -4 -8 -1 -11 1 -16 2 -21 3 -25 3 -29 3 -32 3 -33 1 -34 -1 -33 -3 -31 -3 -27 -2 -23 0 -18 4 -13 9 -9 16 -7 24 -5 31 -5
CSI_META: ts=4156681056 rssi=-39 noise_floor=-98 channel=6 secondary_channel=0 sig_mode=0 mcs=0 rate=9 cwb=0 sgi=0 stbc=0 ant=0 len=128 rx_state=0 seq=-1 tx_mac=52:40:27:94:0a:bb
CSI_DATA: 28 -64 1 0 -23 8 -23 9 -21 10 -19 11 -17 11 -14 9 -11 8 -9 7 -7 4 -5 1 -5 -2 -5 -5 -5 -7 -5 -10 -5 -11 -5 -12 -6 -12 -5 -12 -5 -11 -5 -10 -5 -10 -4 -8 -3 -7 -2 -6 -1 -5 0 0 0 0 0 0 0 0 0 0 0 0 0 0 0 0 0 0 0 0 0 0 5 -8 5 -7 5 -5 4 -4 4 -2 3 0 2 2 2 3 1 6 2 9 2 11 2 14 2 15 3 16 3 16 4 16 4 16 5 14 4 12 3 10 0 8 -1 5 -4 5 -8 4 -13 4 -16 4
CSI_META: ts=4157101775 rssi=-42 noise_floor=-98 channel=6 secondary_channel=0 sig_mode=0 mcs=0 rate=9 cwb=0 sgi=0 stbc=0 ant=0 len=128 rx_state=0 seq=-1 tx_mac=52:40:27:94:0a:bb
CSI_DATA: 28 -64 1 0 16 4 20 8 25 10 28 11 31 11 33 10 34 8 33 4 31 3 27 1 23 1 18 1 13 2 9 2 4 4 0 5 -4 7 -7 8 -9 9 -11 10 -12 10 -14 11 -15 10 -15 9 -15 7 0 0 0 0 0 0 0 0 0 0 0 0 0 0 0 0 0 0 0 0 0 0 -13 9 -15 8 -16 7 -17 6 -17 6 -16 5 -15 4 -14 3 -12 1 -9 -2 -5 -5 -2 -8 2 -12 5 -16 7 -20 9 -24 10 -28 10 -32 9 -34 7 -36 5 -36 3 -35 2 -32 2 -27 3 -21 4 -15
CSI_META: ts=4157685363 rssi=-39 noise_floor=-98 channel=6 secondary_channel=0 sig_mode=0 mcs=0 rate=9 cwb=0 sgi=0 stbc=0 ant=0 len=128 rx_state=0 seq=-1 tx_mac=52:40:27:94:0a:bb
CSI_DATA: 28 -64 1 0 -12 22 -10 19 -7 16 -6 12 -5 9 -4 5 -3 1 -4 -3 -4 -6 -5 -9 -6 -12 -7 -13 -7 -14 -8 -15 -8 -14 -7 -14 -6 -12 -6 -11 -4 -9 -3 -8 -2 -6 -1 -4 0 -3 1 -1 2 1 0 0 0 0 0 0 0 0 0 0 0 0 0 0 0 0 0 0 0 0 0 0 -4 -2 -2 -2 0 -2 2 -2 4 -1 7 -1 8 -1 11 -1 13 0 14 0 15 0 15 0 15 0 14 0 12 0 10 0 7 0 4 1 1 2 -3 4 -7 6 -9 10 -12 13 -14 16 -15 18 -16 21
CSI_META: ts=4158505708 rssi=-37 noise_floor=-98 channel=6 secondary_channel=0 sig_mode=0 mcs=0 rate=9 cwb=0 sgi=0 stbc=0 ant=0 len=128 rx_state=0 seq=-1 tx_mac=52:40:27:94:0a:bb
CSI_DATA: 28 -64 1 0 -13 -17 -14 -17 -14 -16 -15 -14 -15 -12 -14 -11 -13 -8 -11 -7 -8 -6 -5 -5 -3 -5 -1 -6 1 -6 3 -7 5 -8 6 -9 6 -9 5 -9 6 -8 5 -9 5 -8 5 -7 5 -6 4 -5 4 -3 0 0 0 0 0 0 0 0 0 0 0 0 0 0 0 0 0 0 0 0 0 0 5 6 5 6 3 6 3 5 1 4 0 4 -2 3 -3 2 -6 2 -8 1 -11 1 -12 1 -14 1 -15 2 -16 3 -17 4 -16 4 -15 5 -14 5 -12 5 -11 3 -9 2 -7 -2 -7 -5 -7 -8 -7 -12
CSI_META: ts=4158509544 rssi=-38 noise_floor=-98 channel=6 secondary_channel=0 sig_mode=0 mcs=0 rate=9 cwb=0 sgi=0 stbc=0 ant=0 len=128 rx_state=0 seq=-1 tx_mac=52:40:27:94:0a:bb
CSI_DATA: 28 -64 1 0 -9 18 -7 19 -6 20 -4 19 -2 18 -1 16 0 14 0 12 -1 9 -2 6 -3 4 -5 2 -6 1 -8 0 -9 -1 -11 -1 -11 -1 -11 -1 -11 -1 -11 -1 -10 -1 -9 -1 -8 -1 -7 -2 -5 -2 0 0 0 0 0 0 0 0 0 0 0 0 0 0 0 0 0 0 0 0 0 0 2 -9 2 -8 2 -7 2 -6 3 -5 3 -3 3 -1 3 0 4 3 5 5 6 7 7 9 8 10 10 11 11 11 12 11 12 10 12 9 11 7 10 6 8 6 6 5 2 6 -1 7 -3 9 -5 11
CSI_META: ts=4158509716 rssi=-37 noise_floor=-98 channel=6 secondary_channel=0 sig_mode=0 mcs=0 rate=9 cwb=0 sgi=0 stbc=0 ant=0 len=128 rx_state=0 seq=-1 tx_mac=52:40:27:94:0a:bb
CSI_DATA: 28 -64 1 0 19 -6 19 -7 19 -9 17 -10 16 -10 14 -10 11 -10 9 -9 8 -7 6 -5 5 -2 4 0 4 2 4 4 4 6 5 8 5 8 5 8 5 8 5 8 4 7 4 8 3 7 2 6 1 5 0 0 0 0 0 0 0 0 0 0 0 0 0 0 0 0 0 0 0 0 0 0 -8 3 -7 2 -7 1 -6 0 -5 -1 -4 -2 -3 -4 -2 -5 -1 -7 1 -9 1 -11 2 -13 2 -15 2 -16 1 -16 0 -17 -1 -16 -1 -16 -2 -14 -1 -13 0 -10 1 -9 3 -6 6 -5 10 -4 13 -4
CSI_META: ts=4158509879 rssi=-41 noise_floor=-98 channel=6 secondary_channel=0 sig_mode=0 mcs=0 rate=9 cwb=0 sgi=0 stbc=0 ant=0 len=128 rx_state=0 seq=-1 tx_mac=52:40:27:94:0a:bb
CSI_DATA: 28 -64 1 0 43 -9 42 -11 43 -15 38 -17 35 -18 30 -18 25 -17 20 -14 16 -10 13 -6 11 0 10 5 10 9 11 13 12 15 14 18 14 18 14 18 13 16 12 16 11 14 9 13 7 12 4 10 1 9 0 0 0 0 0 0 0 0 0 0 0 0 0 0 0 0 0 0 0 0 0 0 -19 1 -18 -1 -18 -2 -15 -3 -13 -4 -10 -5 -7 -7 -4 -8 0 -11 4 -15 7 -18 10 -22 12 -26 12 -29 11 -31 10 -35 8 -34 6 -35 4 -31 3 -28 4 -24 5 -19 9 -15 14 -10 21 -6 28 -5
CSI_META: ts=4158578676 rssi=-41 noise_floor=-98 channel=6 secondary_channel=0 sig_mode=0 mcs=0 rate=9 cwb=0 sgi=0 stbc=0 ant=0 len=128 rx_state=0 seq=-1 tx_mac=52:40:27:94:0a:bb
CSI_DATA: 28 -64 1 0 39 -17 39 -20 37 -23 34 -24 30 -25 26 -24 21 -22 17 -20 14 -15 11 -11 10 -5 10 0 10 5 11 8 12 12 13 15 14 16 14 16 13 15 13 16 12 15 11 15 10 13 7 13 5 11 0 0 0 0 0 0 0 0 0 0 0 0 0 0 0 0 0 0 0 0 0 0 -13 8 -13 6 -12 3 -10 1 -9 -1 -7 -3 -5 -6 -3 -10 -2 -13 0 -18 1 -22 1 -26 1 -29 0 -31 -1 -32 -3 -33 -5 -32 -6 -30 -6 -27 -5 -23 -2 -20 1 -16 5 -13 13 -11 20 -10 26 -10
CSI_META: ts=4159867510 rssi=-39 noise_floor=-98 channel=6 secondary_channel=0 sig_mode=0 mcs=0 rate=9 cwb=0 sgi=0 stbc=0 ant=0 len=128 rx_state=0 seq=-1 tx_mac=52:40:27:94:0a:bb
CSI_DATA: 28 -64 1 0 -12 15 -12 17 -10 18 -9 17 -7 17 -5 15 -4 13 -3 11 -3 8 -3 6 -4 3 -5 2 -6 0 -7 -2 -9 -3 -10 -3 -10 -4 -10 -4 -9 -4 -10 -4 -9 -4 -8 -4 -7 -4 -6 -4 -5 -4 0 0 0 0 0 0 0 0 0 0 0 0 0 0 0 0 0 0 0 0 0 0 3 -8 3 -7 3 -6 3 -5 3 -4 3 -2 3 -1 3 1 3 3 4 5 4 8 5 9 6 11 7 12 8 12 9 12 9 12 10 11 10 9 8 8 7 7 4 6 2 6 -2 6 -5 8 -7 10
CSI_META: ts=4160241066 rssi=-44 noise_floor=-98 channel=6 secondary_channel=0 sig_mode=0 mcs=0 rate=9 cwb=0 sgi=0 stbc=0 ant=0 len=128 rx_state=0 seq=-1 tx_mac=52:40:27:94:0a:bb
CSI_DATA: 28 -64 1 0 27 32 25 27 22 22 16 16 11 11 4 8 -3 6 -9 5 -15 5 -20 6 -23 8 -26 9 -27 10 -28 11 -26 11 -24 11 -21 9 -18 7 -14 5 -11 3 -8 0 -5 -2 -1 -5 2 -7 6 -8 0 0 0 0 0 0 0 0 0 0 0 0 0 0 0 0 0 0 0 0 0 0 -11 2 -8 -1 -5 -3 -2 -5 2 -7 6 -8 9 -10 13 -12 16 -15 18 -17 20 -19 21 -19 20 -20 19 -20 17 -18 14 -16 11 -12 9 -7 7 -1 6 6 6 13 9 21 10 28 15 33 19 37 23 40
CSI_META: ts=4161589179 rssi=-39 noise_floor=-98 channel=6 secondary_channel=0 sig_mode=0 mcs=0 rate=9 cwb=0 sgi=0 stbc=0 ant=0 len=128 rx_state=0 seq=-1 tx_mac=52:40:27:94:0a:bb
CSI_DATA: 28 -64 1 0 11 -19 9 -20 9 -20 7 -20 6 -18 4 -16 3 -14 2 -10 2 -7 2 -5 2 -1 2 1 3 4 5 6 6 7 6 8 7 8 6 8 6 8 6 8 5 7 4 7 3 6 2 5 1 4 0 0 0 0 0 0 0 0 0 0 0 0 0 0 0 0 0 0 0 0 0 0 5 4 4 5 3 4 2 4 0 3 -2 2 -3 1 -4 0 -6 -1 -8 -3 -10 -4 -12 -4 -13 -5 -15 -5 -15 -5 -16 -5 -15 -4 -15 -4 -13 -2 -10 -2 -7 -3 -4 -4 -1 -5 2 -7 6 -9 8 -13
CSI_META: ts=4161832825 rssi=-43 noise_floor=-98 channel=6 secondary_channel=0 sig_mode=0 mcs=0 rate=9 cwb=0 sgi=0 stbc=0 ant=0 len=128 rx_state=0 seq=-1 tx_mac=52:40:27:94:0a:bb
CSI_DATA: 28 -64 1 0 15 -18 18 -20 20 -23 19 -25 18 -27 16 -28 13 -28 11 -27 8 -25 6 -22 5 -18 5 -13 5 -9 7 -6 9 -3 11 0 12 2 14 3 14 3 15 4 15 4 15 4 14 4 13 5 11 5 0 0 0 0 0 0 0 0 0 0 0 0 0 0 0 0 0 0 0 0 0 0 -14 2 -15 1 -16 0 -16 0 -16 -1 -15 -1 -14 -2 -13 -3 -12 -4 -10 -6 -7 -9 -5 -12 -3 -15 -2 -18 -1 -21 -2 -26 -3 -28 -5 -30 -7 -30 -9 -30 -11 -29 -11 -27 -11 -25 -8 -22 -5 -19 0 -18
CSI_META: ts=4161832979 rssi=-43 noise_floor=-98 channel=6 secondary_channel=0 sig_mode=0 mcs=0 rate=9 cwb=0 sgi=0 stbc=0 ant=0 len=128 rx_state=0 seq=-1 tx_mac=52:40:27:94:0a:bb
CSI_DATA: 28 -64 1 0 24 -12 25 -11 32 -14 30 -15 32 -17 30 -20 28 -21 24 -22 22 -23 17 -20 14 -16 11 -12 10 -8 10 -5 9 -1 10 4 10 5 11 8 11 9 12 11 12 11 13 12 12 12 11 12 9 11 0 0 0 0 0 0 0 0 0 0 0 0 0 0 0 0 0 0 0 0 0 0 -16 -4 -16 -5 -17 -7 -15 -7 -16 -8 -14 -7 -12 -8 -10 -8 -8 -9 -5 -11 -1 -13 2 -15 5 -17 8 -20 9 -22 11 -28 10 -29 9 -34 7 -33 5 -35 4 -34 1 -32 1 -31 2 -26 5 -21 8 -17
CSI_META: ts=4161833151 rssi=-43 noise_floor=-98 channel=6 secondary_channel=0 sig_mode=0 mcs=0 rate=9 cwb=0 sgi=0 stbc=0 ant=0 len=128 rx_state=0 seq=-1 tx_mac=52:40:27:94:0a:bb
CSI_DATA: 28 -64 1 0 -23 -15 -25 -17 -28 -20 -31 -19 -33 -18 -34 -17 -33 -13 -31 -10 -29 -7 -25 -4 -21 -4 -17 -4 -12 -5 -9 -8 -5 -10 -3 -12 0 -14 1 -16 2 -16 3 -18 3 -18 2 -19 2 -18 3 -17 4 -15 0 0 0 0 0 0 0 0 0 0 0 0 0 0 0 0 0 0 0 0 0 0 5 14 4 15 3 16 2 17 2 16 1 15 0 14 -2 13 -4 11 -6 10 -9 8 -12 6 -17 4 -21 4 -24 4 -28 5 -31 6 -33 9 -33 12 -33 13 -32 14 -29 14 -26 14 -23 12 -21 8 -19 1
CSI_META: ts=4163600875 rssi=-38 noise_floor=-98 channel=6 secondary_channel=0 sig_mode=0 mcs=0 rate=9 cwb=0 sgi=0 stbc=0 ant=0 len=128 rx_state=0 seq=-1 tx_mac=52:40:27:94:0a:bb
CSI_DATA: 28 -64 1 0 -1 -16 2 -10 6 -5 11 0 16 3 19 5 23 5 26 5 28 3 29 2 28 2 26 0 24 -1 21 0 18 0 13 0 9 1 5 2 2 3 -2 4 -5 4 -8 5 -10 6 -12 6 -14 4 0 0 0 0 0 0 0 0 0 0 0 0 0 0 0 0 0 0 0 0 0 0 -5 7 -9 7 -11 7 -14 8 -14 8 -16 8 -16 8 -17 8 -17 7 -17 6 -15 4 -13 3 -9 0 -6 -4 -4 -7 -1 -12 1 -16 3 -21 3 -26 4 -30 2 -34 1 -37 -1 -38 -3 -39 -5 -36 -7 -34
CSI_META: ts=4163877813 rssi=-38 noise_floor=-98 channel=6 secondary_channel=0 sig_mode=0 mcs=0 rate=9 cwb=0 sgi=0 stbc=0 ant=0 len=128 rx_state=0 seq=-1 tx_mac=52:40:27:94:0a:bb
CSI_DATA: 28 -64 1 0 -20 26 -20 29 -19 31 -16 31 -14 31 -12 30 -8 26 -8 23 -6 19 -6 13 -5 8 -6 3 -8 -1 -9 -5 -11 -8 -12 -10 -13 -12 -13 -13 -13 -13 -13 -13 -12 -13 -11 -13 -10 -12 -7 -12 -5 -11 0 0 0 0 0 0 0 0 0 0 0 0 0 0 0 0 0 0 0 0 0 0 -5 -14 -3 -14 -3 -13 -2 -11 0 -9 1 -7 3 -5 4 -2 6 2 8 5 11 8 13 11 16 13 19 15 21 16 23 15 24 15 25 13 24 10 22 8 18 7 14 7 9 7 2 8 -3 10 -9 14
CSI_META: ts=4165401662 rssi=-41 noise_floor=-98 channel=6 secondary_channel=0 sig_mode=0 mcs=0 rate=9 cwb=0 sgi=0 stbc=0 ant=0 len=128 rx_state=0 seq=-1 tx_mac=52:40:27:94:0a:bb
CSI_DATA: 28 -64 1 0 -43 20 -37 20 -31 19 -25 16 -19 12 -15 6 -11 0 -9 -5 -9 -11 -9 -16 -11 -20 -12 -23 -14 -25 -16 -26 -16 -25 -16 -25 -15 -22 -14 -19 -11 -16 -9 -14 -7 -12 -4 -10 -1 -7 2 -5 5 -2 0 0 0 0 0 0 0 0 0 0 0 0 0 0 0 0 0 0 0 0 0 0 6 -4 5 -1 4 3 3 6 2 9 1 12 1 16 0 19 0 22 0 26 1 27 2 28 3 27 3 26 3 23 2 19 1 15 -2 12 -7 8 -13 5 -19 3 -26 2 -32 2 -39 4 -45 8 -47 11
CSI_META: ts=4167165972 rssi=-37 noise_floor=-98 channel=6 secondary_channel=0 sig_mode=0 mcs=0 rate=9 cwb=0 sgi=0 stbc=0 ant=0 len=128 rx_state=0 seq=-1 tx_mac=52:40:27:94:0a:bb
CSI_DATA: 28 -64 1 0 -1 10 -2 12 -3 14 -2 15 -1 17 0 17 1 17 2 16 3 14 3 13 3 11 2 8 1 7 -1 5 -2 3 -4 2 -5 1 -7 1 -7 0 -8 0 -9 0 -9 -1 -9 -1 -9 -2 -9 -2 0 0 0 0 0 0 0 0 0 0 0 0 0 0 0 0 0 0 0 0 0 0 1 -8 2 -8 3 -8 3 -8 3 -8 3 -7 3 -7 3 -6 4 -4 3 -3 4 -1 5 1 5 3 7 5 8 6 9 8 11 9 13 9 14 8 16 7 16 6 15 5 14 4 12 4 10 4 7 5
CSI_META: ts=4167166127 rssi=-37 noise_floor=-98 channel=6 secondary_channel=0 sig_mode=0 mcs=0 rate=9 cwb=0 sgi=0 stbc=0 ant=0 len=128 rx_state=0 seq=-1 tx_mac=52:40:27:94:0a:bb
CSI_DATA: 28 -64 1 0 -4 9 -6 10 -8 13 -8 13 -8 14 -7 15 -6 16 -5 16 -4 15 -2 14 -2 12 -2 10 -2 8 -2 6 -3 4 -4 2 -4 0 -5 -1 -6 -2 -7 -3 -7 -4 -8 -4 -8 -5 -8 -5 -7 -6 0 0 0 0 0 0 0 0 0 0 0 0 0 0 0 0 0 0 0 0 0 0 4 -7 4 -7 5 -7 4 -6 5 -6 5 -5 4 -4 4 -3 4 -2 4 0 4 2 4 4 4 6 4 8 5 9 7 11 8 11 10 13 10 12 12 12 12 11 12 10 12 9 10 8 7 7 5 7
CSI_META: ts=4167166261 rssi=-41 noise_floor=-98 channel=6 secondary_channel=0 sig_mode=0 mcs=0 rate=9 cwb=0 sgi=0 stbc=0 ant=0 len=128 rx_state=0 seq=-1 tx_mac=52:40:27:94:0a:bb
CSI_DATA: 28 -64 1 0 15 12 17 16 19 18 22 20 25 20 26 19 27 17 27 13 26 11 23 8 20 7 16 6 12 6 8 6 4 7 1 8 -2 9 -4 10 -6 11 -7 13 -8 13 -9 13 -10 13 -10 13 -11 11 0 0 0 0 0 0 0 0 0 0 0 0 0 0 0 0 0 0 0 0 0 0 -7 -12 -6 -14 -5 -15 -5 -15 -4 -15 -4 -15 -3 -14 -2 -13 0 -11 2 -10 5 -8 8 -6 12 -4 16 -3 20 -4 23 -4 26 -5 28 -8 30 -10 30 -13 29 -14 27 -15 24 -15 22 -13 19 -10 16 -6
CSI_META: ts=4167169967 rssi=-37 noise_floor=-98 channel=6 secondary_channel=0 sig_mode=0 mcs=0 rate=9 cwb=0 sgi=0 stbc=0 ant=0 len=128 rx_state=0 seq=-1 tx_mac=52:40:27:94:0a:bb
CSI_DATA: 28 -64 1 0 -6 -9 -6 -11 -6 -14 -8 -15 -8 -15 -10 -16 -10 -15 -11 -13 -11 -13 -11 -11 -10 -9 -8 -7 -7 -6 -5 -6 -2 -5 0 -5 2 -4 3 -4 5 -4 6 -4 6 -4 7 -4 7 -4 8 -3 8 -3 0 0 0 0 0 0 0 0 0 0 0 0 0 0 0 0 0 0 0 0 0 0 3 7 2 7 1 7 1 7 1 7 0 6 0 6 -1 5 -2 4 -3 3 -5 2 -6 1 -8 0 -10 -1 -12 -2 -14 -2 -16 -1 -17 -1 -17 0 -18 2 -17 3 -16 3 -15 3 -13 3 -11 2 -9 -1
CSI_META: ts=4167170121 rssi=-40 noise_floor=-98 channel=6 secondary_channel=0 sig_mode=0 mcs=0 rate=9 cwb=0 sgi=0 stbc=0 ant=0 len=128 rx_state=0 seq=-1 tx_mac=52:40:27:94:0a:bb
CSI_DATA: 28 -64 1 0 19 -11 24 -11 28 -13 31 -15 32 -17 31 -19 29 -21 25 -22 21 -22 17 -20 14 -16 12 -12 10 -8 10 -3 9 1 10 5 10 8 11 11 11 12 11 13 11 13 11 13 11 14 9 13 7 13 0 0 0 0 0 0 0 0 0 0 0 0 0 0 0 0 0 0 0 0 0 0 -14 0 -15 -2 -16 -3 -17 -4 -17 -4 -17 -4 -16 -5 -16 -5 -14 -6 -11 -7 -9 -8 -5 -10 -1 -13 2 -16 5 -20 6 -25 6 -29 5 -32 4 -35 2 -36 0 -36 -2 -35 -4 -32 -4 -29 -2 -24 2 -20
CSI_META: ts=4167170284 rssi=-41 noise_floor=-98 channel=6 secondary_channel=0 sig_mode=0 mcs=0 rate=9 cwb=0 sgi=0 stbc=0 ant=0 len=128 rx_state=0 seq=-1 tx_mac=52:40:27:94:0a:bb
CSI_DATA: 28 -64 1 0 1 -22 4 -26 6 -31 5 -34 4 -36 1 -37 -1 -36 -3 -34 -5 -31 -6 -28 -6 -23 -4 -19 -2 -15 1 -11 5 -8 8 -6 11 -4 13 -3 15 -2 16 -2 17 -2 18 -2 17 -1 17 0 15 1 0 0 0 0 0 0 0 0 0 0 0 0 0 0 0 0 0 0 0 0 0 0 -8 11 -11 11 -12 12 -12 12 -13 11 -13 11 -13 9 -12 8 -12 6 -11 3 -11 0 -11 -5 -11 -9 -12 -13 -14 -17 -17 -21 -20 -23 -23 -24 -26 -23 -29 -22 -30 -20 -30 -17 -28 -16 -25 -14 -21 -13 -14 -14
CSI_META: ts=4167388331 rssi=-38 noise_floor=-98 channel=6 secondary_channel=0 sig_mode=0 mcs=0 rate=9 cwb=0 sgi=0 stbc=0 ant=0 len=128 rx_state=0 seq=-1 tx_mac=52:40:27:94:0a:bb
CSI_DATA: 28 -64 1 0 12 -7 13 -8 14 -9 14 -10 14 -11 12 -12 11 -12 9 -13 8 -11 7 -10 6 -8 5 -6 5 -4 6 -3 7 -2 7 0 8 0 8 1 8 1 8 1 8 1 8 1 7 1 7 2 6 2 0 0 0 0 0 0 0 0 0 0 0 0 0 0 0 0 0 0 0 0 0 0 -5 -6 -5 -7 -4 -7 -4 -8 -3 -7 -4 -8 -3 -8 -2 -7 -2 -7 0 -7 1 -7 3 -8 4 -8 6 -8 7 -10 8 -11 8 -12 8 -14 7 -15 7 -15 5 -15 4 -15 4 -14 5 -13 6 -11 7 -10
CSI_META: ts=4167388585 rssi=-41 noise_floor=-98 channel=6 secondary_channel=0 sig_mode=0 mcs=0 rate=9 cwb=0 sgi=0 stbc=0 ant=0 len=128 rx_state=0 seq=-1 tx_mac=52:40:27:94:0a:bb
CSI_DATA: 28 -64 1 0 -24 -15 -25 -17 -26 -17 -29 -17 -30 -15 -30 -13 -30 -10 -28 -8 -26 -5 -24 -4 -21 -3 -18 -4 -15 -5 -12 -7 -10 -8 -9 -10 -7 -12 -7 -13 -6 -14 -6 -15 -6 -15 -6 -15 -6 -15 -5 -15 -3 -14 0 0 0 0 0 0 0 0 0 0 0 0 0 0 0 0 0 0 0 0 0 0 -8 11 -9 10 -10 10 -10 9 -10 8 -11 7 -11 6 -11 4 -12 2 -13 0 -15 -2 -16 -4 -18 -6 -21 -7 -23 -7 -25 -8 -27 -7 -29 -5 -30 -3 -30 -2 -30 0 -28 0 -26 0 -25 0 -23 -2 -22 -6
CSI_META: ts=4168678448 rssi=-38 noise_floor=-98 channel=6 secondary_channel=0 sig_mode=0 mcs=0 rate=9 cwb=0 sgi=0 stbc=0 ant=0 len=128 rx_state=0 seq=-1 tx_mac=52:40:27:94:0a:bb
CSI_DATA: 28 -64 1 0 -13 5 -15 6 -16 7 -16 8 -16 10 -15 10 -12 11 -11 11 -9 9 -8 8 -7 6 -6 4 -5 2 -5 0 -6 -2 -6 -4 -6 -4 -7 -6 -7 -6 -8 -6 -7 -6 -7 -6 -7 -6 -6 -6 -5 -6 0 0 0 0 0 0 0 0 0 0 0 0 0 0 0 0 0 0 0 0 0 0 7 0 8 1 7 1 7 2 7 2 7 2 6 3 5 3 4 4 2 4 1 5 -1 6 -2 8 -4 9 -4 11 -5 13 -4 15 -4 16 -3 16 -2 16 0 16 0 14 0 13 -1 11 -3 9 -5 7
CSI_META: ts=4168825951 rssi=-38 noise_floor=-98 channel=6 secondary_channel=0 sig_mode=0 mcs=0 rate=9 cwb=0 sgi=0 stbc=0 ant=0 len=128 rx_state=0 seq=-1 tx_mac=52:40:27:94:0a:bb
CSI_DATA: 28 -64 1 0 -10 10 -12 11 -13 12 -12 13 -11 15 -10 15 -8 15 -6 14 -5 13 -4 11 -4 9 -4 6 -5 4 -6 2 -7 1 -8 0 -9 -1 -9 -2 -9 -2 -10 -2 -10 -2 -10 -2 -9 -2 -8 -2 -7 -3 0 0 0 0 0 0 0 0 0 0 0 0 0 0 0 0 0 0 0 0 0 0 7 -1 7 0 7 0 7 1 7 1 7 1 6 2 6 2 5 3 4 4 3 5 2 6 0 8 -1 9 -1 11 -1 14 -1 15 0 16 1 16 2 17 4 16 4 15 4 13 3 12 1 10 -2 10
CSI_META: ts=4168883248 rssi=-41 noise_floor=-98 channel=6 secondary_channel=0 sig_mode=0 mcs=0 rate=9 cwb=0 sgi=0 stbc=0 ant=0 len=128 rx_state=0 seq=-1 tx_mac=52:40:27:94:0a:bb
CSI_DATA: 28 -64 1 0 10 -18 14 -13 19 -11 23 -9 27 -9 30 -10 32 -13 32 -16 31 -18 29 -20 26 -20 23 -19 19 -17 16 -15 14 -12 11 -7 10 -3 9 1 8 4 8 7 8 10 8 12 8 14 8 16 7 17 0 0 0 0 0 0 0 0 0 0 0 0 0 0 0 0 0 0 0 0 0 0 -13 -7 -13 -9 -14 -11 -14 -13 -14 -14 -15 -14 -14 -15 -14 -15 -13 -15 -11 -15 -9 -15 -6 -14 -1 -14 3 -15 7 -16 10 -19 14 -23 16 -27 17 -31 17 -35 16 -38 13 -41 11 -42 8 -42 6 -39 4 -35
CSI_META: ts=4168883411 rssi=-41 noise_floor=-98 channel=6 secondary_channel=0 sig_mode=0 mcs=0 rate=9 cwb=0 sgi=0 stbc=0 ant=0 len=128 rx_state=0 seq=-1 tx_mac=52:40:27:94:0a:bb
CSI_DATA: 28 -64 1 0 -10 -16 -5 -17 -1 -19 2 -22 4 -25 5 -28 4 -30 2 -32 -1 -32 -4 -31 -6 -29 -7 -27 -6 -24 -4 -20 -3 -17 -1 -12 2 -10 4 -7 6 -5 8 -4 11 -2 12 -2 14 -1 16 0 16 1 0 0 0 0 0 0 0 0 0 0 0 0 0 0 0 0 0 0 0 0 0 0 -9 8 -12 8 -14 7 -16 7 -16 6 -17 7 -16 6 -17 5 -16 4 -15 4 -15 2 -13 -1 -12 -4 -11 -8 -11 -13 -12 -17 -13 -21 -15 -23 -19 -26 -21 -28 -25 -28 -27 -28 -30 -24 -31 -21 -30 -18 -27 -16
CSI_META: ts=4168883583 rssi=-41 noise_floor=-98 channel=6 secondary_channel=0 sig_mode=0 mcs=0 rate=9 cwb=0 sgi=0 stbc=0 ant=0 len=128 rx_state=0 seq=-1 tx_mac=52:40:27:94:0a:bb
CSI_DATA: 28 -64 1 0 -18 10 -20 4 -22 -1 -26 -4 -30 -5 -33 -5 -36 -3 -36 0 -36 1 -35 2 -33 3 -29 4 -25 5 -21 5 -17 3 -13 0 -10 -4 -8 -6 -6 -9 -5 -12 -4 -14 -3 -17 -2 -18 -1 -19 0 -20 0 0 0 0 0 0 0 0 0 0 0 0 0 0 0 0 0 0 0 0 0 0 6 11 6 13 5 15 4 17 4 18 4 19 4 19 5 19 4 19 2 18 -1 17 -3 15 -6 13 -10 10 -14 10 -18 10 -23 11 -27 13 -31 17 -32 22 -32 26 -31 30 -30 31 -29 31 -26 30 -22 28
CSI_META: ts=4169123232 rssi=-41 noise_floor=-98 channel=6 secondary_channel=0 sig_mode=0 mcs=0 rate=9 cwb=0 sgi=0 stbc=0 ant=0 len=128 rx_state=0 seq=-1 tx_mac=52:40:27:94:0a:bb
CSI_DATA: 28 -64 1 0 -8 -46 -10 -46 -12 -46 -14 -42 -16 -38 -16 -34 -14 -28 -12 -22 -9 -17 -4 -12 0 -8 6 -5 10 -2 15 0 19 1 21 2 22 2 23 2 22 2 21 2 20 2 19 3 16 3 13 4 9 4 0 0 0 0 0 0 0 0 0 0 0 0 0 0 0 0 0 0 0 0 0 0 15 3 13 4 11 5 8 5 5 5 1 5 -3 5 -8 5 -12 5 -17 5 -23 5 -27 5 -30 7 -32 8 -33 9 -34 11 -32 11 -30 12 -26 11 -22 9 -18 6 -13 0 -9 -7 -6 -13 -4 -21 -3 -30
CSI_META: ts=4169127563 rssi=-37 noise_floor=-98 channel=6 secondary_channel=0 sig_mode=0 mcs=0 rate=9 cwb=0 sgi=0 stbc=0 ant=0 len=128 rx_state=0 seq=-1 tx_mac=52:40:27:94:0a:bb
CSI_DATA: 28 -64 1 0 -16 15 -16 16 -14 17 -13 17 -11 16 -9 14 -6 12 -5 9 -4 6 -4 3 -3 0 -3 -4 -4 -6 -4 -8 -5 -10 -4 -11 -5 -11 -5 -11 -4 -11 -4 -10 -4 -10 -3 -9 -2 -8 -1 -6 -1 -5 0 0 0 0 0 0 0 0 0 0 0 0 0 0 0 0 0 0 0 0 0 0 -6 -7 -5 -7 -4 -6 -3 -6 -2 -5 0 -4 1 -2 3 -1 4 1 6 3 8 5 10 6 12 6 13 7 14 7 14 7 14 6 14 6 13 4 11 4 8 3 4 3 1 4 -3 5 -7 7 -10 9
CSI_META: ts=4170274211 rssi=-41 noise_floor=-98 channel=6 secondary_channel=0 sig_mode=0 mcs=0 rate=9 cwb=0 sgi=0 stbc=0 ant=0 len=128 rx_state=0 seq=-1 tx_mac=52:40:27:94:0a:bb
CSI_DATA: 28 -64 1 0 -10 13 -9 5 -10 -1 -12 -8 -15 -13 -19 -16 -22 -18 -24 -19 -27 -18 -28 -17 -28 -15 -27 -13 -24 -11 -21 -9 -17 -7 -12 -6 -8 -5 -4 -5 0 -4 3 -4 7 -4 10 -4 12 -4 14 -3 15 -2 0 0 0 0 0 0 0 0 0 0 0 0 0 0 0 0 0 0 0 0 0 0 9 -3 12 -1 14 0 16 1 18 3 18 4 19 5 19 5 19 6 17 6 15 6 12 7 7 7 2 7 -3 9 -8 10 -13 13 -17 17 -20 21 -23 25 -24 29 -23 32 -22 35 -20 36 -18 35 -14 32
CSI_META: ts=4170321000 rssi=-37 noise_floor=-98 channel=6 secondary_channel=0 sig_mode=0 mcs=0 rate=9 cwb=0 sgi=0 stbc=0 ant=0 len=128 rx_state=0 seq=-1 tx_mac=52:40:27:94:0a:bb
CSI_DATA: 28 -64 1 0 9 -7 4 -1 0 4 -3 10 -5 15 -6 19 -7 22 -7 24 -6 26 -5 27 -4 26 -3 25 -2 21 -2 20 -1 15 -2 12 -1 8 -1 4 -1 0 -1 -2 0 -5 -1 -8 0 -10 2 -11 4 -12 0 0 0 0 0 0 0 0 0 0 0 0 0 0 0 0 0 0 0 0 0 0 -9 5 -12 5 -15 5 -16 4 -18 2 -18 2 -19 0 -19 0 -18 -1 -16 -2 -14 -2 -9 -3 -5 -4 -1 -5 5 -5 10 -6 15 -7 20 -10 23 -12 28 -14 30 -16 31 -19 31 -20 29 -21 28 -21 24 -20
CSI_META: ts=4170565993 rssi=-41 noise_floor=-98 channel=6 secondary_channel=0 sig_mode=0 mcs=0 rate=9 cwb=0 sgi=0 stbc=0 ant=0 len=128 rx_state=0 seq=-1 tx_mac=52:40:27:94:0a:bb
CSI_DATA: 28 -64 1 0 17 -31 13 -24 11 -18 10 -11 11 -4 13 1 16 5 20 8 23 10 26 10 27 9 28 8 28 7 27 5 24 4 20 3 16 3 12 3 9 3 5 4 2 6 -2 7 -5 8 -7 9 -10 9 0 0 0 0 0 0 0 0 0 0 0 0 0 0 0 0 0 0 0 0 0 0 -6 2 -6 -2 -7 -6 -8 -9 -8 -13 -9 -16 -9 -18 -11 -21 -12 -23 -13 -25 -14 -25 -14 -23 -13 -21 -11 -19 -8 -16 -5 -13 1 -11 7 -11 13 -11 19 -13 25 -16 29 -21 32 -26 33 -30 32 -34 29 -37
CSI_META: ts=4170566088 rssi=-42 noise_floor=-98 channel=6 secondary_channel=0 sig_mode=0 mcs=0 rate=9 cwb=0 sgi=0 stbc=0 ant=0 len=128 rx_state=0 seq=-1 tx_mac=52:40:27:94:0a:bb
CSI_DATA: 28 -64 1 0 -37 0 -28 0 -22 -2 -15 -4 -10 -8 -7 -13 -3 -17 -3 -21 -3 -26 -4 -28 -5 -29 -7 -29 -7 -28 -9 -28 -8 -23 -8 -22 -6 -17 -4 -14 -1 -11 1 -8 3 -6 6 -4 8 -1 10 1 12 3 0 0 0 0 0 0 0 0 0 0 0 0 0 0 0 0 0 0 0 0 0 0 4 3 1 6 -2 9 -4 11 -7 14 -9 15 -11 17 -12 19 -13 22 -14 24 -13 23 -12 22 -11 20 -10 18 -9 13 -9 8 -10 2 -13 -2 -16 -6 -22 -11 -26 -14 -33 -14 -39 -16 -43 -14 -47 -11 -46 -8
CSI_META: ts=4170863298 rssi=-42 noise_floor=-98 channel=6 secondary_channel=0 sig_mode=0 mcs=0 rate=9 cwb=0 sgi=0 stbc=0 ant=0 len=128 rx_state=0 seq=-1 tx_mac=52:40:27:94:0a:bb
CSI_DATA: 28 -64 1 0 -28 2 -29 2 -30 2 -31 3 -31 5 -31 6 -29 8 -27 10 -25 10 -22 10 -20 9 -18 7 -16 5 -14 3 -14 0 -14 -2 -13 -4 -14 -5 -13 -6 -14 -6 -14 -7 -14 -7 -13 -8 -13 -8 -11 -9 0 0 0 0 0 0 0 0 0 0 0 0 0 0 0 0 0 0 0 0 0 0 -3 14 -5 14 -6 14 -7 14 -7 14 -7 13 -8 13 -9 12 -10 11 -12 10 -13 8 -15 6 -18 5 -20 4 -23 5 -25 5 -27 7 -29 9 -29 11 -29 14 -28 15 -27 16 -26 16 -25 14 -24 13 -23 10
CSI_META: ts=4170863394 rssi=-42 noise_floor=-98 channel=6 secondary_channel=0 sig_mode=0 mcs=0 rate=9 cwb=0 sgi=0 stbc=0 ant=0 len=128 rx_state=0 seq=-1 tx_mac=52:40:27:94:0a:bb
CSI_DATA: 28 -64 1 0 25 15 26 17 26 18 29 18 30 16 31 14 31 12 30 9 28 6 25 5 23 4 20 4 17 5 14 6 12 8 11 10 9 12 8 12 8 13 8 14 8 14 7 15 6 15 5 15 4 14 0 0 0 0 0 0 0 0 0 0 0 0 0 0 0 0 0 0 0 0 0 0 12 -10 14 -10 15 -9 16 -9 15 -8 16 -7 15 -6 15 -6 16 -4 16 -1 17 1 17 4 18 7 20 10 23 11 24 12 28 13 30 11 33 10 35 8 35 6 34 4 32 3 31 3 29 4 27 7
CSI_META: ts=4172417488 rssi=-37 noise_floor=-98 channel=6 secondary_channel=0 sig_mode=0 mcs=0 rate=9 cwb=0 sgi=0 stbc=0 ant=0 len=128 rx_state=0 seq=-1 tx_mac=52:40:27:94:0a:bb
CSI_DATA: 28 -64 1 0 13 -18 12 -19 10 -20 8 -19 6 -18 4 -17 3 -14 2 -12 3 -9 2 -7 4 -4 5 -2 6 0 8 1 9 2 10 2 10 2 10 2 10 2 9 2 9 2 8 2 7 2 5 2 4 2 0 0 0 0 0 0 0 0 0 0 0 0 0 0 0 0 0 0 0 0 0 0 -6 5 -6 5 -6 3 -5 2 -5 1 -5 -1 -4 -3 -4 -5 -4 -6 -4 -9 -5 -11 -5 -13 -6 -14 -6 -15 -7 -15 -8 -15 -9 -14 -9 -13 -8 -11 -7 -10 -5 -9 -2 -8 0 -8 4 -8 7 -10 10 -12
CSI_META: ts=4172666110 rssi=-38 noise_floor=-98 channel=6 secondary_channel=0 sig_mode=0 mcs=0 rate=9 cwb=0 sgi=0 stbc=0 ant=0 len=128 rx_state=0 seq=-1 tx_mac=52:40:27:94:0a:bb
CSI_DATA: 28 -64 1 0 -6 -11 -4 -10 -1 -10 0 -10 2 -11 3 -12 3 -13 3 -14 2 -15 1 -16 0 -16 -1 -15 -2 -13 -2 -13 -2 -11 -1 -9 0 -7 0 -6 2 -5 2 -4 3 -3 4 -2 6 -2 7 -1 7 -1 0 0 0 0 0 0 0 0 0 0 0 0 0 0 0 0 0 0 0 0 0 0 -6 -1 -7 -2 -7 -3 -8 -4 -8 -5 -8 -5 -8 -5 -9 -6 -9 -6 -9 -6 -8 -6 -7 -6 -5 -6 -4 -7 -3 -8 -2 -9 -2 -11 -1 -13 -1 -14 -2 -16 -3 -18 -5 -19 -6 -19 -8 -19 -9 -18 -10 -17
CSI_META: ts=4172666255 rssi=-38 noise_floor=-98 channel=6 secondary_channel=0 sig_mode=0 mcs=0 rate=9 cwb=0 sgi=0 stbc=0 ant=0 len=128 rx_state=0 seq=-1 tx_mac=52:40:27:94:0a:bb
CSI_DATA: 28 -64 1 0 11 2 9 3 7 5 7 7 6 8 6 10 8 11 8 12 10 11 10 10 10 9 10 8 10 6 9 6 7 5 6 4 3 4 2 4 0 4 -1 5 -2 5 -3 6 -3 6 -5 6 -5 6 0 0 0 0 0 0 0 0 0 0 0 0 0 0 0 0 0 0 0 0 0 0 2 -4 4 -4 5 -4 6 -3 7 -3 8 -3 8 -3 9 -3 9 -3 9 -4 9 -3 8 -3 8 -2 7 -1 7 1 7 2 7 4 9 6 10 7 12 8 14 8 16 8 17 7 19 5 19 4 18 3
CSI_META: ts=4173096833 rssi=-41 noise_floor=-98 channel=6 secondary_channel=0 sig_mode=0 mcs=0 rate=9 cwb=0 sgi=0 stbc=0 ant=0 len=128 rx_state=0 seq=-1 tx_mac=52:40:27:94:0a:bb
CSI_DATA: 28 -64 1 0 -19 -13 -13 -12 -5 -14 0 -16 4 -18 6 -22 8 -25 8 -28 6 -31 4 -32 2 -31 0 -29 -1 -27 -2 -24 -2 -20 -1 -16 1 -11 2 -8 4 -4 6 -2 8 0 10 2 12 4 13 6 14 8 0 0 0 0 0 0 0 0 0 0 0 0 0 0 0 0 0 0 0 0 0 0 -4 7 -8 7 -10 7 -13 8 -15 8 -17 8 -18 9 -19 9 -20 10 -20 9 -19 8 -17 6 -15 4 -13 1 -11 -3 -11 -8 -11 -13 -12 -18 -15 -22 -18 -26 -22 -28 -26 -29 -30 -29 -33 -27 -34 -24 -33 -22
CSI_META: ts=4174809514 rssi=-40 noise_floor=-98 channel=6 secondary_channel=0 sig_mode=0 mcs=0 rate=9 cwb=0 sgi=0 stbc=0 ant=0 len=128 rx_state=0 seq=-1 tx_mac=52:40:27:94:0a:bb
CSI_DATA: 28 -64 1 0 -18 20 -16 20 -14 20 -13 18 -10 17 -8 14 -6 11 -5 8 -3 3 -2 0 -1 -4 -1 -7 -1 -8 -1 -11 -1 -13 -1 -14 0 -15 -1 -13 0 -13 0 -12 0 -11 1 -10 1 -8 1 -7 1 -4 0 0 0 0 0 0 0 0 0 0 0 0 0 0 0 0 0 0 0 0 0 0 -8 0 -7 -2 -4 -2 -2 -2 0 -2 2 -2 4 -2 7 -2 10 -1 13 0 15 0 16 0 18 0 18 0 18 0 17 -1 15 -1 13 -1 10 -1 6 0 2 1 -2 2 -5 6 -10 8 -12 11 -15 14
CSI_META: ts=4175066166 rssi=-40 noise_floor=-98 channel=6 secondary_channel=0 sig_mode=0 mcs=0 rate=9 cwb=0 sgi=0 stbc=0 ant=0 len=128 rx_state=0 seq=-1 tx_mac=52:40:27:94:0a:bb
CSI_DATA: 28 -64 1 0 -27 35 -21 32 -17 29 -13 23 -11 18 -11 12 -12 7 -13 3 -16 -2 -20 -4 -22 -6 -25 -6 -27 -6 -29 -4 -28 -3 -27 -3 -24 -2 -21 -1 -18 -1 -15 -2 -12 -3 -9 -4 -6 -5 -3 -6 0 -8 0 0 0 0 0 0 0 0 0 0 0 0 0 0 0 0 0 0 0 0 0 0 7 -2 6 1 5 4 3 7 3 10 2 13 1 16 1 19 2 22 1 25 3 27 4 27 4 26 5 25 4 22 4 19 1 16 -2 14 -6 11 -12 11 -17 11 -23 13 -28 17 -32 20 -35 25 -35 30
CSI_META: ts=4175068389 rssi=-40 noise_floor=-98 channel=6 secondary_channel=0 sig_mode=0 mcs=0 rate=9 cwb=0 sgi=0 stbc=0 ant=0 len=128 rx_state=0 seq=-1 tx_mac=52:40:27:94:0a:bb
CSI_DATA: 28 -64 1 0 -32 31 -26 29 -21 26 -17 21 -14 16 -13 10 -12 4 -14 0 -16 -4 -19 -8 -22 -9 -25 -10 -27 -9 -28 -8 -27 -7 -26 -6 -24 -5 -21 -4 -17 -4 -14 -4 -11 -4 -8 -5 -4 -6 -1 -7 2 -8 0 0 0 0 0 0 0 0 0 0 0 0 0 0 0 0 0 0 0 0 0 0 8 -2 6 1 5 4 3 6 1 9 0 12 -1 15 -2 19 -2 22 -2 25 -1 27 0 27 0 27 1 26 1 23 2 20 0 17 -3 14 -7 11 -12 9 -18 9 -24 10 -30 12 -35 15 -38 19 -39 24
CSI_META: ts=4175308373 rssi=-42 noise_floor=-98 channel=6 secondary_channel=0 sig_mode=0 mcs=0 rate=9 cwb=0 sgi=0 stbc=0 ant=0 len=128 rx_state=0 seq=-1 tx_mac=52:40:27:94:0a:bb
CSI_DATA: 28 -64 1 0 3 -38 2 -41 0 -42 -4 -41 -6 -40 -8 -36 -9 -32 -8 -28 -7 -23 -5 -18 -1 -14 2 -11 6 -8 11 -7 14 -6 17 -5 19 -4 20 -4 20 -4 20 -3 19 -3 19 -2 17 -1 15 0 13 2 0 0 0 0 0 0 0 0 0 0 0 0 0 0 0 0 0 0 0 0 0 0 0 16 -1 15 -2 13 -3 12 -4 9 -5 7 -6 4 -8 1 -10 -2 -12 -6 -16 -10 -19 -12 -21 -14 -25 -15 -27 -15 -30 -15 -31 -13 -31 -11 -30 -9 -27 -7 -23 -6 -19 -7 -14 -10 -8 -12 -4 -17 0 -23
CSI_META: ts=4176358443 rssi=-42 noise_floor=-98 channel=6 secondary_channel=0 sig_mode=0 mcs=0 rate=9 cwb=0 sgi=0 stbc=0 ant=0 len=128 rx_state=0 seq=-1 tx_mac=52:40:27:94:0a:bb
CSI_DATA: 28 -64 1 0 -21 -40 -19 -32 -15 -26 -10 -18 -4 -12 2 -7 10 -4 16 -1 22 -1 26 -1 30 -2 31 -3 32 -4 32 -5 30 -5 26 -4 22 -3 17 -2 12 -1 8 0 4 1 0 3 -4 4 -8 5 -11 5 0 0 0 0 0 0 0 0 0 0 0 0 0 0 0 0 0 0 0 0 0 0 6 0 3 2 -1 4 -5 6 -8 8 -12 9 -15 11 -19 13 -22 14 -24 16 -26 17 -26 17 -24 17 -21 15 -18 13 -15 9 -12 4 -9 -2 -6 -9 -4 -17 -4 -24 -5 -32 -7 -39 -11 -45 -14 -48 -17 -52
CSI_META: ts=4176750127 rssi=-41 noise_floor=-98 channel=6 secondary_channel=0 sig_mode=0 mcs=0 rate=9 cwb=0 sgi=0 stbc=0 ant=0 len=128 rx_state=0 seq=-1 tx_mac=52:40:27:94:0a:bb
CSI_DATA: 28 -64 1 0 18 8 20 12 23 15 26 17 29 17 30 16 31 14 31 11 30 8 27 6 24 4 19 4 15 4 11 4 7 6 3 8 0 10 -2 11 -4 12 -6 14 -7 15 -8 16 -8 16 -9 15 -10 13 0 0 0 0 0 0 0 0 0 0 0 0 0 0 0 0 0 0 0 0 0 0 -9 -11 -8 -13 -8 -15 -8 -15 -7 -16 -6 -15 -5 -14 -4 -14 -2 -12 0 -11 3 -10 7 -8 11 -7 15 -7 19 -7 23 -8 26 -10 28 -13 30 -15 30 -18 29 -20 26 -21 24 -20 22 -19 19 -15 17 -10
CSI_META: ts=4178325830 rssi=-39 noise_floor=-98 channel=6 secondary_channel=0 sig_mode=0 mcs=0 rate=9 cwb=0 sgi=0 stbc=0 ant=0 len=128 rx_state=0 seq=-1 tx_mac=52:40:27:94:0a:bb
CSI_DATA: 28 -64 1 0 -14 3 -16 3 -19 4 -18 5 -19 6 -18 7 -16 7 -15 7 -13 6 -11 6 -8 4 -6 3 -4 1 -2 -1 1 -3 2 -4 3 -5 4 -7 5 -7 6 -7 6 -7 6 -7 7 -7 7 -6 7 -5 0 0 0 0 0 0 0 0 0 0 0 0 0 0 0 0 0 0 0 0 0 0 -8 -6 -7 -7 -6 -7 -5 -7 -4 -6 -3 -6 -2 -5 -1 -4 1 -2 3 0 4 2 6 4 8 6 9 8 11 9 12 10 13 10 14 10 14 9 14 9 13 7 11 6 8 5 5 4 1 3 -3 3
CSI_META: ts=4178325985 rssi=-42 noise_floor=-98 channel=6 secondary_channel=0 sig_mode=0 mcs=0 rate=9 cwb=0 sgi=0 stbc=0 ant=0 len=128 rx_state=0 seq=-1 tx_mac=52:40:27:94:0a:bb
CSI_DATA: 28 -64 1 0 0 -28 1 -33 0 -36 -2 -38 -3 -38 -5 -37 -6 -34 -6 -29 -7 -25 -6 -20 -5 -14 -2 -9 1 -4 4 0 6 4 9 8 10 10 11 12 11 13 11 14 11 14 10 15 9 14 7 13 4 11 0 0 0 0 0 0 0 0 0 0 0 0 0 0 0 0 0 0 0 0 0 0 14 -8 16 -6 17 -5 16 -3 15 -2 13 -1 11 1 7 2 4 3 0 4 -5 6 -10 7 -15 9 -19 10 -23 12 -27 14 -29 15 -29 17 -29 19 -27 19 -25 18 -21 16 -17 13 -13 8 -8 2 -4 -7
CSI_META: ts=4178326094 rssi=-42 noise_floor=-98 channel=6 secondary_channel=0 sig_mode=0 mcs=0 rate=9 cwb=0 sgi=0 stbc=0 ant=0 len=128 rx_state=0 seq=-1 tx_mac=52:40:27:94:0a:bb
CSI_DATA: 28 -64 1 0 26 -5 32 -5 34 -7 35 -9 34 -10 33 -12 30 -13 27 -12 21 -12 16 -9 11 -7 6 -3 1 1 -2 5 -6 9 -8 11 -10 13 -12 13 -12 14 -13 15 -13 13 -12 13 -12 10 -11 9 -10 6 0 0 0 0 0 0 0 0 0 0 0 0 0 0 0 0 0 0 0 0 0 0 10 12 10 15 7 14 6 16 4 14 4 14 2 12 0 10 -2 7 -4 3 -6 -1 -9 -5 -12 -10 -15 -15 -18 -20 -19 -22 -23 -25 -23 -24 -25 -23 -24 -21 -25 -20 -21 -18 -19 -13 -11 -10 -5 -7 4 -6
CSI_META: ts=4178544770 rssi=-43 noise_floor=-98 channel=6 secondary_channel=0 sig_mode=0 mcs=0 rate=9 cwb=0 sgi=0 stbc=0 ant=0 len=128 rx_state=0 seq=-1 tx_mac=52:40:27:94:0a:bb
CSI_DATA: 28 -64 1 0 43 -4 38 -6 33 -7 27 -7 22 -5 17 -3 13 1 11 5 9 9 9 13 9 16 10 19 11 21 12 22 13 21 13 21 12 19 11 17 10 15 8 14 6 12 3 10 1 8 -2 7 -5 5 0 0 0 0 0 0 0 0 0 0 0 0 0 0 0 0 0 0 0 0 0 0 -5 -5 -2 -7 0 -8 3 -9 6 -11 8 -12 10 -13 12 -16 14 -18 15 -20 15 -21 15 -22 14 -22 13 -21 11 -19 10 -16 9 -12 10 -8 11 -4 15 1 18 5 24 7 28 9 35 9 40 8 43 5
CSI_META: ts=4178713663 rssi=-38 noise_floor=-98 channel=6 secondary_channel=0 sig_mode=0 mcs=0 rate=9 cwb=0 sgi=0 stbc=0 ant=0 len=128 rx_state=0 seq=-1 tx_mac=52:40:27:94:0a:bb
CSI_DATA: 28 -64 1 0 5 21 6 21 7 21 7 20 7 18 7 16 7 14 5 11 4 8 2 5 1 3 -2 0 -3 -2 -5 -4 -6 -5 -7 -7 -7 -8 -7 -8 -7 -8 -7 -9 -6 -9 -5 -9 -5 -8 -3 -8 -2 -7 0 0 0 0 0 0 0 0 0 0 0 0 0 0 0 0 0 0 0 0 0 0 -2 7 -2 6 -3 4 -2 3 -2 1 -1 -1 -1 -3 0 -5 1 -7 3 -10 4 -12 5 -14 6 -15 6 -16 6 -17 6 -17 5 -16 5 -15 4 -14 3 -11 2 -8 2 -4 2 0 2 4 2 8 3 13
CSI_META: ts=4178714005 rssi=-42 noise_floor=-98 channel=6 secondary_channel=0 sig_mode=0 mcs=0 rate=9 cwb=0 sgi=0 stbc=0 ant=0 len=128 rx_state=0 seq=-1 tx_mac=52:40:27:94:0a:bb
CSI_DATA: 28 -64 1 0 -3 -47 -6 -49 -7 -48 -9 -46 -10 -42 -10 -37 -10 -31 -8 -23 -6 -17 -3 -10 1 -4 4 1 8 6 12 10 15 13 16 15 17 16 16 17 15 16 14 16 12 16 10 14 8 13 5 11 3 8 0 0 0 0 0 0 0 0 0 0 0 0 0 0 0 0 0 0 0 0 0 0 12 -16 12 -14 12 -11 11 -8 9 -5 5 -2 2 1 -2 5 -6 8 -10 12 -15 16 -19 19 -22 22 -25 24 -26 26 -27 27 -26 27 -23 26 -20 24 -17 21 -13 15 -9 8 -6 0 -4 -9 -2 -18 -1 -29
CSI_META: ts=4178919187 rssi=-43 noise_floor=-98 channel=6 secondary_channel=0 sig_mode=0 mcs=0 rate=9 cwb=0 sgi=0 stbc=0 ant=0 len=128 rx_state=0 seq=-1 tx_mac=52:40:27:94:0a:bb
CSI_DATA: 28 -64 1 0 -14 15 -9 8 -5 1 -2 -8 -1 -15 0 -21 0 -26 -1 -30 -2 -33 -3 -34 -4 -34 -5 -32 -5 -30 -5 -26 -4 -22 -2 -17 -2 -12 0 -7 1 -3 1 1 2 5 2 9 2 12 1 14 -1 16 0 0 0 0 0 0 0 0 0 0 0 0 0 0 0 0 0 0 0 0 0 0 4 -6 7 -6 11 -7 14 -7 17 -7 19 -6 20 -6 22 -6 23 -5 22 -4 21 -3 18 -2 13 0 8 1 2 3 -4 5 -10 8 -16 11 -21 16 -26 21 -29 24 -31 28 -32 31 -32 33 -30 33 -27 32
CSI_META: ts=4180412712 rssi=-40 noise_floor=-98 channel=6 secondary_channel=0 sig_mode=0 mcs=0 rate=9 cwb=0 sgi=0 stbc=0 ant=0 len=128 rx_state=0 seq=-1 tx_mac=52:40:27:94:0a:bb
CSI_DATA: 28 -64 1 0 -6 -3 -2 -3 3 -3 5 -4 8 -4 11 -5 13 -7 14 -7 14 -8 14 -9 13 -8 11 -9 10 -8 9 -7 7 -5 5 -4 3 -2 1 -1 0 1 -2 1 -3 2 -4 3 -6 3 -7 4 -8 3 0 0 0 0 0 0 0 0 0 0 0 0 0 0 0 0 0 0 0 0 0 0 5 2 5 4 6 5 6 6 6 6 6 7 5 7 5 7 4 7 3 7 2 6 0 4 0 2 -3 0 -5 -2 -7 -5 -9 -6 -12 -7 -14 -8 -16 -9 -18 -9 -19 -8 -20 -7 -19 -7 -19 -6 -17 -5
CSI_META: ts=4180774571 rssi=-42 noise_floor=-98 channel=6 secondary_channel=0 sig_mode=0 mcs=0 rate=9 cwb=0 sgi=0 stbc=0 ant=0 len=128 rx_state=0 seq=-1 tx_mac=52:40:27:94:0a:bb
CSI_DATA: 28 -64 1 0 3 -22 2 -13 3 -4 4 5 6 13 8 19 11 24 13 26 15 29 16 29 17 28 16 26 15 24 14 22 11 18 8 14 5 10 2 6 -1 2 -4 -2 -6 -6 -7 -9 -8 -12 -8 -14 -6 -17 0 0 0 0 0 0 0 0 0 0 0 0 0 0 0 0 0 0 0 0 0 0 -1 5 -4 8 -7 11 -10 13 -12 14 -14 15 -16 16 -18 16 -19 16 -19 15 -18 14 -16 11 -12 7 -8 3 -4 -1 -1 -6 4 -11 7 -18 10 -24 13 -31 14 -36 13 -41 13 -44 12 -46 10 -45 9 -44
CSI_META: ts=4182787902 rssi=-37 noise_floor=-98 channel=6 secondary_channel=0 sig_mode=0 mcs=0 rate=9 cwb=0 sgi=0 stbc=0 ant=0 len=128 rx_state=0 seq=-1 tx_mac=52:40:27:94:0a:bb
CSI_DATA: 28 -64 1 0 15 -7 18 -4 22 -2 25 -1 28 -2 29 -3 30 -6 29 -8 28 -10 26 -11 22 -11 19 -10 16 -8 14 -7 11 -4 8 0 7 3 7 5 5 7 5 9 4 11 4 13 3 14 3 14 1 15 0 0 0 0 0 0 0 0 0 0 0 0 0 0 0 0 0 0 0 0 0 0 -12 -8 -12 -10 -12 -11 -12 -12 -12 -12 -12 -12 -11 -12 -10 -12 -8 -11 -5 -11 -2 -11 1 -11 5 -11 9 -12 13 -13 15 -16 18 -19 19 -23 19 -26 18 -28 17 -30 14 -31 12 -31 10 -28 9 -25 9 -22
CSI_META: ts=4183044387 rssi=-38 noise_floor=-98 channel=6 secondary_channel=0 sig_mode=0 mcs=0 rate=9 cwb=0 sgi=0 stbc=0 ant=0 len=128 rx_state=0 seq=-1 tx_mac=52:40:27:94:0a:bb
CSI_DATA: 28 -64 1 0 9 -4 12 -4 14 -4 16 -4 17 -5 17 -6 16 -8 15 -9 14 -9 12 -9 10 -8 8 -7 7 -5 5 -3 4 -1 3 1 2 3 2 4 2 6 2 7 1 8 1 8 1 8 0 9 -1 8 0 0 0 0 0 0 0 0 0 0 0 0 0 0 0 0 0 0 0 0 0 0 -8 3 -9 2 -9 2 -9 1 -9 1 -9 0 -8 0 -7 -1 -6 -2 -5 -3 -3 -5 -1 -6 0 -8 1 -11 2 -12 2 -15 2 -16 1 -18 1 -19 0 -19 -1 -19 -2 -18 -3 -16 -2 -14 -1 -12 1 -10
CSI_META: ts=4183989485 rssi=-37 noise_floor=-98 channel=6 secondary_channel=0 sig_mode=0 mcs=0 rate=9 cwb=0 sgi=0 stbc=0 ant=0 len=128 rx_state=0 seq=-1 tx_mac=52:40:27:94:0a:bb
CSI_DATA: 28 -64 1 0 19 -4 15 0 12 4 11 9 10 13 11 17 12 19 14 19 16 20 18 19 19 17 19 16 18 14 16 12 14 10 11 9 7 7 5 6 1 5 -2 5 -4 5 -6 6 -9 6 -10 5 -12 5 0 0 0 0 0 0 0 0 0 0 0 0 0 0 0 0 0 0 0 0 0 0 -2 -10 0 -13 1 -14 2 -16 3 -17 4 -18 4 -18 5 -19 5 -18 5 -18 4 -16 5 -13 7 -10 8 -7 11 -3 13 0 16 2 21 3 24 3 29 3 32 1 35 -1 36 -3 36 -6 35 -8 33 -10
CSI_META: ts=4184194580 rssi=-38 noise_floor=-98 channel=6 secondary_channel=0 sig_mode=0 mcs=0 rate=9 cwb=0 sgi=0 stbc=0 ant=0 len=128 rx_state=0 seq=-1 tx_mac=52:40:27:94:0a:bb
CSI_DATA: 28 -64 1 0 -14 -21 -15 -23 -15 -26 -19 -26 -20 -26 -22 -24 -22 -21 -22 -18 -21 -16 -19 -13 -17 -11 -13 -10 -10 -10 -6 -11 -4 -11 -1 -12 1 -13 2 -14 3 -14 3 -16 3 -16 4 -15 4 -15 5 -14 5 -13 0 0 0 0 0 0 0 0 0 0 0 0 0 0 0 0 0 0 0 0 0 0 -10 10 -11 11 -12 10 -13 9 -13 9 -13 8 -13 7 -13 5 -13 3 -12 1 -13 -2 -14 -5 -15 -7 -16 -11 -18 -12 -21 -14 -24 -15 -26 -14 -29 -13 -30 -11 -30 -9 -28 -7 -26 -7 -24 -7 -21 -8 -18 -11
CSI_META: ts=4184302187 rssi=-43 noise_floor=-98 channel=6 secondary_channel=0 sig_mode=0 mcs=0 rate=9 cwb=0 sgi=0 stbc=0 ant=0 len=128 rx_state=0 seq=-1 tx_mac=52:40:27:94:0a:bb
CSI_DATA: 28 -64 1 0 -8 0 -12 -2 -15 -2 -17 -3 -19 -2 -21 -2 -21 -1 -21 0 -20 1 -18 2 -16 1 -13 1 -10 1 -7 0 -4 -1 -2 -2 1 -3 3 -3 5 -4 6 -4 8 -4 9 -4 9 -4 10 -3 10 -2 0 0 0 0 0 0 0 0 0 0 0 0 0 0 0 0 0 0 0 0 0 0 -5 -9 -4 -10 -3 -11 -2 -11 -2 -11 -1 -10 0 -9 0 -8 1 -6 1 -4 2 -1 2 2 3 5 4 8 5 11 6 13 7 15 9 17 10 17 11 18 11 17 12 16 11 15 10 12 8 10 5 7
CSI_META: ts=4184588356 rssi=-37 noise_floor=-98 channel=6 secondary_channel=0 sig_mode=0 mcs=0 rate=9 cwb=0 sgi=0 stbc=0 ant=0 len=128 rx_state=0 seq=-1 tx_mac=52:40:27:94:0a:bb
CSI_DATA: 28 -64 1 0 6 -4 8 2 10 7 13 12 16 15 18 16 21 17 22 17 23 16 23 13 22 12 20 11 17 8 14 6 11 5 6 4 3 3 -1 3 -4 2 -7 1 -9 0 -11 0 -13 -1 -14 -2 -14 -3 0 0 0 0 0 0 0 0 0 0 0 0 0 0 0 0 0 0 0 0 0 0 -10 8 -13 7 -14 6 -16 6 -17 5 -17 4 -16 3 -16 2 -14 1 -13 0 -10 -2 -7 -4 -2 -6 1 -10 5 -12 8 -15 11 -19 13 -23 13 -27 14 -30 13 -32 12 -33 11 -33 8 -32 7 -28 5 -25
CSI_META: ts=4185168941 rssi=-39 noise_floor=-98 channel=6 secondary_channel=0 sig_mode=0 mcs=0 rate=9 cwb=0 sgi=0 stbc=0 ant=0 len=128 rx_state=0 seq=-1 tx_mac=52:40:27:94:0a:bb
CSI_DATA: 28 -64 1 0 -6 -11 -3 -9 0 -10 2 -9 4 -10 5 -12 6 -13 6 -15 5 -16 4 -16 3 -16 2 -15 1 -14 1 -13 0 -11 0 -9 1 -7 2 -5 3 -3 4 -2 4 -1 5 0 6 1 7 2 8 3 0 0 0 0 0 0 0 0 0 0 0 0 0 0 0 0 0 0 0 0 0 0 -6 1 -8 0 -9 -1 -9 -2 -10 -2 -10 -2 -11 -3 -11 -3 -11 -3 -11 -2 -9 -3 -9 -3 -7 -4 -5 -5 -4 -7 -3 -9 -2 -11 -2 -13 -3 -15 -4 -17 -5 -19 -7 -20 -9 -20 -10 -20 -11 -18 -11 -17
CSI_META: ts=4185374042 rssi=-38 noise_floor=-98 channel=6 secondary_channel=0 sig_mode=0 mcs=0 rate=9 cwb=0 sgi=0 stbc=0 ant=0 len=128 rx_state=0 seq=-1 tx_mac=52:40:27:94:0a:bb
CSI_DATA: 28 -64 1 0 6 10 1 12 -5 16 -7 19 -8 22 -8 25 -7 28 -6 29 -4 29 -2 27 0 24 1 22 1 17 0 13 -2 9 -3 6 -5 2 -8 -1 -10 -3 -11 -4 -13 -5 -14 -7 -14 -8 -14 -9 -13 -9 0 0 0 0 0 0 0 0 0 0 0 0 0 0 0 0 0 0 0 0 0 0 0 -10 3 -11 5 -12 6 -13 8 -14 9 -14 9 -14 11 -15 10 -15 10 -14 10 -11 9 -8 8 -5 9 0 10 4 11 9 13 13 16 16 19 18 24 19 26 19 29 17 30 16 30 14 28 11 24 10
CSI_META: ts=4185574456 rssi=-39 noise_floor=-98 channel=6 secondary_channel=0 sig_mode=0 mcs=0 rate=9 cwb=0 sgi=0 stbc=0 ant=0 len=128 rx_state=0 seq=-1 tx_mac=52:40:27:94:0a:bb
CSI_DATA: 28 -64 1 0 -8 -10 -8 -12 -8 -13 -10 -14 -11 -14 -12 -13 -12 -11 -12 -10 -12 -8 -11 -8 -10 -6 -8 -5 -7 -5 -5 -5 -3 -6 -1 -6 0 -7 1 -7 1 -7 2 -8 3 -9 2 -8 3 -9 3 -8 4 -8 0 0 0 0 0 0 0 0 0 0 0 0 0 0 0 0 0 0 0 0 0 0 -4 6 -5 7 -5 6 -6 6 -6 5 -6 5 -6 4 -6 3 -6 2 -6 0 -7 -1 -7 -2 -8 -4 -10 -5 -11 -6 -13 -7 -13 -7 -15 -6 -16 -5 -17 -4 -16 -3 -15 -2 -14 -2 -13 -2 -11 -3 -10 -5
CSI_META: ts=4185874350 rssi=-38 noise_floor=-98 channel=6 secondary_channel=0 sig_mode=0 mcs=0 rate=9 cwb=0 sgi=0 stbc=0 ant=0 len=128 rx_state=0 seq=-1 tx_mac=52:40:27:94:0a:bb
CSI_DATA: 28 -64 1 0 -8 12 -12 15 -15 19 -15 20 -15 23 -15 26 -13 26 -12 26 -10 25 -8 22 -6 20 -4 16 -4 11 -4 8 -4 4 -5 0 -5 -3 -5 -6 -7 -9 -7 -11 -8 -11 -8 -13 -7 -13 -6 -14 -5 -15 0 0 0 0 0 0 0 0 0 0 0 0 0 0 0 0 0 0 0 0 0 0 -5 -14 -3 -15 -2 -16 -2 -16 -1 -15 0 -13 1 -12 1 -11 2 -8 4 -5 6 -1 8 2 10 5 12 9 15 12 18 15 20 16 24 16 25 15 26 14 27 12 26 10 24 10 19 8 16 7 10 7
CSI_META: ts=4186086436 rssi=-42 noise_floor=-98 channel=6 secondary_channel=0 sig_mode=0 mcs=0 rate=9 cwb=0 sgi=0 stbc=0 ant=0 len=128 rx_state=0 seq=-1 tx_mac=52:40:27:94:0a:bb
CSI_DATA: 28 -64 1 0 14 -2 6 2 -2 7 -6 12 -10 17 -13 22 -15 26 -15 29 -15 31 -14 32 -12 31 -10 30 -8 27 -7 23 -6 19 -5 14 -4 9 -3 4 -2 0 -2 -4 -1 -8 0 -11 1 -13 2 -16 5 -17 0 0 0 0 0 0 0 0 0 0 0 0 0 0 0 0 0 0 0 0 0 0 -14 -2 -16 -5 -18 -7 -19 -9 -19 -11 -19 -12 -19 -13 -18 -14 -17 -14 -15 -14 -12 -12 -7 -10 -2 -8 3 -5 9 -3 16 -1 22 1 28 1 34 0 39 -1 42 -3 45 -5 46 -6 44 -8 41 -9 36 -9
CSI_META: ts=4186409978 rssi=-42 noise_floor=-98 channel=6 secondary_channel=0 sig_mode=0 mcs=0 rate=9 cwb=0 sgi=0 stbc=0 ant=0 len=128 rx_state=0 seq=-1 tx_mac=52:40:27:94:0a:bb
CSI_DATA: 28 -64 1 0 -7 40 -5 33 -3 27 -3 18 -4 11 -6 4 -10 -2 -14 -7 -18 -11 -22 -12 -24 -13 -27 -13 -28 -13 -28 -11 -27 -10 -24 -9 -21 -8 -17 -7 -13 -6 -9 -5 -5 -5 -1 -4 3 -4 6 -3 10 -2 0 0 0 0 0 0 0 0 0 0 0 0 0 0 0 0 0 0 0 0 0 0 -3 -6 1 -5 4 -4 8 -3 11 -1 15 0 18 1 21 2 24 3 26 4 28 4 28 4 26 4 23 3 19 3 15 3 9 4 3 6 -2 10 -8 15 -13 20 -15 26 -18 33 -19 38 -18 43 -16 47
CSI_META: ts=4186598482 rssi=-38 noise_floor=-98 channel=6 secondary_channel=0 sig_mode=0 mcs=0 rate=9 cwb=0 sgi=0 stbc=0 ant=0 len=128 rx_state=0 seq=-1 tx_mac=52:40:27:94:0a:bb
CSI_DATA: 28 -64 1 0 13 -18 12 -19 11 -19 8 -19 7 -18 5 -16 3 -13 3 -11 2 -8 3 -5 3 -2 4 0 5 2 6 4 7 5 8 6 8 6 8 6 8 5 7 6 7 5 6 5 5 5 4 4 2 4 0 0 0 0 0 0 0 0 0 0 0 0 0 0 0 0 0 0 0 0 0 0 0 8 -1 7 -1 6 -2 4 -3 2 -4 1 -4 -1 -5 -3 -6 -5 -7 -8 -9 -10 -10 -11 -11 -12 -12 -12 -12 -12 -13 -11 -13 -10 -12 -9 -11 -7 -8 -7 -6 -6 -3 -6 0 -7 4 -8 8 -9 10 -12
CSI_META: ts=4186905809 rssi=-41 noise_floor=-98 channel=6 secondary_channel=0 sig_mode=0 mcs=0 rate=9 cwb=0 sgi=0 stbc=0 ant=0 len=128 rx_state=0 seq=-1 tx_mac=52:40:27:94:0a:bb
CSI_DATA: 28 -64 1 0 28 36 29 34 31 32 31 27 30 23 27 19 23 15 18 11 12 9 6 8 1 8 -4 9 -9 11 -13 12 -15 13 -17 15 -18 15 -18 15 -17 14 -17 14 -15 12 -15 11 -14 8 -12 6 -10 3 0 0 0 0 0 0 0 0 0 0 0 0 0 0 0 0 0 0 0 0 0 0 -14 -6 -11 -6 -9 -7 -6 -7 -2 -7 1 -7 5 -6 9 -7 14 -8 18 -9 22 -9 25 -11 27 -13 28 -14 28 -16 27 -17 25 -17 22 -17 19 -14 16 -11 14 -6 12 0 10 7 12 14 14 21 16 28
CSI_META: ts=4187680445 rssi=-37 noise_floor=-98 channel=6 secondary_channel=0 sig_mode=0 mcs=0 rate=9 cwb=0 sgi=0 stbc=0 ant=0 len=128 rx_state=0 seq=-1 tx_mac=52:40:27:94:0a:bb
CSI_DATA: 28 -64 1 0 26 -22 22 -22 18 -19 15 -15 12 -10 11 -6 11 -2 12 1 14 4 16 7 18 7 20 8 22 7 22 6 22 5 20 4 19 3 16 3 13 2 11 2 8 3 5 4 3 4 0 5 -3 6 0 0 0 0 0 0 0 0 0 0 0 0 0 0 0 0 0 0 0 0 0 0 -7 -3 -5 -6 -3 -8 -1 -10 1 -11 2 -14 3 -15 4 -18 5 -19 5 -21 5 -22 4 -22 4 -22 4 -21 3 -18 3 -15 5 -12 7 -10 11 -8 15 -6 19 -6 24 -7 28 -8 31 -11 34 -15 35 -19
CSI_META: ts=4188024904 rssi=-38 noise_floor=-98 channel=6 secondary_channel=0 sig_mode=0 mcs=0 rate=9 cwb=0 sgi=0 stbc=0 ant=0 len=128 rx_state=0 seq=-1 tx_mac=52:40:27:94:0a:bb
CSI_DATA: 28 -64 1 0 10 -21 8 -19 5 -17 4 -14 4 -12 4 -9 5 -7 7 -6 9 -5 10 -5 11 -5 12 -5 13 -6 13 -7 12 -7 11 -7 10 -7 8 -6 7 -5 6 -4 5 -3 5 -2 4 0 3 2 3 3 0 0 0 0 0 0 0 0 0 0 0 0 0 0 0 0 0 0 0 0 0 0 -5 -2 -4 -3 -3 -4 -2 -5 -1 -6 0 -7 1 -8 1 -10 2 -11 2 -12 2 -14 2 -14 1 -14 0 -14 0 -13 0 -12 0 -11 2 -9 4 -9 6 -8 8 -9 10 -9 13 -11 14 -13 15 -15 16 -19
CSI_META: ts=4188134449 rssi=-38 noise_floor=-98 channel=6 secondary_channel=0 sig_mode=0 mcs=0 rate=9 cwb=0 sgi=0 stbc=0 ant=0 len=128 rx_state=0 seq=-1 tx_mac=52:40:27:94:0a:bb
CSI_DATA: 28 -64 1 0 10 -8 8 -5 7 -3 7 1 8 3 9 4 10 6 11 6 12 6 13 6 14 5 14 5 13 4 12 3 11 2 9 2 7 2 5 2 3 2 1 3 0 3 -1 4 -3 5 -4 5 -5 5 0 0 0 0 0 0 0 0 0 0 0 0 0 0 0 0 0 0 0 0 0 0 -2 -5 -1 -6 -1 -7 0 -8 0 -9 0 -9 0 -10 0 -10 0 -11 0 -11 0 -10 0 -9 1 -8 2 -6 4 -5 5 -3 7 -3 9 -2 11 -3 14 -3 16 -4 18 -6 18 -8 18 -9 18 -11 16 -12
CSI_META: ts=4188441755 rssi=-42 noise_floor=-98 channel=6 secondary_channel=0 sig_mode=0 mcs=0 rate=9 cwb=0 sgi=0 stbc=0 ant=0 len=128 rx_state=0 seq=-1 tx_mac=52:40:27:94:0a:bb
CSI_DATA: 28 -64 1 0 -14 15 -18 16 -23 19 -24 21 -25 24 -24 26 -22 27 -19 28 -16 27 -14 25 -11 22 -9 17 -8 13 -8 9 -8 4 -9 0 -10 -4 -11 -6 -12 -9 -13 -10 -13 -12 -14 -13 -13 -13 -13 -14 -11 -14 0 0 0 0 0 0 0 0 0 0 0 0 0 0 0 0 0 0 0 0 0 0 12 -9 14 -9 14 -8 15 -7 15 -7 15 -6 14 -5 13 -4 12 -1 10 1 8 5 6 9 4 13 3 17 3 21 4 26 6 29 8 32 10 32 13 33 15 32 16 30 16 27 14 23 10 20 5 18
CSI_META: ts=4188689801 rssi=-38 noise_floor=-98 channel=6 secondary_channel=0 sig_mode=0 mcs=0 rate=9 cwb=0 sgi=0 stbc=0 ant=0 len=128 rx_state=0 seq=-1 tx_mac=52:40:27:94:0a:bb
CSI_DATA: 28 -64 1 0 18 3 23 6 27 6 30 6 31 6 33 3 32 1 30 -2 28 -3 25 -4 21 -3 17 -2 12 -1 8 1 5 4 1 6 -1 8 -3 10 -5 11 -6 13 -8 13 -9 14 -9 14 -10 13 -11 12 0 0 0 0 0 0 0 0 0 0 0 0 0 0 0 0 0 0 0 0 0 0 -15 6 -16 4 -16 3 -16 2 -15 1 -14 0 -12 -1 -10 -3 -7 -4 -4 -6 0 -8 2 -12 5 -15 9 -18 10 -22 10 -24 11 -28 10 -30 9 -32 7 -33 6 -31 4 -29 3 -25 3 -22 4 -16 6 -11
CSI_META: ts=4189201580 rssi=-38 noise_floor=-98 channel=6 secondary_channel=0 sig_mode=0 mcs=0 rate=9 cwb=0 sgi=0 stbc=0 ant=0 len=128 rx_state=0 seq=-1 tx_mac=52:40:27:94:0a:bb
CSI_DATA: 28 -64 1 0 14 7 17 10 20 12 23 13 25 13 27 11 27 10 26 7 25 5 22 3 19 3 15 3 11 3 7 3 3 5 0 7 -2 8 -4 9 -5 10 -7 11 -8 12 -9 12 -9 11 -10 11 -10 9 0 0 0 0 0 0 0 0 0 0 0 0 0 0 0 0 0 0 0 0 0 0 -13 -5 -14 -7 -14 -8 -14 -9 -13 -9 -12 -9 -10 -8 -8 -8 -6 -8 -3 -8 0 -8 4 -8 8 -8 12 -9 16 -11 18 -13 20 -15 21 -19 21 -21 20 -22 18 -23 17 -23 14 -21 12 -18 11 -15 10 -10
CSI_META: ts=4191001668 rssi=-37 noise_floor=-98 channel=6 secondary_channel=0 sig_mode=0 mcs=0 rate=9 cwb=0 sgi=0 stbc=0 ant=0 len=128 rx_state=0 seq=-1 tx_mac=52:40:27:94:0a:bb
CSI_DATA: 28 -64 1 0 -40 0 -40 3 -38 5 -35 7 -31 9 -26 9 -21 8 -17 7 -13 4 -10 0 -7 -4 -5 -9 -4 -11 -4 -15 -4 -17 -5 -19 -4 -20 -6 -19 -5 -18 -5 -17 -5 -16 -4 -15 -2 -13 -2 -11 0 -8 0 0 0 0 0 0 0 0 0 0 0 0 0 0 0 0 0 0 0 0 0 0 13 -6 13 -3 11 -1 8 1 7 3 5 4 2 7 -1 9 -3 12 -5 15 -8 20 -9 22 -9 25 -10 27 -8 28 -7 28 -5 26 -5 25 -4 22 -5 18 -5 14 -8 9 -11 4 -17 1 -23 -2 -29 -3
CSI_META: ts=4191495154 rssi=-42 noise_floor=-98 channel=6 secondary_channel=0 sig_mode=0 mcs=0 rate=9 cwb=0 sgi=0 stbc=0 ant=0 len=128 rx_state=0 seq=-1 tx_mac=52:40:27:94:0a:bb
CSI_DATA: 28 -64 1 0 -10 -27 -10 -31 -11 -36 -14 -38 -17 -38 -19 -38 -21 -35 -21 -32 -21 -28 -19 -24 -17 -19 -14 -16 -9 -13 -4 -11 1 -9 5 -9 9 -8 12 -8 14 -8 16 -8 18 -8 18 -8 19 -7 19 -6 18 -4 0 0 0 0 0 0 0 0 0 0 0 0 0 0 0 0 0 0 0 0 0 0 6 18 5 18 4 19 3 18 1 18 0 16 -2 14 -4 12 -6 9 -9 6 -13 3 -17 -1 -21 -3 -26 -5 -29 -6 -34 -6 -36 -5 -40 -4 -40 -1 -40 2 -39 3 -35 5 -31 3 -27 2 -22 -2 -16 -7
CSI_META: ts=4191591493 rssi=-39 noise_floor=-98 channel=6 secondary_channel=0 sig_mode=0 mcs=0 rate=9 cwb=0 sgi=0 stbc=0 ant=0 len=128 rx_state=0 seq=-1 tx_mac=52:40:27:94:0a:bb
CSI_DATA: 28 -64 1 0 9 -22 7 -19 4 -16 4 -13 3 -9 3 -5 4 -2 6 0 7 3 9 4 11 5 12 5 13 5 14 4 14 4 13 4 12 3 9 2 8 2 6 1 4 1 2 2 0 2 -1 2 -4 2 0 0 0 0 0 0 0 0 0 0 0 0 0 0 0 0 0 0 0 0 0 0 -2 3 -3 1 -4 0 -5 -3 -6 -4 -7 -6 -8 -7 -9 -8 -10 -9 -11 -11 -12 -11 -12 -11 -12 -10 -11 -9 -9 -8 -8 -7 -6 -6 -2 -6 1 -6 5 -7 7 -9 10 -11 12 -14 14 -17 15 -19 14 -22
CSI_META: ts=4191796613 rssi=-37 noise_floor=-98 channel=6 secondary_channel=0 sig_mode=0 mcs=0 rate=9 cwb=0 sgi=0 stbc=0 ant=0 len=128 rx_state=0 seq=-1 tx_mac=52:40:27:94:0a:bb
CSI_DATA: 28 -64 1 0 14 32 17 31 18 29 20 25 20 22 19 18 17 15 13 13 10 12 7 11 4 11 2 13 -1 14 -1 16 -2 18 -2 18 -2 18 -2 18 -1 16 -2 15 -2 14 -1 12 -3 11 -3 8 -4 7 0 0 0 0 0 0 0 0 0 0 0 0 0 0 0 0 0 0 0 0 0 0 11 -10 11 -9 11 -8 10 -6 10 -4 9 -2 9 1 10 4 10 7 10 9 12 12 14 15 16 15 18 17 20 16 22 16 22 14 23 13 21 11 19 10 17 10 15 11 11 14 9 17 9 21 9 26
CSI_META: ts=4193152062 rssi=-37 noise_floor=-98 channel=6 secondary_channel=0 sig_mode=0 mcs=0 rate=9 cwb=0 sgi=0 stbc=0 ant=0 len=128 rx_state=0 seq=-1 tx_mac=52:40:27:94:0a:bb
CSI_DATA: 28 -64 1 0 -4 -10 -3 -11 -1 -13 -2 -14 -2 -15 -3 -16 -4 -16 -6 -15 -6 -15 -6 -13 -6 -11 -6 -10 -5 -8 -3 -7 -1 -6 0 -6 2 -5 3 -5 4 -5 5 -5 5 -5 6 -5 6 -5 7 -4 7 -3 0 0 0 0 0 0 0 0 0 0 0 0 0 0 0 0 0 0 0 0 0 0 -6 4 -7 4 -8 4 -8 4 -8 3 -8 3 -8 3 -8 2 -7 2 -7 1 -6 -1 -6 -3 -6 -5 -6 -7 -7 -8 -8 -10 -9 -11 -11 -12 -12 -12 -13 -11 -15 -11 -15 -9 -15 -9 -14 -7 -12 -7 -10 -7
CSI_META: ts=4193535468 rssi=-42 noise_floor=-98 channel=6 secondary_channel=0 sig_mode=0 mcs=0 rate=9 cwb=0 sgi=0 stbc=0 ant=0 len=128 rx_state=0 seq=-1 tx_mac=52:40:27:94:0a:bb
CSI_DATA: 28 -64 1 0 -36 -16 -32 -12 -27 -11 -23 -9 -18 -8 -13 -10 -9 -12 -6 -15 -5 -18 -5 -21 -6 -23 -7 -24 -9 -25 -10 -25 -11 -24 -11 -21 -10 -19 -9 -16 -7 -13 -6 -12 -4 -10 -1 -8 2 -7 4 -6 7 -5 0 0 0 0 0 0 0 0 0 0 0 0 0 0 0 0 0 0 0 0 0 0 -4 7 -6 5 -9 4 -11 2 -13 0 -15 -1 -17 -1 -20 -2 -22 -2 -24 -2 -25 -1 -25 -1 -24 0 -23 0 -21 0 -19 -1 -16 -3 -14 -6 -14 -10 -14 -14 -15 -19 -18 -22 -21 -26 -26 -28 -31 -28 -34 -27
CSI_META: ts=4193668480 rssi=-41 noise_floor=-98 channel=6 secondary_channel=0 sig_mode=0 mcs=0 rate=9 cwb=0 sgi=0 stbc=0 ant=0 len=128 rx_state=0 seq=-1 tx_mac=52:40:27:94:0a:bb
CSI_DATA: 28 -64 1 0 -38 -11 -40 -9 -42 -7 -42 -5 -41 -2 -39 1 -34 3 -30 4 -25 3 -20 2 -16 -1 -12 -4 -9 -8 -7 -11 -5 -14 -5 -18 -4 -19 -3 -20 -3 -20 -3 -21 -2 -20 -2 -20 -1 -18 0 -17 2 -14 0 0 0 0 0 0 0 0 0 0 0 0 0 0 0 0 0 0 0 0 0 0 17 5 16 6 14 7 11 7 9 7 6 7 3 7 -1 7 -5 9 -10 10 -14 12 -18 14 -21 17 -23 19 -24 22 -24 25 -22 27 -21 28 -19 27 -16 26 -14 22 -13 18 -13 13 -15 7 -19 1 -22 -5
CSI_META: ts=4193668576 rssi=-37 noise_floor=-98 channel=6 secondary_channel=0 sig_mode=0 mcs=0 rate=9 cwb=0 sgi=0 stbc=0 ant=0 len=128 rx_state=0 seq=-1 tx_mac=52:40:27:94:0a:bb
CSI_DATA: 28 -64 1 0 14 12 14 11 17 12 16 9 16 8 15 7 14 5 12 3 10 3 6 2 4 3 1 4 -1 5 -2 7 -3 7 -4 9 -4 8 -5 9 -5 8 -5 8 -4 7 -5 7 -4 6 -4 4 -4 2 0 0 0 0 0 0 0 0 0 0 0 0 0 0 0 0 0 0 0 0 0 0 -8 -5 -8 -5 -8 -6 -6 -6 -6 -6 -5 -5 -3 -5 -1 -4 0 -4 3 -4 6 -3 8 -4 10 -5 12 -5 13 -6 14 -8 13 -9 14 -11 12 -10 11 -10 10 -9 8 -8 7 -5 6 -2 7 2 8 5
CSI_META: ts=4193902103 rssi=-42 noise_floor=-98 channel=6 secondary_channel=0 sig_mode=0 mcs=0 rate=9 cwb=0 sgi=0 stbc=0 ant=0 len=128 rx_state=0 seq=-1 tx_mac=52:40:27:94:0a:bb
CSI_DATA: 28 -64 1 0 22 12 25 15 28 16 31 16 33 15 34 12 33 9 30 6 27 4 23 2 18 2 14 2 9 4 5 6 1 8 -1 11 -3 13 -5 14 -6 15 -7 16 -7 16 -7 16 -7 16 -8 15 -8 12 0 0 0 0 0 0 0 0 0 0 0 0 0 0 0 0 0 0 0 0 0 0 -14 -8 -14 -11 -14 -12 -13 -13 -12 -13 -11 -12 -9 -12 -7 -12 -4 -11 -1 -11 3 -10 8 -10 12 -11 17 -12 21 -13 23 -15 25 -18 26 -20 26 -23 25 -24 23 -25 20 -24 17 -20 16 -17 15 -11 14 -5
CSI_META: ts=4195757030 rssi=-36 noise_floor=-98 channel=6 secondary_channel=0 sig_mode=0 mcs=0 rate=9 cwb=0 sgi=0 stbc=0 ant=0 len=128 rx_state=0 seq=-1 tx_mac=52:40:27:94:0a:bb
CSI_DATA: 28 -64 1 0 -12 -14 -10 -17 -8 -21 -9 -24 -10 -25 -12 -27 -14 -27 -15 -26 -17 -24 -17 -22 -17 -18 -16 -16 -14 -14 -11 -12 -7 -10 -4 -10 -1 -8 1 -8 4 -8 6 -8 7 -9 9 -10 10 -10 11 -10 11 -8 0 0 0 0 0 0 0 0 0 0 0 0 0 0 0 0 0 0 0 0 0 0 -8 11 -10 11 -11 11 -12 11 -13 11 -13 10 -12 10 -12 8 -12 7 -13 5 -13 2 -13 -1 -13 -4 -14 -7 -16 -10 -19 -14 -21 -15 -25 -16 -27 -15 -30 -14 -32 -13 -32 -11 -32 -9 -30 -7 -28 -6 -24 -6
CSI_META: ts=4195757184 rssi=-36 noise_floor=-98 channel=6 secondary_channel=0 sig_mode=0 mcs=0 rate=9 cwb=0 sgi=0 stbc=0 ant=0 len=128 rx_state=0 seq=-1 tx_mac=52:40:27:94:0a:bb
CSI_DATA: 28 -64 1 0 -1 -11 1 -10 4 -13 4 -13 4 -14 3 -16 3 -16 2 -17 1 -17 0 -15 -1 -14 -1 -12 -1 -10 -1 -9 0 -7 1 -6 2 -4 3 -3 4 -3 5 -2 6 -2 7 -2 7 -1 8 -1 8 0 0 0 0 0 0 0 0 0 0 0 0 0 0 0 0 0 0 0 0 0 0 0 -8 0 -8 0 -9 -1 -9 -1 -10 -2 -9 -2 -9 -2 -9 -2 -8 -3 -8 -4 -6 -5 -5 -6 -4 -7 -3 -9 -2 -10 -2 -13 -3 -14 -4 -16 -5 -16 -7 -17 -9 -17 -10 -16 -10 -17 -9 -15 -9 -13 -7 -12
CSI_META: ts=4195757311 rssi=-36 noise_floor=-98 channel=6 secondary_channel=0 sig_mode=0 mcs=0 rate=9 cwb=0 sgi=0 stbc=0 ant=0 len=128 rx_state=0 seq=-1 tx_mac=52:40:27:94:0a:bb
CSI_DATA: 28 -64 1 0 -11 -2 -11 -4 -12 -6 -12 -7 -14 -7 -16 -7 -16 -6 -16 -4 -17 -4 -15 -2 -14 -1 -12 -1 -10 -1 -9 -1 -6 -2 -5 -3 -3 -4 -3 -5 -2 -6 -2 -7 -1 -8 -1 -9 -1 -9 0 -8 0 -8 0 0 0 0 0 0 0 0 0 0 0 0 0 0 0 0 0 0 0 0 0 0 0 7 -1 7 -2 8 -2 8 -3 9 -3 8 -3 8 -3 8 -3 8 -4 7 -5 6 -6 4 -7 3 -9 1 -10 1 -13 1 -13 0 -16 1 -16 2 -18 4 -18 5 -18 7 -17 8 -16 7 -14 6 -12 5
CSI_META: ts=4196066280 rssi=-42 noise_floor=-98 channel=6 secondary_channel=0 sig_mode=0 mcs=0 rate=9 cwb=0 sgi=0 stbc=0 ant=0 len=128 rx_state=0 seq=-1 tx_mac=52:40:27:94:0a:bb
CSI_DATA: 28 -64 1 0 -1 51 1 45 2 40 2 31 3 24 1 16 0 8 -2 0 -4 -7 -7 -13 -9 -18 -11 -22 -13 -24 -14 -27 -15 -28 -13 -27 -12 -26 -10 -24 -8 -21 -7 -19 -5 -16 -3 -12 -1 -9 0 -5 0 -1 0 0 0 0 0 0 0 0 0 0 0 0 0 0 0 0 0 0 0 0 0 0 -3 3 -2 -1 -1 -5 1 -9 3 -12 5 -15 7 -18 10 -21 12 -24 15 -25 17 -27 18 -27 17 -25 16 -23 14 -20 10 -18 7 -12 5 -6 2 0 -1 9 -3 16 -4 25 -7 34 -7 40 -7 46 -6 52
CSI_META: ts=4196066451 rssi=-38 noise_floor=-98 channel=6 secondary_channel=0 sig_mode=0 mcs=0 rate=9 cwb=0 sgi=0 stbc=0 ant=0 len=128 rx_state=0 seq=-1 tx_mac=52:40:27:94:0a:bb
CSI_DATA: 28 -64 1 0 1 -24 0 -21 -1 -18 0 -13 -1 -9 -1 -5 -1 -1 0 3 1 6 1 10 1 12 2 14 2 14 3 15 3 14 2 13 2 11 1 9 0 7 0 5 -1 2 -1 1 0 -1 0 -4 1 -5 0 0 0 0 0 0 0 0 0 0 0 0 0 0 0 0 0 0 0 0 0 0 -1 -6 0 -5 0 -3 0 -1 0 1 -1 3 -1 6 -3 7 -3 10 -5 11 -6 13 -7 13 -8 13 -8 13 -7 12 -6 11 -4 8 -3 6 -2 2 -1 -2 1 -6 1 -11 3 -15 3 -19 4 -22 4 -25
CSI_META: ts=4196067059 rssi=-42 noise_floor=-98 channel=6 secondary_channel=0 sig_mode=0 mcs=0 rate=9 cwb=0 sgi=0 stbc=0 ant=0 len=128 rx_state=0 seq=-1 tx_mac=52:40:27:94:0a:bb
CSI_DATA: 28 -64 1 0 -53 -2 -47 0 -40 0 -32 1 -25 2 -17 1 -8 -1 -1 -2 7 -5 12 -7 18 -10 22 -12 25 -13 26 -14 27 -14 27 -14 24 -12 23 -10 19 -8 17 -6 14 -5 10 -3 7 -1 3 0 -1 0 0 0 0 0 0 0 0 0 0 0 0 0 0 0 0 0 0 0 0 0 0 0 -5 -3 -1 -2 3 -1 7 1 10 3 13 6 15 8 19 11 21 14 24 17 25 19 25 19 24 19 23 18 20 15 16 12 11 9 6 5 -1 2 -9 -1 -17 -4 -26 -6 -33 -8 -41 -8 -48 -8 -53 -7
CSI_META: ts=4196076266 rssi=-41 noise_floor=-98 channel=6 secondary_channel=0 sig_mode=0 mcs=0 rate=9 cwb=0 sgi=0 stbc=0 ant=0 len=128 rx_state=0 seq=-1 tx_mac=52:40:27:94:0a:bb
CSI_DATA: 28 -64 1 0 7 -47 4 -43 2 -37 1 -29 0 -22 0 -14 1 -7 3 1 5 7 8 12 10 17 12 20 14 22 16 23 16 24 14 22 13 21 11 18 9 15 6 13 4 10 2 7 0 3 -2 0 -3 -4 0 0 0 0 0 0 0 0 0 0 0 0 0 0 0 0 0 0 0 0 0 0 7 -6 5 -3 2 0 -1 3 -4 5 -8 7 -12 9 -16 11 -19 13 -23 13 -26 15 -27 15 -27 15 -25 15 -23 14 -20 12 -16 9 -11 5 -6 0 -1 -6 3 -12 7 -20 10 -27 12 -34 13 -41 13 -48
CSI_META: ts=4196076393 rssi=-38 noise_floor=-98 channel=6 secondary_channel=0 sig_mode=0 mcs=0 rate=9 cwb=0 sgi=0 stbc=0 ant=0 len=128 rx_state=0 seq=-1 tx_mac=52:40:27:94:0a:bb
CSI_DATA: 28 -64 1 0 -23 11 -20 10 -16 9 -13 7 -9 5 -6 3 -2 0 0 -3 3 -6 5 -9 6 -11 7 -12 8 -14 8 -14 7 -13 8 -12 6 -11 6 -10 4 -7 4 -6 3 -3 1 -2 0 0 -2 1 -3 3 0 0 0 0 0 0 0 0 0 0 0 0 0 0 0 0 0 0 0 0 0 0 -7 0 -5 -1 -3 -1 -1 -2 1 -2 4 -1 6 0 8 0 11 1 13 2 15 2 15 3 16 3 16 3 14 3 12 2 10 1 6 1 2 1 -1 1 -6 1 -10 2 -15 4 -19 5 -23 7 -25 9
CSI_META: ts=4196076565 rssi=-41 noise_floor=-98 channel=6 secondary_channel=0 sig_mode=0 mcs=0 rate=9 cwb=0 sgi=0 stbc=0 ant=0 len=128 rx_state=0 seq=-1 tx_mac=52:40:27:94:0a:bb
CSI_DATA: 28 -64 1 0 18 45 18 39 18 34 15 26 11 19 7 13 1 7 -4 2 -10 -2 -16 -5 -20 -7 -24 -8 -27 -8 -29 -9 -29 -9 -28 -8 -25 -8 -23 -7 -18 -7 -15 -6 -11 -6 -8 -5 -4 -4 0 -3 4 -1 0 0 0 0 0 0 0 0 0 0 0 0 0 0 0 0 0 0 0 0 0 0 -7 6 -6 3 -4 -1 -2 -4 1 -7 4 -10 7 -13 10 -17 14 -20 16 -22 18 -25 19 -26 19 -26 18 -25 16 -23 14 -20 11 -16 8 -11 6 -4 4 4 4 12 4 20 4 29 7 36 10 42 12 48
CSI_META: ts=4196224184 rssi=-38 noise_floor=-98 channel=6 secondary_channel=0 sig_mode=0 mcs=0 rate=9 cwb=0 sgi=0 stbc=0 ant=0 len=128 rx_state=0 seq=-1 tx_mac=52:40:27:94:0a:bb
CSI_DATA: 28 -64 1 0 -19 -10 -20 -8 -20 -7 -19 -5 -18 -3 -17 -2 -14 -1 -12 0 -9 -1 -7 -2 -5 -3 -4 -5 -2 -6 -2 -8 -1 -9 -1 -10 -1 -10 -1 -11 -1 -10 -1 -10 -1 -10 -1 -9 -1 -8 0 -7 1 -6 0 0 0 0 0 0 0 0 0 0 0 0 0 0 0 0 0 0 0 0 0 0 6 4 5 4 4 4 2 4 1 4 -1 3 -2 3 -4 3 -6 4 -8 4 -10 5 -12 5 -13 6 -14 7 -13 8 -14 8 -12 9 -12 9 -10 8 -9 7 -9 5 -8 3 -8 0 -9 -3 -11 -5 -13 -8
CSI_META: ts=4196326459 rssi=-40 noise_floor=-98 channel=6 secondary_channel=0 sig_mode=0 mcs=0 rate=9 cwb=0 sgi=0 stbc=0 ant=0 len=128 rx_state=0 seq=-1 tx_mac=52:40:27:94:0a:bb
CSI_DATA: 28 -64 1 0 -1 -41 -3 -35 -3 -30 -2 -23 0 -17 3 -13 8 -9 12 -8 16 -7 20 -7 22 -9 24 -10 24 -11 24 -13 23 -14 21 -13 18 -12 15 -11 12 -8 10 -6 8 -4 6 -1 4 2 3 5 1 8 0 0 0 0 0 0 0 0 0 0 0 0 0 0 0 0 0 0 0 0 0 0 -6 5 -7 2 -8 -1 -10 -5 -11 -7 -12 -10 -13 -13 -15 -15 -17 -17 -18 -19 -20 -20 -20 -19 -20 -18 -18 -16 -16 -15 -13 -13 -9 -12 -5 -13 0 -14 5 -18 9 -21 11 -27 14 -33 14 -38 12 -42 10 -46
CSI_META: ts=4196449741 rssi=-37 noise_floor=-98 channel=6 secondary_channel=0 sig_mode=0 mcs=0 rate=9 cwb=0 sgi=0 stbc=0 ant=0 len=128 rx_state=0 seq=-1 tx_mac=52:40:27:94:0a:bb
CSI_DATA: 28 -64 1 0 36 10 32 7 26 5 21 4 15 4 10 6 5 8 1 11 -1 15 -2 18 -2 21 -1 23 0 24 0 24 1 24 2 21 2 18 1 15 1 12 -1 9 -2 7 -4 4 -5 2 -6 -1 -8 -3 0 0 0 0 0 0 0 0 0 0 0 0 0 0 0 0 0 0 0 0 0 0 -9 -5 -6 -6 -2 -7 1 -7 4 -8 8 -8 11 -10 15 -11 17 -13 19 -15 20 -16 21 -17 19 -18 18 -17 16 -16 14 -14 12 -10 10 -7 11 -1 12 5 14 10 18 14 22 18 28 20 33 21 36 20
CSI_META: ts=4196453621 rssi=-41 noise_floor=-98 channel=6 secondary_channel=0 sig_mode=0 mcs=0 rate=9 cwb=0 sgi=0 stbc=0 ant=0 len=128 rx_state=0 seq=-1 tx_mac=52:40:27:94:0a:bb
CSI_DATA: 28 -64 1 0 -4 -45 -6 -38 -7 -34 -6 -26 -4 -21 -1 -17 4 -13 8 -11 12 -10 16 -10 19 -11 21 -13 22 -13 23 -16 22 -16 20 -16 18 -15 16 -13 13 -11 12 -9 10 -7 8 -4 7 -2 6 2 4 4 0 0 0 0 0 0 0 0 0 0 0 0 0 0 0 0 0 0 0 0 0 0 -7 5 -8 1 -10 -3 -11 -6 -12 -9 -13 -11 -15 -14 -17 -16 -19 -18 -21 -19 -23 -20 -23 -19 -22 -17 -21 -16 -18 -14 -16 -14 -11 -13 -7 -14 -2 -14 3 -18 6 -22 9 -27 11 -34 10 -39 9 -44 6 -49
CSI_META: ts=4196453775 rssi=-41 noise_floor=-98 channel=6 secondary_channel=0 sig_mode=0 mcs=0 rate=9 cwb=0 sgi=0 stbc=0 ant=0 len=128 rx_state=0 seq=-1 tx_mac=52:40:27:94:0a:bb
CSI_DATA: 28 -64 1 0 19 -40 14 -36 11 -32 9 -26 7 -20 8 -14 9 -9 12 -6 15 -2 19 -1 21 0 24 0 26 0 27 -2 27 -3 25 -2 23 -3 20 -3 17 -3 14 -2 12 -1 9 1 7 3 4 4 1 7 0 0 0 0 0 0 0 0 0 0 0 0 0 0 0 0 0 0 0 0 0 0 -9 1 -8 -3 -8 -7 -7 -10 -6 -13 -6 -16 -6 -19 -7 -22 -8 -25 -8 -27 -10 -28 -11 -28 -11 -26 -10 -24 -9 -22 -7 -19 -4 -16 1 -15 6 -14 12 -14 17 -16 22 -19 26 -24 29 -28 30 -33 30 -38
CSI_META: ts=4196453920 rssi=-37 noise_floor=-98 channel=6 secondary_channel=0 sig_mode=0 mcs=0 rate=9 cwb=0 sgi=0 stbc=0 ant=0 len=128 rx_state=0 seq=-1 tx_mac=52:40:27:94:0a:bb
CSI_DATA: 28 -64 1 0 21 1 18 -1 15 -1 12 -1 9 0 7 1 4 3 2 5 2 7 1 9 2 10 2 12 3 12 4 12 4 12 4 11 4 9 3 8 2 7 2 6 0 4 -1 3 -2 2 -4 1 -4 0 0 0 0 0 0 0 0 0 0 0 0 0 0 0 0 0 0 0 0 0 0 0 -4 -3 -2 -3 -1 -4 1 -5 3 -5 4 -6 5 -6 7 -8 8 -8 9 -10 9 -10 10 -11 8 -11 8 -11 7 -9 6 -8 5 -6 5 -4 6 -1 7 1 9 4 12 5 14 7 17 8 20 7 22 6
CSI_META: ts=4196935532 rssi=-38 noise_floor=-98 channel=6 secondary_channel=0 sig_mode=0 mcs=0 rate=9 cwb=0 sgi=0 stbc=0 ant=0 len=128 rx_state=0 seq=-1 tx_mac=52:40:27:94:0a:bb
CSI_DATA: 28 -64 1 0 -10 19 -10 13 -11 9 -14 5 -17 2 -19 0 -23 0 -25 1 -27 2 -27 4 -27 6 -26 7 -23 7 -21 7 -18 7 -16 5 -13 3 -11 1 -8 -1 -6 -4 -5 -6 -4 -8 -3 -10 -2 -12 0 -13 0 0 0 0 0 0 0 0 0 0 0 0 0 0 0 0 0 0 0 0 0 0 7 5 7 8 7 10 6 12 7 14 8 14 7 15 8 16 8 16 7 16 6 16 5 14 2 13 -2 11 -5 10 -9 10 -12 11 -16 13 -19 15 -21 19 -23 22 -22 26 -23 30 -19 31 -17 32 -14 31
CSI_META: ts=4196935811 rssi=-42 noise_floor=-98 channel=6 secondary_channel=0 sig_mode=0 mcs=0 rate=9 cwb=0 sgi=0 stbc=0 ant=0 len=128 rx_state=0 seq=-1 tx_mac=52:40:27:94:0a:bb
CSI_DATA: 28 -64 1 0 -17 17 -16 11 -16 6 -19 1 -22 -3 -25 -4 -28 -5 -30 -3 -32 -2 -32 1 -31 3 -30 4 -26 5 -23 5 -20 4 -16 2 -12 0 -10 -3 -7 -5 -6 -8 -5 -11 -4 -13 -3 -15 -2 -17 -1 -18 0 0 0 0 0 0 0 0 0 0 0 0 0 0 0 0 0 0 0 0 0 0 5 7 3 9 2 12 1 14 0 16 0 18 -1 19 -1 21 0 22 -1 22 -1 21 -1 19 -3 17 -5 14 -8 12 -11 10 -15 8 -20 9 -25 10 -29 13 -32 16 -33 21 -33 25 -32 28 -29 29 -25 30
CSI_META: ts=4196935938 rssi=-42 noise_floor=-98 channel=6 secondary_channel=0 sig_mode=0 mcs=0 rate=9 cwb=0 sgi=0 stbc=0 ant=0 len=128 rx_state=0 seq=-1 tx_mac=52:40:27:94:0a:bb
CSI_DATA: 28 -64 1 0 15 18 10 16 4 17 -1 17 -5 19 -7 22 -8 25 -8 28 -6 30 -5 31 -2 30 -1 29 0 27 1 24 1 21 0 17 -1 13 -3 10 -5 7 -7 4 -9 3 -12 1 -14 0 -16 -2 -17 -3 0 0 0 0 0 0 0 0 0 0 0 0 0 0 0 0 0 0 0 0 0 0 9 -5 12 -3 13 -1 15 0 17 1 18 1 19 2 20 2 21 2 20 2 19 3 17 4 15 5 12 7 9 9 7 13 6 17 6 22 7 26 10 30 12 33 16 34 20 35 23 34 25 31 25 29
CSI_META: ts=4198998531 rssi=-41 noise_floor=-98 channel=6 secondary_channel=0 sig_mode=0 mcs=0 rate=9 cwb=0 sgi=0 stbc=0 ant=0 len=128 rx_state=0 seq=-1 tx_mac=52:40:27:94:0a:bb
CSI_DATA: 28 -64 1 0 -6 22 -9 17 -13 16 -16 14 -20 14 -22 16 -23 18 -23 21 -22 23 -20 23 -18 23 -15 22 -13 20 -11 18 -10 14 -9 11 -9 7 -10 4 -10 1 -12 -2 -13 -3 -14 -5 -15 -6 -15 -7 -15 -9 0 0 0 0 0 0 0 0 0 0 0 0 0 0 0 0 0 0 0 0 0 0 9 6 8 9 8 12 7 13 8 16 8 16 8 17 9 18 9 19 8 19 7 18 5 17 2 16 -1 15 -4 15 -8 17 -11 18 -14 22 -15 24 -16 29 -16 32 -13 36 -11 39 -8 39 -5 38 -3 35
CSI_META: ts=4199682286 rssi=-41 noise_floor=-98 channel=6 secondary_channel=0 sig_mode=0 mcs=0 rate=9 cwb=0 sgi=0 stbc=0 ant=0 len=128 rx_state=0 seq=-1 tx_mac=52:40:27:94:0a:bb
CSI_DATA: 28 -64 1 0 -28 -5 -26 -3 -23 -2 -20 0 -17 0 -14 -1 -10 -2 -8 -4 -6 -7 -5 -9 -5 -12 -5 -13 -6 -15 -6 -15 -7 -16 -7 -15 -7 -14 -7 -13 -6 -11 -5 -10 -4 -9 -3 -7 -1 -6 1 -5 2 -4 0 0 0 0 0 0 0 0 0 0 0 0 0 0 0 0 0 0 0 0 0 0 3 4 2 4 0 4 -2 4 -4 4 -6 4 -8 4 -10 5 -12 6 -14 7 -15 8 -15 8 -15 9 -14 9 -13 9 -12 9 -10 7 -10 5 -9 3 -9 0 -11 -4 -13 -6 -15 -9 -19 -11 -22 -11 -25 -12
CSI_META: ts=4200266303 rssi=-38 noise_floor=-98 channel=6 secondary_channel=0 sig_mode=0 mcs=0 rate=9 cwb=0 sgi=0 stbc=0 ant=0 len=128 rx_state=0 seq=-1 tx_mac=52:40:27:94:0a:bb
CSI_DATA: 28 -64 1 0 2 -8 2 -4 2 -1 3 3 4 6 5 9 7 11 8 11 9 12 9 12 10 12 9 11 9 10 8 8 7 7 5 6 3 4 1 2 0 1 -2 -1 -3 -2 -4 -3 -5 -4 -6 -6 -6 -7 0 0 0 0 0 0 0 0 0 0 0 0 0 0 0 0 0 0 0 0 0 0 -3 4 -5 4 -6 5 -7 5 -8 5 -9 5 -9 5 -10 4 -9 4 -9 3 -8 3 -6 2 -5 0 -2 -2 0 -4 1 -5 3 -8 5 -10 6 -13 7 -15 7 -17 7 -19 7 -20 6 -20 5 -20 5 -19
CSI_META: ts=4200266399 rssi=-38 noise_floor=-98 channel=6 secondary_channel=0 sig_mode=0 mcs=0 rate=9 cwb=0 sgi=0 stbc=0 ant=0 len=128 rx_state=0 seq=-1 tx_mac=52:40:27:94:0a:bb
CSI_DATA: 28 -64 1 0 -9 1 -4 -1 0 -3 3 -5 5 -8 7 -10 8 -12 8 -13 9 -15 8 -15 7 -15 6 -14 5 -12 4 -11 3 -8 3 -6 1 -4 1 -1 0 1 -1 3 -1 4 -2 6 -3 7 -4 7 -5 7 0 0 0 0 0 0 0 0 0 0 0 0 0 0 0 0 0 0 0 0 0 0 3 0 4 1 5 2 6 3 7 4 7 5 8 6 8 6 8 6 7 7 6 6 4 6 3 4 1 3 -2 2 -4 0 -8 -1 -11 -2 -13 -1 -16 -2 -19 -2 -20 0 -22 0 -22 1 -21 1 -18 1
CSI_META: ts=4200566330 rssi=-37 noise_floor=-98 channel=6 secondary_channel=0 sig_mode=0 mcs=0 rate=9 cwb=0 sgi=0 stbc=0 ant=0 len=128 rx_state=0 seq=-1 tx_mac=52:40:27:94:0a:bb
CSI_DATA: 28 -64 1 0 12 -6 9 -4 6 -1 4 1 2 5 1 8 1 10 1 13 2 14 3 15 3 16 4 15 4 14 4 13 4 12 3 10 2 7 0 5 0 3 -2 2 -3 0 -4 -1 -5 -3 -6 -4 -6 -6 0 0 0 0 0 0 0 0 0 0 0 0 0 0 0 0 0 0 0 0 0 0 -4 -2 -4 -4 -5 -5 -5 -6 -5 -8 -5 -9 -6 -10 -6 -10 -6 -11 -6 -11 -6 -10 -5 -9 -4 -8 -2 -7 0 -5 2 -3 5 -2 8 -1 11 -1 14 -2 17 -2 19 -4 21 -5 22 -6 22 -7 21 -8
CSI_META: ts=4200566426 rssi=-37 noise_floor=-98 channel=6 secondary_channel=0 sig_mode=0 mcs=0 rate=9 cwb=0 sgi=0 stbc=0 ant=0 len=128 rx_state=0 seq=-1 tx_mac=52:40:27:94:0a:bb
CSI_DATA: 28 -64 1 0 -25 3 -19 1 -10 -4 -6 -8 -1 -12 2 -17 4 -23 4 -26 4 -29 3 -30 0 -31 0 -31 -1 -29 -2 -24 -1 -22 -1 -17 1 -12 2 -7 3 -4 4 0 5 3 7 6 8 8 8 11 7 14 0 0 0 0 0 0 0 0 0 0 0 0 0 0 0 0 0 0 0 0 0 0 4 0 4 4 3 7 3 11 3 13 3 17 2 18 3 21 2 22 3 22 2 22 2 20 2 17 0 14 -2 10 -6 6 -10 0 -14 -3 -20 -6 -25 -8 -32 -8 -36 -8 -39 -6 -43 -3 -44 -1 -44 2
CSI_META: ts=4200921441 rssi=-40 noise_floor=-98 channel=6 secondary_channel=0 sig_mode=0 mcs=0 rate=9 cwb=0 sgi=0 stbc=0 ant=0 len=128 rx_state=0 seq=-1 tx_mac=52:40:27:94:0a:bb
CSI_DATA: 28 -64 1 0 -48 -17 -44 -13 -40 -10 -34 -6 -28 -4 -22 -5 -16 -6 -11 -8 -7 -12 -3 -16 -2 -20 -1 -23 -1 -26 -1 -28 -2 -29 -3 -29 -3 -27 -4 -25 -3 -22 -3 -20 -2 -17 -1 -14 1 -11 3 -8 5 -5 0 0 0 0 0 0 0 0 0 0 0 0 0 0 0 0 0 0 0 0 0 0 5 6 1 7 -3 7 -7 7 -10 7 -13 7 -16 8 -20 9 -23 11 -26 13 -27 14 -27 14 -26 16 -25 16 -22 15 -20 13 -17 10 -16 6 -14 1 -15 -5 -17 -11 -20 -16 -24 -22 -31 -25 -37 -27 -41 -28
CSI_META: ts=4200934428 rssi=-41 noise_floor=-98 channel=6 secondary_channel=0 sig_mode=0 mcs=0 rate=9 cwb=0 sgi=0 stbc=0 ant=0 len=128 rx_state=0 seq=-1 tx_mac=52:40:27:94:0a:bb
CSI_DATA: 28 -64 1 0 10 14 8 20 7 26 9 30 11 33 13 35 16 34 17 33 18 30 18 27 17 23 15 19 11 16 7 13 3 10 -2 8 -5 6 -9 5 -12 3 -15 3 -17 3 -19 2 -20 1 -20 0 -20 -2 0 0 0 0 0 0 0 0 0 0 0 0 0 0 0 0 0 0 0 0 0 0 -9 -15 -8 -17 -7 -19 -7 -20 -6 -20 -5 -19 -4 -18 -3 -17 -1 -15 1 -13 4 -9 8 -6 12 -3 16 0 21 2 26 3 31 3 35 2 38 -1 40 -4 40 -6 39 -8 36 -9 32 -9 28 -8 22 -4
CSI_META: ts=4201283569 rssi=-41 noise_floor=-98 channel=6 secondary_channel=0 sig_mode=0 mcs=0 rate=9 cwb=0 sgi=0 stbc=0 ant=0 len=128 rx_state=0 seq=-1 tx_mac=52:40:27:94:0a:bb
CSI_DATA: 28 -64 1 0 2 -43 -1 -45 -3 -45 -7 -42 -10 -39 -12 -35 -12 -30 -11 -26 -9 -21 -5 -18 -2 -14 2 -12 7 -11 11 -12 14 -12 16 -12 18 -12 18 -13 17 -12 17 -13 16 -12 15 -11 15 -9 14 -7 12 -5 0 0 0 0 0 0 0 0 0 0 0 0 0 0 0 0 0 0 0 0 0 0 -10 14 -11 12 -11 10 -11 7 -10 4 -10 1 -10 -2 -11 -6 -11 -10 -13 -14 -15 -18 -17 -21 -19 -23 -21 -24 -24 -24 -26 -24 -27 -22 -26 -20 -25 -17 -23 -15 -20 -14 -15 -14 -10 -17 -5 -19 0 -24 2 -30
CSI_META: ts=4201416627 rssi=-38 noise_floor=-98 channel=6 secondary_channel=0 sig_mode=0 mcs=0 rate=9 cwb=0 sgi=0 stbc=0 ant=0 len=128 rx_state=0 seq=-1 tx_mac=52:40:27:94:0a:bb
CSI_DATA: 28 -64 1 0 -8 20 -6 18 -4 16 -3 12 -4 10 -4 7 -5 4 -7 2 -9 1 -11 1 -13 1 -14 1 -15 2 -15 3 -15 3 -13 3 -12 3 -11 3 -9 2 -8 2 -6 0 -5 -1 -4 -2 -2 -4 -1 -5 0 0 0 0 0 0 0 0 0 0 0 0 0 0 0 0 0 0 0 0 0 0 4 -2 4 0 3 2 2 3 2 5 3 7 2 8 3 9 3 11 4 12 4 13 4 13 5 13 4 12 4 10 3 9 1 8 0 7 -3 7 -5 7 -8 8 -11 10 -12 12 -14 15 -14 18 -14 20
CSI_META: ts=4202717403 rssi=-38 noise_floor=-98 channel=6 secondary_channel=0 sig_mode=0 mcs=0 rate=9 cwb=0 sgi=0 stbc=0 ant=0 len=128 rx_state=0 seq=-1 tx_mac=52:40:27:94:0a:bb
CSI_DATA: 28 -64 1 0 -23 -2 -23 -1 -22 1 -21 2 -18 3 -16 3 -13 3 -11 3 -8 1 -6 -1 -4 -3 -3 -5 -2 -7 -1 -9 -1 -11 -1 -11 -1 -12 -1 -12 -1 -11 -1 -11 -1 -10 -1 -9 0 -8 0 -6 1 -5 0 0 0 0 0 0 0 0 0 0 0 0 0 0 0 0 0 0 0 0 0 0 6 -4 5 -3 5 -1 3 0 2 1 1 2 0 4 -1 5 -3 7 -4 9 -5 11 -5 12 -5 14 -5 15 -5 15 -4 15 -3 15 -2 14 -3 12 -2 10 -3 7 -4 4 -7 2 -10 -1 -13 -2 -16 -3
CSI_META: ts=4203777331 rssi=-38 noise_floor=-98 channel=6 secondary_channel=0 sig_mode=0 mcs=0 rate=9 cwb=0 sgi=0 stbc=0 ant=0 len=128 rx_state=0 seq=-1 tx_mac=52:40:27:94:0a:bb
CSI_DATA: 28 -64 1 0 1 -18 5 -22 7 -26 7 -28 6 -30 5 -32 3 -32 1 -31 -1 -30 -2 -27 -3 -23 -3 -20 -1 -16 2 -12 3 -9 5 -6 9 -4 10 -2 12 0 13 2 14 2 15 3 15 4 15 5 14 7 0 0 0 0 0 0 0 0 0 0 0 0 0 0 0 0 0 0 0 0 0 0 -5 15 -6 14 -7 14 -7 14 -8 13 -8 12 -8 10 -8 8 -7 5 -8 2 -8 -1 -9 -6 -10 -10 -13 -14 -15 -16 -18 -19 -21 -21 -24 -21 -26 -20 -28 -18 -28 -16 -28 -14 -26 -13 -23 -11 -19 -10 -14 -12
CSI_META: ts=4204147978 rssi=-43 noise_floor=-98 channel=6 secondary_channel=0 sig_mode=0 mcs=0 rate=9 cwb=0 sgi=0 stbc=0 ant=0 len=128 rx_state=0 seq=-1 tx_mac=52:40:27:94:0a:bb
CSI_DATA: 28 -64 1 0 5 -10 7 -12 10 -14 10 -16 11 -17 9 -19 8 -19 7 -19 5 -18 4 -16 3 -13 2 -10 2 -7 3 -4 3 -1 5 1 5 3 6 5 6 6 7 7 7 7 7 8 6 8 6 8 4 8 0 0 0 0 0 0 0 0 0 0 0 0 0 0 0 0 0 0 0 0 0 0 -1 7 -2 8 -3 9 -4 9 -4 9 -4 9 -4 8 -4 7 -4 6 -5 4 -5 2 -5 -1 -6 -4 -7 -6 -8 -9 -10 -12 -11 -13 -14 -14 -15 -13 -17 -13 -18 -12 -17 -11 -17 -10 -14 -8 -11 -7 -8 -7
CSI_META: ts=4204808781 rssi=-42 noise_floor=-98 channel=6 secondary_channel=0 sig_mode=0 mcs=0 rate=9 cwb=0 sgi=0 stbc=0 ant=0 len=128 rx_state=0 seq=-1 tx_mac=52:40:27:94:0a:bb
CSI_DATA: 28 -64 1 0 -15 -21 -14 -17 -12 -15 -10 -11 -7 -9 -3 -7 1 -6 4 -6 7 -6 9 -7 11 -8 12 -10 12 -10 13 -11 12 -11 11 -11 9 -9 8 -8 7 -7 5 -5 4 -4 3 -2 2 0 1 2 0 4 0 0 0 0 0 0 0 0 0 0 0 0 0 0 0 0 0 0 0 0 0 0 2 3 0 3 -2 3 -5 2 -7 2 -9 2 -11 2 -13 2 -14 3 -16 3 -17 3 -17 3 -16 4 -15 4 -12 3 -11 2 -9 0 -7 -2 -5 -5 -4 -8 -3 -12 -4 -16 -5 -20 -7 -23 -9 -25 -11 -26
CSI_META: ts=4205177878 rssi=-37 noise_floor=-98 channel=6 secondary_channel=0 sig_mode=0 mcs=0 rate=9 cwb=0 sgi=0 stbc=0 ant=0 len=128 rx_state=0 seq=-1 tx_mac=52:40:27:94:0a:bb
CSI_DATA: 28 -64 1 0 12 17 13 17 14 15 14 13 14 11 13 9 11 7 9 6 7 5 4 5 2 5 0 7 -2 8 -3 9 -3 10 -3 10 -3 11 -3 10 -3 9 -3 9 -2 8 -2 7 -3 6 -3 5 -4 3 0 0 0 0 0 0 0 0 0 0 0 0 0 0 0 0 0 0 0 0 0 0 0 -9 1 -8 1 -8 2 -7 2 -5 3 -4 4 -2 5 -1 7 1 8 2 10 3 12 4 14 4 15 3 16 3 16 2 16 1 15 0 14 -1 12 0 10 0 9 2 7 5 6 7 6 10 7 14
CSI_META: ts=4205679726 rssi=-43 noise_floor=-98 channel=6 secondary_channel=0 sig_mode=0 mcs=0 rate=9 cwb=0 sgi=0 stbc=0 ant=0 len=128 rx_state=0 seq=-1 tx_mac=52:40:27:94:0a:bb
CSI_DATA: 28 -64 1 0 3 -15 2 -10 0 -6 -1 -1 -2 3 -3 7 -3 10 -4 13 -4 15 -4 16 -4 17 -4 16 -4 16 -4 15 -4 13 -4 11 -4 8 -3 6 -2 3 -1 1 0 -1 1 -2 2 -4 4 -5 6 -4 0 0 0 0 0 0 0 0 0 0 0 0 0 0 0 0 0 0 0 0 0 0 1 3 1 5 1 7 0 8 -1 10 -1 11 -2 12 -3 12 -3 13 -4 12 -4 11 -4 10 -3 7 -2 4 -1 1 1 -2 2 -5 4 -9 5 -13 6 -16 7 -19 8 -22 8 -24 8 -25 8 -25 7 -25
CSI_META: ts=4205935048 rssi=-42 noise_floor=-98 channel=6 secondary_channel=0 sig_mode=0 mcs=0 rate=9 cwb=0 sgi=0 stbc=0 ant=0 len=128 rx_state=0 seq=-1 tx_mac=52:40:27:94:0a:bb
CSI_DATA: 28 -64 1 0 -15 -24 -16 -22 -16 -20 -15 -17 -13 -14 -11 -11 -8 -9 -4 -7 -1 -6 3 -5 5 -6 8 -6 10 -7 12 -7 13 -8 13 -8 13 -8 11 -8 10 -6 9 -6 8 -5 7 -4 6 -2 4 -1 3 1 0 0 0 0 0 0 0 0 0 0 0 0 0 0 0 0 0 0 0 0 0 0 6 1 4 2 2 2 0 2 -2 3 -4 3 -7 3 -9 3 -12 4 -14 5 -16 5 -17 6 -18 7 -17 7 -16 8 -15 7 -13 7 -11 5 -9 3 -7 0 -6 -4 -5 -8 -5 -12 -6 -17 -7 -20 -9 -24
CSI_META: ts=4206054422 rssi=-38 noise_floor=-98 channel=6 secondary_channel=0 sig_mode=0 mcs=0 rate=9 cwb=0 sgi=0 stbc=0 ant=0 len=128 rx_state=0 seq=-1 tx_mac=52:40:27:94:0a:bb
CSI_DATA: 28 -64 1 0 -10 22 -8 22 -6 21 -4 18 -3 17 -2 13 -2 10 -2 7 -3 4 -5 1 -7 0 -8 -1 -10 -2 -12 -3 -13 -3 -13 -3 -13 -2 -12 -2 -11 -2 -10 -2 -9 -2 -8 -2 -6 -2 -4 -3 -3 -3 0 0 0 0 0 0 0 0 0 0 0 0 0 0 0 0 0 0 0 0 0 0 0 -7 1 -6 1 -4 3 -2 3 -1 4 1 5 3 6 5 7 7 8 9 9 10 10 11 11 11 11 10 12 9 11 9 10 7 9 7 6 5 4 5 1 6 -2 7 -6 9 -8 11 -10 14 -12 17
CSI_META: ts=4206290785 rssi=-38 noise_floor=-98 channel=6 secondary_channel=0 sig_mode=0 mcs=0 rate=9 cwb=0 sgi=0 stbc=0 ant=0 len=128 rx_state=0 seq=-1 tx_mac=52:40:27:94:0a:bb
CSI_DATA: 28 -64 1 0 -10 -8 -6 -6 -2 -6 1 -4 5 -4 7 -4 10 -5 12 -6 13 -8 13 -9 13 -9 12 -10 11 -9 10 -9 9 -8 7 -6 6 -4 4 -3 3 -1 1 0 0 2 -1 3 -2 5 -3 6 -4 6 0 0 0 0 0 0 0 0 0 0 0 0 0 0 0 0 0 0 0 0 0 0 0 4 -2 5 -3 6 -4 7 -5 8 -6 8 -6 9 -7 10 -7 10 -7 9 -7 9 -6 7 -5 5 -5 3 -4 0 -4 -3 -4 -6 -5 -9 -6 -12 -7 -15 -9 -17 -11 -18 -13 -19 -15 -18 -16 -18 -15 -17
CSI_META: ts=4206294660 rssi=-41 noise_floor=-98 channel=6 secondary_channel=0 sig_mode=0 mcs=0 rate=9 cwb=0 sgi=0 stbc=0 ant=0 len=128 rx_state=0 seq=-1 tx_mac=52:40:27:94:0a:bb
CSI_DATA: 28 -64 1 0 -30 -2 -21 -3 -12 -6 -6 -9 0 -13 4 -18 7 -22 8 -27 9 -30 8 -32 6 -33 5 -33 4 -32 3 -30 2 -26 2 -22 2 -17 2 -13 3 -9 4 -4 5 -1 6 3 6 6 6 10 5 12 0 0 0 0 0 0 0 0 0 0 0 0 0 0 0 0 0 0 0 0 0 0 4 9 3 13 2 16 1 18 0 21 0 21 -1 23 -1 24 -1 24 -2 24 -2 21 -3 18 -4 14 -5 9 -8 4 -11 -2 -15 -7 -20 -11 -24 -13 -31 -15 -37 -16 -42 -16 -46 -15 -48 -12 -48 -9 -46 -7
CSI_META: ts=4206294769 rssi=-41 noise_floor=-98 channel=6 secondary_channel=0 sig_mode=0 mcs=0 rate=9 cwb=0 sgi=0 stbc=0 ant=0 len=128 rx_state=0 seq=-1 tx_mac=52:40:27:94:0a:bb
CSI_DATA: 28 -64 1 0 -1 -28 1 -19 5 -12 9 -4 14 1 19 5 25 6 28 7 32 6 33 5 33 4 32 2 29 1 27 0 23 0 18 1 13 1 8 3 4 4 0 5 -4 7 -8 8 -11 8 -13 8 -15 8 0 0 0 0 0 0 0 0 0 0 0 0 0 0 0 0 0 0 0 0 0 0 -4 4 -9 4 -13 3 -16 2 -19 1 -21 1 -24 1 -26 1 -27 0 -27 0 -26 0 -24 -1 -19 -1 -14 -3 -9 -5 -4 -8 1 -12 6 -18 9 -23 12 -31 12 -36 11 -42 11 -47 8 -49 5 -49 2 -48
CSI_META: ts=4206294896 rssi=-41 noise_floor=-98 channel=6 secondary_channel=0 sig_mode=0 mcs=0 rate=9 cwb=0 sgi=0 stbc=0 ant=0 len=128 rx_state=0 seq=-1 tx_mac=52:40:27:94:0a:bb
CSI_DATA: 28 -64 1 0 -29 -5 -20 -5 -10 -8 -4 -10 2 -14 6 -18 9 -23 11 -27 11 -31 10 -32 9 -33 7 -33 6 -31 4 -28 3 -24 4 -20 3 -15 3 -10 4 -5 5 -2 5 2 6 6 6 9 6 12 5 15 0 0 0 0 0 0 0 0 0 0 0 0 0 0 0 0 0 0 0 0 0 0 3 7 2 10 0 14 -1 17 -2 19 -3 21 -4 23 -4 24 -4 25 -5 25 -5 23 -5 20 -5 16 -5 11 -7 6 -10 -1 -13 -6 -18 -11 -22 -15 -29 -18 -34 -19 -40 -20 -44 -19 -47 -16 -48 -14 -46 -11
CSI_META: ts=4206361790 rssi=-36 noise_floor=-98 channel=6 secondary_channel=0 sig_mode=0 mcs=0 rate=9 cwb=0 sgi=0 stbc=0 ant=0 len=128 rx_state=0 seq=-1 tx_mac=52:40:27:94:0a:bb
CSI_DATA: 28 -64 1 0 -33 -21 -32 -16 -28 -14 -24 -10 -20 -8 -15 -8 -11 -9 -7 -10 -4 -13 -2 -16 -2 -18 -2 -20 -2 -22 -2 -23 -3 -23 -4 -21 -4 -20 -4 -18 -3 -15 -2 -14 -1 -12 0 -10 2 -8 3 -6 6 -4 0 0 0 0 0 0 0 0 0 0 0 0 0 0 0 0 0 0 0 0 0 0 -1 8 -2 6 -6 4 -8 2 -10 2 -13 1 -14 0 -18 0 -20 -1 -23 0 -25 0 -25 1 -25 3 -24 3 -22 4 -19 2 -17 1 -14 -1 -12 -4 -12 -9 -13 -13 -14 -18 -16 -23 -20 -26 -25 -28 -28 -29
CSI_META: ts=4206362016 rssi=-40 noise_floor=-98 channel=6 secondary_channel=0 sig_mode=0 mcs=0 rate=9 cwb=0 sgi=0 stbc=0 ant=0 len=128 rx_state=0 seq=-1 tx_mac=52:40:27:94:0a:bb
CSI_DATA: 28 -64 1 0 42 -8 36 -10 32 -10 25 -9 21 -7 18 -4 15 1 14 4 15 9 16 12 18 13 20 15 21 14 23 13 22 11 22 11 18 8 16 7 13 6 10 6 7 6 4 7 1 8 -2 9 -5 9 0 0 0 0 0 0 0 0 0 0 0 0 0 0 0 0 0 0 0 0 0 0 -8 -11 -5 -10 -2 -10 1 -9 4 -8 6 -8 10 -8 13 -9 17 -10 21 -12 22 -14 23 -15 23 -17 22 -18 20 -18 18 -18 15 -14 14 -13 14 -8 16 -3 18 1 23 4 28 6 34 7 39 6 43 3
CSI_META: ts=4206362440 rssi=-40 noise_floor=-98 channel=6 secondary_channel=0 sig_mode=0 mcs=0 rate=9 cwb=0 sgi=0 stbc=0 ant=0 len=128 rx_state=0 seq=-1 tx_mac=52:40:27:94:0a:bb
CSI_DATA: 28 -64 1 0 3 42 5 37 7 34 7 27 5 23 2 19 -1 15 -5 14 -9 13 -12 14 -14 15 -16 16 -16 18 -17 20 -16 20 -15 20 -13 18 -11 16 -10 14 -9 12 -8 9 -8 7 -8 3 -8 1 -9 -3 0 0 0 0 0 0 0 0 0 0 0 0 0 0 0 0 0 0 0 0 0 0 8 -4 8 -1 7 2 7 4 7 8 7 10 7 13 8 16 10 19 11 21 13 23 14 24 15 22 15 21 14 19 13 17 10 15 8 15 4 14 -1 16 -5 19 -7 23 -10 29 -11 34 -9 38 -7 43
CSI_META: ts=4206464173 rssi=-37 noise_floor=-98 channel=6 secondary_channel=0 sig_mode=0 mcs=0 rate=9 cwb=0 sgi=0 stbc=0 ant=0 len=128 rx_state=0 seq=-1 tx_mac=52:40:27:94:0a:bb
CSI_DATA: 28 -64 1 0 -3 10 -4 12 -5 14 -4 16 -3 17 -2 17 -1 17 -1 16 0 15 0 12 1 10 0 8 -1 6 -2 4 -3 2 -4 0 -5 -1 -6 -3 -6 -3 -7 -4 -8 -5 -8 -5 -7 -5 -7 -6 -6 -7 0 0 0 0 0 0 0 0 0 0 0 0 0 0 0 0 0 0 0 0 0 0 -6 -8 -5 -8 -4 -8 -4 -8 -3 -8 -2 -7 -1 -6 -1 -5 1 -4 2 -3 4 -1 6 1 8 2 10 3 12 4 14 5 15 5 17 4 17 3 17 2 16 1 15 0 13 0 10 1 8 2 5 3
CSI_META: ts=4206566443 rssi=-42 noise_floor=-98 channel=6 secondary_channel=0 sig_mode=0 mcs=0 rate=9 cwb=0 sgi=0 stbc=0 ant=0 len=128 rx_state=0 seq=-1 tx_mac=52:40:27:94:0a:bb
CSI_DATA: 28 -64 1 0 22 -2 16 1 9 5 5 10 2 14 0 19 -1 23 -1 26 0 29 2 30 3 30 4 29 5 27 5 25 5 21 3 18 2 13 0 10 -2 6 -4 4 -6 1 -8 -1 -10 -4 -11 -7 -12 -9 0 0 0 0 0 0 0 0 0 0 0 0 0 0 0 0 0 0 0 0 0 0 -5 -11 -4 -13 -3 -16 -3 -18 -2 -19 -1 -20 -1 -20 -1 -21 -1 -21 0 -20 1 -18 1 -14 3 -11 5 -7 8 -3 11 1 15 5 21 7 26 8 31 8 35 8 39 6 41 4 42 2 41 -1 39 -3
CSI_META: ts=4206866459 rssi=-38 noise_floor=-98 channel=6 secondary_channel=0 sig_mode=0 mcs=0 rate=9 cwb=0 sgi=0 stbc=0 ant=0 len=128 rx_state=0 seq=-1 tx_mac=52:40:27:94:0a:bb
CSI_DATA: 28 -64 1 0 2 -36 0 -35 -3 -37 -6 -33 -8 -29 -9 -26 -8 -21 -6 -17 -3 -14 0 -12 3 -11 6 -10 9 -10 12 -11 14 -13 14 -13 14 -13 14 -13 12 -12 12 -11 10 -11 10 -9 9 -7 7 -4 7 -2 0 0 0 0 0 0 0 0 0 0 0 0 0 0 0 0 0 0 0 0 0 0 -11 9 -11 8 -11 7 -10 4 -9 2 -9 1 -8 -3 -8 -6 -8 -8 -8 -12 -10 -16 -11 -18 -12 -21 -15 -22 -16 -21 -19 -21 -19 -20 -20 -18 -18 -15 -16 -13 -13 -12 -9 -13 -4 -16 0 -17 3 -21 5 -27
CSI_META: ts=4208912795 rssi=-39 noise_floor=-98 channel=6 secondary_channel=0 sig_mode=0 mcs=0 rate=9 cwb=0 sgi=0 stbc=0 ant=0 len=128 rx_state=0 seq=-1 tx_mac=52:40:27:94:0a:bb
CSI_DATA: 28 -64 1 0 16 -9 13 -8 10 -7 9 -4 8 -1 8 1 8 3 9 5 10 5 12 6 14 5 14 5 14 5 13 3 13 2 11 2 9 1 7 1 6 1 4 2 2 2 1 3 0 4 -1 5 -3 5 0 0 0 0 0 0 0 0 0 0 0 0 0 0 0 0 0 0 0 0 0 0 -2 -5 0 -5 1 -6 2 -7 4 -8 4 -8 5 -9 6 -10 6 -11 6 -11 6 -12 6 -11 5 -10 5 -9 5 -8 5 -6 6 -4 8 -2 10 -1 13 0 15 0 18 -1 20 -3 21 -4 23 -6 22 -8
CSI_META: ts=4209583481 rssi=-41 noise_floor=-98 channel=6 secondary_channel=0 sig_mode=0 mcs=0 rate=9 cwb=0 sgi=0 stbc=0 ant=0 len=128 rx_state=0 seq=-1 tx_mac=52:40:27:94:0a:bb
CSI_DATA: 28 -64 1 0 -7 34 -5 31 -4 29 -4 26 -4 23 -5 21 -7 20 -7 20 -8 21 -9 21 -9 21 -8 22 -8 22 -6 22 -6 21 -5 19 -5 17 -4 15 -5 13 -5 11 -6 9 -7 8 -9 7 -10 6 -12 4 0 0 0 0 0 0 0 0 0 0 0 0 0 0 0 0 0 0 0 0 0 0 5 9 3 10 1 10 -1 11 -3 12 -4 13 -5 14 -6 16 -7 18 -8 19 -8 21 -8 22 -7 22 -7 22 -6 21 -7 21 -7 20 -8 19 -10 19 -12 20 -14 21 -15 24 -16 27 -17 30 -16 33 -13 36
CSI_META: ts=4209583635 rssi=-41 noise_floor=-98 channel=6 secondary_channel=0 sig_mode=0 mcs=0 rate=9 cwb=0 sgi=0 stbc=0 ant=0 len=128 rx_state=0 seq=-1 tx_mac=52:40:27:94:0a:bb
CSI_DATA: 28 -64 1 0 -37 16 -34 17 -28 15 -26 14 -25 11 -24 9 -24 8 -24 6 -24 6 -25 7 -26 7 -26 8 -26 9 -24 9 -23 9 -21 9 -19 8 -17 6 -15 4 -14 3 -13 1 -13 -1 -13 -2 -12 -5 -12 -7 0 0 0 0 0 0 0 0 0 0 0 0 0 0 0 0 0 0 0 0 0 0 -5 11 -7 9 -10 8 -11 7 -13 5 -15 5 -16 4 -20 5 -21 4 -24 6 -25 8 -25 8 -25 9 -25 9 -24 8 -24 8 -23 7 -23 5 -25 4 -26 2 -30 2 -32 1 -35 4 -38 7 -41 9 -41 11
CSI_META: ts=4209583753 rssi=-41 noise_floor=-98 channel=6 secondary_channel=0 sig_mode=0 mcs=0 rate=9 cwb=0 sgi=0 stbc=0 ant=0 len=128 rx_state=0 seq=-1 tx_mac=52:40:27:94:0a:bb
CSI_DATA: 28 -64 1 0 -36 -10 -31 -7 -30 -7 -25 -6 -24 -6 -22 -6 -21 -8 -21 -8 -22 -10 -22 -10 -22 -10 -23 -10 -21 -8 -24 -7 -21 -6 -21 -6 -17 -5 -16 -5 -14 -5 -12 -5 -10 -6 -10 -8 -7 -9 -6 -11 -4 -11 0 0 0 0 0 0 0 0 0 0 0 0 0 0 0 0 0 0 0 0 0 0 -11 4 -11 1 -12 -1 -11 -3 -13 -4 -13 -5 -15 -7 -16 -8 -18 -9 -20 -11 -21 -11 -22 -10 -22 -10 -22 -10 -20 -9 -21 -9 -19 -9 -20 -11 -18 -11 -20 -14 -21 -16 -23 -17 -27 -19 -29 -19 -32 -19 -34 -16
CSI_META: ts=4209587316 rssi=-41 noise_floor=-98 channel=6 secondary_channel=0 sig_mode=0 mcs=0 rate=9 cwb=0 sgi=0 stbc=0 ant=0 len=128 rx_state=0 seq=-1 tx_mac=52:40:27:94:0a:bb
CSI_DATA: 28 -64 1 0 14 -32 12 -30 10 -28 10 -25 9 -22 10 -20 11 -20 11 -20 13 -20 13 -21 12 -21 12 -22 11 -21 9 -22 8 -21 8 -18 7 -17 6 -14 6 -12 7 -10 7 -9 9 -7 10 -6 11 -5 12 -3 0 0 0 0 0 0 0 0 0 0 0 0 0 0 0 0 0 0 0 0 0 0 -3 -12 -1 -12 1 -11 3 -11 5 -11 6 -12 8 -12 10 -14 11 -15 13 -17 14 -19 14 -20 13 -20 13 -20 12 -20 11 -20 11 -19 12 -18 14 -17 16 -17 18 -18 20 -20 21 -23 23 -26 23 -28 22 -32
CSI_META: ts=4209587478 rssi=-37 noise_floor=-98 channel=6 secondary_channel=0 sig_mode=0 mcs=0 rate=9 cwb=0 sgi=0 stbc=0 ant=0 len=128 rx_state=0 seq=-1 tx_mac=52:40:27:94:0a:bb
CSI_DATA: 28 -64 1 0 -19 -5 -18 -4 -15 -3 -14 -3 -13 -3 -11 -4 -11 -5 -11 -5 -11 -6 -11 -7 -12 -6 -12 -6 -13 -5 -12 -5 -12 -4 -11 -4 -10 -3 -8 -3 -7 -3 -6 -3 -6 -4 -4 -4 -3 -5 -3 -6 -2 -7 0 0 0 0 0 0 0 0 0 0 0 0 0 0 0 0 0 0 0 0 0 0 -6 3 -6 1 -6 0 -6 -1 -7 -2 -7 -2 -8 -3 -9 -4 -10 -4 -11 -5 -12 -6 -12 -5 -13 -5 -13 -4 -12 -4 -12 -4 -11 -4 -10 -5 -11 -6 -11 -7 -12 -8 -13 -9 -14 -10 -16 -11 -18 -10 -19 -10
CSI_META: ts=4209587650 rssi=-41 noise_floor=-98 channel=6 secondary_channel=0 sig_mode=0 mcs=0 rate=9 cwb=0 sgi=0 stbc=0 ant=0 len=128 rx_state=0 seq=-1 tx_mac=52:40:27:94:0a:bb
CSI_DATA: 28 -64 1 0 -16 31 -14 29 -12 27 -11 23 -11 21 -11 19 -12 18 -13 18 -14 18 -14 18 -14 19 -14 19 -13 20 -12 20 -11 20 -10 18 -9 16 -8 14 -8 11 -8 10 -9 8 -9 6 -10 4 -12 3 -13 1 0 0 0 0 0 0 0 0 0 0 0 0 0 0 0 0 0 0 0 0 0 0 2 10 0 10 -2 10 -4 10 -6 11 -8 12 -9 13 -11 14 -12 15 -13 17 -14 18 -14 19 -13 19 -13 19 -12 18 -12 18 -13 17 -14 17 -15 16 -18 16 -20 17 -21 19 -23 22 -24 25 -24 28 -23 31
CSI_META: ts=4209930510 rssi=-37 noise_floor=-98 channel=6 secondary_channel=0 sig_mode=0 mcs=0 rate=9 cwb=0 sgi=0 stbc=0 ant=0 len=128 rx_state=0 seq=-1 tx_mac=52:40:27:94:0a:bb
CSI_DATA: 28 -64 1 0 6 24 8 28 8 31 11 32 13 32 15 30 15 27 16 23 15 20 12 17 10 14 7 12 3 9 -1 8 -5 8 -8 7 -11 7 -13 7 -14 7 -15 6 -16 6 -15 6 -16 5 -15 3 -15 2 0 0 0 0 0 0 0 0 0 0 0 0 0 0 0 0 0 0 0 0 0 0 -6 -15 -5 -16 -4 -16 -3 -15 -2 -13 -1 -12 0 -10 3 -8 5 -6 7 -3 10 0 14 3 18 4 22 5 25 5 28 5 29 4 31 2 31 -1 30 -2 28 -3 25 -4 21 -2 17 0 14 3 11 9
CSI_META: ts=4210183979 rssi=-43 noise_floor=-98 channel=6 secondary_channel=0 sig_mode=0 mcs=0 rate=9 cwb=0 sgi=0 stbc=0 ant=0 len=128 rx_state=0 seq=-1 tx_mac=52:40:27:94:0a:bb
CSI_DATA: 28 -64 1 0 -40 -28 -37 -24 -32 -21 -27 -16 -20 -12 -13 -8 -5 -5 1 -3 8 -1 14 0 20 0 23 0 26 1 28 1 29 1 28 2 25 3 22 3 18 3 15 4 11 4 8 4 3 3 -1 2 -4 0 0 0 0 0 0 0 0 0 0 0 0 0 0 0 0 0 0 0 0 0 0 0 -4 -6 -2 -4 0 -1 2 3 4 7 4 10 5 14 6 18 7 22 7 25 7 28 7 29 8 28 7 27 7 24 6 20 4 15 2 9 -1 3 -5 -3 -10 -10 -15 -16 -20 -23 -27 -27 -32 -30 -36 -33
CSI_META: ts=4210560045 rssi=-42 noise_floor=-98 channel=6 secondary_channel=0 sig_mode=0 mcs=0 rate=9 cwb=0 sgi=0 stbc=0 ant=0 len=128 rx_state=0 seq=-1 tx_mac=52:40:27:94:0a:bb
CSI_DATA: 28 -64 1 0 20 -38 17 -39 15 -40 11 -38 8 -35 5 -31 3 -27 3 -21 3 -16 5 -11 7 -7 10 -3 13 0 17 2 19 3 21 4 21 4 21 4 20 4 19 4 18 4 16 4 13 4 11 5 7 5 0 0 0 0 0 0 0 0 0 0 0 0 0 0 0 0 0 0 0 0 0 0 -4 14 -5 11 -6 9 -6 6 -6 3 -7 0 -8 -4 -9 -8 -10 -11 -12 -16 -14 -19 -16 -22 -18 -23 -20 -24 -21 -23 -23 -23 -22 -21 -21 -18 -19 -15 -15 -14 -11 -12 -5 -12 1 -15 7 -17 13 -21 17 -26
CSI_META: ts=4210776172 rssi=-39 noise_floor=-98 channel=6 secondary_channel=0 sig_mode=0 mcs=0 rate=9 cwb=0 sgi=0 stbc=0 ant=0 len=128 rx_state=0 seq=-1 tx_mac=52:40:27:94:0a:bb
CSI_DATA: 28 -64 1 0 -12 -5 -8 -5 -4 -7 -2 -8 -1 -10 0 -12 1 -14 0 -16 0 -17 -1 -17 -2 -17 -3 -16 -4 -14 -3 -13 -3 -11 -2 -9 -1 -6 0 -5 2 -3 3 -2 4 -2 6 -1 7 0 8 2 8 3 0 0 0 0 0 0 0 0 0 0 0 0 0 0 0 0 0 0 0 0 0 0 -2 4 -4 4 -5 4 -6 5 -7 6 -8 6 -8 6 -9 6 -9 7 -9 7 -8 6 -8 4 -7 3 -6 1 -6 -1 -6 -4 -7 -6 -8 -8 -10 -10 -12 -12 -14 -12 -17 -12 -18 -12 -19 -11 -20 -9 -19 -8
CSI_META: ts=4210931256 rssi=-37 noise_floor=-98 channel=6 secondary_channel=0 sig_mode=0 mcs=0 rate=9 cwb=0 sgi=0 stbc=0 ant=0 len=128 rx_state=0 seq=-1 tx_mac=52:40:27:94:0a:bb
CSI_DATA: 28 -64 1 0 -12 -19 -7 -15 0 -14 5 -13 10 -13 14 -15 18 -18 19 -20 19 -22 18 -25 16 -25 14 -25 12 -24 11 -22 9 -18 7 -14 6 -11 6 -7 6 -3 6 0 6 3 7 6 7 9 7 11 7 13 0 0 0 0 0 0 0 0 0 0 0 0 0 0 0 0 0 0 0 0 0 0 -8 5 -11 4 -14 3 -16 3 -17 2 -19 2 -19 2 -21 2 -21 2 -20 2 -19 1 -16 0 -14 -2 -10 -4 -8 -7 -5 -11 -4 -16 -4 -22 -3 -25 -6 -30 -8 -34 -12 -36 -14 -38 -17 -37 -20 -35 -21 -33
CSI_META: ts=4210931546 rssi=-37 noise_floor=-98 channel=6 secondary_channel=0 sig_mode=0 mcs=0 rate=9 cwb=0 sgi=0 stbc=0 ant=0 len=128 rx_state=0 seq=-1 tx_mac=52:40:27:94:0a:bb
CSI_DATA: 28 -64 1 0 -19 8 -12 2 -13 -2 -10 -8 -11 -12 -12 -17 -14 -19 -16 -20 -21 -21 -21 -18 -21 -17 -21 -15 -17 -13 -18 -12 -12 -10 -10 -9 -5 -7 -2 -6 1 -6 4 -6 7 -6 10 -7 11 -6 13 -6 13 -4 0 0 0 0 0 0 0 0 0 0 0 0 0 0 0 0 0 0 0 0 0 0 5 3 4 5 4 9 3 10 3 14 2 13 3 16 3 18 2 18 4 20 4 17 3 15 1 13 -2 11 -4 6 -9 7 -11 3 -18 3 -20 3 -25 3 -30 6 -32 7 -36 14 -32 15 -31 17 -28 17
CSI_META: ts=4211723923 rssi=-37 noise_floor=-98 channel=6 secondary_channel=0 sig_mode=0 mcs=0 rate=9 cwb=0 sgi=0 stbc=0 ant=0 len=128 rx_state=0 seq=-1 tx_mac=52:40:27:94:0a:bb
CSI_DATA: 28 -64 1 0 20 2 18 0 14 0 12 0 9 1 7 2 5 5 4 6 3 9 3 10 4 11 5 12 5 12 6 12 6 12 6 11 6 9 5 8 4 6 2 5 1 5 0 4 -2 3 -3 2 -5 2 0 0 0 0 0 0 0 0 0 0 0 0 0 0 0 0 0 0 0 0 0 0 -1 -4 1 -4 2 -5 4 -5 6 -5 7 -5 8 -6 9 -6 10 -7 11 -8 12 -8 11 -8 10 -8 9 -7 8 -6 7 -5 6 -2 6 0 7 2 9 5 10 7 13 8 15 10 19 10 21 9 23 8
CSI_META: ts=4211788814 rssi=-40 noise_floor=-98 channel=6 secondary_channel=0 sig_mode=0 mcs=0 rate=9 cwb=0 sgi=0 stbc=0 ant=0 len=128 rx_state=0 seq=-1 tx_mac=52:40:27:94:0a:bb
CSI_DATA: 28 -64 1 0 16 20 16 23 16 27 18 28 20 28 23 27 25 26 25 23 25 20 24 17 22 14 19 12 16 11 13 11 9 11 6 12 3 12 1 13 -1 14 -2 15 -3 16 -4 17 -5 17 -6 17 -8 16 0 0 0 0 0 0 0 0 0 0 0 0 0 0 0 0 0 0 0 0 0 0 13 -11 14 -10 15 -10 15 -10 15 -9 15 -7 15 -6 14 -5 14 -2 14 0 14 3 14 7 15 10 17 14 19 16 22 18 25 19 28 19 31 17 34 15 34 13 35 10 33 10 31 8 28 8 24 10
CSI_META: ts=4212224098 rssi=-44 noise_floor=-98 channel=6 secondary_channel=0 sig_mode=0 mcs=0 rate=9 cwb=0 sgi=0 stbc=0 ant=0 len=128 rx_state=0 seq=-1 tx_mac=52:40:27:94:0a:bb
CSI_DATA: 28 -64 1 0 25 6 28 7 31 8 33 7 34 4 34 2 33 -1 29 -3 26 -5 23 -5 19 -4 16 -2 13 1 11 4 10 7 9 10 8 11 8 13 8 13 8 14 8 14 8 14 7 14 5 13 3 12 0 0 0 0 0 0 0 0 0 0 0 0 0 0 0 0 0 0 0 0 0 0 -3 -16 -2 -17 -1 -18 0 -18 0 -18 0 -18 1 -16 2 -16 3 -14 6 -12 8 -10 11 -8 15 -7 19 -6 22 -6 26 -7 28 -9 30 -12 31 -14 31 -17 29 -19 26 -19 23 -18 22 -16 20 -12 19 -7
CSI_META: ts=4212224270 rssi=-43 noise_floor=-98 channel=6 secondary_channel=0 sig_mode=0 mcs=0 rate=9 cwb=0 sgi=0 stbc=0 ant=0 len=128 rx_state=0 seq=-1 tx_mac=52:40:27:94:0a:bb
CSI_DATA: 28 -64 1 0 6 -25 8 -26 9 -30 7 -31 6 -32 4 -33 2 -31 0 -29 -3 -27 -3 -24 -4 -20 -2 -17 0 -13 3 -12 6 -10 8 -9 10 -7 12 -7 13 -7 14 -7 14 -7 14 -7 14 -7 13 -5 13 -4 0 0 0 0 0 0 0 0 0 0 0 0 0 0 0 0 0 0 0 0 0 0 -16 2 -16 1 -17 0 -17 -1 -17 -1 -16 -2 -15 -3 -14 -4 -12 -6 -11 -7 -9 -10 -7 -13 -5 -16 -5 -19 -5 -22 -6 -27 -7 -28 -10 -30 -12 -30 -14 -30 -16 -28 -16 -26 -16 -24 -14 -21 -11 -19 -6 -19
CSI_META: ts=4212224424 rssi=-43 noise_floor=-98 channel=6 secondary_channel=0 sig_mode=0 mcs=0 rate=9 cwb=0 sgi=0 stbc=0 ant=0 len=128 rx_state=0 seq=-1 tx_mac=52:40:27:94:0a:bb
CSI_DATA: 28 -64 1 0 10 -22 13 -26 13 -26 13 -30 11 -30 9 -31 7 -30 5 -29 2 -26 1 -24 0 -21 1 -17 2 -15 5 -11 7 -10 8 -7 11 -6 12 -5 13 -4 14 -5 15 -4 14 -4 14 -4 14 -3 14 -1 0 0 0 0 0 0 0 0 0 0 0 0 0 0 0 0 0 0 0 0 0 0 -16 0 -18 -2 -16 -3 -17 -4 -15 -4 -16 -5 -14 -5 -13 -6 -10 -8 -9 -9 -7 -11 -4 -14 -2 -17 -1 -20 -1 -25 -1 -26 -3 -31 -5 -30 -7 -33 -9 -31 -11 -30 -11 -28 -12 -25 -10 -23 -7 -21 -3 -21
CSI_META: ts=4212228074 rssi=-43 noise_floor=-98 channel=6 secondary_channel=0 sig_mode=0 mcs=0 rate=9 cwb=0 sgi=0 stbc=0 ant=0 len=128 rx_state=0 seq=-1 tx_mac=52:40:27:94:0a:bb
CSI_DATA: 28 -64 1 0 13 20 13 22 14 25 16 25 18 26 20 25 21 23 21 20 22 17 20 14 19 12 16 10 13 10 10 9 7 9 4 10 1 10 -1 11 -2 11 -4 12 -5 13 -6 14 -6 14 -7 13 -8 12 0 0 0 0 0 0 0 0 0 0 0 0 0 0 0 0 0 0 0 0 0 0 9 -14 10 -13 10 -13 10 -12 11 -10 10 -8 10 -6 10 -4 11 -2 12 1 13 5 14 7 16 10 18 12 21 13 24 15 25 14 29 13 30 11 31 9 30 7 29 6 27 6 24 5 21 7 18 10
CSI_META: ts=4212228237 rssi=-43 noise_floor=-98 channel=6 secondary_channel=0 sig_mode=0 mcs=0 rate=9 cwb=0 sgi=0 stbc=0 ant=0 len=128 rx_state=0 seq=-1 tx_mac=52:40:27:94:0a:bb
CSI_DATA: 28 -64 1 0 25 1 27 2 30 2 31 1 33 0 32 -3 31 -5 28 -7 26 -9 22 -9 19 -8 16 -6 14 -4 12 -1 11 2 10 5 10 7 9 8 9 10 9 11 9 11 10 12 9 12 8 12 7 12 0 0 0 0 0 0 0 0 0 0 0 0 0 0 0 0 0 0 0 0 0 0 -4 -16 -3 -17 -2 -17 -1 -17 -1 -17 0 -16 1 -15 2 -14 4 -12 7 -11 9 -9 13 -8 16 -7 19 -7 22 -8 25 -10 26 -12 28 -15 28 -17 27 -19 26 -20 23 -21 21 -19 19 -17 18 -14 18 -10
CSI_META: ts=4212228381 rssi=-43 noise_floor=-98 channel=6 secondary_channel=0 sig_mode=0 mcs=0 rate=9 cwb=0 sgi=0 stbc=0 ant=0 len=128 rx_state=0 seq=-1 tx_mac=52:40:27:94:0a:bb
CSI_DATA: 28 -64 1 0 -15 20 -17 21 -19 24 -18 25 -18 27 -16 28 -13 28 -11 28 -8 26 -6 23 -5 20 -5 17 -6 13 -7 11 -9 8 -11 6 -12 4 -14 3 -14 2 -16 1 -16 1 -16 1 -16 1 -16 -1 -15 -2 0 0 0 0 0 0 0 0 0 0 0 0 0 0 0 0 0 0 0 0 0 0 15 3 16 5 15 6 15 6 14 7 13 7 11 8 10 8 8 9 5 11 3 12 0 15 -2 17 -4 20 -5 23 -6 27 -5 29 -3 31 0 32 2 32 3 31 5 30 5 28 4 25 2 22 -2 20
CSI_META: ts=4212698873 rssi=-43 noise_floor=-98 channel=6 secondary_channel=0 sig_mode=0 mcs=0 rate=9 cwb=0 sgi=0 stbc=0 ant=0 len=128 rx_state=0 seq=-1 tx_mac=52:40:27:94:0a:bb
CSI_DATA: 28 -64 1 0 6 -18 10 -21 15 -26 14 -28 14 -32 13 -34 11 -34 9 -34 6 -32 5 -30 3 -26 2 -21 2 -17 4 -12 5 -8 6 -4 8 0 10 3 11 5 12 7 13 8 14 10 13 11 12 12 11 13 0 0 0 0 0 0 0 0 0 0 0 0 0 0 0 0 0 0 0 0 0 0 -3 17 -5 17 -6 17 -7 16 -7 15 -7 13 -7 12 -8 9 -7 6 -8 2 -9 -2 -10 -7 -11 -11 -14 -16 -16 -19 -19 -23 -22 -24 -26 -25 -28 -23 -30 -22 -31 -20 -30 -17 -28 -15 -24 -13 -19 -12 -12 -12
CSI_META: ts=4213067128 rssi=-41 noise_floor=-98 channel=6 secondary_channel=0 sig_mode=0 mcs=0 rate=9 cwb=0 sgi=0 stbc=0 ant=0 len=128 rx_state=0 seq=-1 tx_mac=52:40:27:94:0a:bb
CSI_DATA: 28 -64 1 0 18 3 23 5 29 6 32 6 34 5 35 4 35 2 32 -1 29 -2 25 -3 19 -2 14 -1 9 1 5 3 0 6 -4 9 -7 10 -9 12 -10 12 -12 13 -12 13 -13 13 -13 11 -14 10 -13 7 0 0 0 0 0 0 0 0 0 0 0 0 0 0 0 0 0 0 0 0 0 0 -8 11 -11 11 -12 11 -14 11 -14 10 -14 10 -14 9 -13 8 -11 6 -10 3 -7 -1 -4 -5 -1 -9 1 -15 2 -19 3 -24 3 -29 2 -33 0 -35 -2 -36 -4 -36 -5 -34 -6 -30 -5 -26 -3 -20 1 -13
CSI_META: ts=4213067282 rssi=-41 noise_floor=-98 channel=6 secondary_channel=0 sig_mode=0 mcs=0 rate=9 cwb=0 sgi=0 stbc=0 ant=0 len=128 rx_state=0 seq=-1 tx_mac=52:40:27:94:0a:bb
CSI_DATA: 28 -64 1 0 -1 18 -3 24 -4 28 -3 31 -3 34 -1 35 1 35 1 32 4 29 5 24 4 21 2 16 0 11 -3 6 -6 2 -8 -2 -10 -5 -11 -8 -12 -9 -13 -11 -14 -12 -14 -13 -13 -13 -12 -14 -10 -13 0 0 0 0 0 0 0 0 0 0 0 0 0 0 0 0 0 0 0 0 0 0 -14 -6 -15 -8 -15 -10 -15 -11 -14 -10 -13 -11 -11 -10 -10 -10 -7 -9 -4 -8 0 -6 4 -4 9 -3 15 -2 20 -2 24 -1 28 -2 31 -4 33 -6 34 -7 34 -10 32 -9 27 -10 23 -9 18 -7 12 -2
CSI_META: ts=4213067391 rssi=-41 noise_floor=-98 channel=6 secondary_channel=0 sig_mode=0 mcs=0 rate=9 cwb=0 sgi=0 stbc=0 ant=0 len=128 rx_state=0 seq=-1 tx_mac=52:40:27:94:0a:bb
CSI_DATA: 28 -64 1 0 -16 12 -24 14 -28 16 -30 19 -31 21 -31 24 -29 25 -29 26 -23 24 -20 21 -16 19 -14 15 -11 9 -9 2 -7 -2 -5 -7 -4 -12 -2 -14 -2 -16 -1 -19 0 -20 0 -20 1 -20 3 -20 5 -18 0 0 0 0 0 0 0 0 0 0 0 0 0 0 0 0 0 0 0 0 0 0 -6 -17 -5 -19 -3 -19 -2 -20 -1 -18 -1 -18 0 -16 1 -15 2 -11 3 -8 5 -4 6 1 9 6 12 12 15 18 18 21 22 25 25 25 28 25 28 24 31 22 30 21 28 15 23 13 17 11 10 10
CSI_META: ts=4213071037 rssi=-41 noise_floor=-98 channel=6 secondary_channel=0 sig_mode=0 mcs=0 rate=9 cwb=0 sgi=0 stbc=0 ant=0 len=128 rx_state=0 seq=-1 tx_mac=52:40:27:94:0a:bb
CSI_DATA: 28 -64 1 0 1 -20 4 -26 6 -32 5 -35 4 -38 2 -40 0 -39 -1 -38 -3 -35 -3 -31 -4 -26 -3 -21 -1 -15 2 -10 4 -5 7 -1 9 3 11 6 12 8 13 10 14 11 15 13 14 14 12 15 10 15 0 0 0 0 0 0 0 0 0 0 0 0 0 0 0 0 0 0 0 0 0 0 14 10 13 11 13 13 12 13 12 13 10 13 8 12 7 11 4 9 0 7 -4 4 -9 2 -14 -1 -19 -3 -24 -4 -30 -5 -33 -4 -37 -3 -38 0 -40 3 -39 5 -36 6 -33 6 -28 5 -22 3 -15 -2
CSI_META: ts=4213071146 rssi=-41 noise_floor=-98 channel=6 secondary_channel=0 sig_mode=0 mcs=0 rate=9 cwb=0 sgi=0 stbc=0 ant=0 len=128 rx_state=0 seq=-1 tx_mac=52:40:27:94:0a:bb
CSI_DATA: 28 -64 1 0 19 3 24 6 30 8 34 9 37 8 38 7 38 5 37 2 34 0 30 -1 25 -1 20 0 14 1 9 2 4 4 -1 7 -5 9 -8 10 -10 11 -13 12 -14 12 -16 12 -17 12 -17 10 -17 8 0 0 0 0 0 0 0 0 0 0 0 0 0 0 0 0 0 0 0 0 0 0 -11 13 -13 13 -15 12 -15 12 -15 11 -15 10 -14 8 -12 6 -10 3 -8 0 -5 -4 -2 -9 1 -14 3 -19 5 -24 5 -29 4 -33 4 -37 2 -39 0 -40 -2 -39 -4 -37 -4 -33 -3 -28 -1 -22 2 -15
CSI_META: ts=4213071309 rssi=-41 noise_floor=-98 channel=6 secondary_channel=0 sig_mode=0 mcs=0 rate=9 cwb=0 sgi=0 stbc=0 ant=0 len=128 rx_state=0 seq=-1 tx_mac=52:40:27:94:0a:bb
CSI_DATA: 28 -64 1 0 13 -14 19 -17 24 -21 26 -24 27 -27 26 -29 25 -30 22 -30 19 -29 16 -26 13 -22 10 -17 8 -12 7 -7 6 -1 5 4 5 8 4 12 4 14 3 17 3 18 3 19 1 19 0 19 -2 18 0 0 0 0 0 0 0 0 0 0 0 0 0 0 0 0 0 0 0 0 0 0 5 16 3 18 2 18 1 18 0 18 0 17 -1 15 -2 13 -3 10 -4 6 -6 1 -8 -4 -10 -9 -13 -14 -17 -18 -21 -22 -25 -24 -28 -25 -30 -24 -32 -23 -33 -21 -32 -18 -30 -16 -25 -13 -19 -12 -11 -11
CSI_META: ts=4214144015 rssi=-36 noise_floor=-98 channel=6 secondary_channel=0 sig_mode=0 mcs=0 rate=9 cwb=0 sgi=0 stbc=0 ant=0 len=128 rx_state=0 seq=-1 tx_mac=52:40:27:94:0a:bb
CSI_DATA: 28 -64 1 0 3 -15 3 -16 4 -18 3 -18 1 -19 0 -19 -1 -17 -2 -17 -3 -15 -3 -13 -3 -11 -2 -9 -1 -8 1 -7 2 -6 4 -5 5 -5 6 -5 7 -4 7 -5 7 -5 8 -5 7 -4 7 -4 7 -3 0 0 0 0 0 0 0 0 0 0 0 0 0 0 0 0 0 0 0 0 0 0 -9 2 -9 1 -10 0 -9 0 -9 0 -8 -1 -7 -2 -7 -2 -6 -3 -5 -5 -4 -7 -4 -9 -3 -11 -3 -12 -4 -14 -5 -16 -6 -16 -7 -17 -9 -16 -9 -15 -10 -14 -9 -13 -9 -12 -7 -11 -5 -11 -3 -12
CSI_META: ts=4214144187 rssi=-36 noise_floor=-98 channel=6 secondary_channel=0 sig_mode=0 mcs=0 rate=9 cwb=0 sgi=0 stbc=0 ant=0 len=128 rx_state=0 seq=-1 tx_mac=52:40:27:94:0a:bb
CSI_DATA: 28 -64 1 0 -25 -10 -23 -10 -29 -10 -26 -10 -29 -8 -30 -6 -28 -4 -26 -1 -25 0 -20 2 -17 0 -14 -1 -11 -3 -11 -5 -8 -6 -9 -10 -6 -10 -6 -12 -6 -13 -6 -13 -6 -14 -6 -15 -6 -14 -5 -13 -3 -12 0 0 0 0 0 0 0 0 0 0 0 0 0 0 0 0 0 0 0 0 0 0 1 15 -1 13 -1 16 -2 13 -3 14 -3 12 -4 11 -5 10 -6 9 -9 7 -11 4 -14 2 -17 2 -20 1 -21 2 -27 3 -24 5 -30 8 -26 7 -27 10 -26 11 -24 11 -23 11 -19 8 -19 4 -17 0
CSI_META: ts=4214144340 rssi=-37 noise_floor=-98 channel=6 secondary_channel=0 sig_mode=0 mcs=0 rate=9 cwb=0 sgi=0 stbc=0 ant=0 len=128 rx_state=0 seq=-1 tx_mac=52:40:27:94:0a:bb
CSI_DATA: 28 -64 1 0 -14 0 -18 0 -17 0 -19 1 -19 2 -18 3 -17 4 -15 5 -13 5 -12 5 -11 5 -9 4 -8 2 -7 0 -7 -1 -6 -2 -6 -4 -6 -5 -6 -6 -6 -6 -6 -7 -6 -7 -6 -8 -6 -8 -5 -8 0 0 0 0 0 0 0 0 0 0 0 0 0 0 0 0 0 0 0 0 0 0 4 7 4 8 3 7 3 8 2 6 1 7 0 6 -1 6 -2 5 -4 5 -6 5 -8 4 -10 5 -12 6 -13 7 -13 8 -15 9 -13 10 -14 12 -12 12 -11 12 -10 11 -9 10 -9 9 -9 7 -10 5
CSI_META: ts=4214274923 rssi=-37 noise_floor=-98 channel=6 secondary_channel=0 sig_mode=0 mcs=0 rate=9 cwb=0 sgi=0 stbc=0 ant=0 len=128 rx_state=0 seq=-1 tx_mac=52:40:27:94:0a:bb
CSI_DATA: 28 -64 1 0 21 8 20 6 20 4 18 3 16 1 13 0 10 1 7 1 5 2 3 4 2 5 0 7 0 9 0 10 0 11 0 11 0 11 1 10 1 9 0 8 0 7 0 6 -1 5 -1 3 -3 2 0 0 0 0 0 0 0 0 0 0 0 0 0 0 0 0 0 0 0 0 0 0 -7 -4 -6 -4 -5 -5 -3 -5 -1 -5 1 -4 2 -4 4 -4 7 -5 9 -6 11 -7 12 -8 13 -9 13 -9 12 -10 12 -11 10 -10 9 -10 8 -8 7 -6 6 -3 7 -1 8 3 10 6 13 8 16 9
CSI_META: ts=4214421781 rssi=-39 noise_floor=-98 channel=6 secondary_channel=0 sig_mode=0 mcs=0 rate=9 cwb=0 sgi=0 stbc=0 ant=0 len=128 rx_state=0 seq=-1 tx_mac=52:40:27:94:0a:bb
CSI_DATA: 28 -64 1 0 9 16 11 17 12 16 13 15 13 13 12 12 11 10 9 8 7 6 5 4 2 4 -1 4 -3 4 -5 3 -7 3 -8 4 -9 4 -10 4 -9 4 -10 4 -10 3 -9 2 -9 2 -8 1 -6 0 0 0 0 0 0 0 0 0 0 0 0 0 0 0 0 0 0 0 0 0 0 0 -8 -1 -8 -1 -7 -2 -6 -2 -4 -3 -3 -3 -1 -3 1 -3 3 -4 5 -4 8 -5 10 -5 11 -6 12 -8 13 -9 13 -9 12 -10 12 -10 10 -10 9 -9 7 -7 6 -5 5 -1 5 2 5 5 6 9
CSI_META: ts=4214675554 rssi=-41 noise_floor=-98 channel=6 secondary_channel=0 sig_mode=0 mcs=0 rate=9 cwb=0 sgi=0 stbc=0 ant=0 len=128 rx_state=0 seq=-1 tx_mac=52:40:27:94:0a:bb
CSI_DATA: 28 -64 1 0 -15 -25 -10 -22 -5 -23 -2 -21 1 -23 3 -25 4 -27 3 -29 2 -31 0 -31 -2 -31 -4 -29 -5 -27 -5 -25 -4 -22 -3 -19 -1 -16 1 -13 3 -11 5 -10 7 -9 10 -8 11 -7 13 -6 15 -5 0 0 0 0 0 0 0 0 0 0 0 0 0 0 0 0 0 0 0 0 0 0 -11 -3 -12 -6 -13 -8 -14 -10 -15 -12 -15 -12 -16 -13 -17 -14 -18 -14 -18 -14 -17 -14 -15 -14 -13 -13 -10 -14 -7 -15 -5 -18 -2 -21 -2 -25 -2 -27 -3 -32 -5 -36 -8 -38 -12 -41 -15 -40 -18 -38 -19 -36
CSI_META: ts=4214725609 rssi=-36 noise_floor=-98 channel=6 secondary_channel=0 sig_mode=0 mcs=0 rate=9 cwb=0 sgi=0 stbc=0 ant=0 len=128 rx_state=0 seq=-1 tx_mac=52:40:27:94:0a:bb
CSI_DATA: 28 -64 1 0 -11 18 -13 15 -14 11 -17 10 -20 9 -21 9 -23 10 -23 13 -23 14 -22 15 -21 16 -18 16 -17 15 -14 13 -12 12 -11 8 -10 5 -9 3 -9 1 -9 -2 -10 -4 -10 -5 -11 -7 -11 -8 -10 -10 0 0 0 0 0 0 0 0 0 0 0 0 0 0 0 0 0 0 0 0 0 0 5 10 4 12 4 14 3 16 3 16 3 17 3 17 3 17 3 17 2 17 1 16 -1 14 -3 13 -6 12 -10 12 -12 12 -16 13 -18 15 -21 19 -22 22 -21 25 -21 28 -19 30 -17 32 -14 31 -12 31
CSI_META: ts=4214966321 rssi=-38 noise_floor=-98 channel=6 secondary_channel=0 sig_mode=0 mcs=0 rate=9 cwb=0 sgi=0 stbc=0 ant=0 len=128 rx_state=0 seq=-1 tx_mac=52:40:27:94:0a:bb
CSI_DATA: 28 -64 1 0 -6 -16 -6 -21 -7 -26 -9 -29 -11 -30 -12 -30 -13 -29 -14 -26 -13 -23 -12 -20 -10 -17 -8 -12 -5 -10 -2 -6 1 -3 5 -1 7 2 9 4 10 6 11 7 12 8 12 9 11 9 10 10 8 10 0 0 0 0 0 0 0 0 0 0 0 0 0 0 0 0 0 0 0 0 0 0 11 -10 13 -9 14 -9 15 -8 14 -6 14 -5 12 -4 10 -2 8 -1 4 1 1 3 -4 6 -8 7 -12 11 -16 13 -19 16 -22 19 -22 22 -22 24 -21 26 -20 25 -17 24 -15 21 -12 17 -10 12 -7 5
CSI_META: ts=4215168024 rssi=-40 noise_floor=-98 channel=6 secondary_channel=0 sig_mode=0 mcs=0 rate=9 cwb=0 sgi=0 stbc=0 ant=0 len=128 rx_state=0 seq=-1 tx_mac=52:40:27:94:0a:bb
CSI_DATA: 28 -64 1 0 -16 9 -13 2 -11 -5 -11 -12 -12 -17 -14 -22 -16 -25 -18 -26 -21 -27 -22 -26 -23 -24 -22 -21 -21 -19 -19 -16 -15 -13 -11 -11 -7 -8 -3 -7 0 -5 4 -5 7 -4 10 -3 13 -2 14 0 16 1 0 0 0 0 0 0 0 0 0 0 0 0 0 0 0 0 0 0 0 0 0 0 10 5 11 8 13 10 13 12 14 14 14 15 14 16 14 16 14 16 12 16 9 14 6 12 2 10 -3 8 -8 7 -14 5 -19 5 -25 7 -30 10 -35 13 -37 16 -38 20 -38 23 -37 25 -33 25 -29 24
CSI_META: ts=4215168142 rssi=-40 noise_floor=-98 channel=6 secondary_channel=0 sig_mode=0 mcs=0 rate=9 cwb=0 sgi=0 stbc=0 ant=0 len=128 rx_state=0 seq=-1 tx_mac=52:40:27:94:0a:bb
CSI_DATA: 28 -64 1 0 -18 -9 -9 -9 -2 -12 3 -15 8 -19 11 -23 12 -26 12 -29 12 -32 9 -32 8 -32 6 -30 5 -27 4 -25 3 -20 4 -16 3 -10 4 -6 4 -3 5 1 6 5 7 8 7 10 7 13 5 15 0 0 0 0 0 0 0 0 0 0 0 0 0 0 0 0 0 0 0 0 0 0 2 12 0 14 -1 17 -2 18 -4 20 -4 20 -5 21 -5 21 -5 21 -6 19 -6 16 -6 12 -7 8 -9 2 -10 -3 -14 -9 -16 -13 -22 -17 -25 -18 -31 -21 -35 -21 -38 -20 -42 -19 -41 -16 -40 -13 -36 -10
CSI_META: ts=4215168278 rssi=-37 noise_floor=-98 channel=6 secondary_channel=0 sig_mode=0 mcs=0 rate=9 cwb=0 sgi=0 stbc=0 ant=0 len=128 rx_state=0 seq=-1 tx_mac=52:40:27:94:0a:bb
CSI_DATA: 28 -64 1 0 3 -8 3 -3 5 0 7 3 9 5 11 6 13 6 14 6 15 6 15 4 14 3 13 3 11 2 9 1 6 1 4 2 2 1 0 2 -2 2 -4 3 -6 3 -7 4 -7 3 -8 3 -9 3 0 0 0 0 0 0 0 0 0 0 0 0 0 0 0 0 0 0 0 0 0 0 -3 1 -5 0 -7 -1 -8 -1 -10 -2 -10 -2 -11 -3 -12 -3 -12 -3 -12 -3 -11 -3 -9 -3 -7 -3 -4 -4 -2 -4 1 -5 4 -7 6 -9 8 -11 9 -14 10 -17 9 -19 9 -20 8 -20 6 -20 5 -18
CSI_META: ts=4215338423 rssi=-40 noise_floor=-98 channel=6 secondary_channel=0 sig_mode=0 mcs=0 rate=9 cwb=0 sgi=0 stbc=0 ant=0 len=128 rx_state=0 seq=-1 tx_mac=52:40:27:94:0a:bb
CSI_DATA: 28 -64 1 0 -13 -40 -13 -35 -12 -29 -9 -23 -5 -18 0 -16 6 -14 10 -15 14 -16 17 -19 18 -21 17 -23 16 -25 15 -25 13 -25 10 -22 9 -19 7 -15 7 -11 6 -8 7 -5 7 -1 8 2 9 5 9 8 0 0 0 0 0 0 0 0 0 0 0 0 0 0 0 0 0 0 0 0 0 0 -7 9 -8 6 -8 2 -9 -1 -9 -4 -10 -8 -12 -11 -14 -14 -16 -17 -18 -19 -21 -20 -22 -20 -23 -19 -23 -17 -22 -15 -19 -13 -16 -13 -11 -13 -6 -14 -2 -18 2 -22 4 -28 5 -34 4 -40 1 -44 -2 -49
CSI_META: ts=4215719895 rssi=-38 noise_floor=-98 channel=6 secondary_channel=0 sig_mode=0 mcs=0 rate=9 cwb=0 sgi=0 stbc=0 ant=0 len=128 rx_state=0 seq=-1 tx_mac=52:40:27:94:0a:bb
CSI_DATA: 28 -64 1 0 -25 0 -23 -1 -21 -4 -21 -5 -21 -5 -22 -5 -22 -6 -23 -5 -23 -4 -24 -2 -23 -1 -22 0 -20 0 -19 0 -16 0 -15 -1 -12 -2 -11 -3 -10 -4 -9 -5 -9 -6 -9 -7 -8 -9 -8 -10 -7 -10 0 0 0 0 0 0 0 0 0 0 0 0 0 0 0 0 0 0 0 0 0 0 -10 5 -11 4 -13 3 -13 2 -14 2 -15 2 -16 2 -16 1 -16 2 -17 1 -18 0 -16 -1 -16 -2 -17 -3 -16 -5 -17 -6 -18 -8 -20 -9 -22 -9 -25 -9 -27 -8 -29 -6 -30 -5 -31 -3 -31 -1 -30 0
CSI_META: ts=4215931411 rssi=-42 noise_floor=-98 channel=6 secondary_channel=0 sig_mode=0 mcs=0 rate=9 cwb=0 sgi=0 stbc=0 ant=0 len=128 rx_state=0 seq=-1 tx_mac=52:40:27:94:0a:bb
CSI_DATA: 28 -64 1 0 -29 -14 -33 -16 -37 -16 -37 -16 -38 -14 -37 -13 -34 -10 -31 -8 -26 -6 -20 -4 -13 -3 -7 -3 -1 -2 4 -2 9 -1 13 -1 16 0 18 0 18 1 19 1 18 2 17 3 16 4 14 4 11 5 0 0 0 0 0 0 0 0 0 0 0 0 0 0 0 0 0 0 0 0 0 0 -15 -13 -13 -15 -12 -16 -10 -16 -8 -16 -6 -14 -4 -12 -2 -9 0 -5 3 0 5 5 7 11 9 16 11 21 13 25 15 29 17 31 19 32 19 31 19 29 18 26 15 22 12 17 7 11 0 5 -7 -1
CSI_META: ts=4216192029 rssi=-41 noise_floor=-98 channel=6 secondary_channel=0 sig_mode=0 mcs=0 rate=9 cwb=0 sgi=0 stbc=0 ant=0 len=128 rx_state=0 seq=-1 tx_mac=52:40:27:94:0a:bb
CSI_DATA: 28 -64 1 0 -43 -19 -40 -14 -36 -12 -31 -8 -26 -7 -21 -8 -17 -9 -13 -12 -11 -15 -10 -18 -11 -21 -12 -23 -13 -24 -14 -24 -14 -24 -15 -23 -14 -20 -13 -18 -11 -16 -10 -14 -8 -13 -5 -12 -2 -10 1 -9 3 -9 0 0 0 0 0 0 0 0 0 0 0 0 0 0 0 0 0 0 0 0 0 0 -5 9 -7 7 -10 5 -12 2 -14 0 -16 -1 -18 -3 -21 -4 -24 -4 -28 -4 -29 -4 -30 -3 -30 -1 -29 -1 -27 0 -25 -1 -22 -2 -20 -4 -18 -8 -18 -12 -18 -16 -20 -21 -24 -26 -29 -28 -34 -29 -38 -30
CSI_META: ts=4216192192 rssi=-42 noise_floor=-98 channel=6 secondary_channel=0 sig_mode=0 mcs=0 rate=9 cwb=0 sgi=0 stbc=0 ant=0 len=128 rx_state=0 seq=-1 tx_mac=52:40:27:94:0a:bb
CSI_DATA: 28 -64 1 0 -37 19 -32 20 -27 19 -23 17 -19 15 -17 11 -15 7 -15 4 -16 0 -17 -2 -19 -4 -21 -5 -22 -4 -24 -3 -23 -3 -24 -2 -21 -1 -20 0 -17 0 -16 -1 -14 -1 -12 -2 -10 -4 -8 -5 -5 -7 0 0 0 0 0 0 0 0 0 0 0 0 0 0 0 0 0 0 0 0 0 0 2 8 -1 8 -4 9 -6 9 -9 9 -10 10 -13 11 -14 12 -16 15 -19 16 -19 17 -19 17 -18 17 -17 17 -15 16 -13 15 -13 12 -14 10 -15 7 -19 5 -22 2 -26 3 -31 2 -36 2 -40 5 -41 9
CSI_META: ts=4216192301 rssi=-42 noise_floor=-98 channel=6 secondary_channel=0 sig_mode=0 mcs=0 rate=9 cwb=0 sgi=0 stbc=0 ant=0 len=128 rx_state=0 seq=-1 tx_mac=52:40:27:94:0a:bb
CSI_DATA: 28 -64 1 0 1 -43 -2 -34 -3 -36 -3 -27 -3 -23 -1 -20 2 -17 4 -15 9 -15 11 -14 13 -14 14 -15 14 -15 15 -21 13 -18 14 -20 12 -17 10 -16 9 -14 8 -12 7 -11 8 -8 7 -5 8 -2 7 0 0 0 0 0 0 0 0 0 0 0 0 0 0 0 0 0 0 0 0 0 0 0 -10 -2 -8 -4 -8 -6 -6 -8 -6 -11 -4 -13 -5 -16 -4 -18 -6 -21 -4 -25 -5 -26 -5 -27 -6 -25 -7 -24 -7 -21 -8 -21 -5 -17 -4 -19 0 -16 4 -19 8 -19 9 -24 15 -29 16 -32 15 -36 13 -39
CSI_META: ts=4217563841 rssi=-37 noise_floor=-98 channel=6 secondary_channel=0 sig_mode=0 mcs=0 rate=9 cwb=0 sgi=0 stbc=0 ant=0 len=128 rx_state=0 seq=-1 tx_mac=52:40:27:94:0a:bb
CSI_DATA: 28 -64 1 0 14 -15 12 -10 10 -4 12 2 13 7 15 10 17 12 19 13 22 13 23 12 23 11 23 9 22 8 19 6 16 6 13 5 9 5 6 4 3 4 -1 6 -3 6 -6 7 -8 7 -10 7 -12 7 0 0 0 0 0 0 0 0 0 0 0 0 0 0 0 0 0 0 0 0 0 0 -7 -5 -7 -8 -8 -10 -8 -13 -8 -15 -8 -16 -9 -17 -10 -18 -10 -18 -9 -18 -9 -17 -7 -15 -4 -13 -1 -11 2 -9 6 -7 11 -7 16 -8 21 -10 26 -12 27 -15 29 -19 30 -22 29 -24 28 -26 24 -27
CSI_META: ts=4218159536 rssi=-43 noise_floor=-98 channel=6 secondary_channel=0 sig_mode=0 mcs=0 rate=9 cwb=0 sgi=0 stbc=0 ant=0 len=128 rx_state=0 seq=-1 tx_mac=52:40:27:94:0a:bb
CSI_DATA: 28 -64 1 0 10 -6 13 -7 16 -9 17 -10 18 -11 18 -13 17 -13 16 -13 14 -13 12 -12 10 -10 7 -8 5 -6 4 -3 2 -1 0 2 -1 4 -2 6 -3 7 -4 8 -5 9 -6 9 -6 9 -7 9 -8 8 0 0 0 0 0 0 0 0 0 0 0 0 0 0 0 0 0 0 0 0 0 0 8 6 7 7 6 8 5 8 4 7 3 7 2 6 1 5 -1 4 -3 2 -5 -1 -7 -3 -8 -6 -11 -8 -13 -9 -15 -11 -17 -11 -18 -12 -19 -11 -19 -10 -19 -9 -18 -8 -16 -7 -12 -6 -8 -5 -4 -5
CSI_META: ts=4218517856 rssi=-41 noise_floor=-98 channel=6 secondary_channel=0 sig_mode=0 mcs=0 rate=9 cwb=0 sgi=0 stbc=0 ant=0 len=128 rx_state=0 seq=-1 tx_mac=52:40:27:94:0a:bb
CSI_DATA: 28 -64 1 0 22 -45 17 -43 14 -42 9 -37 6 -32 5 -27 4 -20 5 -14 7 -8 10 -3 13 1 16 4 19 6 23 6 24 6 24 7 24 6 22 5 20 5 18 5 15 4 12 4 9 5 6 5 2 5 0 0 0 0 0 0 0 0 0 0 0 0 0 0 0 0 0 0 0 0 0 0 -3 13 -4 10 -5 7 -6 3 -8 0 -9 -4 -10 -8 -12 -12 -14 -15 -16 -20 -19 -22 -21 -24 -23 -24 -24 -24 -24 -22 -24 -20 -21 -17 -19 -15 -14 -13 -8 -12 -2 -12 5 -15 12 -18 18 -22 22 -27 25 -34
CSI_META: ts=4218680519 rssi=-37 noise_floor=-98 channel=6 secondary_channel=0 sig_mode=0 mcs=0 rate=9 cwb=0 sgi=0 stbc=0 ant=0 len=128 rx_state=0 seq=-1 tx_mac=52:40:27:94:0a:bb
CSI_DATA: 28 -64 1 0 17 -4 14 -3 10 -2 8 0 5 2 4 4 3 7 3 9 3 11 4 12 5 12 6 13 7 12 7 11 7 10 6 9 5 7 4 6 3 4 1 3 -1 3 -2 2 -3 1 -5 1 -6 0 0 0 0 0 0 0 0 0 0 0 0 0 0 0 0 0 0 0 0 0 0 0 -2 -4 -1 -5 1 -6 2 -7 3 -8 4 -9 4 -10 5 -11 5 -11 5 -12 6 -12 5 -11 5 -10 5 -8 4 -7 4 -4 5 -2 7 0 9 2 12 3 14 4 17 4 20 5 22 4 23 1 23 0
CSI_META: ts=4218680805 rssi=-41 noise_floor=-98 channel=6 secondary_channel=0 sig_mode=0 mcs=0 rate=9 cwb=0 sgi=0 stbc=0 ant=0 len=128 rx_state=0 seq=-1 tx_mac=52:40:27:94:0a:bb
CSI_DATA: 28 -64 1 0 19 -27 14 -22 12 -17 11 -10 11 -4 12 1 15 5 17 7 21 9 23 8 25 8 26 7 25 6 26 5 23 3 21 3 17 2 14 2 10 2 7 3 3 4 1 5 -2 6 -4 7 -7 7 0 0 0 0 0 0 0 0 0 0 0 0 0 0 0 0 0 0 0 0 0 0 -7 -3 -7 -6 -7 -10 -6 -12 -6 -15 -6 -17 -6 -19 -7 -21 -7 -22 -8 -24 -9 -23 -8 -21 -7 -19 -5 -17 -2 -14 1 -12 5 -10 11 -10 16 -10 21 -11 26 -13 30 -17 32 -22 32 -27 31 -30 29 -32
CSI_META: ts=4219041399 rssi=-42 noise_floor=-98 channel=6 secondary_channel=0 sig_mode=0 mcs=0 rate=9 cwb=0 sgi=0 stbc=0 ant=0 len=128 rx_state=0 seq=-1 tx_mac=52:40:27:94:0a:bb
CSI_DATA: 28 -64 1 0 -3 -16 1 -20 6 -25 5 -30 5 -33 3 -36 2 -36 0 -35 -2 -33 -4 -31 -4 -26 -4 -21 -2 -17 0 -12 3 -8 6 -5 9 -1 11 1 13 3 15 4 16 5 17 6 17 7 16 8 14 9 0 0 0 0 0 0 0 0 0 0 0 0 0 0 0 0 0 0 0 0 0 0 1 12 -1 14 -2 16 -3 17 -3 17 -4 18 -4 17 -4 16 -5 15 -6 12 -7 9 -8 4 -9 0 -12 -4 -15 -8 -19 -12 -23 -15 -27 -16 -32 -15 -35 -14 -37 -12 -36 -9 -35 -8 -32 -6 -27 -5 -22 -6
CSI_META: ts=4219683963 rssi=-42 noise_floor=-98 channel=6 secondary_channel=0 sig_mode=0 mcs=0 rate=9 cwb=0 sgi=0 stbc=0 ant=0 len=128 rx_state=0 seq=-1 tx_mac=52:40:27:94:0a:bb
CSI_DATA: 28 -64 1 0 15 15 8 12 0 12 -5 11 -12 13 -16 15 -20 18 -23 21 -23 23 -22 26 -21 26 -18 26 -17 25 -15 22 -13 19 -11 15 -9 10 -8 6 -7 1 -6 -3 -6 -6 -5 -9 -5 -13 -4 -16 -2 -18 0 0 0 0 0 0 0 0 0 0 0 0 0 0 0 0 0 0 0 0 0 0 3 -9 6 -11 8 -12 10 -13 12 -14 13 -14 14 -14 14 -15 15 -15 14 -14 13 -12 12 -10 10 -6 9 -2 7 3 7 9 8 14 9 20 11 24 15 29 19 31 23 33 26 34 29 32 31 29 30 26
CSI_META: ts=4220667190 rssi=-42 noise_floor=-98 channel=6 secondary_channel=0 sig_mode=0 mcs=0 rate=9 cwb=0 sgi=0 stbc=0 ant=0 len=128 rx_state=0 seq=-1 tx_mac=52:40:27:94:0a:bb
CSI_DATA: 28 -64 1 0 -48 15 -45 17 -40 18 -35 17 -29 16 -23 13 -16 9 -11 5 -6 -1 -2 -6 1 -12 3 -17 4 -21 4 -24 5 -26 5 -27 4 -26 4 -24 4 -21 4 -19 3 -15 3 -12 3 -8 3 -5 2 0 0 0 0 0 0 0 0 0 0 0 0 0 0 0 0 0 0 0 0 0 0 0 -9 -15 -6 -14 -4 -12 -2 -10 1 -7 3 -3 5 1 8 6 10 10 13 15 16 19 18 22 20 25 22 25 22 25 22 24 21 21 19 18 15 14 9 11 3 8 -5 6 -13 5 -23 4 -32 5 -39 7
CSI_META: ts=4221064125 rssi=-41 noise_floor=-98 channel=6 secondary_channel=0 sig_mode=0 mcs=0 rate=9 cwb=0 sgi=0 stbc=0 ant=0 len=128 rx_state=0 seq=-1 tx_mac=52:40:27:94:0a:bb
CSI_DATA: 28 -64 1 0 -26 -13 -24 -10 -21 -8 -18 -6 -15 -5 -12 -5 -8 -5 -5 -6 -2 -9 -1 -11 0 -13 0 -15 0 -16 0 -17 -1 -17 -1 -17 -2 -15 -2 -13 -1 -12 -1 -10 -1 -9 0 -7 1 -5 3 -3 4 -1 0 0 0 0 0 0 0 0 0 0 0 0 0 0 0 0 0 0 0 0 0 0 3 4 1 4 -1 4 -3 3 -5 2 -7 2 -9 2 -12 2 -14 3 -16 4 -17 4 -17 5 -17 6 -16 6 -15 6 -14 6 -12 4 -10 2 -9 0 -8 -4 -9 -7 -10 -11 -12 -14 -15 -16 -19 -18 -21 -19
CSI_META: ts=4221458131 rssi=-41 noise_floor=-98 channel=6 secondary_channel=0 sig_mode=0 mcs=0 rate=9 cwb=0 sgi=0 stbc=0 ant=0 len=128 rx_state=0 seq=-1 tx_mac=52:40:27:94:0a:bb
CSI_DATA: 28 -64 1 0 17 34 15 27 11 22 7 16 1 12 -4 10 -10 9 -16 9 -20 10 -23 12 -25 14 -25 15 -25 17 -24 17 -22 17 -19 16 -17 13 -14 11 -11 8 -9 5 -7 2 -6 -2 -4 -5 -3 -8 -1 -11 0 0 0 0 0 0 0 0 0 0 0 0 0 0 0 0 0 0 0 0 0 0 2 -6 6 -5 9 -4 12 -3 15 -2 18 -2 20 -1 23 -1 25 -1 27 -2 27 -1 26 -1 23 -2 20 -1 16 0 12 2 8 6 5 10 2 15 0 22 0 28 2 34 3 40 6 44 10 46 14 47
CSI_META: ts=4221591859 rssi=-39 noise_floor=-98 channel=6 secondary_channel=0 sig_mode=0 mcs=0 rate=9 cwb=0 sgi=0 stbc=0 ant=0 len=128 rx_state=0 seq=-1 tx_mac=52:40:27:94:0a:bb
CSI_DATA: 28 -64 1 0 5 -1 3 2 2 5 1 8 1 11 1 13 2 14 2 15 3 15 4 15 4 14 4 13 4 11 3 9 2 7 1 5 0 3 -2 1 -3 0 -4 -2 -5 -3 -6 -4 -6 -5 -6 -6 -6 -7 0 0 0 0 0 0 0 0 0 0 0 0 0 0 0 0 0 0 0 0 0 0 -6 -2 -7 -4 -8 -5 -8 -6 -8 -6 -8 -6 -8 -7 -8 -7 -8 -7 -7 -7 -5 -6 -4 -5 -1 -4 2 -3 4 -3 7 -2 10 -2 13 -3 15 -4 17 -5 18 -7 19 -8 18 -8 17 -9 16 -9 14 -9
CSI_META: ts=4221592022 rssi=-42 noise_floor=-98 channel=6 secondary_channel=0 sig_mode=0 mcs=0 rate=9 cwb=0 sgi=0 stbc=0 ant=0 len=128 rx_state=0 seq=-1 tx_mac=52:40:27:94:0a:bb
CSI_DATA: 28 -64 1 0 13 3 7 8 1 14 -2 20 -2 26 -2 30 -1 33 1 35 2 35 3 33 4 30 4 27 5 22 5 17 2 12 -1 8 -4 3 -7 0 -9 -3 -12 -5 -14 -7 -15 -9 -15 -10 -15 -12 -14 -13 0 0 0 0 0 0 0 0 0 0 0 0 0 0 0 0 0 0 0 0 0 0 -5 -7 -5 -10 -5 -14 -5 -16 -5 -19 -4 -21 -5 -22 -5 -23 -5 -23 -3 -23 -2 -20 -1 -16 2 -12 5 -8 8 -4 12 2 17 4 24 6 29 7 36 6 40 5 43 1 44 1 43 -1 39 -3 34 -4
CSI_META: ts=4221592272 rssi=-42 noise_floor=-98 channel=6 secondary_channel=0 sig_mode=0 mcs=0 rate=9 cwb=0 sgi=0 stbc=0 ant=0 len=128 rx_state=0 seq=-1 tx_mac=52:40:27:94:0a:bb
CSI_DATA: 28 -64 1 0 -10 -9 -3 -9 5 -12 9 -14 13 -17 16 -20 17 -23 18 -25 17 -26 15 -27 13 -26 11 -25 9 -22 8 -18 7 -14 6 -10 5 -5 4 -1 4 2 3 6 3 8 3 11 3 13 2 15 0 16 0 0 0 0 0 0 0 0 0 0 0 0 0 0 0 0 0 0 0 0 0 0 2 11 1 13 0 15 -1 17 -2 17 -3 18 -3 18 -4 18 -4 17 -4 16 -5 13 -5 9 -6 5 -7 0 -9 -5 -12 -11 -15 -15 -19 -18 -23 -20 -27 -21 -30 -22 -33 -21 -35 -19 -35 -17 -33 -14 -29 -12
CSI_META: ts=4221928936 rssi=-38 noise_floor=-98 channel=6 secondary_channel=0 sig_mode=0 mcs=0 rate=9 cwb=0 sgi=0 stbc=0 ant=0 len=128 rx_state=0 seq=-1 tx_mac=52:40:27:94:0a:bb
CSI_DATA: 28 -64 1 0 -9 3 -8 0 -8 -3 -10 -6 -10 -7 -13 -7 -14 -8 -15 -7 -15 -7 -15 -6 -15 -4 -14 -4 -12 -3 -11 -2 -8 -2 -6 -2 -4 -3 -3 -4 -1 -4 0 -5 1 -6 2 -7 3 -7 3 -8 4 -8 0 0 0 0 0 0 0 0 0 0 0 0 0 0 0 0 0 0 0 0 0 0 2 5 2 6 1 7 1 8 0 8 1 9 1 9 0 9 1 9 0 8 0 7 -2 6 -3 5 -5 4 -6 2 -8 2 -11 1 -13 2 -15 3 -17 5 -17 6 -18 8 -17 9 -17 10 -15 10 -14 10
CSI_META: ts=4224065770 rssi=-38 noise_floor=-98 channel=6 secondary_channel=0 sig_mode=0 mcs=0 rate=9 cwb=0 sgi=0 stbc=0 ant=0 len=128 rx_state=0 seq=-1 tx_mac=52:40:27:94:0a:bb
CSI_DATA: 28 -64 1 0 17 7 18 10 21 12 23 13 26 13 27 11 27 10 26 7 25 5 22 3 20 2 16 2 13 3 9 4 6 5 3 7 1 8 0 9 -3 10 -3 12 -4 12 -5 13 -5 13 -6 13 -7 12 0 0 0 0 0 0 0 0 0 0 0 0 0 0 0 0 0 0 0 0 0 0 -10 -11 -9 -12 -9 -13 -8 -13 -7 -13 -7 -12 -6 -11 -3 -11 -2 -10 1 -9 5 -8 8 -7 12 -7 15 -6 19 -7 22 -9 23 -11 24 -13 25 -16 25 -18 23 -19 21 -19 19 -18 17 -16 15 -13 14 -8
CSI_META: ts=4224343717 rssi=-38 noise_floor=-98 channel=6 secondary_channel=0 sig_mode=0 mcs=0 rate=9 cwb=0 sgi=0 stbc=0 ant=0 len=128 rx_state=0 seq=-1 tx_mac=52:40:27:94:0a:bb
CSI_DATA: 28 -64 1 0 -14 -2 -10 -3 -6 -4 -3 -5 0 -7 1 -10 2 -12 3 -14 3 -15 3 -17 2 -17 1 -17 0 -16 0 -15 -1 -13 0 -11 0 -9 0 -6 1 -4 2 -3 2 -1 3 1 3 2 4 4 4 5 0 0 0 0 0 0 0 0 0 0 0 0 0 0 0 0 0 0 0 0 0 0 1 5 0 6 -1 8 -2 8 -2 9 -3 10 -3 10 -3 11 -3 10 -3 10 -3 9 -3 8 -3 6 -4 4 -5 1 -6 -2 -7 -4 -10 -7 -12 -8 -15 -9 -17 -9 -20 -9 -21 -9 -22 -7 -23 -6 -22 -5
CSI_META: ts=4224343862 rssi=-38 noise_floor=-98 channel=6 secondary_channel=0 sig_mode=0 mcs=0 rate=9 cwb=0 sgi=0 stbc=0 ant=0 len=128 rx_state=0 seq=-1 tx_mac=52:40:27:94:0a:bb
CSI_DATA: 28 -64 1 0 12 -6 8 -2 6 0 3 3 3 6 2 9 2 11 4 13 5 15 5 14 6 14 6 14 5 12 7 12 4 9 5 9 3 6 1 5 0 3 -2 2 -4 0 -5 0 -6 -2 -7 -2 -7 -4 0 0 0 0 0 0 0 0 0 0 0 0 0 0 0 0 0 0 0 0 0 0 -4 -3 -4 -5 -5 -7 -4 -7 -5 -10 -4 -9 -4 -10 -4 -11 -5 -12 -5 -12 -4 -11 -3 -9 -1 -8 0 -6 2 -5 4 -2 6 -1 10 -1 11 0 16 -1 18 -1 20 -3 22 -5 22 -7 21 -8 20 -8
CSI_META: ts=4224347593 rssi=-38 noise_floor=-98 channel=6 secondary_channel=0 sig_mode=0 mcs=0 rate=9 cwb=0 sgi=0 stbc=0 ant=0 len=128 rx_state=0 seq=-1 tx_mac=52:40:27:94:0a:bb
CSI_DATA: 28 -64 1 0 -7 -20 -3 -15 2 -9 7 -5 13 -2 17 -1 22 -1 24 -2 27 -4 27 -5 27 -7 25 -7 22 -7 20 -6 16 -5 13 -3 9 -2 5 1 2 3 0 5 -3 7 -5 9 -7 10 -9 11 -11 11 0 0 0 0 0 0 0 0 0 0 0 0 0 0 0 0 0 0 0 0 0 0 -1 4 -5 4 -8 5 -11 5 -14 5 -16 6 -18 5 -20 6 -21 6 -22 6 -21 6 -19 5 -16 4 -13 2 -9 -2 -6 -5 -3 -10 -1 -15 1 -21 1 -26 1 -31 -1 -36 -3 -38 -6 -40 -9 -39 -11 -38
CSI_META: ts=4224347710 rssi=-42 noise_floor=-98 channel=6 secondary_channel=0 sig_mode=0 mcs=0 rate=9 cwb=0 sgi=0 stbc=0 ant=0 len=128 rx_state=0 seq=-1 tx_mac=52:40:27:94:0a:bb
CSI_DATA: 28 -64 1 0 12 -22 10 -15 10 -9 11 -1 13 5 16 10 19 13 22 15 25 15 27 14 28 13 28 11 27 10 25 8 22 7 17 6 13 5 9 5 5 5 1 5 -3 5 -6 6 -9 6 -12 6 -15 5 0 0 0 0 0 0 0 0 0 0 0 0 0 0 0 0 0 0 0 0 0 0 -9 -2 -11 -5 -13 -8 -14 -10 -15 -12 -16 -13 -17 -14 -18 -15 -18 -15 -18 -15 -17 -15 -14 -13 -11 -12 -6 -10 -1 -10 4 -9 10 -10 15 -12 20 -15 25 -19 28 -23 30 -28 29 -32 28 -35 25 -37 23 -37
CSI_META: ts=4224347819 rssi=-42 noise_floor=-98 channel=6 secondary_channel=0 sig_mode=0 mcs=0 rate=9 cwb=0 sgi=0 stbc=0 ant=0 len=128 rx_state=0 seq=-1 tx_mac=52:40:27:94:0a:bb
CSI_DATA: 28 -64 1 0 24 6 17 6 9 8 4 10 -1 13 -5 17 -8 21 -9 25 -9 28 -9 30 -7 30 -6 30 -4 29 -2 27 -2 23 -2 20 -2 15 -3 11 -4 6 -5 3 -7 0 -8 -3 -9 -6 -9 -9 -9 -12 0 0 0 0 0 0 0 0 0 0 0 0 0 0 0 0 0 0 0 0 0 0 0 -10 2 -12 4 -14 6 -16 8 -18 9 -19 9 -19 9 -20 10 -20 10 -20 10 -18 9 -15 8 -12 8 -7 8 -2 9 3 11 9 15 13 19 17 24 20 29 21 34 21 37 22 40 20 41 17 40 14
CSI_META: ts=4224641773 rssi=-43 noise_floor=-98 channel=6 secondary_channel=0 sig_mode=0 mcs=0 rate=9 cwb=0 sgi=0 stbc=0 ant=0 len=128 rx_state=0 seq=-1 tx_mac=52:40:27:94:0a:bb
CSI_DATA: 28 -64 1 0 -10 14 -8 5 -7 -2 -8 -10 -9 -16 -11 -21 -13 -25 -15 -27 -17 -28 -19 -28 -20 -27 -19 -25 -18 -23 -16 -20 -13 -17 -10 -14 -7 -10 -3 -7 0 -4 3 -1 6 1 8 4 10 6 11 9 11 11 0 0 0 0 0 0 0 0 0 0 0 0 0 0 0 0 0 0 0 0 0 0 8 -8 12 -7 15 -7 17 -7 19 -6 20 -5 20 -5 21 -4 20 -3 18 -2 16 -1 12 0 7 2 2 4 -3 7 -8 9 -13 13 -17 18 -21 23 -23 28 -25 31 -24 35 -24 37 -23 37 -20 37 -16 34
CSI_META: ts=4224896018 rssi=-39 noise_floor=-98 channel=6 secondary_channel=0 sig_mode=0 mcs=0 rate=9 cwb=0 sgi=0 stbc=0 ant=0 len=128 rx_state=0 seq=-1 tx_mac=52:40:27:94:0a:bb
CSI_DATA: 28 -64 1 0 1 5 -3 3 -6 2 -9 2 -12 2 -14 3 -15 3 -16 4 -16 6 -16 6 -14 6 -13 6 -11 5 -10 5 -7 3 -6 2 -4 0 -3 -1 -1 -3 0 -4 1 -5 2 -6 3 -6 4 -7 5 -7 0 0 0 0 0 0 0 0 0 0 0 0 0 0 0 0 0 0 0 0 0 0 0 -8 1 -9 2 -10 3 -10 4 -10 4 -10 4 -9 4 -9 5 -8 4 -7 4 -5 4 -3 3 0 3 2 3 5 3 9 3 11 5 14 6 15 8 17 9 18 10 17 11 18 11 16 11 14 10 12
CSI_META: ts=4225102876 rssi=-42 noise_floor=-98 channel=6 secondary_channel=0 sig_mode=0 mcs=0 rate=9 cwb=0 sgi=0 stbc=0 ant=0 len=128 rx_state=0 seq=-1 tx_mac=52:40:27:94:0a:bb
CSI_DATA: 28 -64 1 0 -21 -7 -12 -8 -3 -11 2 -14 8 -18 11 -22 13 -26 14 -30 14 -33 12 -34 10 -34 8 -32 6 -29 4 -26 4 -21 4 -16 3 -10 4 -6 4 -1 5 3 6 6 7 10 7 12 7 15 5 17 0 0 0 0 0 0 0 0 0 0 0 0 0 0 0 0 0 0 0 0 0 0 3 9 1 12 -1 15 -2 17 -4 20 -4 21 -5 23 -5 24 -6 24 -7 23 -6 21 -6 17 -6 13 -8 7 -9 1 -12 -5 -15 -10 -20 -15 -24 -18 -30 -21 -35 -22 -40 -21 -43 -21 -44 -18 -44 -15 -41 -12
CSI_META: ts=4226534437 rssi=-41 noise_floor=-98 channel=6 secondary_channel=0 sig_mode=0 mcs=0 rate=9 cwb=0 sgi=0 stbc=0 ant=0 len=128 rx_state=0 seq=-1 tx_mac=52:40:27:94:0a:bb
CSI_DATA: 28 -64 1 0 -3 -14 0 -21 1 -27 1 -33 0 -36 -1 -39 -3 -39 -4 -37 -5 -35 -6 -32 -6 -28 -5 -24 -3 -18 -1 -13 1 -8 3 -3 5 1 6 5 7 8 7 11 8 13 8 15 7 16 6 17 3 18 0 0 0 0 0 0 0 0 0 0 0 0 0 0 0 0 0 0 0 0 0 0 16 -9 18 -8 19 -7 19 -5 19 -4 18 -3 16 -2 13 -1 10 1 6 2 1 3 -4 4 -10 6 -16 8 -22 11 -27 13 -30 15 -32 18 -34 21 -34 23 -33 25 -31 25 -28 23 -23 21 -18 17 -13 10
CSI_META: ts=4227058530 rssi=-35 noise_floor=-98 channel=6 secondary_channel=0 sig_mode=0 mcs=0 rate=9 cwb=0 sgi=0 stbc=0 ant=0 len=128 rx_state=0 seq=-1 tx_mac=52:40:27:94:0a:bb
CSI_DATA: 28 -64 1 0 -9 -18 -10 -17 -11 -17 -12 -15 -12 -13 -12 -12 -11 -10 -10 -9 -9 -8 -7 -7 -6 -7 -5 -7 -3 -8 -2 -9 -2 -10 -1 -10 -1 -10 -1 -10 -1 -10 -1 -10 -1 -9 -1 -9 0 -8 0 -7 1 -6 0 0 0 0 0 0 0 0 0 0 0 0 0 0 0 0 0 0 0 0 0 0 -7 3 -7 2 -7 2 -7 1 -6 0 -6 -1 -5 -3 -6 -4 -6 -5 -7 -7 -7 -8 -8 -10 -9 -11 -10 -11 -11 -11 -12 -11 -12 -10 -13 -9 -13 -8 -12 -7 -11 -7 -9 -7 -8 -8 -7 -10 -7 -12 -6 -14
CSI_META: ts=4227353632 rssi=-35 noise_floor=-98 channel=6 secondary_channel=0 sig_mode=0 mcs=0 rate=9 cwb=0 sgi=0 stbc=0 ant=0 len=128 rx_state=0 seq=-1 tx_mac=52:40:27:94:0a:bb
CSI_DATA: 28 -64 1 0 -19 -3 -17 -6 -15 -10 -15 -13 -16 -15 -18 -16 -19 -17 -21 -16 -22 -16 -22 -14 -22 -12 -21 -10 -19 -9 -17 -7 -14 -7 -11 -7 -8 -7 -6 -7 -3 -8 -1 -9 0 -11 2 -12 3 -12 5 -13 6 -13 0 0 0 0 0 0 0 0 0 0 0 0 0 0 0 0 0 0 0 0 0 0 -6 9 -8 9 -10 10 -11 10 -11 11 -12 11 -12 11 -12 11 -12 11 -12 9 -12 7 -12 5 -12 3 -13 0 -14 -3 -16 -6 -18 -8 -22 -9 -25 -8 -28 -8 -31 -6 -33 -4 -34 -3 -33 -1 -32 1 -29 2
CSI_META: ts=4227595840 rssi=-38 noise_floor=-98 channel=6 secondary_channel=0 sig_mode=0 mcs=0 rate=9 cwb=0 sgi=0 stbc=0 ant=0 len=128 rx_state=0 seq=-1 tx_mac=52:40:27:94:0a:bb
CSI_DATA: 28 -64 1 0 -8 -1 -10 -4 -12 -6 -14 -7 -16 -7 -17 -7 -18 -6 -18 -4 -17 -3 -16 -3 -15 -2 -12 -2 -10 -2 -8 -2 -5 -2 -3 -3 -1 -3 1 -4 3 -4 4 -5 5 -5 6 -5 7 -4 8 -4 8 -3 0 0 0 0 0 0 0 0 0 0 0 0 0 0 0 0 0 0 0 0 0 0 6 -7 7 -6 8 -6 8 -6 8 -5 7 -5 6 -4 6 -3 5 -2 3 0 2 2 0 4 -2 6 -3 8 -5 10 -5 13 -6 15 -5 17 -5 18 -4 19 -3 19 -2 19 -1 17 -1 15 -1 12 -2 9
CSI_META: ts=4227685073 rssi=-36 noise_floor=-98 channel=6 secondary_channel=0 sig_mode=0 mcs=0 rate=9 cwb=0 sgi=0 stbc=0 ant=0 len=128 rx_state=0 seq=-1 tx_mac=52:40:27:94:0a:bb
CSI_DATA: 28 -64 1 0 -8 21 -6 21 -4 21 -3 19 -1 18 0 15 0 13 0 11 -2 9 -3 7 -4 6 -6 6 -8 6 -9 6 -9 7 -10 7 -10 7 -9 7 -9 6 -8 6 -8 5 -7 5 -7 3 -6 2 -6 0 0 0 0 0 0 0 0 0 0 0 0 0 0 0 0 0 0 0 0 0 0 0 7 -1 7 0 5 1 4 2 3 3 2 4 1 6 1 7 0 9 -1 11 -1 13 0 14 1 15 1 16 3 15 3 15 4 14 4 13 4 12 2 11 1 10 -1 10 -4 11 -6 12 -8 14 -9 16
CSI_META: ts=4228480069 rssi=-42 noise_floor=-98 channel=6 secondary_channel=0 sig_mode=0 mcs=0 rate=9 cwb=0 sgi=0 stbc=0 ant=0 len=128 rx_state=0 seq=-1 tx_mac=52:40:27:94:0a:bb
CSI_DATA: 28 -64 1 0 9 -29 9 -30 8 -32 6 -31 4 -31 2 -30 0 -28 -1 -26 -2 -24 -1 -22 -1 -19 1 -17 3 -16 4 -16 6 -16 7 -15 8 -15 8 -15 8 -14 9 -13 9 -13 9 -12 9 -11 10 -9 10 -7 0 0 0 0 0 0 0 0 0 0 0 0 0 0 0 0 0 0 0 0 0 0 -11 -11 -10 -12 -9 -12 -9 -12 -8 -12 -7 -12 -6 -12 -4 -13 -3 -13 0 -14 2 -16 4 -17 5 -19 6 -21 6 -23 6 -25 5 -27 3 -28 1 -28 0 -28 -1 -27 -2 -26 -1 -26 0 -25 2 -24 5 -25
CSI_META: ts=4229299233 rssi=-42 noise_floor=-98 channel=6 secondary_channel=0 sig_mode=0 mcs=0 rate=9 cwb=0 sgi=0 stbc=0 ant=0 len=128 rx_state=0 seq=-1 tx_mac=52:40:27:94:0a:bb
CSI_DATA: 28 -64 1 0 -15 25 -16 29 -17 33 -15 34 -13 36 -11 36 -8 34 -6 31 -4 28 -3 23 -2 17 -3 12 -4 7 -6 3 -8 -1 -9 -5 -10 -7 -12 -10 -12 -11 -13 -12 -13 -13 -13 -13 -12 -13 -11 -14 -9 -13 0 0 0 0 0 0 0 0 0 0 0 0 0 0 0 0 0 0 0 0 0 0 -10 -18 -8 -18 -7 -18 -5 -17 -4 -15 -2 -14 0 -11 2 -8 6 -4 8 -1 12 4 15 8 19 10 23 13 26 14 30 16 32 15 34 14 33 11 33 9 30 7 26 6 22 6 15 6 8 8 1 11
CSI_META: ts=4229836983 rssi=-38 noise_floor=-98 channel=6 secondary_channel=0 sig_mode=0 mcs=0 rate=9 cwb=0 sgi=0 stbc=0 ant=0 len=128 rx_state=0 seq=-1 tx_mac=52:40:27:94:0a:bb
CSI_DATA: 28 -64 1 0 27 15 29 14 32 13 30 10 31 6 28 4 25 3 19 0 15 1 10 3 6 5 3 8 0 10 -2 13 -3 14 -4 17 -4 17 -3 17 -3 16 -3 16 -3 15 -4 13 -5 10 -5 8 -5 5 0 0 0 0 0 0 0 0 0 0 0 0 0 0 0 0 0 0 0 0 0 0 -15 -7 -14 -7 -13 -8 -11 -8 -10 -8 -8 -8 -6 -7 -3 -7 1 -7 6 -8 10 -8 14 -9 16 -11 20 -12 20 -15 21 -17 20 -18 19 -21 17 -20 15 -19 12 -17 11 -13 10 -8 11 -2 13 3 15 8
CSI_META: ts=4229837119 rssi=-39 noise_floor=-98 channel=6 secondary_channel=0 sig_mode=0 mcs=0 rate=9 cwb=0 sgi=0 stbc=0 ant=0 len=128 rx_state=0 seq=-1 tx_mac=52:40:27:94:0a:bb
CSI_DATA: 28 -64 1 0 -20 -1 -20 0 -22 1 -20 2 -18 4 -18 4 -15 4 -12 5 -10 3 -7 0 -6 -2 -5 -3 -4 -5 -3 -7 -3 -8 -3 -10 -3 -10 -3 -10 -3 -10 -3 -10 -3 -10 -2 -10 -1 -8 1 -7 1 -6 0 0 0 0 0 0 0 0 0 0 0 0 0 0 0 0 0 0 0 0 0 0 8 -2 8 -1 8 -1 6 0 6 0 5 1 3 2 2 2 0 4 -3 5 -5 7 -6 8 -7 9 -8 11 -8 13 -6 15 -5 14 -5 16 -4 14 -3 13 -3 11 -3 10 -4 6 -6 3 -9 1 -11 -2
CSI_META: ts=4229837237 rssi=-42 noise_floor=-98 channel=6 secondary_channel=0 sig_mode=0 mcs=0 rate=9 cwb=0 sgi=0 stbc=0 ant=0 len=128 rx_state=0 seq=-1 tx_mac=52:40:27:94:0a:bb
CSI_DATA: 28 -64 1 0 4 -34 3 -40 0 -37 -4 -39 -7 -36 -8 -32 -9 -28 -7 -24 -7 -18 -4 -16 -2 -12 2 -10 7 -8 11 -7 15 -8 15 -6 19 -7 18 -7 17 -7 18 -7 16 -6 15 -6 15 -5 13 -3 11 -1 0 0 0 0 0 0 0 0 0 0 0 0 0 0 0 0 0 0 0 0 0 0 -4 16 -5 16 -6 12 -7 12 -6 8 -7 6 -7 4 -9 1 -8 -4 -11 -5 -14 -9 -16 -12 -18 -15 -21 -17 -25 -18 -24 -19 -28 -19 -26 -14 -28 -13 -24 -10 -22 -9 -16 -9 -12 -9 -8 -12 -3 -16 1 -23
CSI_META: ts=4229839022 rssi=-38 noise_floor=-98 channel=6 secondary_channel=0 sig_mode=0 mcs=0 rate=9 cwb=0 sgi=0 stbc=0 ant=0 len=128 rx_state=0 seq=-1 tx_mac=52:40:27:94:0a:bb
CSI_DATA: 28 -64 1 0 11 15 13 16 14 15 15 13 15 12 15 10 14 8 12 6 10 5 7 4 5 4 3 4 0 5 -2 6 -3 7 -4 7 -5 8 -6 8 -6 8 -6 8 -6 8 -6 7 -6 7 -7 6 -6 4 0 0 0 0 0 0 0 0 0 0 0 0 0 0 0 0 0 0 0 0 0 0 -6 -7 -5 -7 -4 -7 -3 -6 -1 -5 0 -4 1 -4 4 -3 5 -2 8 -2 10 -2 12 -1 14 -2 15 -2 16 -3 15 -4 16 -5 15 -6 13 -6 12 -6 10 -5 9 -3 7 -1 7 3 7 6 8 9
CSI_META: ts=4229839140 rssi=-42 noise_floor=-98 channel=6 secondary_channel=0 sig_mode=0 mcs=0 rate=9 cwb=0 sgi=0 stbc=0 ant=0 len=128 rx_state=0 seq=-1 tx_mac=52:40:27:94:0a:bb
CSI_DATA: 28 -64 1 0 -6 37 -4 39 -1 39 3 38 6 36 7 33 8 29 7 25 6 20 3 16 0 13 -3 10 -7 9 -11 8 -14 8 -16 8 -18 8 -19 8 -18 8 -19 8 -18 7 -17 6 -16 5 -15 3 -13 1 0 0 0 0 0 0 0 0 0 0 0 0 0 0 0 0 0 0 0 0 0 0 7 -16 8 -14 8 -12 8 -10 8 -8 7 -5 8 -2 8 2 9 6 10 9 12 13 14 17 16 19 18 20 21 21 23 21 24 20 25 17 25 15 23 13 19 11 15 11 10 13 6 14 1 18 -3 24
CSI_META: ts=4230582174 rssi=-38 noise_floor=-98 channel=6 secondary_channel=0 sig_mode=0 mcs=0 rate=9 cwb=0 sgi=0 stbc=0 ant=0 len=128 rx_state=0 seq=-1 tx_mac=52:40:27:94:0a:bb
CSI_DATA: 28 -64 1 0 0 -12 1 -10 4 -10 5 -9 7 -9 8 -11 8 -12 8 -13 8 -13 6 -14 5 -14 5 -13 3 -12 3 -12 3 -10 2 -8 3 -6 3 -5 3 -3 4 -2 5 -1 6 -1 6 0 7 1 7 2 0 0 0 0 0 0 0 0 0 0 0 0 0 0 0 0 0 0 0 0 0 0 -6 -4 -6 -5 -6 -6 -6 -7 -6 -8 -6 -8 -6 -8 -6 -9 -6 -9 -6 -9 -5 -9 -4 -8 -2 -8 -1 -8 1 -9 2 -10 4 -11 5 -12 5 -14 5 -16 4 -18 3 -19 2 -20 0 -20 -1 -19 -1 -19
CSI_META: ts=4230788127 rssi=-43 noise_floor=-98 channel=6 secondary_channel=0 sig_mode=0 mcs=0 rate=9 cwb=0 sgi=0 stbc=0 ant=0 len=128 rx_state=0 seq=-1 tx_mac=52:40:27:94:0a:bb
CSI_DATA: 28 -64 1 0 32 -25 30 -27 27 -28 22 -28 18 -27 15 -25 11 -21 9 -17 9 -13 9 -9 10 -4 11 -1 14 2 16 3 18 4 19 5 19 5 19 4 18 3 17 3 16 3 14 3 12 4 10 4 7 5 0 0 0 0 0 0 0 0 0 0 0 0 0 0 0 0 0 0 0 0 0 0 -15 1 -13 -1 -12 -2 -9 -4 -7 -6 -5 -7 -3 -10 -1 -12 1 -16 3 -19 4 -22 4 -25 4 -28 4 -29 2 -30 0 -30 -1 -28 -2 -26 -2 -23 -1 -20 1 -17 6 -14 10 -13 16 -12 21 -13 26 -16
CSI_META: ts=4231040053 rssi=-41 noise_floor=-98 channel=6 secondary_channel=0 sig_mode=0 mcs=0 rate=9 cwb=0 sgi=0 stbc=0 ant=0 len=128 rx_state=0 seq=-1 tx_mac=52:40:27:94:0a:bb
CSI_DATA: 28 -64 1 0 2 -47 -2 -44 -5 -42 -6 -35 -7 -31 -7 -26 -4 -21 -1 -18 3 -16 7 -15 10 -15 13 -16 14 -17 16 -19 16 -20 16 -20 15 -19 13 -19 11 -17 11 -15 10 -14 9 -11 9 -8 9 -5 9 -1 0 0 0 0 0 0 0 0 0 0 0 0 0 0 0 0 0 0 0 0 0 0 -13 5 -11 2 -10 -1 -9 -4 -8 -7 -7 -10 -6 -13 -7 -17 -7 -21 -8 -24 -9 -27 -11 -29 -13 -29 -14 -28 -15 -26 -16 -25 -14 -22 -13 -20 -10 -18 -6 -18 -1 -19 3 -21 8 -26 10 -30 11 -35 12 -42
CSI_META: ts=4231183655 rssi=-43 noise_floor=-98 channel=6 secondary_channel=0 sig_mode=0 mcs=0 rate=9 cwb=0 sgi=0 stbc=0 ant=0 len=128 rx_state=0 seq=-1 tx_mac=52:40:27:94:0a:bb
CSI_DATA: 28 -64 1 0 22 -37 19 -32 16 -28 12 -22 7 -17 1 -13 -5 -10 -11 -7 -16 -6 -21 -6 -24 -6 -26 -7 -27 -9 -28 -10 -26 -12 -22 -13 -19 -13 -16 -13 -11 -11 -9 -9 -7 -6 -5 -3 -5 0 -6 2 -9 4 0 0 0 0 0 0 0 0 0 0 0 0 0 0 0 0 0 0 0 0 0 0 1 9 1 6 2 3 4 2 7 1 11 0 14 2 18 3 22 7 24 10 25 13 24 16 22 17 20 17 18 16 16 13 13 9 11 4 9 -2 9 -9 9 -16 10 -23 11 -30 14 -36 17 -40 20 -44
CSI_META: ts=4231185421 rssi=-43 noise_floor=-98 channel=6 secondary_channel=0 sig_mode=0 mcs=0 rate=9 cwb=0 sgi=0 stbc=0 ant=0 len=128 rx_state=0 seq=-1 tx_mac=52:40:27:94:0a:bb
CSI_DATA: 28 -64 1 0 21 -40 19 -34 15 -29 11 -23 6 -18 0 -13 -6 -10 -12 -7 -18 -6 -23 -5 -26 -5 -28 -6 -29 -8 -30 -9 -28 -11 -24 -13 -20 -13 -17 -12 -12 -10 -10 -9 -7 -6 -6 -3 -5 0 -7 3 -9 5 0 0 0 0 0 0 0 0 0 0 0 0 0 0 0 0 0 0 0 0 0 0 1 9 1 6 2 3 5 1 8 0 12 0 15 2 20 3 23 6 25 10 26 14 26 16 24 18 21 18 19 16 16 13 14 9 11 3 9 -3 9 -10 9 -18 9 -25 11 -33 14 -38 17 -42 19 -46
CSI_META: ts=4231543381 rssi=-42 noise_floor=-98 channel=6 secondary_channel=0 sig_mode=0 mcs=0 rate=9 cwb=0 sgi=0 stbc=0 ant=0 len=128 rx_state=0 seq=-1 tx_mac=52:40:27:94:0a:bb
CSI_DATA: 28 -64 1 0 -1 -48 0 -44 0 -40 -1 -33 -2 -26 -3 -20 -4 -13 -7 -6 -9 -1 -12 5 -14 9 -17 13 -19 14 -22 16 -24 15 -24 13 -24 11 -23 8 -20 5 -18 3 -16 1 -13 0 -9 -1 -6 0 -3 1 0 0 0 0 0 0 0 0 0 0 0 0 0 0 0 0 0 0 0 0 0 0 -1 7 0 4 2 2 5 1 9 1 13 1 16 3 20 5 23 8 24 10 27 13 26 16 25 16 23 16 21 15 18 13 15 10 12 5 9 -1 6 -7 3 -15 1 -22 -1 -30 -2 -36 -3 -42 -3 -49
CSI_META: ts=4232220887 rssi=-38 noise_floor=-98 channel=6 secondary_channel=0 sig_mode=0 mcs=0 rate=9 cwb=0 sgi=0 stbc=0 ant=0 len=128 rx_state=0 seq=-1 tx_mac=52:40:27:94:0a:bb
CSI_DATA: 28 -64 1 0 12 15 13 20 16 23 19 24 21 24 22 23 23 21 22 18 21 15 19 13 16 10 12 8 8 7 3 6 -1 5 -5 6 -8 6 -10 5 -11 5 -14 5 -15 5 -16 5 -16 4 -16 2 -15 1 0 0 0 0 0 0 0 0 0 0 0 0 0 0 0 0 0 0 0 0 0 0 -15 -4 -15 -6 -15 -6 -14 -7 -13 -8 -11 -7 -9 -7 -6 -7 -3 -7 0 -7 4 -7 8 -7 12 -7 17 -8 19 -10 22 -12 24 -14 25 -17 25 -18 24 -20 21 -20 19 -20 17 -17 14 -14 12 -9 11 -3
CSI_META: ts=4233172139 rssi=-42 noise_floor=-98 channel=6 secondary_channel=0 sig_mode=0 mcs=0 rate=9 cwb=0 sgi=0 stbc=0 ant=0 len=128 rx_state=0 seq=-1 tx_mac=52:40:27:94:0a:bb
CSI_DATA: 28 -64 1 0 -25 -4 -18 -6 -10 -9 -6 -13 -2 -16 0 -21 2 -25 1 -29 0 -31 -1 -32 -3 -32 -5 -31 -6 -28 -6 -26 -6 -22 -4 -18 -2 -14 0 -10 2 -7 4 -4 7 -2 9 1 11 3 13 5 13 7 0 0 0 0 0 0 0 0 0 0 0 0 0 0 0 0 0 0 0 0 0 0 -1 9 -3 11 -5 13 -7 15 -9 16 -10 17 -10 18 -11 19 -11 20 -11 19 -11 17 -10 14 -9 11 -9 7 -10 2 -12 -4 -14 -9 -18 -13 -22 -16 -27 -17 -32 -19 -37 -18 -40 -17 -43 -14 -43 -12 -41 -9
CSI_META: ts=4234806394 rssi=-39 noise_floor=-98 channel=6 secondary_channel=0 sig_mode=0 mcs=0 rate=9 cwb=0 sgi=0 stbc=0 ant=0 len=128 rx_state=0 seq=-1 tx_mac=52:40:27:94:0a:bb
CSI_DATA: 28 -64 1 0 -26 4 -24 4 -20 4 -16 4 -12 3 -8 1 -3 0 0 -2 3 -4 6 -6 8 -7 10 -8 11 -9 12 -10 12 -10 13 -9 11 -8 10 -7 9 -5 7 -4 6 -3 4 -2 2 -1 0 0 -1 1 0 0 0 0 0 0 0 0 0 0 0 0 0 0 0 0 0 0 0 0 0 0 -3 0 -1 -1 0 -1 2 0 4 0 6 1 8 2 10 3 12 4 14 5 14 6 14 6 14 6 13 5 12 4 10 3 7 2 4 1 0 0 -4 0 -8 -1 -12 -1 -17 0 -21 0 -25 1 -26 1
CSI_META: ts=4235163860 rssi=-37 noise_floor=-98 channel=6 secondary_channel=0 sig_mode=0 mcs=0 rate=9 cwb=0 sgi=0 stbc=0 ant=0 len=128 rx_state=0 seq=-1 tx_mac=52:40:27:94:0a:bb
CSI_DATA: 28 -64 1 0 -1 5 -5 5 -8 6 -10 7 -12 8 -13 9 -13 10 -13 12 -12 12 -11 12 -9 11 -8 10 -7 7 -6 6 -5 3 -4 1 -4 -1 -3 -3 -3 -5 -3 -6 -3 -7 -2 -9 -2 -9 -1 -9 0 -9 0 0 0 0 0 0 0 0 0 0 0 0 0 0 0 0 0 0 0 0 0 0 1 -7 2 -8 3 -9 3 -9 4 -9 4 -9 4 -8 5 -8 4 -7 4 -6 4 -4 4 -2 3 1 3 3 3 6 4 9 5 11 7 13 8 14 10 15 12 15 13 14 13 13 13 12 12 10 9 8
CSI_META: ts=4236364811 rssi=-43 noise_floor=-98 channel=6 secondary_channel=0 sig_mode=0 mcs=0 rate=9 cwb=0 sgi=0 stbc=0 ant=0 len=128 rx_state=0 seq=-1 tx_mac=52:40:27:94:0a:bb
CSI_DATA: 28 -64 1 0 -10 -20 -9 -25 -9 -30 -12 -32 -14 -33 -17 -33 -19 -32 -19 -29 -20 -26 -19 -23 -18 -19 -15 -16 -11 -14 -7 -11 -2 -10 2 -9 5 -8 8 -8 10 -8 13 -8 14 -8 16 -8 17 -8 17 -7 17 -5 0 0 0 0 0 0 0 0 0 0 0 0 0 0 0 0 0 0 0 0 0 0 2 16 1 17 0 18 -1 17 -2 16 -2 15 -3 13 -4 12 -6 9 -8 6 -10 3 -13 0 -17 -3 -20 -6 -24 -7 -28 -9 -32 -8 -34 -7 -36 -4 -37 -1 -37 1 -34 2 -31 3 -28 2 -23 0 -18 -4
CSI_META: ts=4236706251 rssi=-42 noise_floor=-98 channel=6 secondary_channel=0 sig_mode=0 mcs=0 rate=9 cwb=0 sgi=0 stbc=0 ant=0 len=128 rx_state=0 seq=-1 tx_mac=52:40:27:94:0a:bb
CSI_DATA: 28 -64 1 0 -41 1 -43 3 -43 6 -41 8 -38 11 -35 12 -30 12 -25 11 -20 9 -15 5 -11 1 -8 -4 -5 -8 -4 -12 -2 -16 -2 -19 -1 -20 -1 -21 -1 -21 -1 -21 0 -21 0 -20 1 -18 2 -16 3 -13 0 0 0 0 0 0 0 0 0 0 0 0 0 0 0 0 0 0 0 0 0 0 12 -12 12 -10 11 -8 10 -6 9 -3 7 -1 5 2 3 5 1 10 -1 14 -3 18 -4 22 -4 26 -4 29 -3 31 -2 33 0 33 2 32 2 28 3 25 2 21 -1 16 -4 12 -10 7 -17 3 -23 1
CSI_META: ts=4236971458 rssi=-38 noise_floor=-98 channel=6 secondary_channel=0 sig_mode=0 mcs=0 rate=9 cwb=0 sgi=0 stbc=0 ant=0 len=128 rx_state=0 seq=-1 tx_mac=52:40:27:94:0a:bb
CSI_DATA: 28 -64 1 0 10 -13 10 -8 12 -4 14 0 17 2 21 3 23 3 24 2 26 1 26 -1 25 -3 23 -4 20 -4 18 -5 15 -4 12 -2 8 -1 6 1 4 3 2 5 1 8 -1 9 -2 11 -2 11 -4 13 0 0 0 0 0 0 0 0 0 0 0 0 0 0 0 0 0 0 0 0 0 0 -8 -7 -8 -9 -8 -11 -8 -13 -8 -15 -8 -15 -9 -15 -9 -16 -8 -16 -7 -16 -5 -15 -4 -14 0 -11 3 -10 6 -9 10 -10 13 -10 17 -13 20 -15 22 -19 23 -22 22 -26 23 -27 20 -28 18 -28 15 -27
CSI_META: ts=4236971708 rssi=-42 noise_floor=-98 channel=6 secondary_channel=0 sig_mode=0 mcs=0 rate=9 cwb=0 sgi=0 stbc=0 ant=0 len=128 rx_state=0 seq=-1 tx_mac=52:40:27:94:0a:bb
CSI_DATA: 28 -64 1 0 -3 -22 2 -19 9 -15 13 -15 18 -15 21 -16 23 -19 24 -20 23 -23 21 -26 18 -27 15 -26 14 -24 12 -20 11 -18 8 -13 8 -9 7 -5 7 -1 8 2 8 4 9 7 10 9 11 11 11 13 0 0 0 0 0 0 0 0 0 0 0 0 0 0 0 0 0 0 0 0 0 0 -13 -1 -15 -4 -16 -5 -19 -7 -18 -8 -20 -10 -20 -9 -20 -10 -20 -10 -19 -10 -18 -10 -14 -10 -11 -11 -7 -12 -2 -15 1 -19 4 -23 6 -27 6 -33 5 -36 3 -40 1 -42 -3 -42 -7 -43 -9 -41 -9 -38
CSI_META: ts=4236971880 rssi=-42 noise_floor=-98 channel=6 secondary_channel=0 sig_mode=0 mcs=0 rate=9 cwb=0 sgi=0 stbc=0 ant=0 len=128 rx_state=0 seq=-1 tx_mac=52:40:27:94:0a:bb
CSI_DATA: 28 -64 1 0 6 20 0 17 -6 17 -11 17 -15 19 -18 22 -19 25 -19 27 -17 29 -15 30 -12 29 -10 28 -8 25 -7 21 -6 17 -6 12 -7 8 -8 4 -9 0 -11 -2 -12 -4 -14 -6 -15 -8 -16 -9 -16 -11 0 0 0 0 0 0 0 0 0 0 0 0 0 0 0 0 0 0 0 0 0 0 10 -4 13 -1 15 0 17 2 18 3 20 4 21 4 22 4 22 5 21 5 20 6 17 6 14 7 10 9 6 12 3 16 1 21 0 26 1 30 3 35 6 39 9 41 13 42 16 40 18 37 18 34
CSI_META: ts=4237329010 rssi=-42 noise_floor=-98 channel=6 secondary_channel=0 sig_mode=0 mcs=0 rate=9 cwb=0 sgi=0 stbc=0 ant=0 len=128 rx_state=0 seq=-1 tx_mac=52:40:27:94:0a:bb
CSI_DATA: 28 -64 1 0 29 17 22 14 14 14 8 14 2 16 -2 19 -5 23 -7 27 -7 30 -6 32 -4 34 -2 34 0 32 1 30 1 26 1 23 0 17 -1 13 -3 9 -6 6 -8 4 -10 1 -13 -2 -15 -4 -16 -7 0 0 0 0 0 0 0 0 0 0 0 0 0 0 0 0 0 0 0 0 0 0 3 -7 7 -6 10 -6 13 -5 16 -5 19 -5 21 -5 23 -6 25 -7 25 -8 25 -7 23 -7 20 -6 18 -4 15 -1 12 4 10 9 10 14 11 19 14 25 18 30 23 33 28 36 32 35 36 33 38 30
CSI_META: ts=4237329119 rssi=-42 noise_floor=-98 channel=6 secondary_channel=0 sig_mode=0 mcs=0 rate=9 cwb=0 sgi=0 stbc=0 ant=0 len=128 rx_state=0 seq=-1 tx_mac=52:40:27:94:0a:bb
CSI_DATA: 28 -64 1 0 -9 27 -8 21 -8 15 -12 8 -16 4 -20 1 -24 0 -27 0 -29 2 -31 5 -31 6 -30 8 -28 9 -24 8 -21 8 -16 5 -13 3 -10 0 -7 -4 -6 -7 -4 -10 -3 -12 -2 -14 -1 -16 1 -18 0 0 0 0 0 0 0 0 0 0 0 0 0 0 0 0 0 0 0 0 0 0 6 -4 6 0 6 3 6 6 6 10 7 13 8 15 9 18 10 20 12 20 14 20 13 20 12 17 10 15 7 14 3 12 -2 11 -7 12 -13 14 -18 17 -21 22 -24 26 -22 32 -21 36 -19 39 -16 41
CSI_META: ts=4237332857 rssi=-38 noise_floor=-98 channel=6 secondary_channel=0 sig_mode=0 mcs=0 rate=9 cwb=0 sgi=0 stbc=0 ant=0 len=128 rx_state=0 seq=-1 tx_mac=52:40:27:94:0a:bb
CSI_DATA: 28 -64 1 0 2 -16 2 -12 3 -8 5 -5 7 -3 9 -1 12 0 13 0 15 -1 15 -2 16 -3 15 -4 14 -4 13 -5 11 -4 8 -3 7 -2 5 0 3 1 2 2 1 4 0 5 -1 6 -2 8 -3 8 0 0 0 0 0 0 0 0 0 0 0 0 0 0 0 0 0 0 0 0 0 0 -3 1 -4 0 -4 -3 -5 -4 -5 -6 -6 -7 -6 -8 -8 -9 -8 -10 -9 -10 -10 -10 -9 -10 -8 -9 -7 -8 -5 -7 -3 -6 0 -6 3 -7 6 -8 8 -10 10 -13 11 -16 10 -19 10 -21 8 -22 7 -22
CSI_META: ts=4237333010 rssi=-42 noise_floor=-98 channel=6 secondary_channel=0 sig_mode=0 mcs=0 rate=9 cwb=0 sgi=0 stbc=0 ant=0 len=128 rx_state=0 seq=-1 tx_mac=52:40:27:94:0a:bb
CSI_DATA: 28 -64 1 0 30 -2 24 -1 18 2 14 5 10 9 8 13 7 18 7 21 9 24 11 25 12 26 14 26 15 25 15 22 14 20 12 18 10 14 7 12 4 9 1 8 -2 7 -5 5 -8 4 -11 3 -13 2 0 0 0 0 0 0 0 0 0 0 0 0 0 0 0 0 0 0 0 0 0 0 1 -8 4 -9 6 -11 8 -12 10 -13 12 -15 12 -15 13 -17 14 -18 14 -18 14 -17 12 -16 11 -14 11 -10 11 -6 11 -2 12 3 15 7 19 9 24 12 29 13 34 13 38 12 42 10 44 7 43 3
CSI_META: ts=4237333200 rssi=-38 noise_floor=-98 channel=6 secondary_channel=0 sig_mode=0 mcs=0 rate=9 cwb=0 sgi=0 stbc=0 ant=0 len=128 rx_state=0 seq=-1 tx_mac=52:40:27:94:0a:bb
CSI_DATA: 28 -64 1 0 15 -2 12 -1 9 0 6 2 4 5 3 7 2 9 2 12 3 13 4 14 5 14 5 14 6 14 6 12 6 11 5 10 4 8 3 6 1 4 -1 4 -2 2 -3 2 -5 1 -7 0 -8 -1 0 0 0 0 0 0 0 0 0 0 0 0 0 0 0 0 0 0 0 0 0 0 -1 -4 0 -5 1 -6 2 -7 3 -8 4 -9 4 -9 4 -11 5 -11 5 -11 5 -11 4 -10 4 -8 4 -7 4 -5 5 -2 6 0 8 2 10 4 13 5 15 6 18 5 20 5 22 4 23 2 22 1
CSI_META: ts=4237696034 rssi=-41 noise_floor=-98 channel=6 secondary_channel=0 sig_mode=0 mcs=0 rate=9 cwb=0 sgi=0 stbc=0 ant=0 len=128 rx_state=0 seq=-1 tx_mac=52:40:27:94:0a:bb
CSI_DATA: 28 -64 1 0 18 -40 14 -40 11 -40 7 -37 4 -34 2 -30 1 -25 2 -21 3 -17 6 -13 9 -10 12 -9 15 -8 18 -9 20 -9 21 -9 20 -9 19 -9 18 -9 17 -8 15 -8 14 -6 12 -5 10 -2 9 0 0 0 0 0 0 0 0 0 0 0 0 0 0 0 0 0 0 0 0 0 0 0 -15 3 -14 1 -12 -1 -10 -2 -9 -4 -7 -7 -6 -9 -4 -13 -3 -16 -2 -20 -3 -24 -4 -26 -5 -28 -6 -30 -7 -30 -9 -30 -10 -28 -10 -26 -9 -22 -7 -20 -3 -18 1 -18 5 -19 11 -21 15 -24 18 -29
CSI_META: ts=4237908824 rssi=-41 noise_floor=-98 channel=6 secondary_channel=0 sig_mode=0 mcs=0 rate=9 cwb=0 sgi=0 stbc=0 ant=0 len=128 rx_state=0 seq=-1 tx_mac=52:40:27:94:0a:bb
CSI_DATA: 28 -64 1 0 -36 -10 -38 -9 -40 -7 -40 -4 -39 -1 -37 2 -33 4 -29 5 -25 4 -21 2 -17 0 -14 -3 -12 -7 -10 -10 -9 -13 -9 -16 -8 -17 -8 -18 -8 -18 -8 -19 -8 -19 -7 -18 -5 -17 -4 -16 -2 -14 0 0 0 0 0 0 0 0 0 0 0 0 0 0 0 0 0 0 0 0 0 0 11 13 10 13 8 13 7 12 5 12 3 10 0 9 -3 8 -7 8 -11 8 -15 7 -19 8 -23 10 -26 12 -27 14 -28 17 -27 19 -26 21 -24 21 -22 21 -20 19 -18 16 -16 12 -18 7 -20 2 -23 -3
CSI_META: ts=4238252332 rssi=-39 noise_floor=-98 channel=6 secondary_channel=0 sig_mode=0 mcs=0 rate=9 cwb=0 sgi=0 stbc=0 ant=0 len=128 rx_state=0 seq=-1 tx_mac=52:40:27:94:0a:bb
CSI_DATA: 28 -64 1 0 -15 -1 -12 -1 -8 -3 -6 -4 -4 -6 -3 -8 -2 -10 -2 -12 -3 -14 -4 -15 -4 -15 -5 -15 -6 -14 -5 -13 -5 -12 -5 -10 -4 -8 -3 -7 -1 -5 0 -4 1 -3 3 -2 4 -1 5 0 6 1 0 0 0 0 0 0 0 0 0 0 0 0 0 0 0 0 0 0 0 0 0 0 -1 3 -2 4 -3 5 -5 6 -5 7 -6 7 -6 8 -7 9 -7 9 -7 9 -6 9 -6 7 -6 7 -5 5 -5 3 -6 0 -6 -2 -8 -4 -10 -6 -13 -8 -14 -8 -17 -8 -19 -8 -21 -7 -22 -5 -21 -4
CSI_META: ts=4238861027 rssi=-43 noise_floor=-98 channel=6 secondary_channel=0 sig_mode=0 mcs=0 rate=9 cwb=0 sgi=0 stbc=0 ant=0 len=128 rx_state=0 seq=-1 tx_mac=52:40:27:94:0a:bb
CSI_DATA: 28 -64 1 0 -3 -21 -2 -28 -2 -33 -4 -36 -6 -38 -8 -38 -9 -37 -11 -34 -11 -31 -11 -26 -10 -22 -8 -17 -4 -13 -1 -8 3 -4 7 -1 9 2 12 4 13 6 15 7 16 8 16 9 16 10 15 11 13 12 0 0 0 0 0 0 0 0 0 0 0 0 0 0 0 0 0 0 0 0 0 0 17 3 17 5 17 7 16 8 15 8 13 8 10 8 8 8 5 7 0 6 -4 5 -10 5 -15 4 -20 4 -25 4 -30 5 -33 7 -35 9 -36 12 -35 14 -34 14 -30 14 -27 13 -22 11 -17 6 -11 0
CSI_META: ts=4241544437 rssi=-41 noise_floor=-98 channel=6 secondary_channel=0 sig_mode=0 mcs=0 rate=9 cwb=0 sgi=0 stbc=0 ant=0 len=128 rx_state=0 seq=-1 tx_mac=52:40:27:94:0a:bb
CSI_DATA: 28 -64 1 0 16 -24 13 -23 10 -21 7 -18 6 -15 5 -11 4 -7 5 -4 7 -1 9 2 10 4 12 5 13 6 15 6 16 5 15 5 14 4 13 4 11 3 9 3 7 3 5 3 3 3 1 3 -1 3 0 0 0 0 0 0 0 0 0 0 0 0 0 0 0 0 0 0 0 0 0 0 -4 5 -4 3 -4 0 -4 -2 -4 -4 -5 -6 -5 -8 -6 -11 -6 -13 -7 -15 -8 -16 -9 -17 -9 -17 -9 -16 -9 -15 -9 -13 -7 -11 -5 -9 -2 -8 2 -7 5 -7 10 -9 13 -10 16 -13 19 -16 20 -20
CSI_META: ts=4241831603 rssi=-36 noise_floor=-98 channel=6 secondary_channel=0 sig_mode=0 mcs=0 rate=9 cwb=0 sgi=0 stbc=0 ant=0 len=128 rx_state=0 seq=-1 tx_mac=52:40:27:94:0a:bb
CSI_DATA: 28 -64 1 0 -25 -7 -27 -8 -29 -7 -30 -6 -30 -3 -30 -1 -28 1 -24 3 -22 3 -19 2 -16 2 -13 0 -11 -3 -9 -5 -7 -8 -7 -10 -7 -11 -7 -12 -7 -13 -7 -14 -7 -14 -7 -14 -5 -13 -4 -13 -3 -12 0 0 0 0 0 0 0 0 0 0 0 0 0 0 0 0 0 0 0 0 0 0 4 12 3 13 2 13 1 13 1 12 0 12 -1 11 -2 10 -4 8 -7 7 -10 6 -13 5 -16 5 -19 5 -22 6 -24 8 -25 9 -25 12 -24 14 -23 15 -21 16 -20 14 -17 12 -17 10 -17 6 -17 2
CSI_META: ts=4242687798 rssi=-38 noise_floor=-98 channel=6 secondary_channel=0 sig_mode=0 mcs=0 rate=9 cwb=0 sgi=0 stbc=0 ant=0 len=128 rx_state=0 seq=-1 tx_mac=52:40:27:94:0a:bb
CSI_DATA: 28 -64 1 0 -25 -3 -23 -1 -20 0 -17 1 -14 1 -11 0 -8 -1 -5 -3 -4 -6 -3 -8 -2 -11 -3 -12 -3 -14 -3 -15 -3 -14 -3 -14 -4 -13 -4 -11 -3 -10 -3 -9 -2 -7 -1 -6 0 -5 1 -3 2 -2 0 0 0 0 0 0 0 0 0 0 0 0 0 0 0 0 0 0 0 0 0 0 5 0 3 1 2 2 0 3 -1 4 -3 5 -5 5 -6 7 -7 9 -9 10 -10 11 -10 11 -9 12 -9 12 -8 12 -7 11 -6 9 -5 7 -6 4 -7 1 -9 -2 -11 -4 -13 -6 -17 -7 -20 -8 -23 -7
CSI_META: ts=4243172678 rssi=-38 noise_floor=-98 channel=6 secondary_channel=0 sig_mode=0 mcs=0 rate=9 cwb=0 sgi=0 stbc=0 ant=0 len=128 rx_state=0 seq=-1 tx_mac=52:40:27:94:0a:bb
CSI_DATA: 28 -64 1 0 3 -5 7 -5 10 -6 12 -8 13 -9 13 -10 14 -11 13 -12 11 -12 10 -11 8 -9 6 -8 5 -5 4 -4 2 -1 1 1 0 3 -1 5 -1 6 -2 7 -2 8 -3 8 -3 8 -4 8 -5 7 0 0 0 0 0 0 0 0 0 0 0 0 0 0 0 0 0 0 0 0 0 0 3 5 3 7 3 8 2 8 2 9 1 9 1 9 1 8 0 7 0 6 -1 4 -2 1 -4 -1 -5 -4 -6 -6 -9 -8 -11 -10 -13 -11 -14 -11 -16 -11 -17 -10 -17 -10 -16 -8 -15 -7 -12 -6 -9 -5
CSI_META: ts=4243481549 rssi=-38 noise_floor=-98 channel=6 secondary_channel=0 sig_mode=0 mcs=0 rate=9 cwb=0 sgi=0 stbc=0 ant=0 len=128 rx_state=0 seq=-1 tx_mac=52:40:27:94:0a:bb
CSI_DATA: 28 -64 1 0 -15 -36 -16 -32 -15 -29 -15 -22 -13 -18 -9 -15 -4 -12 0 -10 4 -9 8 -10 11 -11 14 -12 16 -13 17 -15 17 -15 16 -15 14 -15 13 -14 12 -12 10 -10 9 -8 8 -6 6 -3 5 0 4 2 0 0 0 0 0 0 0 0 0 0 0 0 0 0 0 0 0 0 0 0 0 0 1 7 -2 6 -4 4 -6 2 -9 0 -11 -2 -13 -3 -17 -5 -19 -6 -21 -6 -24 -6 -24 -6 -25 -5 -24 -3 -22 -3 -20 -2 -17 -2 -13 -4 -9 -6 -6 -9 -4 -13 -2 -19 -1 -24 -2 -29 -5 -34 -6 -39
CSI_META: ts=4243764076 rssi=-39 noise_floor=-98 channel=6 secondary_channel=0 sig_mode=0 mcs=0 rate=9 cwb=0 sgi=0 stbc=0 ant=0 len=128 rx_state=0 seq=-1 tx_mac=52:40:27:94:0a:bb
CSI_DATA: 28 -64 1 0 -20 -2 -16 -1 -11 -1 -7 0 -3 0 1 0 5 0 8 0 11 -2 13 -2 14 -2 14 -2 15 -2 14 -2 12 -2 11 -1 8 -1 6 0 4 -1 2 0 0 -1 -2 -1 -4 -2 -5 -3 -6 -4 0 0 0 0 0 0 0 0 0 0 0 0 0 0 0 0 0 0 0 0 0 0 -4 0 -2 -1 0 -1 2 -1 4 -1 6 -1 8 0 10 1 12 1 13 2 14 3 14 4 13 4 12 3 9 3 7 2 3 1 0 0 -3 -1 -7 -2 -12 -3 -15 -3 -19 -4 -22 -4 -24 -4 -25 -4
CSI_META: ts=4244309572 rssi=-38 noise_floor=-98 channel=6 secondary_channel=0 sig_mode=0 mcs=0 rate=9 cwb=0 sgi=0 stbc=0 ant=0 len=128 rx_state=0 seq=-1 tx_mac=52:40:27:94:0a:bb
CSI_DATA: 28 -64 1 0 13 -1 9 0 6 2 3 4 2 6 0 8 -1 11 0 12 0 14 1 15 1 15 2 15 3 14 3 13 3 11 2 10 1 7 0 5 0 4 -2 2 -3 1 -5 -1 -5 -2 -6 -3 -7 -4 0 0 0 0 0 0 0 0 0 0 0 0 0 0 0 0 0 0 0 0 0 0 -2 -4 0 -6 1 -7 1 -8 2 -9 3 -10 3 -10 3 -11 3 -11 3 -11 3 -10 3 -9 3 -7 3 -5 4 -3 5 0 6 2 9 3 10 5 13 6 16 6 18 6 20 6 21 5 22 3 21 2
CSI_META: ts=4244588568 rssi=-38 noise_floor=-98 channel=6 secondary_channel=0 sig_mode=0 mcs=0 rate=9 cwb=0 sgi=0 stbc=0 ant=0 len=128 rx_state=0 seq=-1 tx_mac=52:40:27:94:0a:bb
CSI_DATA: 28 -64 1 0 12 -7 7 -1 2 4 1 10 -2 15 -2 20 -2 23 -2 25 -1 27 0 27 1 27 2 25 2 22 2 20 2 15 0 12 0 7 -2 3 -3 0 -4 -4 -5 -7 -6 -9 -6 -11 -5 -14 -4 -14 0 0 0 0 0 0 0 0 0 0 0 0 0 0 0 0 0 0 0 0 0 0 -8 0 -11 -2 -13 -4 -15 -5 -16 -6 -16 -7 -17 -9 -18 -9 -17 -10 -15 -10 -14 -9 -11 -8 -7 -7 -2 -6 3 -5 8 -4 13 -4 19 -4 23 -6 28 -8 31 -11 33 -14 34 -14 33 -15 31 -17 28 -18
CSI_META: ts=4246912021 rssi=-38 noise_floor=-98 channel=6 secondary_channel=0 sig_mode=0 mcs=0 rate=9 cwb=0 sgi=0 stbc=0 ant=0 len=128 rx_state=0 seq=-1 tx_mac=52:40:27:94:0a:bb
CSI_DATA: 28 -64 1 0 9 -4 5 -2 1 0 -1 3 -4 6 -6 9 -7 11 -8 13 -9 14 -8 15 -8 15 -7 14 -7 14 -6 12 -5 10 -5 8 -3 5 -3 3 -2 1 -1 -1 0 -3 1 -4 1 -6 3 -7 4 -7 0 0 0 0 0 0 0 0 0 0 0 0 0 0 0 0 0 0 0 0 0 0 -6 1 -7 1 -9 0 -10 -1 -10 -1 -11 -2 -11 -3 -11 -3 -11 -3 -10 -4 -9 -4 -7 -4 -4 -3 -2 -3 1 -2 5 -2 8 -2 11 -2 14 -3 17 -4 19 -5 21 -5 21 -7 21 -8 20 -8 19 -8
CSI_META: ts=4247204611 rssi=-38 noise_floor=-98 channel=6 secondary_channel=0 sig_mode=0 mcs=0 rate=9 cwb=0 sgi=0 stbc=0 ant=0 len=128 rx_state=0 seq=-1 tx_mac=52:40:27:94:0a:bb
CSI_DATA: 28 -64 1 0 -3 13 -4 9 -4 6 -6 3 -7 1 -10 -1 -12 -2 -14 -2 -15 -1 -16 0 -16 0 -16 1 -15 2 -13 2 -12 2 -10 1 -8 1 -6 -1 -4 -2 -3 -3 -1 -4 0 -5 1 -6 2 -7 3 -8 0 0 0 0 0 0 0 0 0 0 0 0 0 0 0 0 0 0 0 0 0 0 2 -1 3 0 4 2 5 3 6 4 7 5 7 6 8 6 9 7 9 7 9 7 8 6 6 5 5 5 2 4 0 5 -2 5 -5 7 -7 8 -9 11 -11 13 -11 16 -11 18 -10 20 -8 20 -6 20
CSI_META: ts=4247321650 rssi=-38 noise_floor=-98 channel=6 secondary_channel=0 sig_mode=0 mcs=0 rate=9 cwb=0 sgi=0 stbc=0 ant=0 len=128 rx_state=0 seq=-1 tx_mac=52:40:27:94:0a:bb
CSI_DATA: 28 -64 1 0 12 14 13 13 15 13 15 12 15 10 15 9 13 7 11 5 9 4 7 3 4 3 2 4 0 4 -3 6 -4 6 -5 7 -5 7 -6 7 -6 7 -6 7 -6 7 -6 7 -6 6 -6 5 -6 4 0 0 0 0 0 0 0 0 0 0 0 0 0 0 0 0 0 0 0 0 0 0 -7 -5 -6 -5 -5 -5 -4 -6 -2 -5 -1 -4 1 -4 2 -4 4 -3 7 -3 9 -3 11 -3 12 -4 13 -5 14 -6 14 -7 13 -7 13 -8 11 -8 10 -7 9 -6 8 -4 6 -1 7 2 7 5 8 9
CSI_META: ts=4248120156 rssi=-39 noise_floor=-98 channel=6 secondary_channel=0 sig_mode=0 mcs=0 rate=9 cwb=0 sgi=0 stbc=0 ant=0 len=128 rx_state=0 seq=-1 tx_mac=52:40:27:94:0a:bb
CSI_DATA: 28 -64 1 0 1 -2 3 -5 6 -8 7 -11 8 -12 8 -14 9 -15 9 -15 8 -15 8 -14 6 -13 5 -11 5 -9 3 -7 2 -5 1 -2 0 0 -2 1 -3 2 -4 4 -5 4 -7 5 -7 5 -8 4 -9 3 0 0 0 0 0 0 0 0 0 0 0 0 0 0 0 0 0 0 0 0 0 0 1 -7 2 -8 3 -8 4 -8 5 -8 5 -8 5 -7 5 -6 5 -5 4 -4 2 -3 0 -1 -2 1 -4 2 -7 4 -9 6 -11 7 -13 9 -14 11 -14 12 -15 13 -14 13 -14 13 -12 11 -10 10 -8 7
CSI_META: ts=4249472041 rssi=-41 noise_floor=-98 channel=6 secondary_channel=0 sig_mode=0 mcs=0 rate=9 cwb=0 sgi=0 stbc=0 ant=0 len=128 rx_state=0 seq=-1 tx_mac=52:40:27:94:0a:bb
CSI_DATA: 28 -64 1 0 -2 1 -10 5 -18 9 -22 14 -26 17 -29 20 -30 22 -30 23 -29 22 -27 21 -23 19 -20 16 -16 12 -11 9 -7 5 -3 1 2 -2 5 -5 8 -6 12 -8 14 -8 16 -8 18 -7 19 -4 19 -2 0 0 0 0 0 0 0 0 0 0 0 0 0 0 0 0 0 0 0 0 0 0 -8 9 -12 10 -14 10 -17 10 -19 10 -20 8 -20 7 -20 6 -19 5 -17 3 -13 2 -8 1 -2 -1 5 -2 11 -3 18 -4 24 -6 30 -8 34 -10 38 -12 40 -14 40 -14 39 -15 35 -15 30 -14 24 -11
CSI_META: ts=4250013627 rssi=-38 noise_floor=-98 channel=6 secondary_channel=0 sig_mode=0 mcs=0 rate=9 cwb=0 sgi=0 stbc=0 ant=0 len=128 rx_state=0 seq=-1 tx_mac=52:40:27:94:0a:bb
CSI_DATA: 28 -64 1 0 -24 3 -19 2 -15 -3 -13 -6 -11 -11 -12 -14 -12 -17 -13 -19 -16 -21 -17 -20 -19 -19 -20 -18 -19 -16 -18 -14 -16 -12 -14 -11 -11 -9 -8 -8 -4 -7 -2 -7 1 -7 3 -7 6 -8 8 -7 10 -7 0 0 0 0 0 0 0 0 0 0 0 0 0 0 0 0 0 0 0 0 0 0 -1 8 -3 9 -5 11 -7 12 -8 13 -9 14 -10 15 -10 15 -10 17 -11 16 -10 16 -10 13 -9 10 -10 7 -11 4 -13 0 -15 -3 -18 -6 -22 -7 -26 -7 -30 -7 -34 -5 -36 -4 -38 0 -39 2 -36 5
CSI_META: ts=4250013790 rssi=-38 noise_floor=-98 channel=6 secondary_channel=0 sig_mode=0 mcs=0 rate=9 cwb=0 sgi=0 stbc=0 ant=0 len=128 rx_state=0 seq=-1 tx_mac=52:40:27:94:0a:bb
CSI_DATA: 28 -64 1 0 -6 12 -6 9 -6 6 -8 3 -10 1 -12 0 -13 0 -15 0 -16 1 -16 3 -16 4 -15 5 -14 5 -13 4 -11 4 -9 2 -7 1 -6 0 -4 -2 -4 -4 -3 -5 -3 -6 -2 -7 -2 -8 -1 -9 0 0 0 0 0 0 0 0 0 0 0 0 0 0 0 0 0 0 0 0 0 0 3 0 4 3 3 4 4 6 3 7 4 8 4 9 5 9 5 10 5 10 5 10 5 9 4 8 2 7 0 6 -2 6 -5 6 -7 7 -10 9 -11 10 -12 12 -14 14 -12 17 -11 19 -10 20 -8 20
CSI_META: ts=4250013926 rssi=-42 noise_floor=-98 channel=6 secondary_channel=0 sig_mode=0 mcs=0 rate=9 cwb=0 sgi=0 stbc=0 ant=0 len=128 rx_state=0 seq=-1 tx_mac=52:40:27:94:0a:bb
CSI_DATA: 28 -64 1 0 26 8 20 8 15 9 11 12 8 16 7 19 6 22 7 24 9 26 10 27 12 26 13 25 14 23 14 21 13 18 11 16 8 13 5 11 3 9 -1 8 -3 7 -6 7 -9 7 -11 6 -14 5 0 0 0 0 0 0 0 0 0 0 0 0 0 0 0 0 0 0 0 0 0 0 7 -8 10 -7 12 -7 14 -6 16 -7 17 -7 18 -7 19 -7 20 -8 20 -7 19 -7 18 -6 16 -4 14 -1 13 3 12 7 12 11 15 15 17 18 22 21 25 23 30 23 33 23 37 20 38 17 37 14
CSI_META: ts=4250017509 rssi=-38 noise_floor=-98 channel=6 secondary_channel=0 sig_mode=0 mcs=0 rate=9 cwb=0 sgi=0 stbc=0 ant=0 len=128 rx_state=0 seq=-1 tx_mac=52:40:27:94:0a:bb
CSI_DATA: 28 -64 1 0 -10 20 -9 15 -9 11 -12 5 -15 2 -19 1 -21 0 -23 0 -25 1 -27 3 -26 4 -25 6 -23 6 -22 7 -18 6 -16 4 -13 3 -10 1 -7 -1 -6 -4 -5 -6 -3 -8 -3 -10 -2 -12 0 -13 0 0 0 0 0 0 0 0 0 0 0 0 0 0 0 0 0 0 0 0 0 0 6 4 6 7 7 9 7 11 7 13 7 14 7 15 8 16 8 17 8 16 7 16 7 15 4 13 1 11 -2 10 -6 10 -10 10 -14 11 -18 14 -20 18 -21 20 -22 25 -22 28 -21 31 -17 32 -15 33
CSI_META: ts=4250017663 rssi=-42 noise_floor=-98 channel=6 secondary_channel=0 sig_mode=0 mcs=0 rate=9 cwb=0 sgi=0 stbc=0 ant=0 len=128 rx_state=0 seq=-1 tx_mac=52:40:27:94:0a:bb
CSI_DATA: 28 -64 1 0 -28 2 -21 0 -17 -5 -15 -9 -14 -13 -15 -17 -16 -20 -18 -22 -21 -22 -23 -21 -24 -20 -24 -17 -23 -15 -21 -13 -18 -11 -15 -10 -11 -8 -7 -8 -3 -8 -1 -9 2 -10 4 -11 6 -12 9 -12 10 -12 0 0 0 0 0 0 0 0 0 0 0 0 0 0 0 0 0 0 0 0 0 0 -1 8 -5 8 -8 9 -10 10 -12 11 -13 12 -15 13 -16 14 -17 15 -17 16 -17 15 -15 14 -14 12 -14 9 -14 5 -15 0 -16 -3 -19 -7 -23 -9 -28 -10 -33 -11 -37 -9 -40 -7 -42 -4 -43 0 -40 2
CSI_META: ts=4250017808 rssi=-42 noise_floor=-98 channel=6 secondary_channel=0 sig_mode=0 mcs=0 rate=9 cwb=0 sgi=0 stbc=0 ant=0 len=128 rx_state=0 seq=-1 tx_mac=52:40:27:94:0a:bb
CSI_DATA: 28 -64 1 0 1 -27 3 -21 6 -18 10 -13 14 -11 17 -11 21 -12 22 -14 24 -16 24 -18 23 -19 21 -20 19 -19 17 -19 14 -17 12 -14 11 -11 9 -8 8 -4 8 -1 8 2 8 5 8 7 8 10 8 12 0 0 0 0 0 0 0 0 0 0 0 0 0 0 0 0 0 0 0 0 0 0 -10 -4 -10 -7 -10 -10 -11 -12 -12 -14 -12 -15 -13 -16 -14 -17 -14 -17 -14 -18 -13 -18 -12 -17 -9 -15 -5 -14 -2 -14 2 -15 6 -16 9 -19 12 -22 14 -27 15 -31 13 -36 12 -40 9 -41 6 -42 3 -41
CSI_META: ts=4250684223 rssi=-38 noise_floor=-98 channel=6 secondary_channel=0 sig_mode=0 mcs=0 rate=9 cwb=0 sgi=0 stbc=0 ant=0 len=128 rx_state=0 seq=-1 tx_mac=52:40:27:94:0a:bb
CSI_DATA: 28 -64 1 0 -4 -24 -3 -18 1 -13 4 -7 8 -3 13 -1 17 1 20 1 23 0 25 0 25 -1 26 -2 24 -3 24 -3 21 -3 18 -3 14 -1 10 -1 8 0 5 2 1 3 -1 5 -4 6 -7 7 -9 6 0 0 0 0 0 0 0 0 0 0 0 0 0 0 0 0 0 0 0 0 0 0 -6 4 -9 3 -11 3 -14 2 -15 2 -17 2 -19 2 -20 2 -20 2 -20 2 -20 1 -18 0 -14 -1 -10 -2 -8 -4 -4 -7 0 -10 2 -15 5 -19 6 -24 6 -29 5 -33 4 -37 2 -38 0 -39 -3 -39
CSI_META: ts=4251942094 rssi=-37 noise_floor=-98 channel=6 secondary_channel=0 sig_mode=0 mcs=0 rate=9 cwb=0 sgi=0 stbc=0 ant=0 len=128 rx_state=0 seq=-1 tx_mac=52:40:27:94:0a:bb
CSI_DATA: 28 -64 1 0 32 13 34 11 35 10 34 7 34 5 31 2 27 0 23 -1 18 -1 13 0 9 2 6 5 3 8 1 11 -1 14 -2 16 -2 17 -3 18 -2 17 -3 17 -2 16 -3 15 -4 13 -4 11 -5 9 0 0 0 0 0 0 0 0 0 0 0 0 0 0 0 0 0 0 0 0 0 0 -16 -3 -14 -4 -13 -5 -11 -5 -9 -6 -7 -6 -4 -7 -1 -7 3 -9 7 -10 11 -12 14 -14 17 -16 18 -19 19 -20 19 -23 17 -24 17 -25 14 -23 13 -21 10 -18 10 -14 9 -8 12 -4 16 2 19 7
CSI_META: ts=4252544062 rssi=-38 noise_floor=-98 channel=6 secondary_channel=0 sig_mode=0 mcs=0 rate=9 cwb=0 sgi=0 stbc=0 ant=0 len=128 rx_state=0 seq=-1 tx_mac=52:40:27:94:0a:bb
CSI_DATA: 28 -64 1 0 -16 -14 -16 -14 -17 -13 -17 -11 -17 -9 -16 -7 -14 -6 -12 -4 -10 -4 -7 -4 -5 -5 -3 -6 -1 -6 0 -8 1 -9 1 -10 2 -10 1 -11 1 -10 1 -10 1 -9 1 -9 1 -8 2 -7 2 -5 0 0 0 0 0 0 0 0 0 0 0 0 0 0 0 0 0 0 0 0 0 0 3 7 3 7 1 6 1 6 0 5 -1 4 -3 3 -5 2 -6 2 -9 1 -11 1 -13 1 -14 1 -16 1 -16 2 -16 3 -16 4 -15 5 -14 5 -12 4 -11 3 -9 1 -9 -1 -9 -5 -9 -7 -10 -11
CSI_META: ts=4252780563 rssi=-42 noise_floor=-98 channel=6 secondary_channel=0 sig_mode=0 mcs=0 rate=9 cwb=0 sgi=0 stbc=0 ant=0 len=128 rx_state=0 seq=-1 tx_mac=52:40:27:94:0a:bb
CSI_DATA: 28 -64 1 0 -18 -11 -18 -16 -17 -20 -20 -22 -22 -24 -24 -24 -26 -23 -27 -21 -27 -18 -26 -15 -24 -13 -21 -11 -18 -10 -14 -9 -10 -9 -6 -9 -3 -10 0 -11 2 -12 4 -13 6 -14 7 -15 8 -15 9 -15 10 -14 0 0 0 0 0 0 0 0 0 0 0 0 0 0 0 0 0 0 0 0 0 0 -2 15 -4 16 -5 17 -6 17 -6 17 -6 17 -7 16 -7 15 -8 13 -9 11 -10 8 -12 5 -14 1 -17 -2 -21 -4 -25 -6 -28 -6 -32 -5 -35 -3 -37 0 -38 2 -37 4 -36 6 -33 7 -29 6 -25 3
CSI_META: ts=4253684482 rssi=-42 noise_floor=-98 channel=6 secondary_channel=0 sig_mode=0 mcs=0 rate=9 cwb=0 sgi=0 stbc=0 ant=0 len=128 rx_state=0 seq=-1 tx_mac=52:40:27:94:0a:bb
CSI_DATA: 28 -64 1 0 -14 -25 -9 -23 -3 -22 0 -23 3 -24 5 -26 6 -29 5 -31 4 -33 2 -34 -1 -32 -3 -31 -4 -28 -4 -26 -3 -23 -2 -19 0 -16 1 -13 4 -10 6 -9 8 -7 10 -6 13 -6 15 -4 16 -3 0 0 0 0 0 0 0 0 0 0 0 0 0 0 0 0 0 0 0 0 0 0 -14 -3 -15 -6 -16 -7 -17 -9 -18 -10 -19 -11 -20 -11 -20 -12 -20 -12 -20 -12 -19 -13 -16 -13 -13 -13 -10 -14 -6 -16 -4 -20 -2 -24 -2 -28 -3 -32 -4 -36 -8 -39 -11 -41 -15 -42 -18 -41 -21 -39 -21 -37
CSI_META: ts=4254337905 rssi=-41 noise_floor=-98 channel=6 secondary_channel=0 sig_mode=0 mcs=0 rate=9 cwb=0 sgi=0 stbc=0 ant=0 len=128 rx_state=0 seq=-1 tx_mac=52:40:27:94:0a:bb
CSI_DATA: 28 -64 1 0 34 -24 27 -21 22 -18 18 -13 15 -8 13 -2 13 4 14 8 16 12 19 14 21 15 23 16 24 15 25 13 24 12 22 11 19 8 15 7 12 6 9 6 5 6 1 6 -2 6 -5 7 -9 7 0 0 0 0 0 0 0 0 0 0 0 0 0 0 0 0 0 0 0 0 0 0 -8 -2 -6 -5 -4 -8 -2 -11 0 -14 1 -16 2 -19 3 -23 4 -25 4 -28 3 -29 2 -28 2 -27 1 -25 2 -21 2 -18 4 -13 8 -10 13 -7 19 -5 25 -4 31 -5 36 -8 41 -11 43 -15 44 -20
CSI_META: ts=4254469778 rssi=-43 noise_floor=-98 channel=6 secondary_channel=0 sig_mode=0 mcs=0 rate=9 cwb=0 sgi=0 stbc=0 ant=0 len=128 rx_state=0 seq=-1 tx_mac=52:40:27:94:0a:bb
CSI_DATA: 28 -64 1 0 -7 6 -10 5 -13 5 -15 6 -17 7 -18 8 -18 10 -17 11 -16 11 -15 11 -12 11 -11 9 -9 7 -7 5 -6 3 -5 0 -5 -2 -4 -5 -3 -6 -3 -8 -3 -9 -3 -10 -2 -11 -1 -12 0 -12 0 0 0 0 0 0 0 0 0 0 0 0 0 0 0 0 0 0 0 0 0 0 7 -6 8 -6 8 -6 9 -6 9 -5 9 -5 8 -4 8 -4 7 -3 6 -1 4 1 3 3 1 5 0 8 0 11 0 14 0 16 1 18 3 19 4 21 5 21 7 20 7 19 7 17 6 14 4 12
CSI_META: ts=4254848745 rssi=-39 noise_floor=-98 channel=6 secondary_channel=0 sig_mode=0 mcs=0 rate=9 cwb=0 sgi=0 stbc=0 ant=0 len=128 rx_state=0 seq=-1 tx_mac=52:40:27:94:0a:bb
CSI_DATA: 28 -64 1 0 -7 23 -5 21 -3 18 -2 15 -1 12 -2 8 -3 6 -5 3 -8 1 -10 0 -12 0 -13 0 -15 0 -16 0 -16 1 -15 1 -14 2 -12 1 -10 1 -9 1 -7 0 -6 -1 -4 -1 -2 -3 -1 -4 0 0 0 0 0 0 0 0 0 0 0 0 0 0 0 0 0 0 0 0 0 0 2 -5 3 -4 3 -2 3 0 4 2 4 4 5 6 6 7 7 9 7 11 8 11 9 11 10 11 10 10 9 10 8 8 7 7 4 6 1 6 -2 7 -4 8 -7 10 -9 12 -11 15 -12 18 -11 21
CSI_META: ts=4256332830 rssi=-41 noise_floor=-98 channel=6 secondary_channel=0 sig_mode=0 mcs=0 rate=9 cwb=0 sgi=0 stbc=0 ant=0 len=128 rx_state=0 seq=-1 tx_mac=52:40:27:94:0a:bb
CSI_DATA: 28 -64 1 0 -32 5 -26 4 -20 0 -17 -4 -14 -8 -14 -12 -14 -16 -15 -19 -17 -21 -19 -21 -21 -22 -23 -20 -23 -19 -22 -16 -20 -14 -18 -13 -15 -11 -11 -9 -8 -9 -5 -9 -2 -9 1 -9 4 -9 7 -9 10 -9 0 0 0 0 0 0 0 0 0 0 0 0 0 0 0 0 0 0 0 0 0 0 -1 8 -4 9 -7 10 -9 11 -11 12 -13 13 -14 14 -15 16 -15 17 -16 17 -15 17 -14 15 -13 13 -13 10 -12 7 -13 2 -15 -2 -18 -5 -22 -7 -27 -9 -32 -10 -37 -9 -40 -7 -43 -4 -44 -1 -43 3
CSI_META: ts=4257084082 rssi=-43 noise_floor=-98 channel=6 secondary_channel=0 sig_mode=0 mcs=0 rate=9 cwb=0 sgi=0 stbc=0 ant=0 len=128 rx_state=0 seq=-1 tx_mac=52:40:27:94:0a:bb
CSI_DATA: 28 -64 1 0 16 -5 9 0 2 6 -2 11 -6 17 -9 22 -10 27 -11 30 -10 32 -9 33 -8 33 -6 32 -5 29 -5 25 -4 20 -4 15 -4 10 -4 4 -3 -1 -3 -5 -4 -9 -3 -12 -2 -15 -1 -18 1 -19 0 0 0 0 0 0 0 0 0 0 0 0 0 0 0 0 0 0 0 0 0 0 -10 -2 -13 -5 -14 -7 -16 -9 -17 -11 -17 -12 -17 -13 -18 -14 -17 -15 -15 -14 -13 -13 -10 -11 -6 -9 -1 -6 5 -4 11 -1 17 0 23 0 29 -1 34 -2 39 -4 42 -6 43 -8 43 -10 41 -12 37 -12
CSI_META: ts=4257269436 rssi=-43 noise_floor=-98 channel=6 secondary_channel=0 sig_mode=0 mcs=0 rate=9 cwb=0 sgi=0 stbc=0 ant=0 len=128 rx_state=0 seq=-1 tx_mac=52:40:27:94:0a:bb
CSI_DATA: 28 -64 1 0 -41 16 -36 17 -31 17 -26 16 -21 14 -18 10 -15 6 -14 2 -14 -3 -16 -7 -18 -10 -19 -12 -21 -12 -23 -12 -23 -12 -24 -11 -22 -9 -20 -8 -18 -7 -16 -7 -13 -7 -10 -7 -7 -7 -4 -8 -1 -8 0 0 0 0 0 0 0 0 0 0 0 0 0 0 0 0 0 0 0 0 0 0 8 5 5 5 2 6 -1 7 -4 8 -6 9 -9 11 -11 13 -13 16 -16 18 -17 20 -16 21 -15 22 -14 22 -12 21 -11 20 -10 17 -10 14 -11 10 -14 6 -17 3 -22 1 -27 0 -33 0 -39 2 -42 5
CSI_META: ts=4257640745 rssi=-42 noise_floor=-98 channel=6 secondary_channel=0 sig_mode=0 mcs=0 rate=9 cwb=0 sgi=0 stbc=0 ant=0 len=128 rx_state=0 seq=-1 tx_mac=52:40:27:94:0a:bb
CSI_DATA: 28 -64 1 0 29 2 19 2 9 2 1 4 -8 6 -15 9 -21 12 -25 14 -28 18 -28 19 -28 20 -27 20 -25 19 -23 17 -19 13 -16 10 -11 6 -7 2 -3 -2 0 -4 3 -7 7 -9 10 -10 13 -11 15 -9 0 0 0 0 0 0 0 0 0 0 0 0 0 0 0 0 0 0 0 0 0 0 -1 2 -4 -1 -7 -4 -10 -7 -13 -10 -15 -13 -16 -16 -18 -18 -19 -21 -20 -22 -19 -22 -17 -21 -15 -18 -12 -14 -7 -10 -2 -6 4 -1 11 3 17 6 25 9 33 11 39 12 45 12 48 10 49 9 47 7
CSI_META: ts=4257773796 rssi=-37 noise_floor=-98 channel=6 secondary_channel=0 sig_mode=0 mcs=0 rate=9 cwb=0 sgi=0 stbc=0 ant=0 len=128 rx_state=0 seq=-1 tx_mac=52:40:27:94:0a:bb
CSI_DATA: 28 -64 1 0 -17 3 -17 3 -18 4 -17 5 -17 6 -16 7 -14 8 -12 8 -11 8 -10 7 -9 6 -8 4 -8 3 -7 1 -7 0 -8 -1 -8 -2 -9 -3 -8 -3 -9 -3 -8 -3 -8 -3 -8 -4 -8 -3 -7 -4 0 0 0 0 0 0 0 0 0 0 0 0 0 0 0 0 0 0 0 0 0 0 1 8 1 8 0 8 -1 7 -1 7 -2 6 -3 6 -3 6 -4 5 -6 5 -8 4 -9 4 -11 5 -12 5 -13 5 -14 7 -14 8 -14 9 -13 10 -13 11 -12 10 -10 10 -10 9 -11 8 -10 6 -12 5
CSI_META: ts=4258482896 rssi=-42 noise_floor=-98 channel=6 secondary_channel=0 sig_mode=0 mcs=0 rate=9 cwb=0 sgi=0 stbc=0 ant=0 len=128 rx_state=0 seq=-1 tx_mac=52:40:27:94:0a:bb
CSI_DATA: 28 -64 1 0 6 -42 3 -39 1 -36 -1 -29 -1 -24 -1 -19 2 -14 5 -10 9 -7 13 -5 16 -4 19 -4 22 -4 24 -6 24 -7 23 -6 21 -7 19 -7 16 -6 14 -5 12 -3 10 -1 7 1 5 3 2 5 0 0 0 0 0 0 0 0 0 0 0 0 0 0 0 0 0 0 0 0 0 0 -5 9 -5 6 -6 3 -7 0 -7 -3 -8 -7 -10 -9 -11 -13 -13 -16 -15 -18 -17 -20 -19 -20 -20 -20 -20 -19 -19 -17 -19 -15 -16 -13 -12 -12 -8 -11 -3 -12 2 -14 7 -18 11 -23 14 -27 15 -33 15 -39
CSI_META: ts=4259683526 rssi=-43 noise_floor=-98 channel=6 secondary_channel=0 sig_mode=0 mcs=0 rate=9 cwb=0 sgi=0 stbc=0 ant=0 len=128 rx_state=0 seq=-1 tx_mac=52:40:27:94:0a:bb
CSI_DATA: 28 -64 1 0 -12 -17 -12 -22 -12 -27 -15 -30 -18 -31 -21 -32 -22 -30 -23 -28 -24 -25 -22 -22 -21 -19 -18 -16 -14 -13 -9 -11 -5 -10 -1 -10 3 -9 6 -9 9 -9 11 -9 14 -10 15 -9 16 -9 17 -8 17 -6 0 0 0 0 0 0 0 0 0 0 0 0 0 0 0 0 0 0 0 0 0 0 5 15 4 17 3 17 2 17 1 17 0 16 -1 14 -2 13 -4 11 -6 8 -9 5 -12 2 -16 -1 -20 -3 -24 -4 -28 -5 -32 -4 -35 -2 -37 1 -38 4 -37 6 -35 8 -32 8 -28 7 -24 5 -19 0
CSI_META: ts=4260107981 rssi=-36 noise_floor=-98 channel=6 secondary_channel=0 sig_mode=0 mcs=0 rate=9 cwb=0 sgi=0 stbc=0 ant=0 len=128 rx_state=0 seq=-1 tx_mac=52:40:27:94:0a:bb
CSI_DATA: 28 -64 1 0 11 28 10 25 9 24 9 21 7 20 6 19 4 19 4 19 3 20 3 20 4 20 4 20 5 19 5 20 6 17 5 17 4 15 3 13 3 12 1 11 0 10 -1 10 -3 9 -5 9 -6 8 0 0 0 0 0 0 0 0 0 0 0 0 0 0 0 0 0 0 0 0 0 0 9 6 7 7 6 9 5 10 5 12 4 13 4 14 4 16 4 18 5 19 5 20 5 20 5 20 5 19 4 18 4 20 2 19 1 20 1 19 0 23 -1 24 1 27 0 30 2 32 6 33 7 33
CSI_META: ts=4260121754 rssi=-40 noise_floor=-98 channel=6 secondary_channel=0 sig_mode=0 mcs=0 rate=9 cwb=0 sgi=0 stbc=0 ant=0 len=128 rx_state=0 seq=-1 tx_mac=52:40:27:94:0a:bb
CSI_DATA: 28 -64 1 0 31 18 31 16 29 14 28 12 26 10 24 10 22 10 20 9 20 10 19 10 20 10 20 10 19 10 19 10 19 9 18 9 16 8 15 8 13 7 12 7 11 7 9 8 8 9 6 10 4 11 0 0 0 0 0 0 0 0 0 0 0 0 0 0 0 0 0 0 0 0 0 0 13 0 13 2 12 3 12 5 12 6 11 8 11 9 12 11 14 13 15 15 15 16 16 17 17 17 18 17 19 16 18 16 18 16 18 16 18 16 19 17 19 19 21 20 21 22 24 23 26 24 28 24
CSI_META: ts=4261534740 rssi=-42 noise_floor=-98 channel=6 secondary_channel=0 sig_mode=0 mcs=0 rate=9 cwb=0 sgi=0 stbc=0 ant=0 len=128 rx_state=0 seq=-1 tx_mac=52:40:27:94:0a:bb
CSI_DATA: 28 -64 1 0 1 -17 5 -20 9 -25 9 -27 9 -31 8 -33 6 -34 4 -33 2 -32 1 -29 0 -26 0 -22 0 -17 1 -13 3 -9 5 -5 7 -1 9 1 10 3 12 5 13 6 14 8 14 9 14 10 12 11 0 0 0 0 0 0 0 0 0 0 0 0 0 0 0 0 0 0 0 0 0 0 -2 15 -3 16 -4 16 -5 16 -6 16 -6 15 -6 13 -6 12 -7 10 -7 6 -9 2 -9 -2 -11 -7 -13 -10 -15 -14 -19 -18 -22 -19 -26 -21 -28 -19 -31 -18 -32 -16 -32 -14 -31 -12 -27 -10 -22 -9 -16 -10
CSI_META: ts=4261703183 rssi=-38 noise_floor=-98 channel=6 secondary_channel=0 sig_mode=0 mcs=0 rate=9 cwb=0 sgi=0 stbc=0 ant=0 len=128 rx_state=0 seq=-1 tx_mac=52:40:27:94:0a:bb
CSI_DATA: 28 -64 1 0 14 3 18 7 21 9 24 11 27 12 29 10 30 8 29 6 28 4 26 2 23 1 19 1 15 1 11 1 7 3 3 4 0 6 -3 7 -5 8 -7 9 -9 10 -10 11 -11 11 -11 11 -13 10 0 0 0 0 0 0 0 0 0 0 0 0 0 0 0 0 0 0 0 0 0 0 -15 1 -16 -1 -17 -2 -17 -3 -15 -4 -15 -4 -13 -4 -11 -5 -8 -5 -6 -7 -2 -8 2 -9 6 -11 10 -14 12 -16 14 -18 16 -21 16 -25 16 -28 16 -29 14 -30 11 -29 10 -27 8 -24 7 -19 8 -14
CSI_META: ts=4261978283 rssi=-38 noise_floor=-98 channel=6 secondary_channel=0 sig_mode=0 mcs=0 rate=9 cwb=0 sgi=0 stbc=0 ant=0 len=128 rx_state=0 seq=-1 tx_mac=52:40:27:94:0a:bb
CSI_DATA: 28 -64 1 0 -20 8 -20 9 -18 10 -16 10 -14 10 -11 10 -9 8 -8 7 -6 5 -6 2 -5 0 -6 -2 -6 -4 -6 -6 -7 -7 -8 -8 -8 -8 -7 -8 -7 -7 -7 -7 -7 -7 -6 -7 -5 -6 -4 -6 -2 -5 0 0 0 0 0 0 0 0 0 0 0 0 0 0 0 0 0 0 0 0 0 0 6 -3 5 -3 4 -1 3 0 2 1 2 2 0 4 0 6 -1 8 -2 9 -2 11 -2 13 -2 14 -1 15 -1 15 0 14 1 13 1 12 1 10 0 9 -2 7 -3 5 -6 4 -10 3 -13 3 -15 3
CSI_META: ts=4261978379 rssi=-37 noise_floor=-98 channel=6 secondary_channel=0 sig_mode=0 mcs=0 rate=9 cwb=0 sgi=0 stbc=0 ant=0 len=128 rx_state=0 seq=-1 tx_mac=52:40:27:94:0a:bb
CSI_DATA: 28 -64 1 0 37 2 38 0 36 -3 34 -5 30 -7 25 -8 21 -7 16 -6 12 -3 9 1 7 5 6 8 5 12 4 14 4 17 5 18 5 18 5 17 5 16 5 15 4 14 3 12 1 11 -1 9 -2 6 0 0 0 0 0 0 0 0 0 0 0 0 0 0 0 0 0 0 0 0 0 0 -15 0 -13 -1 -11 -3 -9 -4 -6 -5 -4 -6 -1 -7 2 -10 6 -12 8 -15 12 -17 13 -20 14 -23 14 -24 13 -26 11 -26 10 -26 8 -24 7 -22 6 -17 7 -13 9 -8 11 -3 17 0 23 3 28 6
CSI_META: ts=4262493012 rssi=-43 noise_floor=-98 channel=6 secondary_channel=0 sig_mode=0 mcs=0 rate=9 cwb=0 sgi=0 stbc=0 ant=0 len=128 rx_state=0 seq=-1 tx_mac=52:40:27:94:0a:bb
CSI_DATA: 28 -64 1 0 20 40 21 40 22 39 22 35 21 32 18 27 16 22 13 16 9 10 4 5 0 0 -5 -4 -8 -8 -11 -12 -14 -15 -15 -16 -15 -18 -15 -18 -13 -18 -12 -18 -11 -17 -9 -16 -6 -15 -4 -13 -2 -10 0 0 0 0 0 0 0 0 0 0 0 0 0 0 0 0 0 0 0 0 0 0 8 12 6 11 3 9 1 6 0 3 -2 -1 -3 -5 -3 -10 -4 -15 -4 -20 -3 -25 -3 -29 -3 -32 -3 -34 -3 -34 -4 -34 -4 -32 -4 -29 -3 -24 -3 -19 -2 -12 0 -4 2 4 5 12 9 20 12 29
CSI_META: ts=4263304148 rssi=-42 noise_floor=-98 channel=6 secondary_channel=0 sig_mode=0 mcs=0 rate=9 cwb=0 sgi=0 stbc=0 ant=0 len=128 rx_state=0 seq=-1 tx_mac=52:40:27:94:0a:bb
CSI_DATA: 28 -64 1 0 24 -18 19 -14 16 -9 14 -3 13 2 14 6 15 10 18 13 20 15 23 15 25 15 26 14 25 12 25 10 23 8 20 8 16 6 12 5 9 5 5 6 2 6 -1 7 -4 8 -7 8 -10 8 0 0 0 0 0 0 0 0 0 0 0 0 0 0 0 0 0 0 0 0 0 0 -4 -7 -2 -9 -1 -12 0 -14 1 -16 1 -17 2 -19 2 -20 1 -21 2 -22 2 -21 2 -19 2 -17 3 -14 5 -11 7 -8 11 -5 15 -4 20 -3 26 -4 30 -5 34 -8 37 -11 38 -14 38 -18 36 -21
CSI_META: ts=4263675520 rssi=-42 noise_floor=-98 channel=6 secondary_channel=0 sig_mode=0 mcs=0 rate=9 cwb=0 sgi=0 stbc=0 ant=0 len=128 rx_state=0 seq=-1 tx_mac=52:40:27:94:0a:bb
CSI_DATA: 28 -64 1 0 -27 -12 -19 -10 -11 -11 -4 -11 2 -13 7 -16 11 -19 13 -23 14 -26 13 -28 12 -29 10 -29 9 -27 7 -25 6 -22 5 -18 5 -13 5 -9 5 -4 5 -1 6 2 7 6 7 9 7 12 6 14 0 0 0 0 0 0 0 0 0 0 0 0 0 0 0 0 0 0 0 0 0 0 1 4 -2 6 -5 8 -7 10 -10 12 -12 13 -14 15 -15 17 -16 18 -16 19 -16 18 -14 16 -13 14 -11 11 -10 6 -9 0 -9 -6 -11 -11 -13 -16 -18 -22 -21 -25 -27 -27 -31 -29 -35 -28 -38 -26 -37 -23
CSI_META: ts=4264491024 rssi=-42 noise_floor=-98 channel=6 secondary_channel=0 sig_mode=0 mcs=0 rate=9 cwb=0 sgi=0 stbc=0 ant=0 len=128 rx_state=0 seq=-1 tx_mac=52:40:27:94:0a:bb
CSI_DATA: 28 -64 1 0 -5 15 -4 11 -5 7 -6 3 -8 0 -10 -3 -13 -5 -15 -5 -17 -5 -18 -5 -19 -4 -19 -4 -18 -2 -18 -1 -16 -1 -13 -1 -10 -1 -8 -2 -5 -2 -4 -3 -1 -4 1 -4 3 -5 5 -6 6 -6 0 0 0 0 0 0 0 0 0 0 0 0 0 0 0 0 0 0 0 0 0 0 4 -1 5 1 7 2 8 3 9 4 9 5 10 5 11 6 11 6 11 6 10 6 9 6 7 5 4 5 1 5 -1 5 -4 6 -7 8 -10 10 -12 13 -13 16 -13 19 -13 21 -12 23 -11 24 -9 24
CSI_META: ts=4265235656 rssi=-38 noise_floor=-98 channel=6 secondary_channel=0 sig_mode=0 mcs=0 rate=9 cwb=0 sgi=0 stbc=0 ant=0 len=128 rx_state=0 seq=-1 tx_mac=52:40:27:94:0a:bb
CSI_DATA: 28 -64 1 0 0 -11 3 -5 8 -1 12 4 16 7 20 8 23 9 25 9 27 8 27 7 26 6 24 5 21 4 19 3 15 3 11 3 7 3 3 2 -1 3 -4 3 -7 3 -9 2 -11 1 -13 1 -14 -1 0 0 0 0 0 0 0 0 0 0 0 0 0 0 0 0 0 0 0 0 0 0 -5 11 -8 11 -10 12 -12 13 -13 13 -14 13 -14 11 -13 11 -14 10 -13 8 -11 6 -9 3 -6 -1 -3 -5 0 -10 1 -15 2 -20 3 -24 3 -29 2 -34 1 -36 -1 -38 -3 -38 -4 -37 -6 -35 -6 -31
CSI_META: ts=4265964351 rssi=-37 noise_floor=-98 channel=6 secondary_channel=0 sig_mode=0 mcs=0 rate=9 cwb=0 sgi=0 stbc=0 ant=0 len=128 rx_state=0 seq=-1 tx_mac=52:40:27:94:0a:bb
CSI_DATA: 28 -64 1 0 7 -2 9 1 12 2 14 3 16 3 17 2 18 1 17 0 17 -1 15 -2 13 -2 11 -2 9 -2 7 -1 4 1 2 2 1 3 -1 4 -2 5 -4 6 -4 7 -5 7 -6 7 -6 7 -7 6 0 0 0 0 0 0 0 0 0 0 0 0 0 0 0 0 0 0 0 0 0 0 -8 3 -9 2 -10 2 -10 1 -10 1 -9 1 -9 1 -9 0 -7 -1 -6 -2 -4 -3 -2 -4 0 -6 2 -8 4 -10 5 -13 5 -14 5 -17 5 -18 4 -19 3 -20 2 -20 1 -18 0 -16 1 -14 2 -11
CSI_META: ts=4266226136 rssi=-42 noise_floor=-98 channel=6 secondary_channel=0 sig_mode=0 mcs=0 rate=9 cwb=0 sgi=0 stbc=0 ant=0 len=128 rx_state=0 seq=-1 tx_mac=52:40:27:94:0a:bb
CSI_DATA: 28 -64 1 0 5 -16 4 -11 4 -7 4 -2 5 2 7 5 9 8 10 9 12 11 13 11 14 11 14 10 14 9 13 8 11 7 9 6 7 5 4 4 2 3 -1 2 -3 1 -5 1 -6 0 -8 -1 -9 -2 0 0 0 0 0 0 0 0 0 0 0 0 0 0 0 0 0 0 0 0 0 0 -3 2 -6 1 -8 0 -10 0 -11 -1 -13 -2 -13 -2 -15 -2 -15 -3 -15 -3 -15 -3 -13 -3 -11 -3 -8 -3 -4 -3 -2 -4 2 -6 6 -8 9 -11 11 -13 13 -16 14 -19 14 -22 13 -24 12 -25 10 -25
CSI_META: ts=4266448483 rssi=-42 noise_floor=-98 channel=6 secondary_channel=0 sig_mode=0 mcs=0 rate=9 cwb=0 sgi=0 stbc=0 ant=0 len=128 rx_state=0 seq=-1 tx_mac=52:40:27:94:0a:bb
CSI_DATA: 28 -64 1 0 37 19 36 15 34 12 31 9 27 6 24 6 20 6 16 7 14 9 13 11 12 13 12 15 13 17 14 18 14 18 14 17 13 16 13 15 11 13 10 12 8 11 6 11 4 10 2 10 -2 10 0 0 0 0 0 0 0 0 0 0 0 0 0 0 0 0 0 0 0 0 0 0 6 -11 7 -9 8 -7 8 -4 10 -2 11 1 13 3 15 5 18 6 21 7 24 8 25 8 27 6 27 5 27 4 26 3 23 2 22 2 19 3 18 6 17 9 17 13 18 18 22 21 26 23 29 25
CSI_META: ts=4266448628 rssi=-42 noise_floor=-98 channel=6 secondary_channel=0 sig_mode=0 mcs=0 rate=9 cwb=0 sgi=0 stbc=0 ant=0 len=128 rx_state=0 seq=-1 tx_mac=52:40:27:94:0a:bb
