CSI_META: ts=2987447686 rssi=-32 noise_floor=-98 channel=6 secondary_channel=0 sig_mode=0 mcs=0 rate=9 cwb=0 sgi=0 stbc=0 ant=0 len=128 rx_state=0 seq=-1 tx_mac=52:40:27:94:0a:bb
CSI_DATA: 28 -64 1 0 -25 -4 -28 -3 -30 -3 -31 -2 -32 1 -30 3 -28 5 -26 6 -22 6 -19 6 -15 4 -12 1 -10 -1 -7 -4 -6 -6 -4 -9 -3 -11 -3 -13 -2 -13 -2 -14 -2 -15 -2 -15 -1 -15 0 -14 1 -13 0 0 0 0 0 0 0 0 0 0 0 0 0 0 0 0 0 0 0 0 0 0 15 0 14 2 13 3 12 3 11 4 9 4 6 5 4 6 1 7 -3 8 -6 10 -9 12 -12 14 -14 17 -15 20 -15 22 -15 24 -13 26 -12 26 -10 26 -8 24 -7 21 -7 17 -8 14 -10 9 -13 5
CSI_META: ts=2987521769 rssi=-32 noise_floor=-98 channel=6 secondary_channel=0 sig_mode=0 mcs=0 rate=9 cwb=0 sgi=0 stbc=0 ant=0 len=128 rx_state=0 seq=-1 tx_mac=52:40:27:94:0a:bb
CSI_DATA: 28 -64 1 0 -5 -8 -1 -8 3 -8 5 -10 7 -10 8 -12 9 -14 9 -15 8 -16 7 -16 6 -16 4 -14 4 -13 3 -11 3 -9 2 -6 2 -4 3 -2 3 0 3 2 4 2 4 4 5 5 4 6 4 7 0 0 0 0 0 0 0 0 0 0 0 0 0 0 0 0 0 0 0 0 0 0 -5 5 -7 6 -8 6 -9 6 -9 6 -10 6 -10 6 -10 6 -10 5 -9 4 -8 3 -7 1 -6 -1 -5 -4 -5 -7 -5 -10 -6 -12 -7 -15 -8 -17 -10 -18 -12 -18 -14 -18 -14 -17 -15 -17 -15 -15 -14 -13
CSI_META: ts=2987653426 rssi=-32 noise_floor=-98 channel=6 secondary_channel=0 sig_mode=0 mcs=0 rate=9 cwb=0 sgi=0 stbc=0 ant=0 len=128 rx_state=0 seq=-1 tx_mac=52:40:27:94:0a:bb
CSI_DATA: 28 -64 1 0 -33 19 -31 21 -28 22 -24 21 -20 21 -16 17 -13 14 -11 11 -10 5 -10 1 -11 -3 -12 -6 -14 -8 -16 -9 -17 -10 -18 -10 -18 -9 -16 -9 -15 -8 -14 -7 -12 -7 -10 -6 -7 -5 -5 -6 -2 -5 0 0 0 0 0 0 0 0 0 0 0 0 0 0 0 0 0 0 0 0 0 0 14 -5 13 -3 11 -2 10 0 8 2 6 3 3 5 1 8 -1 12 -3 15 -4 19 -5 22 -5 25 -4 26 -3 28 -1 27 0 26 2 24 2 21 0 17 -2 14 -6 11 -10 10 -17 8 -23 8 -27 10
CSI_META: ts=2987807474 rssi=-31 noise_floor=-98 channel=6 secondary_channel=0 sig_mode=0 mcs=0 rate=9 cwb=0 sgi=0 stbc=0 ant=0 len=128 rx_state=0 seq=-1 tx_mac=52:40:27:94:0a:bb
CSI_DATA: 28 -64 1 0 11 21 13 20 13 19 14 17 14 14 13 12 11 9 9 7 6 6 3 5 0 5 -2 6 -4 6 -6 6 -8 7 -9 8 -9 8 -9 8 -8 7 -8 7 -8 7 -7 6 -7 5 -6 3 -6 2 0 0 0 0 0 0 0 0 0 0 0 0 0 0 0 0 0 0 0 0 0 0 -6 -8 -5 -8 -3 -7 -2 -6 0 -5 1 -4 4 -3 6 -2 8 -2 10 -1 13 0 15 0 16 -1 18 -1 18 -2 18 -4 17 -4 15 -5 14 -4 11 -3 9 -2 8 1 6 4 5 8 6 12 6 16
CSI_META: ts=2988017666 rssi=-31 noise_floor=-98 channel=6 secondary_channel=0 sig_mode=0 mcs=0 rate=9 cwb=0 sgi=0 stbc=0 ant=0 len=128 rx_state=0 seq=-1 tx_mac=52:40:27:94:0a:bb
CSI_DATA: 28 -64 1 0 -24 4 -21 4 -17 4 -13 3 -10 1 -9 -1 -7 -5 -7 -7 -7 -10 -8 -11 -9 -12 -10 -13 -11 -12 -12 -11 -11 -11 -11 -9 -9 -8 -8 -7 -6 -5 -4 -5 -3 -5 -1 -4 1 -4 3 -4 5 -4 0 0 0 0 0 0 0 0 0 0 0 0 0 0 0 0 0 0 0 0 0 0 4 3 3 3 0 4 -1 4 -4 5 -5 5 -7 6 -8 8 -10 9 -11 10 -12 11 -12 12 -11 12 -10 12 -9 11 -8 9 -7 7 -7 4 -8 2 -10 -1 -13 -3 -16 -5 -19 -5 -23 -5 -26 -4 -27 -2
CSI_META: ts=2989405675 rssi=-32 noise_floor=-98 channel=6 secondary_channel=0 sig_mode=0 mcs=0 rate=9 cwb=0 sgi=0 stbc=0 ant=0 len=128 rx_state=0 seq=-1 tx_mac=52:40:27:94:0a:bb
CSI_DATA: 28 -64 1 0 -11 31 -8 25 -7 21 -8 15 -9 11 -12 8 -14 5 -18 5 -20 5 -23 6 -24 8 -24 9 -23 10 -22 11 -20 11 -17 10 -14 8 -12 7 -10 5 -9 2 -8 0 -6 -3 -6 -5 -5 -8 -4 -10 0 0 0 0 0 0 0 0 0 0 0 0 0 0 0 0 0 0 0 0 0 0 6 2 5 5 4 8 3 10 2 12 2 15 2 17 3 19 3 21 4 23 4 23 5 23 5 21 4 19 2 16 0 14 -3 12 -7 12 -11 12 -16 14 -20 17 -22 21 -24 26 -24 29 -23 32 -20 35
CSI_META: ts=2989655459 rssi=-32 noise_floor=-98 channel=6 secondary_channel=0 sig_mode=0 mcs=0 rate=9 cwb=0 sgi=0 stbc=0 ant=0 len=128 rx_state=0 seq=-1 tx_mac=52:40:27:94:0a:bb
CSI_DATA: 28 -64 1 0 -25 3 -24 5 -21 5 -19 6 -16 6 -13 5 -10 4 -9 2 -7 -1 -7 -3 -7 -5 -7 -7 -8 -8 -9 -9 -9 -10 -9 -10 -9 -9 -9 -8 -8 -7 -8 -7 -7 -6 -6 -5 -4 -5 -3 -5 -1 -4 0 0 0 0 0 0 0 0 0 0 0 0 0 0 0 0 0 0 0 0 0 0 6 3 4 3 3 3 1 4 -1 4 -3 4 -4 5 -6 6 -8 7 -10 9 -11 10 -11 11 -11 12 -11 13 -10 13 -9 13 -8 12 -7 10 -6 8 -7 6 -8 4 -10 1 -12 -1 -16 -2 -19 -3 -22 -2
CSI_META: ts=2989746949 rssi=-31 noise_floor=-98 channel=6 secondary_channel=0 sig_mode=0 mcs=0 rate=9 cwb=0 sgi=0 stbc=0 ant=0 len=128 rx_state=0 seq=-1 tx_mac=52:40:27:94:0a:bb
CSI_DATA: 28 -64 1 0 -9 -4 -8 -7 -6 -10 -7 -11 -8 -13 -9 -14 -10 -14 -11 -14 -11 -13 -12 -12 -12 -10 -11 -9 -10 -8 -8 -6 -6 -6 -4 -5 -2 -5 0 -5 2 -4 3 -5 4 -5 5 -5 5 -6 6 -5 7 -5 0 0 0 0 0 0 0 0 0 0 0 0 0 0 0 0 0 0 0 0 0 0 -1 7 -2 8 -3 9 -3 9 -4 9 -4 9 -4 9 -4 8 -4 8 -4 7 -5 5 -6 3 -7 1 -8 -1 -10 -3 -12 -4 -14 -5 -16 -5 -18 -4 -20 -3 -21 -2 -21 -1 -21 0 -20 1 -18 2 -15 2
CSI_META: ts=2989880795 rssi=-31 noise_floor=-98 channel=6 secondary_channel=0 sig_mode=0 mcs=0 rate=9 cwb=0 sgi=0 stbc=0 ant=0 len=128 rx_state=0 seq=-1 tx_mac=52:40:27:94:0a:bb
CSI_DATA: 28 -64 1 0 -1 18 -1 15 -1 12 -3 8 -5 6 -7 4 -9 4 -12 4 -13 4 -15 5 -15 6 -15 7 -14 7 -13 8 -12 8 -10 7 -9 6 -8 4 -6 3 -5 1 -4 -1 -4 -2 -3 -4 -3 -5 -2 -7 0 0 0 0 0 0 0 0 0 0 0 0 0 0 0 0 0 0 0 0 0 0 4 0 5 2 5 3 6 5 6 6 7 7 8 8 9 9 9 10 9 10 10 10 9 9 7 8 6 7 4 7 1 7 -1 7 -3 9 -6 10 -8 13 -9 15 -9 18 -9 21 -8 23 -6 24 -4 25
CSI_META: ts=2989930447 rssi=-32 noise_floor=-98 channel=6 secondary_channel=0 sig_mode=0 mcs=0 rate=9 cwb=0 sgi=0 stbc=0 ant=0 len=128 rx_state=0 seq=-1 tx_mac=52:40:27:94:0a:bb
CSI_DATA: 28 -64 1 0 -16 23 -16 25 -16 28 -13 28 -12 29 -9 28 -7 26 -5 24 -3 20 -3 16 -3 12 -4 8 -6 5 -8 2 -10 -1 -12 -3 -13 -4 -14 -5 -14 -5 -15 -6 -15 -6 -14 -6 -13 -6 -12 -6 -10 -7 0 0 0 0 0 0 0 0 0 0 0 0 0 0 0 0 0 0 0 0 0 0 6 -14 6 -13 7 -13 7 -11 7 -9 7 -7 7 -4 7 -1 7 2 7 6 7 10 8 14 9 17 11 19 13 21 16 22 17 22 19 21 19 18 19 17 17 15 15 13 11 12 6 11 1 12 -4 14
CSI_META: ts=2990249273 rssi=-32 noise_floor=-98 channel=6 secondary_channel=0 sig_mode=0 mcs=0 rate=9 cwb=0 sgi=0 stbc=0 ant=0 len=128 rx_state=0 seq=-1 tx_mac=52:40:27:94:0a:bb
CSI_DATA: 28 -64 1 0 16 -6 17 -7 18 -8 17 -10 16 -10 14 -11 12 -11 10 -10 8 -8 6 -7 5 -4 4 -2 4 1 4 3 4 5 4 7 5 7 5 8 5 7 5 8 4 7 4 7 3 6 2 5 1 5 0 0 0 0 0 0 0 0 0 0 0 0 0 0 0 0 0 0 0 0 0 0 -9 4 -9 3 -9 2 -9 2 -8 2 -7 1 -6 0 -5 -1 -4 -3 -3 -5 -1 -7 0 -9 1 -11 1 -13 1 -15 0 -17 -1 -18 -2 -18 -3 -18 -3 -16 -3 -15 -3 -13 -2 -11 1 -9 4 -7 7 -6
CSI_META: ts=2990291317 rssi=-32 noise_floor=-98 channel=6 secondary_channel=0 sig_mode=0 mcs=0 rate=9 cwb=0 sgi=0 stbc=0 ant=0 len=128 rx_state=0 seq=-1 tx_mac=52:40:27:94:0a:bb
CSI_DATA: 28 -64 1 0 11 7 8 11 7 17 8 20 9 23 11 24 13 25 14 24 15 23 16 20 15 18 13 15 11 12 9 10 6 8 2 7 -1 6 -4 5 -7 4 -9 4 -10 5 -13 4 -13 4 -14 4 -14 3 0 0 0 0 0 0 0 0 0 0 0 0 0 0 0 0 0 0 0 0 0 0 -2 -13 -1 -15 0 -16 0 -17 1 -17 1 -17 1 -17 2 -16 3 -15 4 -13 5 -10 6 -7 9 -3 11 -1 14 2 18 4 22 5 26 5 28 4 32 2 33 0 33 -3 32 -3 30 -5 27 -5 23 -4
CSI_META: ts=2990915074 rssi=-33 noise_floor=-98 channel=6 secondary_channel=0 sig_mode=0 mcs=0 rate=9 cwb=0 sgi=0 stbc=0 ant=0 len=128 rx_state=0 seq=-1 tx_mac=52:40:27:94:0a:bb
CSI_DATA: 28 -64 1 0 26 3 25 1 24 0 21 -2 19 -3 15 -3 12 -2 8 -1 6 1 3 3 2 6 0 8 0 10 -1 12 0 13 0 13 0 13 0 12 0 11 0 10 0 8 -1 7 -1 5 -2 4 -3 2 0 0 0 0 0 0 0 0 0 0 0 0 0 0 0 0 0 0 0 0 0 0 -10 2 -9 1 -8 0 -6 -1 -5 -2 -3 -3 -1 -5 1 -7 3 -8 5 -11 7 -13 8 -14 8 -16 8 -17 7 -18 6 -18 5 -17 4 -16 4 -13 4 -10 4 -7 6 -4 9 0 12 3 16 4 19 6
CSI_META: ts=2991077847 rssi=-33 noise_floor=-98 channel=6 secondary_channel=0 sig_mode=0 mcs=0 rate=9 cwb=0 sgi=0 stbc=0 ant=0 len=128 rx_state=0 seq=-1 tx_mac=52:40:27:94:0a:bb
CSI_DATA: 28 -64 1 0 7 -22 5 -20 3 -16 3 -13 3 -9 4 -6 6 -3 8 -1 10 0 12 0 13 0 14 0 15 -1 15 -1 15 -2 13 -2 12 -2 10 -2 7 -1 6 -1 4 0 3 1 1 2 0 3 -2 4 0 0 0 0 0 0 0 0 0 0 0 0 0 0 0 0 0 0 0 0 0 0 -4 2 -4 0 -4 -2 -5 -4 -5 -6 -5 -8 -6 -10 -7 -11 -8 -12 -8 -13 -9 -14 -10 -14 -9 -13 -9 -12 -8 -10 -6 -9 -4 -8 -1 -7 2 -8 6 -8 9 -10 12 -13 13 -16 14 -18 14 -21 14 -24
CSI_META: ts=2991387432 rssi=-33 noise_floor=-98 channel=6 secondary_channel=0 sig_mode=0 mcs=0 rate=9 cwb=0 sgi=0 stbc=0 ant=0 len=128 rx_state=0 seq=-1 tx_mac=52:40:27:94:0a:bb
CSI_DATA: 28 -64 1 0 9 -24 6 -21 5 -19 4 -14 3 -11 4 -7 5 -4 7 -1 9 1 11 2 12 3 14 4 15 3 16 2 15 1 14 1 12 1 10 1 8 0 6 0 4 1 3 2 1 2 -2 3 -3 3 0 0 0 0 0 0 0 0 0 0 0 0 0 0 0 0 0 0 0 0 0 0 -3 4 -3 3 -4 0 -4 -2 -5 -4 -6 -6 -7 -8 -8 -10 -9 -11 -10 -13 -11 -14 -12 -14 -12 -13 -11 -12 -10 -10 -9 -9 -7 -8 -4 -7 0 -7 4 -8 7 -9 10 -12 13 -15 15 -17 16 -20 16 -23
CSI_META: ts=2991487771 rssi=-33 noise_floor=-98 channel=6 secondary_channel=0 sig_mode=0 mcs=0 rate=9 cwb=0 sgi=0 stbc=0 ant=0 len=128 rx_state=0 seq=-1 tx_mac=52:40:27:94:0a:bb
CSI_DATA: 28 -64 1 0 12 -19 10 -18 7 -15 6 -12 5 -9 4 -6 5 -2 5 0 7 2 9 4 10 5 11 5 12 6 13 5 13 5 12 4 11 3 9 3 8 2 6 2 4 2 2 2 1 2 -1 2 -3 2 0 0 0 0 0 0 0 0 0 0 0 0 0 0 0 0 0 0 0 0 0 0 -3 2 -4 0 -4 -2 -4 -4 -4 -6 -5 -7 -5 -9 -6 -11 -6 -12 -7 -14 -8 -14 -8 -14 -8 -13 -8 -12 -7 -11 -6 -10 -4 -8 -1 -7 2 -6 5 -6 9 -7 12 -9 14 -11 16 -13 18 -15 18 -18
CSI_META: ts=2991868920 rssi=-33 noise_floor=-98 channel=6 secondary_channel=0 sig_mode=0 mcs=0 rate=9 cwb=0 sgi=0 stbc=0 ant=0 len=128 rx_state=0 seq=-1 tx_mac=52:40:27:94:0a:bb
CSI_DATA: 28 -64 1 0 -21 -15 -21 -14 -22 -13 -20 -10 -19 -8 -17 -6 -14 -5 -11 -4 -8 -4 -5 -4 -2 -6 0 -7 1 -9 3 -10 4 -11 4 -12 4 -12 4 -12 3 -11 3 -11 3 -10 3 -8 3 -7 2 -5 3 -3 0 0 0 0 0 0 0 0 0 0 0 0 0 0 0 0 0 0 0 0 0 0 8 4 7 4 5 4 4 4 2 4 0 3 -2 3 -4 3 -7 4 -10 4 -12 5 -14 6 -15 7 -16 8 -16 9 -16 10 -15 10 -14 10 -12 9 -10 7 -9 5 -8 1 -8 -2 -9 -6 -11 -10 -13 -13
CSI_META: ts=2992021803 rssi=-33 noise_floor=-98 channel=6 secondary_channel=0 sig_mode=0 mcs=0 rate=9 cwb=0 sgi=0 stbc=0 ant=0 len=128 rx_state=0 seq=-1 tx_mac=52:40:27:94:0a:bb
CSI_DATA: 28 -64 1 0 -18 -6 -21 -8 -25 -9 -27 -10 -29 -9 -30 -8 -30 -6 -29 -4 -26 -2 -23 -1 -19 -1 -16 -1 -11 -2 -7 -3 -4 -4 -1 -6 2 -8 4 -9 5 -10 7 -11 8 -11 9 -12 9 -11 10 -11 10 -9 0 0 0 0 0 0 0 0 0 0 0 0 0 0 0 0 0 0 0 0 0 0 13 -7 14 -5 15 -5 14 -3 14 -3 12 -2 11 -1 9 0 7 2 4 4 0 7 -3 9 -6 12 -9 15 -11 18 -12 22 -12 24 -12 27 -11 28 -9 29 -7 29 -6 27 -5 24 -5 19 -5 14 -7 9
CSI_META: ts=2992021939 rssi=-33 noise_floor=-98 channel=6 secondary_channel=0 sig_mode=0 mcs=0 rate=9 cwb=0 sgi=0 stbc=0 ant=0 len=128 rx_state=0 seq=-1 tx_mac=52:40:27:94:0a:bb
CSI_DATA: 28 -64 1 0 16 5 22 8 23 8 28 9 29 8 29 6 29 4 26 3 23 -1 21 -2 17 -2 12 -1 9 1 5 3 2 5 -2 6 -4 9 -7 9 -7 10 -9 11 -10 10 -9 11 -10 11 -10 10 -10 8 0 0 0 0 0 0 0 0 0 0 0 0 0 0 0 0 0 0 0 0 0 0 -12 6 -15 6 -15 4 -17 4 -14 3 -15 2 -13 2 -12 0 -9 -1 -7 -4 -5 -6 -2 -8 2 -11 5 -15 8 -19 9 -21 10 -26 9 -27 9 -31 7 -30 4 -30 5 -28 1 -24 1 -21 3 -16 5 -10
CSI_META: ts=2992022066 rssi=-33 noise_floor=-98 channel=6 secondary_channel=0 sig_mode=0 mcs=0 rate=9 cwb=0 sgi=0 stbc=0 ant=0 len=128 rx_state=0 seq=-1 tx_mac=52:40:27:94:0a:bb
CSI_DATA: 28 -64 1 0 -3 -11 -3 -15 -3 -16 -4 -18 -5 -18 -6 -18 -6 -18 -7 -16 -7 -14 -7 -12 -6 -10 -5 -8 -3 -6 0 -4 2 -3 4 -2 5 -1 6 0 7 0 8 1 8 1 8 1 8 1 8 2 7 2 0 0 0 0 0 0 0 0 0 0 0 0 0 0 0 0 0 0 0 0 0 0 7 4 7 6 6 6 6 7 5 6 5 7 4 6 3 6 2 5 0 4 -2 3 -5 2 -7 1 -10 1 -13 0 -15 0 -18 1 -17 2 -19 3 -18 4 -18 5 -17 5 -14 5 -12 4 -10 2 -7 -1
CSI_META: ts=2992410950 rssi=-32 noise_floor=-98 channel=6 secondary_channel=0 sig_mode=0 mcs=0 rate=9 cwb=0 sgi=0 stbc=0 ant=0 len=128 rx_state=0 seq=-1 tx_mac=52:40:27:94:0a:bb
CSI_DATA: 28 -64 1 0 10 20 11 19 12 18 12 15 12 13 10 10 9 8 6 6 4 5 0 4 -2 4 -4 5 -6 5 -8 6 -9 7 -9 7 -9 7 -9 7 -8 7 -8 6 -7 6 -7 5 -5 4 -5 2 -4 1 0 0 0 0 0 0 0 0 0 0 0 0 0 0 0 0 0 0 0 0 0 0 -6 -7 -4 -6 -3 -6 -1 -5 0 -4 2 -3 4 -2 6 -2 8 -1 10 0 13 0 14 0 15 -1 16 -2 16 -2 16 -3 14 -3 13 -4 11 -3 9 -2 7 0 6 3 4 6 4 10 4 13 5 17
CSI_META: ts=2992511773 rssi=-32 noise_floor=-98 channel=6 secondary_channel=0 sig_mode=0 mcs=0 rate=9 cwb=0 sgi=0 stbc=0 ant=0 len=128 rx_state=0 seq=-1 tx_mac=52:40:27:94:0a:bb
CSI_DATA: 28 -64 1 0 20 -10 19 -12 18 -12 15 -12 13 -12 11 -11 9 -9 6 -7 5 -5 4 -2 4 1 4 3 5 5 6 6 6 8 7 9 7 8 7 8 6 7 6 7 5 6 4 6 3 5 2 4 0 3 0 0 0 0 0 0 0 0 0 0 0 0 0 0 0 0 0 0 0 0 0 0 -7 5 -6 3 -6 1 -5 0 -4 -1 -3 -3 -2 -5 -2 -7 -1 -9 0 -11 0 -13 0 -15 -1 -16 -2 -17 -2 -17 -3 -17 -3 -16 -4 -14 -3 -12 -2 -10 0 -8 3 -7 5 -5 9 -5 13 -5 17 -6
CSI_META: ts=2992935094 rssi=-33 noise_floor=-98 channel=6 secondary_channel=0 sig_mode=0 mcs=0 rate=9 cwb=0 sgi=0 stbc=0 ant=0 len=128 rx_state=0 seq=-1 tx_mac=52:40:27:94:0a:bb
CSI_DATA: 28 -64 1 0 13 -19 12 -19 11 -20 9 -19 7 -18 5 -16 4 -14 3 -11 3 -8 3 -5 3 -2 4 1 5 3 6 5 7 6 7 7 8 7 8 7 8 6 7 7 6 6 5 6 4 5 3 4 1 4 0 0 0 0 0 0 0 0 0 0 0 0 0 0 0 0 0 0 0 0 0 0 2 8 1 7 0 6 -1 4 -2 3 -3 1 -4 -1 -5 -3 -7 -5 -8 -7 -9 -9 -11 -10 -12 -11 -13 -11 -14 -11 -14 -10 -14 -10 -14 -8 -12 -7 -9 -6 -7 -5 -3 -6 0 -7 4 -8 8 -9 10 -13
CSI_META: ts=2993023757 rssi=-33 noise_floor=-98 channel=6 secondary_channel=0 sig_mode=0 mcs=0 rate=9 cwb=0 sgi=0 stbc=0 ant=0 len=128 rx_state=0 seq=-1 tx_mac=52:40:27:94:0a:bb
CSI_DATA: 28 -64 1 0 -15 -22 -14 -18 -12 -15 -9 -11 -6 -9 -3 -7 1 -6 4 -7 7 -7 9 -8 10 -9 11 -10 11 -11 12 -12 11 -12 9 -11 8 -10 7 -9 5 -7 5 -5 4 -3 3 -2 2 0 1 2 1 4 0 0 0 0 0 0 0 0 0 0 0 0 0 0 0 0 0 0 0 0 0 0 2 4 0 3 -3 2 -5 2 -7 1 -9 1 -11 1 -13 1 -15 1 -16 1 -18 1 -17 2 -17 2 -16 2 -14 2 -12 1 -9 0 -7 -3 -5 -6 -4 -9 -4 -12 -4 -17 -4 -21 -6 -23 -9 -26 -11 -28
CSI_META: ts=2993312007 rssi=-33 noise_floor=-98 channel=6 secondary_channel=0 sig_mode=0 mcs=0 rate=9 cwb=0 sgi=0 stbc=0 ant=0 len=128 rx_state=0 seq=-1 tx_mac=52:40:27:94:0a:bb
CSI_DATA: 28 -64 1 0 -11 -21 -12 -22 -13 -20 -14 -18 -14 -16 -13 -13 -11 -11 -9 -8 -6 -7 -4 -6 -1 -6 1 -6 3 -7 5 -7 7 -9 7 -8 8 -9 8 -9 7 -8 7 -8 6 -7 6 -7 5 -6 5 -4 4 -3 0 0 0 0 0 0 0 0 0 0 0 0 0 0 0 0 0 0 0 0 0 0 4 7 3 7 2 6 1 6 0 5 -2 3 -4 2 -6 1 -8 0 -10 -1 -13 -2 -15 -2 -16 -1 -18 -1 -19 0 -19 1 -18 2 -17 2 -15 2 -13 2 -11 1 -9 -2 -7 -5 -6 -8 -6 -12 -6 -16
CSI_META: ts=2994764556 rssi=-33 noise_floor=-98 channel=6 secondary_channel=0 sig_mode=0 mcs=0 rate=9 cwb=0 sgi=0 stbc=0 ant=0 len=128 rx_state=0 seq=-1 tx_mac=52:40:27:94:0a:bb
CSI_DATA: 28 -64 1 0 -9 7 -8 3 -7 -1 -7 -5 -8 -7 -10 -10 -11 -11 -12 -12 -14 -12 -15 -11 -15 -10 -15 -9 -13 -8 -12 -7 -10 -5 -8 -5 -6 -4 -3 -4 -1 -3 1 -3 2 -4 4 -4 6 -3 7 -3 8 -2 0 0 0 0 0 0 0 0 0 0 0 0 0 0 0 0 0 0 0 0 0 0 5 3 5 4 6 6 6 7 6 8 7 8 7 9 7 9 7 9 6 9 5 8 3 7 1 6 -1 5 -4 4 -7 3 -10 4 -13 5 -15 6 -19 8 -19 10 -20 12 -20 14 -19 15 -18 15 -15 15
CSI_META: ts=2994986380 rssi=-32 noise_floor=-98 channel=6 secondary_channel=0 sig_mode=0 mcs=0 rate=9 cwb=0 sgi=0 stbc=0 ant=0 len=128 rx_state=0 seq=-1 tx_mac=52:40:27:94:0a:bb
CSI_DATA: 28 -64 1 0 -11 1 -8 -1 -5 -4 -4 -7 -4 -9 -4 -12 -5 -13 -5 -14 -6 -15 -7 -15 -8 -15 -8 -13 -8 -12 -7 -10 -6 -9 -5 -7 -3 -5 -1 -4 0 -3 2 -2 3 -2 5 -1 6 0 7 0 7 1 0 0 0 0 0 0 0 0 0 0 0 0 0 0 0 0 0 0 0 0 0 0 2 5 1 6 1 8 0 9 0 10 0 10 0 10 0 11 0 11 -1 10 -1 9 -2 7 -2 5 -4 4 -6 1 -8 -1 -10 -2 -13 -3 -15 -3 -18 -2 -20 -1 -21 0 -22 1 -22 3 -21 4 -19 4
CSI_META: ts=2996710178 rssi=-33 noise_floor=-98 channel=6 secondary_channel=0 sig_mode=0 mcs=0 rate=9 cwb=0 sgi=0 stbc=0 ant=0 len=128 rx_state=0 seq=-1 tx_mac=52:40:27:94:0a:bb
CSI_DATA: 28 -64 1 0 29 -26 24 -24 20 -23 16 -18 13 -14 11 -10 11 -5 11 -1 14 3 16 5 18 7 20 8 21 8 23 6 22 6 21 6 19 4 16 3 14 3 11 3 8 3 6 4 3 5 -1 6 -3 7 0 0 0 0 0 0 0 0 0 0 0 0 0 0 0 0 0 0 0 0 0 0 -10 1 -8 -2 -6 -4 -3 -6 -2 -9 0 -11 1 -14 3 -17 3 -20 4 -24 4 -26 2 -27 2 -27 1 -25 0 -24 0 -21 0 -17 2 -15 6 -11 10 -9 15 -7 21 -8 26 -10 30 -12 34 -15 36 -20
CSI_META: ts=2998921899 rssi=-30 noise_floor=-98 channel=6 secondary_channel=0 sig_mode=0 mcs=0 rate=9 cwb=0 sgi=0 stbc=0 ant=0 len=128 rx_state=0 seq=-1 tx_mac=52:40:27:94:0a:bb
CSI_DATA: 28 -64 1 0 0 -18 0 -17 1 -16 1 -14 2 -14 3 -14 3 -14 3 -15 2 -15 2 -15 1 -15 0 -15 0 -14 -1 -13 0 -12 0 -11 0 -9 1 -8 2 -7 2 -7 3 -6 3 -6 4 -6 5 -5 6 -5 0 0 0 0 0 0 0 0 0 0 0 0 0 0 0 0 0 0 0 0 0 0 -4 -7 -2 -7 -2 -8 -1 -8 0 -9 0 -10 1 -10 1 -11 1 -12 1 -12 1 -13 1 -13 1 -12 2 -12 3 -12 3 -12 4 -12 5 -13 5 -14 6 -15 6 -16 6 -18 5 -20 4 -21 3 -21 2 -22
CSI_META: ts=2999065371 rssi=-30 noise_floor=-98 channel=6 secondary_channel=0 sig_mode=0 mcs=0 rate=9 cwb=0 sgi=0 stbc=0 ant=0 len=128 rx_state=0 seq=-1 tx_mac=52:40:27:94:0a:bb
CSI_DATA: 28 -64 1 0 -25 13 -22 11 -19 7 -19 4 -19 2 -20 0 -21 -2 -22 -2 -24 -2 -25 0 -25 1 -24 2 -23 3 -22 4 -19 4 -17 3 -14 2 -12 1 -10 -1 -9 -3 -8 -5 -7 -6 -7 -8 -6 -10 -5 -11 0 0 0 0 0 0 0 0 0 0 0 0 0 0 0 0 0 0 0 0 0 0 -3 8 -6 8 -8 8 -10 9 -12 9 -13 10 -14 10 -15 11 -15 12 -16 13 -16 13 -15 12 -15 11 -15 9 -15 7 -15 5 -17 3 -19 1 -22 0 -26 1 -29 1 -32 3 -34 6 -35 9 -35 12 -33 15
CSI_META: ts=2999263919 rssi=-31 noise_floor=-98 channel=6 secondary_channel=0 sig_mode=0 mcs=0 rate=9 cwb=0 sgi=0 stbc=0 ant=0 len=128 rx_state=0 seq=-1 tx_mac=52:40:27:94:0a:bb
CSI_DATA: 28 -64 1 0 2 -22 0 -21 -1 -19 -2 -17 -3 -15 -2 -13 -1 -11 0 -10 2 -10 3 -10 4 -10 5 -11 5 -12 4 -12 4 -12 4 -12 3 -10 2 -10 2 -9 2 -8 2 -7 2 -5 3 -4 4 -3 4 -2 0 0 0 0 0 0 0 0 0 0 0 0 0 0 0 0 0 0 0 0 0 0 -8 -4 -7 -5 -6 -5 -5 -5 -4 -6 -3 -6 -2 -7 -1 -8 0 -9 1 -11 2 -12 2 -14 2 -15 1 -15 0 -16 -1 -15 -2 -14 -2 -14 -2 -13 -1 -12 0 -12 2 -13 4 -13 6 -15 7 -17 7 -19
CSI_META: ts=2999372591 rssi=-31 noise_floor=-98 channel=6 secondary_channel=0 sig_mode=0 mcs=0 rate=9 cwb=0 sgi=0 stbc=0 ant=0 len=128 rx_state=0 seq=-1 tx_mac=52:40:27:94:0a:bb
CSI_DATA: 28 -64 1 0 11 -3 12 0 12 1 14 3 15 2 16 2 17 1 16 0 16 -2 15 -3 14 -3 12 -3 10 -3 8 -2 7 -1 6 1 5 3 4 3 4 4 4 6 4 6 4 7 3 7 3 8 2 7 0 0 0 0 0 0 0 0 0 0 0 0 0 0 0 0 0 0 0 0 0 0 0 -7 1 -8 2 -9 2 -9 3 -10 3 -10 3 -10 3 -10 4 -10 4 -10 4 -9 5 -7 6 -6 7 -5 8 -3 10 -3 12 -3 14 -3 16 -5 18 -6 18 -7 18 -9 17 -10 16 -11 15 -11 13 -10
CSI_META: ts=2999668725 rssi=-30 noise_floor=-98 channel=6 secondary_channel=0 sig_mode=0 mcs=0 rate=9 cwb=0 sgi=0 stbc=0 ant=0 len=128 rx_state=0 seq=-1 tx_mac=52:40:27:94:0a:bb
CSI_DATA: 28 -64 1 0 -10 2 -12 0 -14 -1 -16 -2 -17 -2 -18 -1 -19 0 -18 2 -18 3 -16 4 -14 4 -13 3 -11 3 -9 2 -7 0 -5 -2 -4 -3 -3 -4 -2 -6 -2 -7 -1 -8 -1 -9 -1 -9 0 -10 1 -10 0 0 0 0 0 0 0 0 0 0 0 0 0 0 0 0 0 0 0 0 0 0 8 3 8 4 8 5 8 5 7 5 7 5 6 5 5 5 4 5 2 5 0 5 -2 6 -5 6 -7 7 -9 8 -10 9 -11 11 -12 13 -12 15 -11 16 -10 17 -9 17 -8 17 -7 16 -6 14 -6 11
CSI_META: ts=3001336128 rssi=-31 noise_floor=-98 channel=6 secondary_channel=0 sig_mode=0 mcs=0 rate=9 cwb=0 sgi=0 stbc=0 ant=0 len=128 rx_state=0 seq=-1 tx_mac=52:40:27:94:0a:bb
CSI_DATA: 28 -64 1 0 13 -2 13 0 14 0 16 1 16 0 17 -1 17 -2 16 -3 15 -4 14 -5 12 -5 11 -5 9 -4 8 -3 7 -2 7 0 6 1 6 2 5 3 5 4 5 5 5 5 5 6 5 6 4 6 0 0 0 0 0 0 0 0 0 0 0 0 0 0 0 0 0 0 0 0 0 0 1 -9 2 -9 3 -9 3 -9 4 -9 4 -9 4 -8 4 -8 5 -7 6 -6 6 -5 7 -4 9 -3 10 -2 11 -2 13 -2 14 -2 16 -4 17 -5 17 -6 17 -8 16 -9 15 -9 15 -9 14 -8 13 -7
CSI_META: ts=3002468294 rssi=-30 noise_floor=-98 channel=6 secondary_channel=0 sig_mode=0 mcs=0 rate=9 cwb=0 sgi=0 stbc=0 ant=0 len=128 rx_state=0 seq=-1 tx_mac=52:40:27:94:0a:bb
CSI_DATA: 28 -64 1 0 -21 -12 -20 -10 -19 -8 -17 -7 -15 -5 -13 -5 -11 -5 -9 -6 -8 -7 -8 -8 -8 -9 -8 -10 -8 -11 -9 -11 -9 -11 -9 -10 -8 -9 -8 -8 -7 -7 -6 -7 -5 -6 -4 -6 -3 -5 -1 -6 0 -6 0 0 0 0 0 0 0 0 0 0 0 0 0 0 0 0 0 0 0 0 0 0 -6 5 -6 3 -6 2 -7 1 -7 -1 -7 -2 -8 -3 -8 -5 -10 -6 -11 -7 -13 -7 -14 -7 -14 -7 -15 -6 -15 -5 -15 -5 -13 -4 -13 -4 -11 -5 -11 -6 -10 -8 -10 -9 -11 -12 -13 -13 -15 -15 -16 -16
CSI_META: ts=3002468390 rssi=-30 noise_floor=-98 channel=6 secondary_channel=0 sig_mode=0 mcs=0 rate=9 cwb=0 sgi=0 stbc=0 ant=0 len=128 rx_state=0 seq=-1 tx_mac=52:40:27:94:0a:bb
CSI_DATA: 28 -64 1 0 11 20 11 16 12 16 11 13 9 11 9 10 7 9 5 8 4 9 2 9 2 10 2 11 1 11 2 13 2 11 2 12 2 11 2 10 2 9 1 8 1 7 0 6 -1 5 -2 5 -3 4 0 0 0 0 0 0 0 0 0 0 0 0 0 0 0 0 0 0 0 0 0 0 7 -2 6 -1 6 0 5 2 5 3 4 4 4 6 4 7 5 9 6 11 7 12 8 12 9 12 9 11 9 10 9 11 8 9 8 10 7 8 6 10 4 10 4 12 3 15 4 17 5 19 6 20
CSI_META: ts=3002692183 rssi=-32 noise_floor=-98 channel=6 secondary_channel=0 sig_mode=0 mcs=0 rate=9 cwb=0 sgi=0 stbc=0 ant=0 len=128 rx_state=0 seq=-1 tx_mac=52:40:27:94:0a:bb
CSI_DATA: 28 -64 1 0 -18 -6 -15 -5 -12 -6 -10 -7 -9 -8 -9 -10 -8 -11 -9 -12 -10 -13 -11 -12 -12 -11 -12 -10 -12 -9 -12 -8 -10 -7 -9 -6 -7 -5 -5 -5 -4 -5 -2 -6 -1 -6 0 -7 1 -8 2 -8 2 -8 0 0 0 0 0 0 0 0 0 0 0 0 0 0 0 0 0 0 0 0 0 0 -5 3 -5 2 -6 1 -7 0 -8 -2 -9 -2 -10 -3 -11 -3 -12 -3 -14 -3 -14 -3 -14 -3 -13 -3 -12 -2 -11 -3 -10 -4 -9 -5 -9 -7 -9 -8 -11 -11 -12 -12 -14 -13 -17 -14 -19 -13 -21 -12 -21 -11
CSI_META: ts=3004824827 rssi=-31 noise_floor=-98 channel=6 secondary_channel=0 sig_mode=0 mcs=0 rate=9 cwb=0 sgi=0 stbc=0 ant=0 len=128 rx_state=0 seq=-1 tx_mac=52:40:27:94:0a:bb
CSI_DATA: 28 -64 1 0 12 -20 13 -19 14 -19 14 -19 14 -20 14 -21 13 -21 11 -22 9 -22 8 -22 6 -20 5 -18 5 -16 6 -15 5 -13 6 -11 7 -9 8 -8 8 -7 9 -7 10 -6 10 -6 11 -5 11 -5 11 -3 0 0 0 0 0 0 0 0 0 0 0 0 0 0 0 0 0 0 0 0 0 0 -3 -12 -2 -13 -1 -14 0 -14 0 -14 1 -14 1 -14 2 -14 2 -14 4 -14 6 -14 7 -13 8 -13 10 -13 12 -14 13 -16 14 -17 15 -19 14 -20 15 -23 13 -24 12 -25 11 -26 10 -25 9 -25 9 -24
CSI_META: ts=3004824981 rssi=-31 noise_floor=-98 channel=6 secondary_channel=0 sig_mode=0 mcs=0 rate=9 cwb=0 sgi=0 stbc=0 ant=0 len=128 rx_state=0 seq=-1 tx_mac=52:40:27:94:0a:bb
CSI_DATA: 28 -64 1 0 41 -9 42 -7 43 -7 43 -7 45 -7 45 -9 44 -12 43 -14 39 -17 35 -19 32 -19 29 -17 27 -14 25 -11 24 -9 21 -4 21 -2 21 1 20 3 21 4 21 6 21 6 21 6 21 8 20 9 0 0 0 0 0 0 0 0 0 0 0 0 0 0 0 0 0 0 0 0 0 0 10 -19 14 -19 16 -18 18 -19 18 -17 19 -18 19 -16 21 -17 22 -14 22 -15 23 -14 25 -11 26 -8 30 -6 33 -4 36 -3 41 -4 43 -6 46 -8 47 -10 49 -15 49 -15 46 -22 44 -23 42 -22 42 -20
CSI_META: ts=3004825117 rssi=-31 noise_floor=-98 channel=6 secondary_channel=0 sig_mode=0 mcs=0 rate=9 cwb=0 sgi=0 stbc=0 ant=0 len=128 rx_state=0 seq=-1 tx_mac=52:40:27:94:0a:bb
CSI_DATA: 28 -64 1 0 6 14 6 14 5 15 5 15 6 15 7 15 7 15 8 14 8 13 8 12 8 11 8 9 7 8 6 8 5 8 3 8 2 7 1 7 0 7 0 7 -1 7 -2 8 -2 8 -3 8 -3 7 0 0 0 0 0 0 0 0 0 0 0 0 0 0 0 0 0 0 0 0 0 0 7 2 7 3 7 3 7 4 7 4 7 5 7 5 7 5 7 6 6 6 5 7 4 8 4 9 3 10 3 11 3 13 4 14 5 15 6 15 8 16 9 16 10 15 10 15 10 15 10 14 10 14
CSI_META: ts=3005208624 rssi=-31 noise_floor=-98 channel=6 secondary_channel=0 sig_mode=0 mcs=0 rate=9 cwb=0 sgi=0 stbc=0 ant=0 len=128 rx_state=0 seq=-1 tx_mac=52:40:27:94:0a:bb
CSI_DATA: 28 -64 1 0 10 -7 11 -5 13 -5 14 -5 15 -5 15 -6 15 -7 14 -9 13 -9 11 -10 10 -9 8 -8 7 -6 6 -5 6 -4 6 -1 6 0 6 1 6 2 6 3 7 3 7 4 7 4 7 4 6 5 0 0 0 0 0 0 0 0 0 0 0 0 0 0 0 0 0 0 0 0 0 0 -3 -7 -2 -8 -2 -9 -2 -10 -1 -10 -1 -10 -1 -10 -1 -10 0 -10 0 -9 1 -9 2 -8 4 -7 6 -7 7 -7 9 -8 10 -8 12 -10 13 -11 13 -13 12 -14 12 -16 10 -16 9 -16 8 -15 8 -13
CSI_META: ts=3005395313 rssi=-32 noise_floor=-98 channel=6 secondary_channel=0 sig_mode=0 mcs=0 rate=9 cwb=0 sgi=0 stbc=0 ant=0 len=128 rx_state=0 seq=-1 tx_mac=52:40:27:94:0a:bb
CSI_DATA: 28 -64 1 0 29 2 29 2 29 1 29 -1 28 -2 27 -4 25 -4 23 -5 21 -6 20 -5 18 -4 17 -3 16 -2 16 -1 16 1 15 2 15 2 14 3 13 3 13 3 13 4 12 4 11 5 10 6 9 7 0 0 0 0 0 0 0 0 0 0 0 0 0 0 0 0 0 0 0 0 0 0 9 -10 10 -9 11 -8 11 -7 12 -6 12 -6 12 -5 13 -4 13 -3 15 -1 16 0 17 2 19 2 20 3 22 3 23 3 24 2 25 1 26 0 26 -1 26 -2 26 -3 25 -2 26 -1 27 -1 27 0
CSI_META: ts=3005698837 rssi=-31 noise_floor=-98 channel=6 secondary_channel=0 sig_mode=0 mcs=0 rate=9 cwb=0 sgi=0 stbc=0 ant=0 len=128 rx_state=0 seq=-1 tx_mac=52:40:27:94:0a:bb
CSI_DATA: 28 -64 1 0 -5 15 -9 16 -12 18 -14 19 -14 21 -13 23 -12 24 -10 25 -8 24 -6 23 -4 19 -3 16 -4 13 -4 11 -6 8 -7 5 -9 3 -10 1 -12 0 -13 0 -13 -1 -14 -1 -14 -1 -14 -2 -13 -3 0 0 0 0 0 0 0 0 0 0 0 0 0 0 0 0 0 0 0 0 0 0 10 0 11 2 12 3 13 4 14 5 15 6 14 6 15 6 14 6 12 7 10 7 7 8 5 10 2 12 0 14 -1 18 -2 21 -1 25 0 27 2 29 4 29 7 29 8 29 9 26 9 24 7 21
CSI_META: ts=3005698945 rssi=-31 noise_floor=-98 channel=6 secondary_channel=0 sig_mode=0 mcs=0 rate=9 cwb=0 sgi=0 stbc=0 ant=0 len=128 rx_state=0 seq=-1 tx_mac=52:40:27:94:0a:bb
CSI_DATA: 28 -64 1 0 -10 6 -13 5 -14 4 -16 3 -17 4 -18 5 -18 6 -17 7 -15 8 -13 9 -12 8 -11 7 -9 6 -7 4 -7 2 -6 0 -6 -2 -6 -4 -6 -5 -6 -6 -6 -7 -6 -7 -7 -7 -6 -7 -6 -8 0 0 0 0 0 0 0 0 0 0 0 0 0 0 0 0 0 0 0 0 0 0 5 4 6 6 5 7 5 8 5 8 5 9 5 9 5 9 4 9 3 8 2 8 0 7 -2 7 -5 7 -7 8 -9 8 -11 11 -11 12 -13 14 -12 16 -11 18 -10 19 -8 18 -7 18 -6 17 -6 14
CSI_META: ts=3005702945 rssi=-31 noise_floor=-98 channel=6 secondary_channel=0 sig_mode=0 mcs=0 rate=9 cwb=0 sgi=0 stbc=0 ant=0 len=128 rx_state=0 seq=-1 tx_mac=52:40:27:94:0a:bb
CSI_DATA: 28 -64 1 0 -9 -7 -8 -9 -7 -12 -8 -13 -9 -13 -10 -14 -11 -14 -11 -13 -12 -12 -11 -10 -11 -8 -10 -7 -8 -6 -6 -6 -4 -5 -2 -5 -1 -6 1 -6 2 -6 2 -7 3 -7 4 -7 4 -8 4 -7 4 -7 0 0 0 0 0 0 0 0 0 0 0 0 0 0 0 0 0 0 0 0 0 0 -4 5 -6 6 -6 6 -7 6 -8 6 -8 6 -8 6 -8 6 -8 5 -8 4 -8 3 -7 1 -8 -1 -8 -3 -9 -5 -10 -6 -12 -7 -14 -8 -16 -7 -18 -7 -19 -6 -19 -4 -19 -4 -18 -3 -16 -2 -14 -2
CSI_META: ts=3005703072 rssi=-31 noise_floor=-98 channel=6 secondary_channel=0 sig_mode=0 mcs=0 rate=9 cwb=0 sgi=0 stbc=0 ant=0 len=128 rx_state=0 seq=-1 tx_mac=52:40:27:94:0a:bb
CSI_DATA: 28 -64 1 0 -5 10 -7 10 -9 10 -11 11 -11 13 -11 14 -10 15 -9 16 -8 15 -6 15 -5 13 -4 12 -4 10 -4 8 -4 6 -5 4 -6 2 -7 1 -7 0 -8 -1 -9 -1 -9 -2 -9 -2 -9 -3 -9 -3 0 0 0 0 0 0 0 0 0 0 0 0 0 0 0 0 0 0 0 0 0 0 7 2 8 3 8 4 8 4 9 5 9 5 8 5 8 5 8 5 6 5 5 6 3 7 1 7 -1 9 -2 10 -3 12 -4 15 -4 16 -3 18 -1 20 0 20 2 20 3 20 3 19 4 17 3 15
CSI_META: ts=3005703190 rssi=-31 noise_floor=-98 channel=6 secondary_channel=0 sig_mode=0 mcs=0 rate=9 cwb=0 sgi=0 stbc=0 ant=0 len=128 rx_state=0 seq=-1 tx_mac=52:40:27:94:0a:bb
CSI_DATA: 28 -64 1 0 3 11 1 12 -1 14 -2 15 -1 16 -1 17 0 18 2 18 3 17 3 16 4 14 4 12 3 10 2 8 0 7 -1 6 -3 4 -4 4 -6 3 -7 3 -7 3 -9 3 -9 3 -9 2 -9 1 0 0 0 0 0 0 0 0 0 0 0 0 0 0 0 0 0 0 0 0 0 0 7 -4 8 -4 9 -3 9 -3 10 -3 10 -2 10 -2 10 -2 9 -1 8 0 8 1 7 3 6 5 5 7 5 9 5 12 6 14 8 15 10 15 12 16 13 15 14 14 15 14 15 12 13 10 11 10
CSI_META: ts=3007974166 rssi=-31 noise_floor=-98 channel=6 secondary_channel=0 sig_mode=0 mcs=0 rate=9 cwb=0 sgi=0 stbc=0 ant=0 len=128 rx_state=0 seq=-1 tx_mac=52:40:27:94:0a:bb
CSI_DATA: 28 -64 1 0 -35 -4 -33 -1 -31 0 -28 2 -25 2 -22 2 -19 1 -17 0 -16 -2 -16 -4 -16 -6 -17 -7 -17 -7 -19 -8 -18 -7 -19 -7 -17 -6 -16 -5 -14 -5 -13 -5 -12 -5 -10 -5 -8 -6 -7 -7 -5 -8 0 0 0 0 0 0 0 0 0 0 0 0 0 0 0 0 0 0 0 0 0 0 -6 9 -7 7 -8 6 -9 4 -10 3 -10 1 -12 -1 -14 -2 -16 -2 -19 -3 -21 -3 -22 -3 -23 -2 -23 -1 -23 0 -23 1 -21 1 -21 1 -19 0 -19 -2 -19 -4 -20 -6 -22 -9 -25 -10 -28 -11 -31 -11
CSI_META: ts=3007974275 rssi=-30 noise_floor=-98 channel=6 secondary_channel=0 sig_mode=0 mcs=0 rate=9 cwb=0 sgi=0 stbc=0 ant=0 len=128 rx_state=0 seq=-1 tx_mac=52:40:27:94:0a:bb
CSI_DATA: 28 -64 1 0 -17 -16 -19 -15 -17 -11 -17 -10 -15 -8 -13 -7 -11 -7 -9 -7 -8 -8 -7 -9 -7 -9 -8 -10 -8 -11 -8 -11 -9 -12 -8 -10 -8 -10 -8 -9 -6 -8 -6 -7 -5 -7 -4 -6 -3 -6 -1 -6 0 -6 0 0 0 0 0 0 0 0 0 0 0 0 0 0 0 0 0 0 0 0 0 0 -8 2 -8 1 -7 0 -7 -1 -6 -2 -7 -4 -6 -5 -7 -7 -7 -8 -8 -9 -10 -11 -11 -11 -12 -11 -12 -11 -13 -10 -13 -9 -13 -9 -12 -8 -11 -8 -10 -9 -9 -10 -8 -11 -8 -13 -10 -15 -12 -16 -13 -19
CSI_META: ts=3007974429 rssi=-30 noise_floor=-98 channel=6 secondary_channel=0 sig_mode=0 mcs=0 rate=9 cwb=0 sgi=0 stbc=0 ant=0 len=128 rx_state=0 seq=-1 tx_mac=52:40:27:94:0a:bb
CSI_DATA: 28 -64 1 0 4 -24 2 -22 1 -22 0 -18 -1 -17 -1 -15 0 -13 1 -12 2 -12 3 -11 4 -11 4 -11 5 -11 6 -13 5 -12 5 -12 4 -11 4 -11 3 -9 3 -9 3 -8 3 -7 3 -5 4 -4 5 -3 0 0 0 0 0 0 0 0 0 0 0 0 0 0 0 0 0 0 0 0 0 0 -6 -6 -5 -6 -4 -6 -3 -6 -2 -7 0 -7 1 -8 2 -9 3 -11 3 -12 4 -14 3 -15 2 -15 2 -16 1 -15 1 -16 0 -14 1 -14 1 -13 2 -13 4 -12 5 -13 7 -15 8 -16 8 -18 9 -20
CSI_META: ts=3008222001 rssi=-32 noise_floor=-98 channel=6 secondary_channel=0 sig_mode=0 mcs=0 rate=9 cwb=0 sgi=0 stbc=0 ant=0 len=128 rx_state=0 seq=-1 tx_mac=52:40:27:94:0a:bb
CSI_DATA: 28 -64 1 0 27 -14 22 -12 19 -8 16 -5 15 -1 15 3 17 6 18 8 20 8 22 8 24 7 24 6 23 5 22 3 20 2 18 2 15 2 12 2 9 3 6 3 4 5 2 7 1 8 -1 10 -3 11 0 0 0 0 0 0 0 0 0 0 0 0 0 0 0 0 0 0 0 0 0 0 -3 -8 0 -8 3 -9 5 -9 8 -10 9 -11 11 -12 12 -14 14 -16 15 -17 15 -17 13 -17 13 -16 12 -15 11 -12 11 -9 12 -6 14 -4 17 -2 22 1 26 0 30 -1 33 -2 36 -5 38 -8 37 -12
CSI_META: ts=3008222155 rssi=-32 noise_floor=-98 channel=6 secondary_channel=0 sig_mode=0 mcs=0 rate=9 cwb=0 sgi=0 stbc=0 ant=0 len=128 rx_state=0 seq=-1 tx_mac=52:40:27:94:0a:bb
CSI_DATA: 28 -64 1 0 18 -1 15 -1 12 -1 10 1 9 3 7 5 7 7 7 8 8 9 10 9 10 9 11 9 11 8 11 8 11 7 9 6 8 5 6 4 4 4 3 3 1 3 0 4 -1 4 -2 5 -4 5 0 0 0 0 0 0 0 0 0 0 0 0 0 0 0 0 0 0 0 0 0 0 0 -5 2 -5 4 -5 6 -5 7 -5 8 -5 8 -5 10 -6 11 -6 11 -7 11 -8 10 -7 10 -7 9 -6 8 -4 8 -2 8 0 9 2 10 4 12 6 14 6 17 7 19 6 22 4 23 3 23 1
CSI_META: ts=3008379654 rssi=-30 noise_floor=-98 channel=6 secondary_channel=0 sig_mode=0 mcs=0 rate=9 cwb=0 sgi=0 stbc=0 ant=0 len=128 rx_state=0 seq=-1 tx_mac=52:40:27:94:0a:bb
CSI_DATA: 28 -64 1 0 2 17 2 15 0 13 -1 11 -3 10 -4 10 -6 11 -7 12 -7 12 -7 13 -6 14 -6 14 -4 14 -4 13 -3 12 -2 11 -2 9 -3 7 -3 5 -4 4 -4 3 -5 2 -6 1 -7 1 -8 -1 0 0 0 0 0 0 0 0 0 0 0 0 0 0 0 0 0 0 0 0 0 0 4 3 4 4 3 5 3 7 3 8 3 9 3 10 3 11 4 12 4 12 4 12 4 12 3 11 2 10 1 10 0 9 -2 9 -3 11 -5 12 -6 14 -6 16 -6 18 -6 21 -4 22 -2 23 0 23
CSI_META: ts=3008379807 rssi=-30 noise_floor=-98 channel=6 secondary_channel=0 sig_mode=0 mcs=0 rate=9 cwb=0 sgi=0 stbc=0 ant=0 len=128 rx_state=0 seq=-1 tx_mac=52:40:27:94:0a:bb
CSI_DATA: 28 -64 1 0 6 16 6 14 4 12 2 11 -1 10 -2 10 -3 11 -4 13 -4 13 -3 14 -3 15 -2 15 -1 15 -1 13 -1 13 0 10 -1 9 -1 7 -2 6 -3 4 -4 3 -5 3 -6 2 -7 2 -8 1 0 0 0 0 0 0 0 0 0 0 0 0 0 0 0 0 0 0 0 0 0 0 5 1 5 2 5 3 5 5 5 6 6 8 6 8 7 9 7 10 8 9 8 10 8 9 7 8 6 8 5 8 3 9 1 10 0 11 -1 13 -2 15 -1 17 -1 19 1 21 3 22 5 22 7 22
CSI_META: ts=3008380084 rssi=-30 noise_floor=-98 channel=6 secondary_channel=0 sig_mode=0 mcs=0 rate=9 cwb=0 sgi=0 stbc=0 ant=0 len=128 rx_state=0 seq=-1 tx_mac=52:40:27:94:0a:bb
CSI_DATA: 28 -64 1 0 18 -1 15 -1 12 1 11 2 10 3 10 5 11 7 11 7 12 8 13 8 13 7 13 6 13 4 13 3 11 2 10 2 8 2 6 2 5 3 3 3 3 4 1 6 0 6 -1 7 -1 8 0 0 0 0 0 0 0 0 0 0 0 0 0 0 0 0 0 0 0 0 0 0 3 -5 4 -4 5 -3 7 -2 7 -1 8 -1 10 -1 11 -1 12 -2 13 -1 13 0 13 0 12 -1 11 -1 10 -1 9 0 9 2 10 4 10 5 13 7 14 8 17 7 19 9 21 9 22 7 23 5
CSI_META: ts=3009336634 rssi=-32 noise_floor=-98 channel=6 secondary_channel=0 sig_mode=0 mcs=0 rate=9 cwb=0 sgi=0 stbc=0 ant=0 len=128 rx_state=0 seq=-1 tx_mac=52:40:27:94:0a:bb
CSI_DATA: 28 -64 1 0 17 -15 15 -16 13 -16 11 -15 9 -14 7 -13 6 -11 6 -10 6 -8 7 -6 8 -5 8 -4 9 -5 10 -5 11 -5 11 -5 10 -5 9 -5 8 -5 8 -4 7 -4 6 -3 6 -2 6 -1 5 0 0 0 0 0 0 0 0 0 0 0 0 0 0 0 0 0 0 0 0 0 0 0 -4 -7 -3 -7 -1 -7 0 -6 1 -6 2 -6 4 -7 5 -7 7 -8 8 -9 9 -10 9 -11 9 -12 9 -13 8 -13 8 -13 7 -12 7 -12 6 -11 7 -9 8 -9 10 -8 11 -8 14 -8 16 -9 18 -11
CSI_META: ts=3009632300 rssi=-30 noise_floor=-98 channel=6 secondary_channel=0 sig_mode=0 mcs=0 rate=9 cwb=0 sgi=0 stbc=0 ant=0 len=128 rx_state=0 seq=-1 tx_mac=52:40:27:94:0a:bb
CSI_DATA: 28 -64 1 0 -12 19 -10 18 -8 17 -6 16 -5 14 -5 12 -5 10 -5 9 -6 8 -7 7 -8 7 -9 7 -10 7 -9 8 -9 8 -9 8 -8 8 -8 7 -6 6 -6 6 -6 5 -6 4 -6 3 -6 1 -6 0 0 0 0 0 0 0 0 0 0 0 0 0 0 0 0 0 0 0 0 0 0 0 4 5 2 5 1 6 0 6 -2 6 -3 6 -4 7 -5 8 -6 9 -7 10 -8 12 -7 13 -7 13 -7 13 -6 13 -5 13 -5 12 -5 11 -6 10 -7 10 -8 9 -10 10 -12 11 -14 12 -15 14 -15 16
CSI_META: ts=3010322024 rssi=-32 noise_floor=-98 channel=6 secondary_channel=0 sig_mode=0 mcs=0 rate=9 cwb=0 sgi=0 stbc=0 ant=0 len=128 rx_state=0 seq=-1 tx_mac=52:40:27:94:0a:bb
CSI_DATA: 28 -64 1 0 -3 -28 -2 -24 -1 -21 1 -18 4 -16 6 -17 8 -17 9 -18 10 -20 10 -21 9 -22 8 -22 6 -22 5 -22 4 -20 3 -17 3 -15 3 -13 3 -10 4 -8 5 -7 6 -4 8 -3 9 -2 10 0 0 0 0 0 0 0 0 0 0 0 0 0 0 0 0 0 0 0 0 0 0 0 -7 -6 -6 -8 -5 -11 -4 -12 -4 -14 -4 -16 -4 -17 -5 -18 -4 -19 -5 -20 -5 -20 -5 -19 -4 -18 -3 -17 -1 -16 1 -16 3 -16 6 -17 8 -19 9 -22 10 -25 10 -29 9 -32 7 -34 5 -36 2 -37
CSI_META: ts=3010431781 rssi=-31 noise_floor=-98 channel=6 secondary_channel=0 sig_mode=0 mcs=0 rate=9 cwb=0 sgi=0 stbc=0 ant=0 len=128 rx_state=0 seq=-1 tx_mac=52:40:27:94:0a:bb
CSI_DATA: 28 -64 1 0 6 -18 5 -18 5 -19 3 -19 2 -18 1 -17 0 -16 -1 -15 -1 -13 -1 -12 0 -10 1 -9 2 -8 3 -8 4 -8 5 -8 6 -8 6 -8 5 -7 5 -7 5 -7 5 -7 5 -6 5 -6 5 -4 0 0 0 0 0 0 0 0 0 0 0 0 0 0 0 0 0 0 0 0 0 0 -8 -5 -7 -6 -7 -6 -6 -6 -5 -6 -5 -7 -3 -7 -3 -7 -1 -8 0 -9 1 -10 2 -11 2 -13 2 -14 2 -15 2 -16 1 -17 0 -17 -1 -16 -2 -16 -2 -15 -1 -14 -1 -14 1 -13 2 -14 4 -15
CSI_META: ts=3010622025 rssi=-32 noise_floor=-98 channel=6 secondary_channel=0 sig_mode=0 mcs=0 rate=9 cwb=0 sgi=0 stbc=0 ant=0 len=128 rx_state=0 seq=-1 tx_mac=52:40:27:94:0a:bb
CSI_DATA: 28 -64 1 0 3 29 2 24 0 21 -2 17 -5 15 -8 14 -11 14 -13 16 -14 17 -15 19 -14 20 -13 20 -11 21 -10 20 -9 19 -7 16 -7 13 -6 11 -6 8 -7 6 -7 3 -8 1 -9 -1 -10 -2 -11 -5 0 0 0 0 0 0 0 0 0 0 0 0 0 0 0 0 0 0 0 0 0 0 7 2 6 5 6 7 5 9 5 12 6 13 6 15 7 17 8 18 8 19 9 19 8 19 8 17 7 15 5 14 2 14 -1 14 -4 15 -7 17 -9 21 -10 24 -10 28 -10 32 -8 35 -5 37 -2 38
CSI_META: ts=3010622121 rssi=-31 noise_floor=-98 channel=6 secondary_channel=0 sig_mode=0 mcs=0 rate=9 cwb=0 sgi=0 stbc=0 ant=0 len=128 rx_state=0 seq=-1 tx_mac=52:40:27:94:0a:bb
CSI_DATA: 28 -64 1 0 8 -17 6 -14 6 -12 6 -9 7 -7 8 -6 10 -4 10 -4 12 -5 12 -6 13 -6 12 -7 12 -7 12 -7 11 -7 9 -6 8 -6 7 -5 6 -3 5 -2 4 -1 4 1 4 2 4 3 3 4 0 0 0 0 0 0 0 0 0 0 0 0 0 0 0 0 0 0 0 0 0 0 -3 -5 -2 -6 -1 -8 -1 -8 0 -9 0 -10 1 -11 1 -12 1 -12 0 -13 0 -13 0 -13 0 -12 1 -10 2 -9 3 -9 4 -7 7 -8 9 -7 11 -8 13 -10 14 -12 15 -14 14 -17 13 -18 12 -20
CSI_META: ts=3011276299 rssi=-30 noise_floor=-98 channel=6 secondary_channel=0 sig_mode=0 mcs=0 rate=9 cwb=0 sgi=0 stbc=0 ant=0 len=128 rx_state=0 seq=-1 tx_mac=52:40:27:94:0a:bb
CSI_DATA: 28 -64 1 0 -16 -9 -14 -8 -10 -9 -8 -9 -6 -9 -6 -11 -5 -13 -5 -14 -6 -15 -7 -15 -8 -15 -9 -14 -10 -13 -9 -12 -8 -10 -7 -8 -5 -7 -4 -6 -2 -6 -1 -6 1 -6 2 -6 3 -6 4 -6 6 -6 0 0 0 0 0 0 0 0 0 0 0 0 0 0 0 0 0 0 0 0 0 0 -5 2 -6 1 -6 0 -7 -1 -8 -2 -9 -3 -10 -4 -11 -4 -12 -4 -13 -4 -14 -4 -13 -4 -12 -4 -12 -4 -10 -4 -9 -5 -8 -7 -7 -9 -8 -11 -8 -13 -10 -15 -12 -16 -13 -17 -16 -17 -19 -16 -19 -15
CSI_META: ts=3011276462 rssi=-31 noise_floor=-98 channel=6 secondary_channel=0 sig_mode=0 mcs=0 rate=9 cwb=0 sgi=0 stbc=0 ant=0 len=128 rx_state=0 seq=-1 tx_mac=52:40:27:94:0a:bb
CSI_DATA: 28 -64 1 0 -21 20 -19 18 -16 13 -17 9 -17 6 -18 3 -20 2 -22 1 -23 2 -25 4 -26 5 -25 6 -25 7 -22 7 -21 8 -18 6 -16 5 -13 3 -11 1 -9 -1 -8 -3 -8 -5 -7 -7 -7 -9 -6 -11 0 0 0 0 0 0 0 0 0 0 0 0 0 0 0 0 0 0 0 0 0 0 1 8 -1 10 -3 11 -5 12 -7 13 -7 15 -8 15 -9 17 -9 18 -9 19 -8 19 -8 18 -8 17 -9 14 -10 12 -12 9 -14 8 -17 7 -21 8 -25 7 -28 10 -31 12 -31 16 -32 20 -32 24 -29 26
CSI_META: ts=3011276571 rssi=-30 noise_floor=-98 channel=6 secondary_channel=0 sig_mode=0 mcs=0 rate=9 cwb=0 sgi=0 stbc=0 ant=0 len=128 rx_state=0 seq=-1 tx_mac=52:40:27:94:0a:bb
CSI_DATA: 28 -64 1 0 -6 -18 -5 -15 -3 -13 -1 -12 1 -11 3 -11 5 -12 5 -12 6 -14 5 -15 4 -15 3 -16 3 -15 2 -14 2 -13 2 -12 1 -10 1 -8 2 -6 2 -5 3 -4 4 -3 5 -2 6 -1 6 0 0 0 0 0 0 0 0 0 0 0 0 0 0 0 0 0 0 0 0 0 0 0 -6 -3 -6 -4 -6 -6 -6 -7 -6 -8 -6 -9 -6 -10 -7 -10 -7 -11 -8 -11 -8 -11 -7 -10 -7 -10 -5 -10 -4 -9 -2 -10 -1 -10 1 -12 2 -13 3 -16 3 -18 2 -20 1 -22 -1 -23 -3 -24 -4 -23
CSI_META: ts=3011280108 rssi=-30 noise_floor=-98 channel=6 secondary_channel=0 sig_mode=0 mcs=0 rate=9 cwb=0 sgi=0 stbc=0 ant=0 len=128 rx_state=0 seq=-1 tx_mac=52:40:27:94:0a:bb
CSI_DATA: 28 -64 1 0 14 7 12 6 9 6 7 6 6 7 5 8 4 10 4 11 5 11 6 12 7 12 7 11 8 10 7 9 7 8 6 7 5 6 3 5 2 4 1 4 -1 4 -2 4 -3 4 -4 5 -5 4 0 0 0 0 0 0 0 0 0 0 0 0 0 0 0 0 0 0 0 0 0 0 4 -3 5 -1 6 -1 6 0 7 1 8 2 9 2 10 2 10 3 11 2 11 2 11 2 10 2 9 2 8 3 7 4 6 5 6 7 6 9 7 11 9 12 11 14 12 14 15 14 16 13 17 12
CSI_META: ts=3011280271 rssi=-30 noise_floor=-98 channel=6 secondary_channel=0 sig_mode=0 mcs=0 rate=9 cwb=0 sgi=0 stbc=0 ant=0 len=128 rx_state=0 seq=-1 tx_mac=52:40:27:94:0a:bb
CSI_DATA: 28 -64 1 0 3 -18 3 -15 3 -13 4 -11 6 -9 7 -9 9 -8 10 -9 11 -10 11 -11 10 -12 9 -12 8 -13 7 -12 6 -12 5 -10 5 -8 4 -7 4 -5 4 -3 4 -2 5 0 5 1 6 2 6 3 0 0 0 0 0 0 0 0 0 0 0 0 0 0 0 0 0 0 0 0 0 0 -4 -4 -3 -6 -2 -7 -1 -8 -1 -9 -1 -10 0 -11 -1 -12 -1 -13 -1 -13 -1 -14 -1 -13 -1 -12 0 -11 1 -10 2 -10 4 -9 6 -10 8 -10 10 -12 11 -14 11 -16 11 -18 10 -21 9 -22 8 -23
CSI_META: ts=3011280398 rssi=-30 noise_floor=-98 channel=6 secondary_channel=0 sig_mode=0 mcs=0 rate=9 cwb=0 sgi=0 stbc=0 ant=0 len=128 rx_state=0 seq=-1 tx_mac=52:40:27:94:0a:bb
CSI_DATA: 28 -64 1 0 -19 1 -17 1 -14 -1 -13 -2 -11 -4 -11 -6 -11 -8 -12 -8 -13 -9 -14 -8 -15 -8 -15 -7 -15 -6 -14 -5 -13 -4 -12 -4 -9 -3 -8 -3 -6 -4 -5 -4 -4 -5 -2 -6 -1 -6 0 -7 1 -8 0 0 0 0 0 0 0 0 0 0 0 0 0 0 0 0 0 0 0 0 0 0 -3 4 -5 4 -6 3 -8 3 -9 3 -10 3 -11 3 -12 3 -13 3 -13 4 -13 4 -13 4 -12 4 -11 3 -11 2 -10 0 -11 -2 -11 -4 -13 -5 -15 -7 -17 -7 -20 -7 -21 -6 -24 -5 -25 -3 -25 -1
CSI_META: ts=3011735900 rssi=-30 noise_floor=-98 channel=6 secondary_channel=0 sig_mode=0 mcs=0 rate=9 cwb=0 sgi=0 stbc=0 ant=0 len=128 rx_state=0 seq=-1 tx_mac=52:40:27:94:0a:bb
CSI_DATA: 28 -64 1 0 12 12 10 10 8 10 6 9 4 9 3 10 2 11 2 12 2 13 3 14 4 14 5 13 5 12 6 11 5 10 5 8 3 7 2 6 1 5 -1 5 -2 5 -3 5 -4 5 -5 5 -6 5 0 0 0 0 0 0 0 0 0 0 0 0 0 0 0 0 0 0 0 0 0 0 5 -2 5 -1 5 1 5 2 5 4 6 5 6 6 7 7 8 8 9 8 9 8 10 8 10 7 9 7 8 6 7 6 5 7 4 9 4 10 3 12 4 14 5 16 6 18 8 19 11 19 13 19
CSI_META: ts=3011936984 rssi=-30 noise_floor=-98 channel=6 secondary_channel=0 sig_mode=0 mcs=0 rate=9 cwb=0 sgi=0 stbc=0 ant=0 len=128 rx_state=0 seq=-1 tx_mac=52:40:27:94:0a:bb
CSI_DATA: 28 -64 1 0 -15 -12 -13 -10 -11 -10 -9 -9 -7 -9 -6 -10 -4 -11 -4 -12 -4 -13 -5 -14 -6 -14 -6 -14 -7 -13 -7 -13 -7 -12 -6 -10 -5 -9 -5 -8 -3 -7 -2 -6 -1 -6 0 -6 2 -5 3 -5 4 -5 0 0 0 0 0 0 0 0 0 0 0 0 0 0 0 0 0 0 0 0 0 0 -6 0 -6 -1 -7 -3 -7 -4 -8 -5 -9 -6 -9 -6 -10 -7 -11 -7 -12 -7 -12 -7 -11 -7 -11 -6 -10 -6 -9 -6 -8 -7 -7 -8 -6 -10 -6 -11 -6 -13 -7 -15 -9 -17 -10 -18 -12 -19 -15 -19 -16 -18
CSI_META: ts=3011937138 rssi=-30 noise_floor=-98 channel=6 secondary_channel=0 sig_mode=0 mcs=0 rate=9 cwb=0 sgi=0 stbc=0 ant=0 len=128 rx_state=0 seq=-1 tx_mac=52:40:27:94:0a:bb
CSI_DATA: 28 -64 1 0 -30 -7 -26 -5 -22 -7 -18 -7 -16 -8 -14 -11 -13 -13 -14 -15 -15 -17 -16 -17 -18 -17 -19 -15 -19 -14 -19 -13 -18 -11 -17 -10 -13 -8 -11 -8 -8 -8 -6 -8 -5 -8 -3 -9 -1 -10 1 -10 3 -11 0 0 0 0 0 0 0 0 0 0 0 0 0 0 0 0 0 0 0 0 0 0 -8 4 -9 3 -10 1 -12 0 -14 -1 -15 -2 -17 -2 -18 -3 -20 -3 -21 -3 -21 -3 -21 -3 -20 -2 -19 -2 -17 -3 -16 -5 -14 -7 -15 -10 -15 -12 -17 -15 -19 -17 -24 -19 -26 -20 -30 -19 -33 -18 -34 -16
CSI_META: ts=3011937396 rssi=-31 noise_floor=-98 channel=6 secondary_channel=0 sig_mode=0 mcs=0 rate=9 cwb=0 sgi=0 stbc=0 ant=0 len=128 rx_state=0 seq=-1 tx_mac=52:40:27:94:0a:bb
CSI_DATA: 28 -64 1 0 8 -29 6 -25 6 -22 7 -18 9 -15 11 -14 13 -13 14 -14 16 -15 16 -17 16 -18 15 -18 14 -19 12 -19 11 -18 9 -15 8 -13 7 -11 6 -8 7 -6 7 -4 8 -2 9 0 10 1 10 3 0 0 0 0 0 0 0 0 0 0 0 0 0 0 0 0 0 0 0 0 0 0 -6 -7 -3 -9 -2 -10 0 -12 1 -13 2 -15 3 -16 3 -18 3 -20 3 -21 3 -22 2 -21 2 -20 2 -19 3 -17 4 -16 7 -14 9 -14 12 -15 16 -16 17 -19 19 -22 20 -26 20 -29 18 -32 16 -35
CSI_META: ts=3012274628 rssi=-30 noise_floor=-98 channel=6 secondary_channel=0 sig_mode=0 mcs=0 rate=9 cwb=0 sgi=0 stbc=0 ant=0 len=128 rx_state=0 seq=-1 tx_mac=52:40:27:94:0a:bb
CSI_DATA: 28 -64 1 0 10 5 9 7 8 9 9 10 9 11 10 11 11 11 12 10 12 9 12 8 12 6 11 5 10 5 8 4 6 4 5 5 3 5 2 5 0 5 0 6 -1 7 -2 7 -2 8 -2 7 -3 7 0 0 0 0 0 0 0 0 0 0 0 0 0 0 0 0 0 0 0 0 0 0 5 -5 6 -4 7 -5 8 -4 8 -4 8 -4 9 -4 9 -4 9 -3 9 -3 8 -2 8 -1 7 1 8 2 8 4 9 6 10 7 12 8 14 8 16 8 17 7 18 6 18 5 18 3 17 2 16 2
CSI_META: ts=3013616560 rssi=-32 noise_floor=-98 channel=6 secondary_channel=0 sig_mode=0 mcs=0 rate=9 cwb=0 sgi=0 stbc=0 ant=0 len=128 rx_state=0 seq=-1 tx_mac=52:40:27:94:0a:bb
CSI_DATA: 28 -64 1 0 -2 19 -4 19 -7 21 -8 21 -8 22 -8 24 -6 25 -4 26 -2 25 -1 23 1 21 1 19 0 17 0 14 -2 12 -3 10 -5 8 -7 7 -8 6 -10 5 -10 5 -11 5 -12 5 -13 4 -13 3 0 0 0 0 0 0 0 0 0 0 0 0 0 0 0 0 0 0 0 0 0 0 11 4 11 6 11 7 11 8 12 9 11 9 11 9 11 9 10 10 8 10 7 11 5 12 3 12 1 14 -1 16 -2 19 -3 22 -1 25 0 26 1 28 3 29 6 29 7 29 9 27 9 25 8 23
CSI_META: ts=3013760368 rssi=-31 noise_floor=-98 channel=6 secondary_channel=0 sig_mode=0 mcs=0 rate=9 cwb=0 sgi=0 stbc=0 ant=0 len=128 rx_state=0 seq=-1 tx_mac=52:40:27:94:0a:bb
CSI_DATA: 28 -64 1 0 -10 -17 -10 -17 -11 -17 -12 -16 -12 -14 -13 -13 -12 -12 -11 -10 -11 -9 -10 -8 -9 -8 -8 -8 -6 -8 -5 -9 -5 -9 -4 -10 -4 -10 -4 -9 -3 -9 -3 -9 -3 -9 -3 -9 -2 -8 -1 -8 0 -7 0 0 0 0 0 0 0 0 0 0 0 0 0 0 0 0 0 0 0 0 0 0 -9 -2 -9 -2 -9 -3 -9 -3 -9 -4 -8 -4 -7 -4 -7 -5 -7 -6 -6 -8 -6 -9 -6 -10 -6 -11 -6 -13 -7 -14 -8 -15 -9 -15 -10 -14 -11 -14 -12 -13 -12 -12 -12 -12 -11 -12 -10 -13 -10 -13 -9 -14
CSI_META: ts=3014015778 rssi=-31 noise_floor=-98 channel=6 secondary_channel=0 sig_mode=0 mcs=0 rate=9 cwb=0 sgi=0 stbc=0 ant=0 len=128 rx_state=0 seq=-1 tx_mac=52:40:27:94:0a:bb
CSI_DATA: 28 -64 1 0 1 34 2 29 1 25 -1 19 -3 17 -6 15 -9 14 -12 14 -14 15 -16 17 -16 18 -16 19 -15 20 -14 21 -12 20 -11 18 -9 16 -9 13 -7 10 -7 8 -7 5 -8 3 -8 0 -9 -2 -10 -4 0 0 0 0 0 0 0 0 0 0 0 0 0 0 0 0 0 0 0 0 0 0 7 2 6 5 6 7 5 10 5 12 5 15 5 17 6 18 7 20 7 21 8 22 9 21 9 19 7 18 5 16 3 15 0 15 -3 15 -6 16 -10 19 -12 22 -13 27 -14 32 -12 36 -9 39 -7 41
CSI_META: ts=3014429881 rssi=-31 noise_floor=-98 channel=6 secondary_channel=0 sig_mode=0 mcs=0 rate=9 cwb=0 sgi=0 stbc=0 ant=0 len=128 rx_state=0 seq=-1 tx_mac=52:40:27:94:0a:bb
CSI_DATA: 28 -64 1 0 13 13 14 14 15 13 17 12 17 10 17 8 15 6 13 5 12 4 9 3 7 3 5 4 3 5 2 6 0 7 0 8 -1 9 -1 9 -1 9 -1 9 -1 9 -1 9 -2 8 -2 7 -3 7 0 0 0 0 0 0 0 0 0 0 0 0 0 0 0 0 0 0 0 0 0 0 -1 -10 0 -10 1 -9 1 -8 2 -7 2 -6 3 -4 4 -3 6 -2 8 -1 9 0 11 1 13 1 15 2 16 1 17 0 17 -1 17 -2 16 -3 15 -3 14 -3 12 -2 10 0 10 2 10 4 10 8
CSI_META: ts=3015039783 rssi=-31 noise_floor=-98 channel=6 secondary_channel=0 sig_mode=0 mcs=0 rate=9 cwb=0 sgi=0 stbc=0 ant=0 len=128 rx_state=0 seq=-1 tx_mac=52:40:27:94:0a:bb
CSI_DATA: 28 -64 1 0 26 -12 22 -10 18 -7 16 -3 15 1 15 4 16 7 17 8 19 10 21 9 22 9 23 8 23 6 22 4 20 3 18 3 15 2 12 2 9 2 7 4 5 5 3 6 0 7 -1 8 -3 10 0 0 0 0 0 0 0 0 0 0 0 0 0 0 0 0 0 0 0 0 0 0 0 -9 2 -9 5 -10 7 -11 9 -12 10 -13 11 -14 12 -15 13 -16 14 -17 13 -17 13 -16 12 -14 11 -12 11 -9 12 -6 14 -3 16 -1 20 1 24 2 27 2 31 0 34 -2 37 -4 38 -8 37 -11
CSI_META: ts=3015266074 rssi=-31 noise_floor=-98 channel=6 secondary_channel=0 sig_mode=0 mcs=0 rate=9 cwb=0 sgi=0 stbc=0 ant=0 len=128 rx_state=0 seq=-1 tx_mac=52:40:27:94:0a:bb
CSI_DATA: 28 -64 1 0 17 14 17 12 16 10 15 8 13 6 11 5 9 5 7 6 5 7 4 8 4 9 4 10 4 11 5 11 6 11 6 10 5 9 5 8 4 7 4 6 3 6 2 5 0 4 -1 4 -3 4 0 0 0 0 0 0 0 0 0 0 0 0 0 0 0 0 0 0 0 0 0 0 5 -6 6 -5 5 -4 5 -2 5 -1 6 1 6 2 7 4 8 5 9 6 10 8 11 8 12 8 13 7 14 6 13 5 13 5 12 5 10 4 9 6 8 7 8 9 7 12 9 13 10 15 12 17
CSI_META: ts=3015346995 rssi=-31 noise_floor=-98 channel=6 secondary_channel=0 sig_mode=0 mcs=0 rate=9 cwb=0 sgi=0 stbc=0 ant=0 len=128 rx_state=0 seq=-1 tx_mac=52:40:27:94:0a:bb
CSI_DATA: 28 -64 1 0 -23 4 -21 6 -19 7 -16 7 -14 7 -12 6 -10 4 -10 3 -9 1 -10 0 -10 -2 -11 -2 -12 -2 -12 -2 -12 -2 -12 -2 -11 -2 -11 -1 -10 -1 -9 -1 -8 -1 -7 -2 -6 -2 -5 -3 -4 -4 0 0 0 0 0 0 0 0 0 0 0 0 0 0 0 0 0 0 0 0 0 0 0 7 -1 6 -2 5 -4 4 -4 4 -6 3 -7 3 -8 3 -10 3 -12 3 -13 3 -14 4 -14 5 -14 6 -14 6 -13 7 -12 6 -11 6 -11 4 -11 3 -11 2 -13 1 -14 -1 -17 -2 -19 -1 -21 0
CSI_META: ts=3015638026 rssi=-31 noise_floor=-98 channel=6 secondary_channel=0 sig_mode=0 mcs=0 rate=9 cwb=0 sgi=0 stbc=0 ant=0 len=128 rx_state=0 seq=-1 tx_mac=52:40:27:94:0a:bb
CSI_DATA: 28 -64 1 0 -34 -19 -33 -15 -31 -12 -28 -9 -25 -6 -21 -6 -17 -7 -14 -8 -12 -10 -11 -12 -11 -14 -12 -16 -13 -17 -13 -17 -14 -18 -14 -16 -13 -15 -13 -13 -11 -11 -10 -10 -8 -9 -6 -8 -4 -8 -1 -8 2 -8 0 0 0 0 0 0 0 0 0 0 0 0 0 0 0 0 0 0 0 0 0 0 -8 10 -9 8 -9 6 -10 4 -10 2 -11 0 -12 -3 -13 -5 -15 -7 -19 -9 -20 -10 -22 -10 -25 -9 -25 -8 -25 -7 -25 -6 -23 -5 -22 -4 -20 -5 -18 -7 -17 -9 -17 -13 -17 -17 -20 -20 -24 -23 -27 -24
CSI_META: ts=3015638162 rssi=-30 noise_floor=-98 channel=6 secondary_channel=0 sig_mode=0 mcs=0 rate=9 cwb=0 sgi=0 stbc=0 ant=0 len=128 rx_state=0 seq=-1 tx_mac=52:40:27:94:0a:bb
CSI_DATA: 28 -64 1 0 22 7 20 5 19 4 17 2 15 1 13 1 11 1 9 2 8 3 7 5 7 6 7 7 7 8 8 9 8 8 8 9 8 8 8 7 7 6 6 5 5 5 4 4 3 5 1 4 0 4 0 0 0 0 0 0 0 0 0 0 0 0 0 0 0 0 0 0 0 0 0 0 2 -7 3 -6 4 -5 4 -4 5 -2 6 -1 7 0 9 0 10 1 12 1 14 2 14 1 15 1 15 0 14 0 14 0 12 -1 12 -1 11 0 11 2 10 3 11 5 12 7 14 10 16 10 19 10
CSI_META: ts=3017292594 rssi=-30 noise_floor=-98 channel=6 secondary_channel=0 sig_mode=0 mcs=0 rate=9 cwb=0 sgi=0 stbc=0 ant=0 len=128 rx_state=0 seq=-1 tx_mac=52:40:27:94:0a:bb
CSI_DATA: 28 -64 1 0 6 -22 4 -21 3 -19 1 -17 0 -15 0 -13 1 -11 2 -10 3 -10 5 -10 6 -10 6 -10 7 -11 7 -11 6 -11 6 -11 5 -10 4 -10 3 -8 3 -7 3 -6 3 -5 4 -4 4 -2 5 -1 0 0 0 0 0 0 0 0 0 0 0 0 0 0 0 0 0 0 0 0 0 0 -7 -5 -6 -6 -5 -6 -4 -6 -3 -6 -1 -6 0 -7 1 -8 2 -9 3 -11 4 -12 4 -14 4 -15 3 -15 2 -15 1 -15 0 -14 0 -14 1 -13 2 -12 3 -11 5 -12 7 -13 8 -14 9 -16 10 -19
CSI_META: ts=3018386937 rssi=-30 noise_floor=-98 channel=6 secondary_channel=0 sig_mode=0 mcs=0 rate=9 cwb=0 sgi=0 stbc=0 ant=0 len=128 rx_state=0 seq=-1 tx_mac=52:40:27:94:0a:bb
CSI_DATA: 28 -64 1 0 -10 13 -11 14 -10 16 -9 16 -7 16 -6 16 -4 15 -3 14 -3 12 -2 10 -3 8 -4 7 -5 6 -6 5 -7 5 -8 4 -8 4 -8 4 -8 4 -8 4 -8 4 -8 3 -8 3 -7 2 -7 1 0 0 0 0 0 0 0 0 0 0 0 0 0 0 0 0 0 0 0 0 0 0 7 4 6 5 6 5 5 5 4 5 4 5 3 5 2 5 1 6 -1 7 -3 8 -4 9 -4 10 -5 12 -5 13 -5 14 -4 15 -3 15 -2 15 -1 15 0 14 0 13 -1 12 -3 11 -4 11 -6 12
CSI_META: ts=3021550115 rssi=-31 noise_floor=-98 channel=6 secondary_channel=0 sig_mode=0 mcs=0 rate=9 cwb=0 sgi=0 stbc=0 ant=0 len=128 rx_state=0 seq=-1 tx_mac=52:40:27:94:0a:bb
CSI_DATA: 28 -64 1 0 11 4 10 6 10 8 11 9 12 10 13 10 14 9 15 8 15 7 14 6 13 4 12 3 10 3 8 3 6 3 4 4 3 4 2 5 0 5 0 6 -1 7 -1 8 -2 8 -2 8 -3 8 0 0 0 0 0 0 0 0 0 0 0 0 0 0 0 0 0 0 0 0 0 0 3 -8 4 -8 5 -8 6 -8 6 -8 6 -8 6 -8 6 -8 6 -7 7 -6 7 -4 7 -3 8 -1 9 1 10 2 12 4 13 4 16 4 17 3 19 2 19 1 20 -1 19 -1 18 -2 17 -2 15 -2
CSI_META: ts=3021755315 rssi=-32 noise_floor=-98 channel=6 secondary_channel=0 sig_mode=0 mcs=0 rate=9 cwb=0 sgi=0 stbc=0 ant=0 len=128 rx_state=0 seq=-1 tx_mac=52:40:27:94:0a:bb
CSI_DATA: 28 -64 1 0 9 -29 8 -30 8 -32 5 -31 2 -31 0 -29 -1 -26 -3 -24 -3 -21 -1 -19 0 -16 2 -14 4 -12 6 -13 8 -13 10 -12 10 -12 10 -13 10 -12 10 -12 9 -11 9 -11 8 -10 8 -8 8 -6 0 0 0 0 0 0 0 0 0 0 0 0 0 0 0 0 0 0 0 0 0 0 -14 -7 -13 -8 -13 -8 -12 -8 -11 -9 -10 -9 -8 -9 -7 -10 -5 -12 -2 -13 0 -15 1 -17 2 -20 3 -22 2 -24 1 -27 0 -27 -3 -29 -4 -27 -6 -26 -6 -24 -6 -23 -4 -23 -1 -21 2 -21 5 -23
CSI_META: ts=3023767832 rssi=-32 noise_floor=-98 channel=6 secondary_channel=0 sig_mode=0 mcs=0 rate=9 cwb=0 sgi=0 stbc=0 ant=0 len=128 rx_state=0 seq=-1 tx_mac=52:40:27:94:0a:bb
CSI_DATA: 28 -64 1 0 -20 -1 -20 0 -19 1 -18 2 -18 2 -17 3 -15 3 -14 3 -13 3 -12 3 -12 2 -11 1 -11 1 -11 0 -11 -1 -11 -1 -10 -1 -10 -1 -9 -1 -9 -1 -9 -2 -9 -2 -8 -2 -7 -3 -6 -3 0 0 0 0 0 0 0 0 0 0 0 0 0 0 0 0 0 0 0 0 0 0 -6 5 -7 5 -8 4 -8 3 -8 3 -8 2 -8 1 -9 1 -10 0 -11 -1 -12 -1 -12 -2 -13 -2 -14 -2 -15 -2 -16 -2 -16 -1 -16 -1 -17 0 -16 0 -16 0 -17 1 -17 0 -17 0 -18 -1 -19 -1
CSI_META: ts=3023767991 rssi=-32 noise_floor=-98 channel=6 secondary_channel=0 sig_mode=0 mcs=0 rate=9 cwb=0 sgi=0 stbc=0 ant=0 len=128 rx_state=0 seq=-1 tx_mac=52:40:27:94:0a:bb
CSI_DATA: 28 -64 1 0 -29 15 -29 17 -25 17 -24 17 -22 18 -20 17 -18 17 -17 16 -14 14 -14 13 -14 12 -15 11 -16 10 -15 9 -17 9 -16 8 -15 8 -15 7 -13 6 -13 6 -13 5 -11 5 -11 3 -11 2 -10 0 0 0 0 0 0 0 0 0 0 0 0 0 0 0 0 0 0 0 0 0 0 0 -5 13 -7 13 -8 11 -9 12 -9 10 -10 10 -10 9 -12 9 -13 8 -14 8 -16 8 -18 8 -19 8 -21 8 -23 9 -23 9 -25 11 -23 12 -24 13 -23 13 -23 14 -23 14 -21 14 -23 14 -25 14 -27 15
CSI_META: ts=3023983341 rssi=-30 noise_floor=-98 channel=6 secondary_channel=0 sig_mode=0 mcs=0 rate=9 cwb=0 sgi=0 stbc=0 ant=0 len=128 rx_state=0 seq=-1 tx_mac=52:40:27:94:0a:bb
CSI_DATA: 28 -64 1 0 9 -19 8 -18 6 -16 6 -14 7 -12 7 -11 8 -10 8 -10 9 -10 10 -11 9 -11 9 -12 8 -12 7 -12 7 -12 6 -10 5 -9 5 -8 5 -6 4 -5 5 -4 5 -3 6 -2 7 -1 7 0 0 0 0 0 0 0 0 0 0 0 0 0 0 0 0 0 0 0 0 0 0 0 -4 -7 -2 -7 -1 -7 1 -7 2 -7 4 -8 5 -8 6 -10 7 -11 8 -12 8 -13 8 -14 7 -14 7 -13 6 -13 6 -12 6 -11 7 -11 8 -10 10 -10 11 -10 13 -12 14 -13 16 -15 16 -18 15 -20
CSI_META: ts=3024153408 rssi=-31 noise_floor=-98 channel=6 secondary_channel=0 sig_mode=0 mcs=0 rate=9 cwb=0 sgi=0 stbc=0 ant=0 len=128 rx_state=0 seq=-1 tx_mac=52:40:27:94:0a:bb
CSI_DATA: 28 -64 1 0 -14 -16 -11 -17 -7 -19 -7 -20 -6 -22 -7 -23 -8 -24 -9 -25 -11 -24 -12 -23 -13 -21 -13 -19 -12 -16 -10 -15 -8 -13 -6 -12 -3 -10 -1 -10 1 -9 3 -9 4 -10 6 -10 7 -10 8 -10 9 -9 0 0 0 0 0 0 0 0 0 0 0 0 0 0 0 0 0 0 0 0 0 0 -12 1 -13 0 -15 -1 -16 -1 -16 -2 -17 -3 -17 -2 -17 -3 -17 -3 -16 -4 -15 -5 -13 -6 -12 -8 -10 -10 -10 -13 -9 -16 -10 -19 -12 -22 -14 -23 -17 -24 -19 -25 -22 -24 -24 -24 -25 -22 -25 -19 -24 -18
CSI_META: ts=3024360173 rssi=-30 noise_floor=-98 channel=6 secondary_channel=0 sig_mode=0 mcs=0 rate=9 cwb=0 sgi=0 stbc=0 ant=0 len=128 rx_state=0 seq=-1 tx_mac=52:40:27:94:0a:bb
CSI_DATA: 28 -64 1 0 -12 5 -12 3 -14 2 -15 1 -16 1 -17 3 -17 4 -16 5 -15 6 -13 7 -12 6 -10 5 -9 4 -8 3 -7 1 -7 0 -7 -2 -7 -3 -7 -4 -7 -5 -7 -5 -7 -6 -7 -6 -7 -6 -6 -6 0 0 0 0 0 0 0 0 0 0 0 0 0 0 0 0 0 0 0 0 0 0 1 6 0 7 -1 8 -2 8 -2 9 -3 9 -3 10 -3 10 -3 10 -3 10 -4 9 -4 8 -5 7 -7 6 -8 5 -11 5 -12 5 -14 6 -15 7 -16 9 -17 10 -16 12 -15 13 -14 14 -12 13 -11 12
CSI_META: ts=3024360291 rssi=-30 noise_floor=-98 channel=6 secondary_channel=0 sig_mode=0 mcs=0 rate=9 cwb=0 sgi=0 stbc=0 ant=0 len=128 rx_state=0 seq=-1 tx_mac=52:40:27:94:0a:bb
CSI_DATA: 28 -64 1 0 -8 10 -9 8 -11 8 -11 8 -13 8 -13 9 -13 10 -12 11 -11 12 -9 12 -8 11 -7 10 -6 8 -6 7 -5 5 -6 3 -6 1 -7 0 -7 -1 -8 -2 -8 -2 -9 -2 -9 -3 -9 -3 -8 -4 0 0 0 0 0 0 0 0 0 0 0 0 0 0 0 0 0 0 0 0 0 0 4 5 4 6 4 7 3 8 3 9 3 9 3 9 3 9 3 9 2 9 1 9 0 8 -2 8 -4 8 -6 8 -8 10 -9 10 -10 13 -9 13 -10 15 -9 17 -8 18 -6 19 -5 18 -4 17 -4 15
CSI_META: ts=3024360454 rssi=-31 noise_floor=-98 channel=6 secondary_channel=0 sig_mode=0 mcs=0 rate=9 cwb=0 sgi=0 stbc=0 ant=0 len=128 rx_state=0 seq=-1 tx_mac=52:40:27:94:0a:bb
CSI_DATA: 28 -64 1 0 18 7 15 9 16 14 15 14 17 16 19 16 21 16 21 13 23 13 21 12 20 9 18 8 16 6 16 5 11 4 10 6 6 6 4 6 3 7 1 9 1 10 -1 11 -2 12 -3 12 -4 12 0 0 0 0 0 0 0 0 0 0 0 0 0 0 0 0 0 0 0 0 0 0 10 -9 11 -9 12 -9 12 -8 14 -9 12 -8 13 -8 13 -7 13 -7 13 -4 13 -1 12 1 13 4 14 6 15 8 18 10 18 11 23 13 24 11 28 10 29 9 31 5 32 5 29 4 28 3 24 3
CSI_META: ts=3024364100 rssi=-31 noise_floor=-98 channel=6 secondary_channel=0 sig_mode=0 mcs=0 rate=9 cwb=0 sgi=0 stbc=0 ant=0 len=128 rx_state=0 seq=-1 tx_mac=52:40:27:94:0a:bb
CSI_DATA: 28 -64 1 0 19 0 19 4 19 7 21 8 23 9 24 8 25 8 25 6 26 3 24 1 23 0 20 -1 18 -1 15 0 13 1 10 3 8 4 6 6 5 7 4 8 4 10 4 11 3 12 3 13 2 13 0 0 0 0 0 0 0 0 0 0 0 0 0 0 0 0 0 0 0 0 0 0 4 -12 6 -13 7 -13 8 -14 9 -14 9 -14 9 -13 9 -13 10 -12 10 -11 11 -9 11 -6 12 -4 14 -2 17 0 19 2 22 2 25 2 28 0 30 -1 31 -4 31 -6 30 -8 29 -10 27 -10 24 -9
CSI_META: ts=3024364208 rssi=-30 noise_floor=-98 channel=6 secondary_channel=0 sig_mode=0 mcs=0 rate=9 cwb=0 sgi=0 stbc=0 ant=0 len=128 rx_state=0 seq=-1 tx_mac=52:40:27:94:0a:bb
CSI_DATA: 28 -64 1 0 8 8 7 9 6 11 6 12 7 13 8 13 8 14 9 13 10 12 10 11 10 9 9 8 8 7 6 6 5 6 3 5 1 5 0 5 -1 5 -2 6 -3 6 -4 7 -4 7 -5 7 -5 6 0 0 0 0 0 0 0 0 0 0 0 0 0 0 0 0 0 0 0 0 0 0 6 -4 7 -4 8 -3 8 -3 9 -3 9 -3 9 -3 9 -3 9 -2 9 -1 8 0 7 1 7 3 7 4 7 6 8 8 9 10 11 11 12 11 14 11 16 10 17 9 17 9 17 8 16 6 15 6
CSI_META: ts=3024364344 rssi=-30 noise_floor=-98 channel=6 secondary_channel=0 sig_mode=0 mcs=0 rate=9 cwb=0 sgi=0 stbc=0 ant=0 len=128 rx_state=0 seq=-1 tx_mac=52:40:27:94:0a:bb
CSI_DATA: 28 -64 1 0 -12 -4 -12 -6 -12 -7 -13 -9 -14 -9 -15 -9 -15 -8 -16 -7 -16 -6 -15 -5 -14 -3 -13 -3 -11 -2 -9 -3 -7 -3 -6 -4 -4 -5 -3 -6 -2 -7 -2 -8 -2 -8 -2 -9 -2 -9 -1 -9 0 -9 0 0 0 0 0 0 0 0 0 0 0 0 0 0 0 0 0 0 0 0 0 0 -4 5 -6 5 -7 6 -7 6 -8 6 -9 6 -8 6 -9 6 -9 6 -9 5 -9 4 -9 3 -9 1 -9 -1 -10 -2 -12 -4 -13 -5 -15 -5 -17 -4 -19 -3 -20 -2 -20 -1 -20 0 -20 1 -18 2 -16 2
CSI_META: ts=3024721898 rssi=-32 noise_floor=-98 channel=6 secondary_channel=0 sig_mode=0 mcs=0 rate=9 cwb=0 sgi=0 stbc=0 ant=0 len=128 rx_state=0 seq=-1 tx_mac=52:40:27:94:0a:bb
CSI_DATA: 28 -64 1 0 -12 36 -8 34 -5 33 -3 28 -1 26 -1 23 -2 19 -3 17 -5 15 -7 14 -9 14 -11 14 -12 14 -12 16 -12 16 -12 16 -10 16 -10 15 -8 13 -8 12 -8 11 -7 9 -7 7 -8 5 -8 2 0 0 0 0 0 0 0 0 0 0 0 0 0 0 0 0 0 0 0 0 0 0 10 6 8 7 6 7 4 8 2 9 0 11 -2 12 -3 14 -4 16 -6 19 -6 21 -6 23 -5 24 -4 25 -3 25 -2 24 -1 23 -1 22 -2 19 -4 19 -6 18 -9 19 -12 21 -15 23 -16 26 -16 30
CSI_META: ts=3024722116 rssi=-31 noise_floor=-98 channel=6 secondary_channel=0 sig_mode=0 mcs=0 rate=9 cwb=0 sgi=0 stbc=0 ant=0 len=128 rx_state=0 seq=-1 tx_mac=52:40:27:94:0a:bb
CSI_DATA: 28 -64 1 0 -12 -21 -11 -17 -13 -18 -12 -14 -12 -13 -10 -11 -8 -10 -7 -9 -6 -10 -4 -10 -3 -10 -2 -10 -2 -10 -3 -12 -2 -12 -2 -13 -2 -12 -2 -11 -2 -10 -2 -10 -2 -9 -1 -8 -1 -7 0 -6 2 -5 0 0 0 0 0 0 0 0 0 0 0 0 0 0 0 0 0 0 0 0 0 0 -8 1 -7 0 -7 -1 -6 -3 -6 -4 -5 -5 -6 -7 -5 -8 -6 -10 -7 -12 -8 -13 -8 -14 -9 -13 -9 -13 -9 -12 -11 -12 -9 -10 -10 -11 -8 -9 -7 -10 -5 -11 -5 -12 -4 -16 -4 -17 -4 -19 -5 -21
CSI_META: ts=3025149237 rssi=-31 noise_floor=-98 channel=6 secondary_channel=0 sig_mode=0 mcs=0 rate=9 cwb=0 sgi=0 stbc=0 ant=0 len=128 rx_state=0 seq=-1 tx_mac=52:40:27:94:0a:bb
CSI_DATA: 28 -64 1 0 17 -4 18 -5 18 -6 18 -7 17 -8 15 -9 14 -9 12 -9 10 -9 9 -8 8 -6 7 -5 7 -3 7 -1 8 0 8 1 8 1 8 2 8 2 8 2 8 2 8 2 7 2 7 2 6 3 0 0 0 0 0 0 0 0 0 0 0 0 0 0 0 0 0 0 0 0 0 0 -3 -9 -2 -9 -1 -9 -1 -9 0 -8 1 -8 1 -7 3 -7 4 -6 6 -6 8 -6 9 -6 11 -6 12 -7 13 -8 13 -9 13 -10 13 -11 12 -12 12 -12 11 -12 10 -11 10 -10 10 -8 11 -7 13 -6
CSI_META: ts=3025622622 rssi=-32 noise_floor=-98 channel=6 secondary_channel=0 sig_mode=0 mcs=0 rate=9 cwb=0 sgi=0 stbc=0 ant=0 len=128 rx_state=0 seq=-1 tx_mac=52:40:27:94:0a:bb
CSI_DATA: 28 -64 1 0 -27 -10 -24 -9 -19 -9 -18 -9 -15 -10 -14 -12 -13 -14 -13 -15 -14 -17 -15 -17 -16 -17 -17 -15 -18 -14 -17 -13 -16 -12 -15 -10 -13 -9 -10 -8 -8 -7 -6 -7 -5 -8 -3 -8 -1 -9 1 -10 3 -10 0 0 0 0 0 0 0 0 0 0 0 0 0 0 0 0 0 0 0 0 0 0 -9 3 -10 0 -11 -1 -12 -3 -13 -4 -15 -5 -15 -5 -17 -6 -18 -6 -20 -6 -19 -6 -19 -6 -18 -6 -17 -6 -16 -7 -14 -8 -13 -10 -13 -13 -14 -14 -15 -17 -18 -19 -21 -21 -23 -22 -27 -22 -30 -20 -31 -18
CSI_META: ts=3025622731 rssi=-31 noise_floor=-98 channel=6 secondary_channel=0 sig_mode=0 mcs=0 rate=9 cwb=0 sgi=0 stbc=0 ant=0 len=128 rx_state=0 seq=-1 tx_mac=52:40:27:94:0a:bb
CSI_DATA: 28 -64 1 0 -10 -16 -9 -15 -7 -13 -5 -12 -3 -11 -2 -12 -1 -13 0 -15 -1 -15 -2 -16 -3 -16 -4 -16 -5 -15 -4 -14 -4 -13 -4 -10 -3 -9 -2 -8 -1 -6 0 -6 2 -6 3 -6 4 -5 5 -5 6 -5 0 0 0 0 0 0 0 0 0 0 0 0 0 0 0 0 0 0 0 0 0 0 -6 -1 -6 -3 -6 -4 -6 -6 -5 -7 -5 -8 -5 -9 -7 -10 -7 -11 -8 -11 -9 -12 -9 -12 -9 -11 -8 -10 -7 -10 -6 -10 -4 -11 -3 -11 -2 -13 -1 -14 -2 -17 -2 -19 -4 -21 -6 -22 -8 -23 -10 -23
CSI_META: ts=3025622849 rssi=-32 noise_floor=-98 channel=6 secondary_channel=0 sig_mode=0 mcs=0 rate=9 cwb=0 sgi=0 stbc=0 ant=0 len=128 rx_state=0 seq=-1 tx_mac=52:40:27:94:0a:bb
CSI_DATA: 28 -64 1 0 -31 -9 -27 -7 -22 -8 -19 -8 -17 -10 -16 -13 -15 -15 -15 -17 -16 -17 -18 -17 -19 -17 -21 -16 -21 -15 -19 -14 -19 -12 -17 -10 -14 -9 -12 -9 -8 -8 -7 -8 -5 -9 -3 -9 -1 -10 1 -11 3 -12 0 0 0 0 0 0 0 0 0 0 0 0 0 0 0 0 0 0 0 0 0 0 -9 4 -11 2 -12 1 -14 -1 -15 -2 -17 -4 -17 -4 -20 -4 -21 -5 -22 -3 -23 -3 -22 -3 -21 -3 -20 -3 -18 -5 -17 -7 -16 -10 -16 -12 -16 -15 -18 -17 -21 -20 -24 -22 -28 -22 -33 -20 -36 -18 -37 -17
CSI_META: ts=3026456801 rssi=-31 noise_floor=-98 channel=6 secondary_channel=0 sig_mode=0 mcs=0 rate=9 cwb=0 sgi=0 stbc=0 ant=0 len=128 rx_state=0 seq=-1 tx_mac=52:40:27:94:0a:bb
CSI_DATA: 28 -64 1 0 -1 -19 -1 -20 -2 -21 -3 -20 -5 -19 -6 -18 -6 -16 -6 -14 -6 -13 -5 -11 -4 -10 -3 -9 -1 -9 0 -9 1 -9 2 -9 3 -9 3 -10 3 -9 3 -9 3 -9 3 -9 3 -8 3 -7 3 -6 0 0 0 0 0 0 0 0 0 0 0 0 0 0 0 0 0 0 0 0 0 0 -9 -2 -9 -3 -9 -3 -9 -4 -8 -4 -7 -5 -6 -5 -5 -6 -5 -7 -4 -8 -3 -10 -2 -12 -2 -13 -3 -14 -3 -15 -4 -16 -6 -17 -7 -17 -8 -16 -8 -15 -8 -14 -8 -14 -6 -13 -5 -13 -3 -14 -2 -16
CSI_META: ts=3029715045 rssi=-30 noise_floor=-98 channel=6 secondary_channel=0 sig_mode=0 mcs=0 rate=9 cwb=0 sgi=0 stbc=0 ant=0 len=128 rx_state=0 seq=-1 tx_mac=52:40:27:94:0a:bb
CSI_DATA: 28 -64 1 0 -20 -3 -20 -2 -21 -2 -21 0 -20 1 -19 3 -17 3 -15 4 -14 4 -12 3 -11 2 -10 1 -9 -1 -9 -2 -9 -3 -9 -4 -9 -5 -9 -5 -9 -5 -9 -6 -9 -6 -8 -5 -8 -6 -7 -6 -6 -6 0 0 0 0 0 0 0 0 0 0 0 0 0 0 0 0 0 0 0 0 0 0 -2 9 -3 8 -3 8 -4 7 -4 7 -4 5 -5 5 -6 4 -7 3 -9 2 -11 1 -12 1 -14 0 -15 1 -16 1 -18 2 -17 3 -18 5 -17 6 -16 6 -15 6 -14 5 -14 4 -14 3 -14 1 -15 -1
CSI_META: ts=3030010921 rssi=-30 noise_floor=-98 channel=6 secondary_channel=0 sig_mode=0 mcs=0 rate=9 cwb=0 sgi=0 stbc=0 ant=0 len=128 rx_state=0 seq=-1 tx_mac=52:40:27:94:0a:bb
CSI_DATA: 28 -64 1 0 -16 -6 -16 -7 -18 -7 -17 -5 -18 -5 -18 -4 -17 -3 -16 -1 -15 0 -11 0 -10 0 -9 -1 -7 -3 -7 -4 -6 -5 -6 -7 -5 -7 -5 -8 -5 -8 -5 -8 -5 -8 -5 -8 -4 -7 -4 -7 -3 -7 0 0 0 0 0 0 0 0 0 0 0 0 0 0 0 0 0 0 0 0 0 0 -2 8 -3 8 -4 8 -4 7 -4 8 -4 6 -5 5 -5 4 -5 4 -7 3 -8 1 -9 0 -11 0 -13 -1 -14 -2 -16 0 -16 0 -18 2 -16 2 -17 3 -16 4 -15 5 -14 4 -13 3 -13 1 -12 -2
CSI_META: ts=3030020186 rssi=-31 noise_floor=-98 channel=6 secondary_channel=0 sig_mode=0 mcs=0 rate=9 cwb=0 sgi=0 stbc=0 ant=0 len=128 rx_state=0 seq=-1 tx_mac=52:40:27:94:0a:bb
CSI_DATA: 28 -64 1 0 20 16 22 17 24 18 25 16 26 14 27 11 25 9 23 6 21 5 18 4 15 4 12 5 10 6 8 8 6 10 5 12 5 12 5 13 4 13 4 13 4 13 4 13 3 12 2 12 0 10 0 0 0 0 0 0 0 0 0 0 0 0 0 0 0 0 0 0 0 0 0 0 7 -13 8 -12 9 -12 9 -12 9 -11 9 -10 9 -8 9 -7 10 -5 11 -2 12 0 14 3 15 5 18 7 20 7 23 8 25 6 27 5 27 3 28 1 27 -1 25 -2 23 0 21 1 20 4 18 7
CSI_META: ts=3030367042 rssi=-30 noise_floor=-98 channel=6 secondary_channel=0 sig_mode=0 mcs=0 rate=9 cwb=0 sgi=0 stbc=0 ant=0 len=128 rx_state=0 seq=-1 tx_mac=52:40:27:94:0a:bb
CSI_DATA: 28 -64 1 0 -22 10 -20 11 -17 11 -15 11 -12 11 -11 9 -10 7 -9 6 -9 4 -10 2 -11 1 -12 1 -12 1 -13 1 -13 1 -13 1 -12 2 -11 2 -10 1 -9 1 -8 1 -7 0 -6 -1 -6 -2 -5 -3 0 0 0 0 0 0 0 0 0 0 0 0 0 0 0 0 0 0 0 0 0 0 2 7 0 7 -1 6 -2 5 -3 5 -4 5 -6 5 -8 5 -9 5 -11 6 -12 7 -13 8 -13 9 -13 10 -12 10 -12 10 -11 10 -10 9 -10 8 -10 7 -11 5 -13 4 -15 4 -17 3 -20 4 -21 6
CSI_META: ts=3030367187 rssi=-30 noise_floor=-98 channel=6 secondary_channel=0 sig_mode=0 mcs=0 rate=9 cwb=0 sgi=0 stbc=0 ant=0 len=128 rx_state=0 seq=-1 tx_mac=52:40:27:94:0a:bb
CSI_DATA: 28 -64 1 0 -18 16 -14 15 -14 16 -11 14 -9 13 -8 11 -7 9 -7 7 -9 5 -10 3 -10 3 -11 3 -12 3 -13 4 -12 4 -13 4 -11 4 -10 4 -9 4 -8 3 -7 2 -7 1 -6 -1 -5 -2 -4 -3 0 0 0 0 0 0 0 0 0 0 0 0 0 0 0 0 0 0 0 0 0 0 5 6 3 6 3 6 1 5 0 6 -2 5 -3 6 -5 6 -6 8 -9 9 -10 9 -11 10 -11 11 -10 12 -9 12 -8 14 -7 12 -7 13 -6 10 -7 10 -8 8 -10 9 -14 7 -16 7 -18 8 -19 10
CSI_META: ts=3030370842 rssi=-30 noise_floor=-98 channel=6 secondary_channel=0 sig_mode=0 mcs=0 rate=9 cwb=0 sgi=0 stbc=0 ant=0 len=128 rx_state=0 seq=-1 tx_mac=52:40:27:94:0a:bb
CSI_DATA: 28 -64 1 0 -15 17 -13 18 -11 17 -9 15 -7 14 -6 12 -6 10 -6 8 -7 7 -8 6 -9 5 -10 5 -11 5 -11 6 -11 6 -11 6 -10 6 -9 6 -8 5 -8 4 -7 4 -6 2 -6 1 -6 0 -5 -1 0 0 0 0 0 0 0 0 0 0 0 0 0 0 0 0 0 0 0 0 0 0 5 5 4 6 2 5 1 5 0 6 -2 6 -3 7 -5 7 -6 9 -8 10 -9 11 -9 12 -9 13 -8 13 -7 14 -6 14 -6 13 -5 12 -6 11 -7 10 -8 8 -10 9 -12 9 -14 9 -16 11 -17 13
CSI_META: ts=3030370951 rssi=-30 noise_floor=-98 channel=6 secondary_channel=0 sig_mode=0 mcs=0 rate=9 cwb=0 sgi=0 stbc=0 ant=0 len=128 rx_state=0 seq=-1 tx_mac=52:40:27:94:0a:bb
CSI_DATA: 28 -64 1 0 -24 4 -22 6 -20 6 -17 7 -15 7 -13 6 -11 4 -10 3 -10 1 -10 0 -11 -1 -12 -2 -12 -2 -13 -2 -13 -2 -13 -2 -12 -1 -11 -1 -10 -1 -9 -1 -8 -1 -7 -2 -6 -2 -5 -3 -4 -4 0 0 0 0 0 0 0 0 0 0 0 0 0 0 0 0 0 0 0 0 0 0 0 8 -1 7 -3 6 -3 5 -5 4 -6 3 -7 3 -9 2 -11 3 -13 3 -14 3 -15 4 -15 5 -16 5 -15 6 -14 7 -13 6 -12 6 -12 5 -12 4 -12 2 -14 1 -15 -1 -18 -1 -20 -1 -22 -1
CSI_META: ts=3030371123 rssi=-30 noise_floor=-98 channel=6 secondary_channel=0 sig_mode=0 mcs=0 rate=9 cwb=0 sgi=0 stbc=0 ant=0 len=128 rx_state=0 seq=-1 tx_mac=52:40:27:94:0a:bb
CSI_DATA: 28 -64 1 0 23 -4 21 -5 19 -6 17 -6 15 -7 12 -6 11 -5 9 -3 9 -2 9 0 10 1 10 2 11 2 12 2 12 2 12 2 11 2 10 1 9 1 8 1 7 1 6 1 5 2 4 3 2 3 0 0 0 0 0 0 0 0 0 0 0 0 0 0 0 0 0 0 0 0 0 0 0 -8 1 -7 2 -7 3 -6 4 -5 5 -4 6 -3 8 -3 10 -3 12 -3 13 -3 14 -4 15 -4 15 -5 14 -6 14 -7 12 -7 12 -7 11 -6 11 -4 11 -2 13 -1 14 1 16 2 19 2 21 1
CSI_META: ts=3030476632 rssi=-32 noise_floor=-98 channel=6 secondary_channel=0 sig_mode=0 mcs=0 rate=9 cwb=0 sgi=0 stbc=0 ant=0 len=128 rx_state=0 seq=-1 tx_mac=52:40:27:94:0a:bb
CSI_DATA: 28 -64 1 0 26 -13 23 -11 19 -9 18 -6 16 -3 16 -1 17 1 18 2 20 3 21 2 22 2 23 1 21 0 21 -2 19 -3 17 -2 15 -2 12 -1 10 0 9 1 7 2 6 4 5 6 4 7 2 9 0 0 0 0 0 0 0 0 0 0 0 0 0 0 0 0 0 0 0 0 0 0 2 -9 4 -8 6 -8 8 -8 10 -8 12 -9 13 -9 15 -10 16 -11 17 -12 17 -12 16 -12 16 -11 15 -10 14 -8 14 -6 14 -3 17 -2 19 0 22 1 25 1 29 -1 31 -1 34 -4 36 -7 35 -10
CSI_META: ts=3031365890 rssi=-31 noise_floor=-98 channel=6 secondary_channel=0 sig_mode=0 mcs=0 rate=9 cwb=0 sgi=0 stbc=0 ant=0 len=128 rx_state=0 seq=-1 tx_mac=52:40:27:94:0a:bb
CSI_DATA: 28 -64 1 0 -5 -18 -6 -18 -7 -19 -8 -18 -9 -17 -11 -16 -10 -14 -10 -12 -9 -10 -8 -9 -6 -8 -5 -7 -3 -7 -1 -8 0 -9 1 -9 2 -9 2 -10 2 -9 2 -9 2 -9 2 -9 2 -8 2 -8 3 -7 0 0 0 0 0 0 0 0 0 0 0 0 0 0 0 0 0 0 0 0 0 0 -9 3 -9 2 -9 2 -9 1 -8 0 -8 -1 -7 -2 -7 -3 -6 -4 -6 -6 -6 -8 -7 -10 -7 -11 -8 -12 -9 -13 -10 -13 -11 -13 -12 -13 -13 -11 -13 -10 -13 -9 -12 -9 -10 -9 -8 -9 -7 -11 -6 -13
CSI_META: ts=3031423079 rssi=-31 noise_floor=-98 channel=6 secondary_channel=0 sig_mode=0 mcs=0 rate=9 cwb=0 sgi=0 stbc=0 ant=0 len=128 rx_state=0 seq=-1 tx_mac=52:40:27:94:0a:bb
CSI_DATA: 28 -64 1 0 -11 -7 -10 -9 -10 -11 -10 -12 -11 -12 -12 -13 -13 -12 -14 -11 -14 -10 -14 -9 -13 -7 -12 -6 -11 -5 -9 -5 -7 -5 -6 -5 -4 -5 -3 -6 -2 -6 -1 -7 -1 -8 0 -8 0 -9 1 -9 2 -9 0 0 0 0 0 0 0 0 0 0 0 0 0 0 0 0 0 0 0 0 0 0 -7 4 -8 4 -9 4 -9 3 -10 3 -10 3 -9 3 -10 2 -9 2 -9 1 -9 -1 -9 -2 -9 -4 -9 -5 -10 -7 -11 -9 -12 -9 -14 -10 -16 -10 -17 -9 -19 -8 -19 -7 -19 -6 -19 -5 -18 -4 -16 -4
CSI_META: ts=3031672154 rssi=-31 noise_floor=-98 channel=6 secondary_channel=0 sig_mode=0 mcs=0 rate=9 cwb=0 sgi=0 stbc=0 ant=0 len=128 rx_state=0 seq=-1 tx_mac=52:40:27:94:0a:bb
CSI_DATA: 28 -64 1 0 -6 10 -8 9 -10 9 -11 9 -12 10 -12 11 -12 12 -11 13 -10 13 -8 13 -7 12 -6 11 -5 9 -5 8 -5 6 -5 4 -5 3 -6 1 -6 0 -7 -1 -7 -2 -8 -2 -8 -2 -8 -3 -8 -4 0 0 0 0 0 0 0 0 0 0 0 0 0 0 0 0 0 0 0 0 0 0 6 4 6 5 6 6 6 6 6 7 6 7 5 7 5 7 4 7 3 7 2 7 0 7 -2 8 -4 8 -5 9 -6 11 -7 12 -7 14 -7 15 -6 17 -5 18 -3 18 -2 19 -1 17 -1 16 -2 15
CSI_META: ts=3034824634 rssi=-31 noise_floor=-98 channel=6 secondary_channel=0 sig_mode=0 mcs=0 rate=9 cwb=0 sgi=0 stbc=0 ant=0 len=128 rx_state=0 seq=-1 tx_mac=52:40:27:94:0a:bb
CSI_DATA: 28 -64 1 0 33 -15 30 -16 27 -17 23 -16 20 -16 17 -13 15 -10 14 -9 14 -6 15 -3 16 -2 17 -1 18 0 19 -1 20 -1 20 -1 18 -2 17 -2 15 -2 13 -2 12 -2 10 0 9 1 7 2 6 4 0 0 0 0 0 0 0 0 0 0 0 0 0 0 0 0 0 0 0 0 0 0 -3 -11 0 -11 2 -10 4 -9 6 -8 7 -8 10 -7 12 -8 15 -9 18 -9 19 -11 20 -12 20 -13 20 -14 19 -15 17 -15 16 -14 15 -13 15 -11 16 -9 17 -6 20 -5 23 -3 27 -3 31 -4 34 -7
CSI_META: ts=3035314669 rssi=-31 noise_floor=-98 channel=6 secondary_channel=0 sig_mode=0 mcs=0 rate=9 cwb=0 sgi=0 stbc=0 ant=0 len=128 rx_state=0 seq=-1 tx_mac=52:40:27:94:0a:bb
CSI_DATA: 28 -64 1 0 4 18 5 18 6 19 8 18 9 16 9 15 10 13 9 11 8 9 6 8 5 7 3 7 1 7 0 8 -1 8 -2 9 -2 9 -2 9 -2 9 -2 9 -2 8 -2 8 -2 8 -3 7 -4 5 0 0 0 0 0 0 0 0 0 0 0 0 0 0 0 0 0 0 0 0 0 0 8 -3 8 -2 8 -2 8 -1 7 0 7 0 6 1 6 3 5 4 5 5 5 8 5 9 5 10 6 12 7 13 8 13 9 13 11 13 11 11 12 11 11 10 10 9 8 10 7 10 6 11 5 13
CSI_META: ts=3035522014 rssi=-31 noise_floor=-98 channel=6 secondary_channel=0 sig_mode=0 mcs=0 rate=9 cwb=0 sgi=0 stbc=0 ant=0 len=128 rx_state=0 seq=-1 tx_mac=52:40:27:94:0a:bb
CSI_DATA: 28 -64 1 0 -4 -18 -5 -18 -6 -19 -7 -18 -9 -17 -9 -16 -9 -14 -9 -12 -8 -10 -7 -9 -6 -8 -4 -8 -3 -7 -1 -8 0 -8 1 -8 2 -9 2 -9 3 -9 3 -9 3 -9 2 -9 2 -8 3 -7 3 -6 0 0 0 0 0 0 0 0 0 0 0 0 0 0 0 0 0 0 0 0 0 0 -8 3 -9 2 -8 2 -8 1 -8 0 -7 -1 -6 -2 -6 -3 -6 -5 -6 -6 -6 -8 -6 -10 -7 -11 -8 -12 -9 -13 -10 -13 -11 -13 -12 -12 -12 -11 -12 -10 -12 -9 -11 -9 -9 -9 -8 -10 -6 -11 -5 -13
CSI_META: ts=3035989892 rssi=-31 noise_floor=-98 channel=6 secondary_channel=0 sig_mode=0 mcs=0 rate=9 cwb=0 sgi=0 stbc=0 ant=0 len=128 rx_state=0 seq=-1 tx_mac=52:40:27:94:0a:bb
CSI_DATA: 28 -64 1 0 -8 36 -5 34 -2 32 0 28 1 24 1 21 0 18 -3 16 -5 15 -7 15 -9 14 -10 15 -11 17 -11 18 -10 18 -9 18 -8 17 -7 15 -6 13 -6 12 -6 10 -6 8 -7 6 -8 3 -9 1 0 0 0 0 0 0 0 0 0 0 0 0 0 0 0 0 0 0 0 0 0 0 11 6 9 7 7 7 5 7 4 8 2 9 0 11 -2 13 -3 15 -5 18 -5 21 -5 23 -4 24 -3 25 -1 25 0 25 0 23 1 21 0 19 -2 18 -4 18 -7 19 -11 21 -13 24 -14 27 -15 31
CSI_META: ts=3036319155 rssi=-32 noise_floor=-98 channel=6 secondary_channel=0 sig_mode=0 mcs=0 rate=9 cwb=0 sgi=0 stbc=0 ant=0 len=128 rx_state=0 seq=-1 tx_mac=52:40:27:94:0a:bb
CSI_DATA: 28 -64 1 0 21 21 23 21 24 21 26 19 26 17 26 14 25 12 22 9 20 7 17 6 14 6 12 7 9 8 7 10 6 12 5 13 4 14 3 14 3 14 3 15 3 14 3 14 2 13 1 12 -1 11 0 0 0 0 0 0 0 0 0 0 0 0 0 0 0 0 0 0 0 0 0 0 8 -13 9 -12 10 -11 10 -10 10 -8 10 -7 10 -4 10 -2 11 -1 13 2 14 5 16 7 18 9 21 10 23 10 25 10 26 9 27 7 27 5 27 4 25 3 24 3 21 5 20 6 19 9 18 12
CSI_META: ts=3036536634 rssi=-31 noise_floor=-98 channel=6 secondary_channel=0 sig_mode=0 mcs=0 rate=9 cwb=0 sgi=0 stbc=0 ant=0 len=128 rx_state=0 seq=-1 tx_mac=52:40:27:94:0a:bb
CSI_DATA: 28 -64 1 0 12 -14 10 -12 9 -10 9 -7 9 -6 10 -5 11 -4 12 -4 13 -5 13 -5 13 -6 12 -7 11 -7 10 -8 9 -7 8 -6 7 -5 6 -4 5 -3 5 -1 5 0 5 1 5 2 5 3 5 4 0 0 0 0 0 0 0 0 0 0 0 0 0 0 0 0 0 0 0 0 0 0 -1 -6 0 -6 1 -6 3 -6 4 -6 5 -7 6 -7 7 -8 8 -9 8 -10 9 -11 8 -11 7 -10 7 -10 7 -9 7 -8 7 -6 9 -5 10 -5 13 -5 14 -5 16 -7 18 -8 18 -10 18 -12 18 -14
CSI_META: ts=3037465442 rssi=-31 noise_floor=-98 channel=6 secondary_channel=0 sig_mode=0 mcs=0 rate=9 cwb=0 sgi=0 stbc=0 ant=0 len=128 rx_state=0 seq=-1 tx_mac=52:40:27:94:0a:bb
CSI_DATA: 28 -64 1 0 -1 18 0 18 1 19 2 19 4 18 5 17 5 15 5 14 5 12 4 10 3 9 2 8 0 7 -1 8 -2 8 -4 8 -4 8 -5 8 -5 8 -5 8 -5 8 -5 7 -5 7 -5 6 -5 5 0 0 0 0 0 0 0 0 0 0 0 0 0 0 0 0 0 0 0 0 0 0 9 0 8 0 8 1 7 1 7 2 6 2 5 3 5 4 4 5 3 7 3 9 2 11 2 12 3 13 3 14 4 15 5 15 7 15 8 14 8 14 8 12 8 12 6 12 5 11 3 12 2 14
CSI_META: ts=3037841049 rssi=-31 noise_floor=-98 channel=6 secondary_channel=0 sig_mode=0 mcs=0 rate=9 cwb=0 sgi=0 stbc=0 ant=0 len=128 rx_state=0 seq=-1 tx_mac=52:40:27:94:0a:bb
CSI_DATA: 28 -64 1 0 1 -19 0 -20 0 -21 -2 -20 -3 -19 -5 -18 -5 -16 -5 -14 -5 -12 -4 -11 -3 -9 -1 -9 0 -8 2 -9 4 -9 4 -9 5 -9 5 -9 5 -9 5 -9 4 -8 4 -8 4 -7 4 -6 4 -4 0 0 0 0 0 0 0 0 0 0 0 0 0 0 0 0 0 0 0 0 0 0 -10 -1 -10 -1 -9 -2 -9 -2 -8 -3 -8 -3 -7 -4 -6 -4 -5 -6 -4 -7 -4 -9 -3 -11 -3 -12 -3 -14 -4 -15 -5 -16 -6 -16 -7 -16 -9 -16 -9 -14 -9 -13 -8 -13 -7 -12 -5 -12 -3 -12 -1 -14
CSI_META: ts=3040702181 rssi=-32 noise_floor=-98 channel=6 secondary_channel=0 sig_mode=0 mcs=0 rate=9 cwb=0 sgi=0 stbc=0 ant=0 len=128 rx_state=0 seq=-1 tx_mac=52:40:27:94:0a:bb
CSI_DATA: 28 -64 1 0 -18 23 -18 25 -16 27 -14 27 -12 27 -9 27 -7 25 -5 23 -4 20 -4 16 -4 13 -6 11 -8 9 -9 8 -11 7 -13 6 -14 6 -14 5 -14 5 -14 5 -14 5 -13 5 -13 4 -12 3 -11 1 0 0 0 0 0 0 0 0 0 0 0 0 0 0 0 0 0 0 0 0 0 0 13 5 12 6 11 7 10 7 9 7 7 8 5 8 3 10 1 11 -1 12 -3 14 -5 17 -6 19 -7 21 -6 23 -6 25 -5 26 -2 27 -1 26 1 25 0 23 1 21 -1 20 -4 18 -7 18 -11 19
CSI_META: ts=3041042430 rssi=-31 noise_floor=-98 channel=6 secondary_channel=0 sig_mode=0 mcs=0 rate=9 cwb=0 sgi=0 stbc=0 ant=0 len=128 rx_state=0 seq=-1 tx_mac=52:40:27:94:0a:bb
CSI_DATA: 28 -64 1 0 31 6 32 5 33 3 32 1 31 -2 29 -4 26 -5 22 -6 20 -5 17 -3 15 -1 14 1 13 4 14 6 14 7 15 8 14 9 14 8 13 8 13 7 12 7 11 7 9 7 7 7 5 7 0 0 0 0 0 0 0 0 0 0 0 0 0 0 0 0 0 0 0 0 0 0 5 -14 7 -14 7 -14 7 -13 8 -12 8 -11 8 -10 9 -8 10 -7 12 -5 14 -3 16 -1 19 0 22 1 24 0 26 -1 27 -3 28 -5 27 -7 27 -8 25 -9 24 -8 22 -6 22 -4 23 -1 24 2
CSI_META: ts=3041042539 rssi=-31 noise_floor=-98 channel=6 secondary_channel=0 sig_mode=0 mcs=0 rate=9 cwb=0 sgi=0 stbc=0 ant=0 len=128 rx_state=0 seq=-1 tx_mac=52:40:27:94:0a:bb
CSI_DATA: 28 -64 1 0 16 47 21 51 22 47 26 46 28 41 29 38 29 33 27 29 23 23 20 21 16 19 12 20 8 22 4 22 2 26 1 24 0 26 0 26 -1 24 -1 25 -1 24 0 22 -1 21 -3 19 -5 16 0 0 0 0 0 0 0 0 0 0 0 0 0 0 0 0 0 0 0 0 0 0 24 -5 25 -3 23 -1 24 0 21 1 20 4 17 5 18 8 16 13 15 16 16 20 15 25 16 28 19 33 22 36 23 36 28 38 30 34 33 32 32 30 32 28 29 27 25 26 23 27 20 30 18 36
CSI_META: ts=3041042666 rssi=-31 noise_floor=-98 channel=6 secondary_channel=0 sig_mode=0 mcs=0 rate=9 cwb=0 sgi=0 stbc=0 ant=0 len=128 rx_state=0 seq=-1 tx_mac=52:40:27:94:0a:bb
CSI_DATA: 28 -64 1 0 13 -12 15 -14 12 -14 12 -16 10 -16 8 -16 6 -15 5 -14 4 -12 5 -10 5 -8 5 -7 6 -6 7 -4 9 -5 8 -4 9 -4 9 -4 9 -4 8 -4 8 -3 7 -4 7 -2 6 -2 6 0 0 0 0 0 0 0 0 0 0 0 0 0 0 0 0 0 0 0 0 0 0 0 -6 -8 -6 -9 -4 -8 -5 -9 -4 -8 -3 -9 -3 -8 -2 -8 0 -8 1 -8 3 -9 4 -9 6 -10 7 -12 8 -14 8 -14 8 -16 6 -15 6 -17 4 -16 3 -16 4 -14 3 -13 5 -12 7 -12 9 -13
CSI_META: ts=3041048661 rssi=-30 noise_floor=-98 channel=6 secondary_channel=0 sig_mode=0 mcs=0 rate=9 cwb=0 sgi=0 stbc=0 ant=0 len=128 rx_state=0 seq=-1 tx_mac=52:40:27:94:0a:bb
CSI_DATA: 28 -64 1 0 -20 3 -20 4 -20 5 -19 6 -18 7 -17 8 -15 8 -13 9 -12 7 -10 6 -10 5 -9 3 -9 2 -9 1 -9 0 -10 -2 -10 -2 -10 -2 -10 -2 -10 -2 -10 -2 -10 -3 -9 -3 -8 -3 -7 -4 0 0 0 0 0 0 0 0 0 0 0 0 0 0 0 0 0 0 0 0 0 0 0 9 -1 9 -2 8 -2 8 -3 7 -3 6 -4 6 -5 5 -7 4 -8 4 -10 4 -12 4 -13 4 -14 5 -15 6 -16 7 -16 8 -15 9 -15 10 -14 10 -13 9 -13 9 -12 8 -13 6 -14 5 -15 4
CSI_META: ts=3041356628 rssi=-30 noise_floor=-98 channel=6 secondary_channel=0 sig_mode=0 mcs=0 rate=9 cwb=0 sgi=0 stbc=0 ant=0 len=128 rx_state=0 seq=-1 tx_mac=52:40:27:94:0a:bb
CSI_DATA: 28 -64 1 0 6 16 4 14 3 13 1 11 -1 11 -2 11 -3 12 -3 13 -4 14 -3 14 -3 15 -2 15 -1 14 0 13 0 12 0 10 0 8 -1 7 -2 6 -2 5 -3 4 -5 3 -6 2 -7 2 -8 1 0 0 0 0 0 0 0 0 0 0 0 0 0 0 0 0 0 0 0 0 0 0 5 2 4 3 4 5 4 6 4 7 4 8 4 9 5 10 6 10 5 11 5 11 5 11 5 10 4 10 3 9 1 10 0 10 -1 11 -2 12 -3 15 -3 17 -1 19 -1 21 1 22 3 22 5 22
CSI_META: ts=3041563167 rssi=-31 noise_floor=-98 channel=6 secondary_channel=0 sig_mode=0 mcs=0 rate=9 cwb=0 sgi=0 stbc=0 ant=0 len=128 rx_state=0 seq=-1 tx_mac=52:40:27:94:0a:bb
CSI_DATA: 28 -64 1 0 18 0 19 -1 19 -2 19 -3 18 -5 17 -6 15 -6 13 -7 12 -6 10 -6 9 -4 8 -3 8 -1 8 0 8 1 9 2 8 2 8 3 8 3 8 3 8 3 8 3 7 3 6 3 5 3 0 0 0 0 0 0 0 0 0 0 0 0 0 0 0 0 0 0 0 0 0 0 1 -9 2 -9 2 -9 3 -8 3 -7 3 -7 4 -6 5 -5 6 -4 8 -4 9 -3 11 -3 12 -3 14 -3 15 -4 15 -5 15 -6 15 -7 15 -7 14 -8 14 -8 13 -7 12 -6 13 -5 14 -3 15 -2
CSI_META: ts=3041699456 rssi=-31 noise_floor=-98 channel=6 secondary_channel=0 sig_mode=0 mcs=0 rate=9 cwb=0 sgi=0 stbc=0 ant=0 len=128 rx_state=0 seq=-1 tx_mac=52:40:27:94:0a:bb
CSI_DATA: 28 -64 1 0 -5 -25 -3 -22 -1 -20 2 -18 4 -17 5 -17 7 -18 8 -19 8 -21 8 -22 6 -22 5 -22 3 -21 2 -21 1 -19 1 -16 2 -13 2 -11 3 -9 4 -7 5 -6 7 -5 8 -3 10 -2 11 -1 0 0 0 0 0 0 0 0 0 0 0 0 0 0 0 0 0 0 0 0 0 0 -8 -6 -7 -8 -6 -10 -5 -12 -5 -13 -6 -14 -5 -16 -6 -17 -6 -18 -6 -18 -6 -18 -6 -18 -5 -17 -3 -16 -2 -15 0 -16 2 -16 4 -18 6 -20 7 -23 7 -26 6 -29 5 -32 3 -33 0 -34 -2 -35
CSI_META: ts=3041699619 rssi=-30 noise_floor=-98 channel=6 secondary_channel=0 sig_mode=0 mcs=0 rate=9 cwb=0 sgi=0 stbc=0 ant=0 len=128 rx_state=0 seq=-1 tx_mac=52:40:27:94:0a:bb
CSI_DATA: 28 -64 1 0 -14 11 -13 10 -10 6 -11 5 -12 3 -13 2 -14 1 -14 1 -15 2 -15 3 -16 4 -15 4 -15 5 -12 5 -12 5 -10 4 -9 4 -8 2 -6 1 -6 0 -6 -2 -5 -3 -5 -4 -5 -5 -5 -6 0 0 0 0 0 0 0 0 0 0 0 0 0 0 0 0 0 0 0 0 0 0 -1 5 -3 6 -4 6 -5 7 -6 7 -7 8 -7 8 -8 9 -8 9 -8 9 -8 10 -8 9 -8 8 -8 7 -9 6 -9 4 -11 3 -12 3 -15 3 -16 3 -18 4 -20 6 -20 7 -21 10 -21 12 -19 13
CSI_META: ts=3041699782 rssi=-30 noise_floor=-98 channel=6 secondary_channel=0 sig_mode=0 mcs=0 rate=9 cwb=0 sgi=0 stbc=0 ant=0 len=128 rx_state=0 seq=-1 tx_mac=52:40:27:94:0a:bb
CSI_DATA: 28 -64 1 0 4 16 2 14 1 13 -1 11 -2 11 -3 11 -4 12 -4 13 -5 14 -5 14 -4 15 -3 15 -2 14 -1 13 0 12 0 11 -1 9 -1 7 -1 6 -2 5 -3 4 -4 3 -6 2 -7 2 -8 1 0 0 0 0 0 0 0 0 0 0 0 0 0 0 0 0 0 0 0 0 0 0 4 4 3 5 3 6 2 8 3 8 2 9 3 10 3 11 4 11 3 11 3 12 2 11 2 11 1 10 0 10 -2 10 -3 10 -4 12 -5 13 -5 15 -5 17 -4 20 -4 21 -3 22 -1 23 1 23
CSI_META: ts=3042075652 rssi=-31 noise_floor=-98 channel=6 secondary_channel=0 sig_mode=0 mcs=0 rate=9 cwb=0 sgi=0 stbc=0 ant=0 len=128 rx_state=0 seq=-1 tx_mac=52:40:27:94:0a:bb
CSI_DATA: 28 -64 1 0 9 -30 8 -26 7 -23 8 -19 9 -16 11 -15 13 -14 14 -15 16 -15 17 -16 16 -17 16 -18 15 -19 13 -19 12 -18 10 -16 9 -14 8 -12 7 -10 7 -7 7 -5 8 -4 8 -1 9 0 10 3 0 0 0 0 0 0 0 0 0 0 0 0 0 0 0 0 0 0 0 0 0 0 -4 -9 -2 -11 0 -12 1 -13 3 -15 3 -16 4 -17 4 -19 4 -21 5 -21 4 -21 4 -21 4 -19 5 -18 6 -17 7 -15 9 -14 12 -15 15 -15 17 -17 19 -19 21 -23 22 -26 22 -29 20 -32 18 -35
CSI_META: ts=3043194597 rssi=-31 noise_floor=-98 channel=6 secondary_channel=0 sig_mode=0 mcs=0 rate=9 cwb=0 sgi=0 stbc=0 ant=0 len=128 rx_state=0 seq=-1 tx_mac=52:40:27:94:0a:bb
CSI_DATA: 28 -64 1 0 -24 -11 -20 -10 -15 -11 -13 -12 -11 -13 -11 -15 -10 -17 -11 -18 -12 -19 -14 -19 -15 -18 -16 -17 -16 -15 -15 -14 -14 -12 -12 -10 -9 -9 -8 -8 -5 -8 -3 -8 -2 -8 0 -9 2 -9 3 -10 5 -10 0 0 0 0 0 0 0 0 0 0 0 0 0 0 0 0 0 0 0 0 0 0 -9 2 -10 0 -12 -2 -13 -3 -14 -4 -15 -5 -16 -5 -17 -5 -18 -5 -19 -5 -18 -6 -17 -6 -16 -6 -15 -7 -13 -8 -12 -10 -11 -13 -12 -15 -12 -17 -15 -20 -17 -21 -21 -23 -23 -23 -26 -22 -29 -21 -29 -18
CSI_META: ts=3043194778 rssi=-30 noise_floor=-98 channel=6 secondary_channel=0 sig_mode=0 mcs=0 rate=9 cwb=0 sgi=0 stbc=0 ant=0 len=128 rx_state=0 seq=-1 tx_mac=52:40:27:94:0a:bb
CSI_DATA: 28 -64 1 0 15 -9 12 -7 12 -6 10 -3 11 -2 12 -1 12 0 13 0 15 0 15 0 15 -1 14 -2 13 -2 13 -4 11 -3 11 -3 8 -2 7 -2 6 -1 5 0 4 1 4 3 3 4 3 5 2 6 0 0 0 0 0 0 0 0 0 0 0 0 0 0 0 0 0 0 0 0 0 0 2 -6 3 -6 5 -7 5 -6 7 -7 7 -7 8 -8 8 -8 9 -9 9 -9 9 -8 9 -8 9 -7 9 -5 8 -4 9 -3 9 -2 13 -1 13 0 16 -1 18 -2 20 -3 22 -4 22 -6 22 -7 21 -9
CSI_META: ts=3043194914 rssi=-30 noise_floor=-98 channel=6 secondary_channel=0 sig_mode=0 mcs=0 rate=9 cwb=0 sgi=0 stbc=0 ant=0 len=128 rx_state=0 seq=-1 tx_mac=52:40:27:94:0a:bb
CSI_DATA: 28 -64 1 0 -7 15 -7 13 -7 11 -8 8 -9 7 -11 6 -12 6 -12 7 -13 8 -13 9 -12 10 -12 10 -11 10 -10 9 -9 9 -7 7 -7 6 -7 4 -6 3 -6 1 -6 0 -6 -1 -6 -2 -7 -3 -7 -5 0 0 0 0 0 0 0 0 0 0 0 0 0 0 0 0 0 0 0 0 0 0 2 5 1 6 0 7 -1 9 -1 9 -1 10 -2 10 -2 12 -2 12 -1 12 -1 12 -1 12 -2 10 -3 9 -4 8 -6 8 -8 8 -10 8 -12 9 -13 10 -14 12 -15 14 -14 17 -13 19 -12 20 -10 20
CSI_META: ts=3043481760 rssi=-31 noise_floor=-98 channel=6 secondary_channel=0 sig_mode=0 mcs=0 rate=9 cwb=0 sgi=0 stbc=0 ant=0 len=128 rx_state=0 seq=-1 tx_mac=52:40:27:94:0a:bb
CSI_DATA: 28 -64 1 0 10 34 12 31 13 29 13 26 13 23 12 20 10 19 8 18 7 17 5 17 4 17 4 18 3 19 4 20 3 20 4 19 4 18 3 16 3 14 2 14 2 12 0 11 -1 10 -3 9 -5 8 0 0 0 0 0 0 0 0 0 0 0 0 0 0 0 0 0 0 0 0 0 0 12 4 10 5 9 6 8 7 7 8 5 10 4 11 4 14 3 16 3 18 3 21 4 22 5 23 6 24 7 23 7 24 8 22 8 22 7 20 6 21 5 21 4 23 2 26 3 28 3 30 4 34
CSI_META: ts=3044019004 rssi=-30 noise_floor=-98 channel=6 secondary_channel=0 sig_mode=0 mcs=0 rate=9 cwb=0 sgi=0 stbc=0 ant=0 len=128 rx_state=0 seq=-1 tx_mac=52:40:27:94:0a:bb
CSI_DATA: 28 -64 1 0 -11 -19 -12 -17 -12 -16 -11 -13 -11 -12 -10 -11 -8 -10 -7 -9 -6 -9 -5 -10 -5 -10 -4 -10 -4 -11 -4 -12 -4 -12 -4 -11 -4 -10 -4 -10 -4 -9 -4 -8 -3 -8 -2 -7 -1 -7 0 -6 1 -6 0 0 0 0 0 0 0 0 0 0 0 0 0 0 0 0 0 0 0 0 0 0 -7 -1 -7 -2 -6 -3 -6 -4 -5 -5 -5 -6 -5 -7 -5 -8 -5 -10 -5 -11 -6 -12 -6 -13 -7 -13 -8 -13 -8 -12 -8 -12 -8 -11 -8 -11 -7 -11 -6 -11 -6 -12 -5 -13 -4 -15 -5 -17 -6 -18 -7 -20
CSI_META: ts=3044280839 rssi=-30 noise_floor=-98 channel=6 secondary_channel=0 sig_mode=0 mcs=0 rate=9 cwb=0 sgi=0 stbc=0 ant=0 len=128 rx_state=0 seq=-1 tx_mac=52:40:27:94:0a:bb
CSI_DATA: 28 -64 1 0 -5 -22 -7 -21 -7 -20 -8 -17 -8 -15 -7 -14 -6 -12 -5 -11 -4 -11 -2 -11 -2 -11 -1 -11 -1 -12 0 -13 -1 -13 -1 -12 -1 -12 -1 -11 -1 -10 -1 -10 0 -9 0 -8 1 -7 2 -6 3 -5 0 0 0 0 0 0 0 0 0 0 0 0 0 0 0 0 0 0 0 0 0 0 -8 -2 -7 -3 -6 -4 -5 -5 -4 -5 -4 -6 -3 -7 -3 -9 -2 -10 -2 -12 -3 -14 -3 -15 -4 -15 -5 -15 -5 -15 -6 -15 -6 -14 -6 -14 -5 -13 -4 -12 -3 -12 -2 -13 -1 -15 -1 -17 -1 -19 -1 -21
CSI_META: ts=3044531029 rssi=-32 noise_floor=-98 channel=6 secondary_channel=0 sig_mode=0 mcs=0 rate=9 cwb=0 sgi=0 stbc=0 ant=0 len=128 rx_state=0 seq=-1 tx_mac=52:40:27:94:0a:bb
CSI_DATA: 28 -64 1 0 35 3 33 0 32 -2 28 -4 26 -5 22 -5 19 -4 16 -3 15 -2 14 1 14 3 14 5 14 6 15 7 16 7 16 8 15 7 15 6 14 5 13 5 11 5 10 5 8 5 6 5 4 6 0 0 0 0 0 0 0 0 0 0 0 0 0 0 0 0 0 0 0 0 0 0 2 -12 3 -10 4 -9 5 -7 7 -6 8 -4 9 -2 12 -1 15 -1 18 0 20 0 21 -1 23 -2 24 -3 23 -5 23 -6 21 -6 20 -6 18 -5 17 -4 17 -1 18 1 19 5 22 7 26 8 29 9
CSI_META: ts=3044871744 rssi=-32 noise_floor=-98 channel=6 secondary_channel=0 sig_mode=0 mcs=0 rate=9 cwb=0 sgi=0 stbc=0 ant=0 len=128 rx_state=0 seq=-1 tx_mac=52:40:27:94:0a:bb
CSI_DATA: 28 -64 1 0 -10 -28 -10 -24 -8 -22 -6 -18 -3 -16 0 -15 3 -16 5 -17 6 -19 6 -20 5 -21 5 -22 3 -22 2 -22 2 -20 1 -18 1 -16 1 -13 2 -11 3 -9 4 -7 5 -5 7 -4 8 -2 10 -1 0 0 0 0 0 0 0 0 0 0 0 0 0 0 0 0 0 0 0 0 0 0 -9 0 -8 -3 -7 -5 -7 -7 -7 -10 -7 -12 -7 -13 -8 -16 -9 -17 -10 -18 -11 -19 -12 -19 -12 -17 -11 -16 -10 -15 -8 -14 -5 -14 -3 -15 0 -16 2 -19 3 -22 3 -26 3 -31 1 -34 -3 -36 -5 -37
CSI_META: ts=3045806915 rssi=-32 noise_floor=-98 channel=6 secondary_channel=0 sig_mode=0 mcs=0 rate=9 cwb=0 sgi=0 stbc=0 ant=0 len=128 rx_state=0 seq=-1 tx_mac=52:40:27:94:0a:bb
CSI_DATA: 28 -64 1 0 6 17 3 18 0 19 -1 20 -2 22 -2 24 -1 25 0 26 2 25 3 24 5 22 5 20 5 18 4 16 2 14 1 11 -1 9 -3 8 -5 7 -7 6 -8 6 -10 6 -11 6 -12 5 -13 4 0 0 0 0 0 0 0 0 0 0 0 0 0 0 0 0 0 0 0 0 0 0 11 0 12 2 13 2 14 3 14 4 14 4 14 4 14 5 14 5 12 5 11 7 9 8 7 10 5 11 4 14 3 18 4 20 5 23 7 25 10 27 12 27 15 27 16 27 17 26 18 23 16 21
CSI_META: ts=3046115683 rssi=-31 noise_floor=-98 channel=6 secondary_channel=0 sig_mode=0 mcs=0 rate=9 cwb=0 sgi=0 stbc=0 ant=0 len=128 rx_state=0 seq=-1 tx_mac=52:40:27:94:0a:bb
CSI_DATA: 28 -64 1 0 4 -17 4 -18 4 -19 2 -19 1 -19 0 -18 -1 -17 -2 -16 -2 -14 -2 -13 -2 -11 0 -10 1 -8 2 -9 3 -8 4 -8 5 -8 5 -8 5 -8 5 -8 5 -8 5 -7 5 -6 5 -6 5 -4 0 0 0 0 0 0 0 0 0 0 0 0 0 0 0 0 0 0 0 0 0 0 -8 -5 -8 -5 -8 -6 -8 -6 -7 -6 -7 -6 -6 -6 -5 -7 -4 -7 -3 -8 -2 -9 0 -10 0 -11 1 -13 1 -14 1 -16 0 -17 -1 -18 -3 -18 -4 -17 -5 -17 -5 -16 -4 -15 -3 -14 -1 -14 0 -14
CSI_META: ts=3047404126 rssi=-31 noise_floor=-98 channel=6 secondary_channel=0 sig_mode=0 mcs=0 rate=9 cwb=0 sgi=0 stbc=0 ant=0 len=128 rx_state=0 seq=-1 tx_mac=52:40:27:94:0a:bb
CSI_DATA: 28 -64 1 0 -11 -24 -9 -21 -6 -21 -4 -19 -2 -20 -1 -21 0 -22 -1 -23 -2 -24 -3 -25 -5 -24 -5 -23 -6 -21 -6 -20 -6 -18 -5 -15 -3 -13 -2 -12 0 -10 2 -9 3 -9 5 -8 6 -8 8 -9 9 -8 0 0 0 0 0 0 0 0 0 0 0 0 0 0 0 0 0 0 0 0 0 0 -9 -5 -8 -8 -8 -9 -8 -11 -8 -12 -9 -14 -9 -15 -9 -16 -10 -16 -10 -16 -10 -17 -9 -16 -8 -16 -7 -16 -5 -16 -3 -17 -2 -18 0 -21 0 -23 0 -26 -2 -28 -4 -31 -5 -33 -8 -33 -11 -33 -12 -33
CSI_META: ts=3048006884 rssi=-30 noise_floor=-98 channel=6 secondary_channel=0 sig_mode=0 mcs=0 rate=9 cwb=0 sgi=0 stbc=0 ant=0 len=128 rx_state=0 seq=-1 tx_mac=52:40:27:94:0a:bb
CSI_DATA: 28 -64 1 0 -18 -8 -16 -7 -14 -7 -12 -7 -10 -7 -9 -7 -9 -9 -9 -9 -9 -10 -9 -11 -10 -10 -10 -10 -11 -9 -11 -9 -10 -8 -10 -7 -8 -7 -7 -6 -6 -6 -5 -5 -4 -6 -3 -6 -2 -6 0 -6 1 -6 0 0 0 0 0 0 0 0 0 0 0 0 0 0 0 0 0 0 0 0 0 0 -6 0 -6 -1 -7 -2 -8 -3 -8 -3 -9 -4 -10 -4 -11 -5 -11 -5 -12 -5 -12 -5 -11 -5 -11 -5 -10 -5 -10 -6 -9 -7 -8 -7 -8 -9 -9 -10 -9 -12 -10 -13 -12 -14 -14 -15 -16 -15 -18 -14 -19 -13
CSI_META: ts=3050698525 rssi=-31 noise_floor=-98 channel=6 secondary_channel=0 sig_mode=0 mcs=0 rate=9 cwb=0 sgi=0 stbc=0 ant=0 len=128 rx_state=0 seq=-1 tx_mac=52:40:27:94:0a:bb
CSI_DATA: 28 -64 1 0 -13 24 -13 26 -11 27 -9 27 -6 27 -4 26 -2 24 -1 22 0 19 -1 16 -2 13 -3 12 -5 10 -7 9 -9 9 -10 9 -11 9 -12 9 -11 8 -11 8 -11 8 -11 8 -10 7 -10 6 -10 4 0 0 0 0 0 0 0 0 0 0 0 0 0 0 0 0 0 0 0 0 0 0 12 6 12 7 11 7 10 7 8 7 7 8 6 8 4 9 2 10 0 11 -2 14 -3 16 -4 18 -5 20 -5 22 -4 24 -3 25 -1 25 1 25 3 24 3 23 2 21 1 20 -2 19 -4 19 -7 20
CSI_META: ts=3050972604 rssi=-31 noise_floor=-98 channel=6 secondary_channel=0 sig_mode=0 mcs=0 rate=9 cwb=0 sgi=0 stbc=0 ant=0 len=128 rx_state=0 seq=-1 tx_mac=52:40:27:94:0a:bb
CSI_DATA: 28 -64 1 0 -3 17 -3 14 -4 12 -5 10 -7 8 -8 8 -10 8 -11 9 -11 10 -11 11 -11 11 -10 12 -10 12 -8 12 -7 11 -7 9 -6 8 -5 6 -5 4 -5 3 -5 1 -5 0 -6 -1 -7 -2 -7 -4 0 0 0 0 0 0 0 0 0 0 0 0 0 0 0 0 0 0 0 0 0 0 3 4 3 6 2 7 1 8 1 9 1 10 1 11 2 11 2 12 2 12 2 12 2 12 1 11 0 10 -2 9 -3 9 -5 9 -7 9 -9 11 -11 13 -11 14 -11 17 -11 19 -10 21 -8 22 -6 23
CSI_META: ts=3051084625 rssi=-31 noise_floor=-98 channel=6 secondary_channel=0 sig_mode=0 mcs=0 rate=9 cwb=0 sgi=0 stbc=0 ant=0 len=128 rx_state=0 seq=-1 tx_mac=52:40:27:94:0a:bb
CSI_DATA: 28 -64 1 0 -17 -7 -14 -6 -12 -7 -10 -7 -8 -8 -8 -9 -7 -11 -7 -11 -8 -13 -9 -12 -10 -12 -11 -11 -11 -10 -11 -10 -10 -8 -9 -7 -7 -6 -6 -6 -4 -5 -3 -6 -2 -6 0 -6 1 -6 2 -6 3 -6 0 0 0 0 0 0 0 0 0 0 0 0 0 0 0 0 0 0 0 0 0 0 -6 2 -6 1 -8 0 -9 -1 -10 -2 -10 -2 -11 -2 -12 -2 -12 -2 -13 -2 -13 -2 -12 -3 -11 -2 -10 -3 -9 -4 -9 -5 -8 -7 -9 -9 -9 -10 -10 -12 -12 -13 -14 -14 -16 -15 -18 -14 -20 -13 -20 -11
CSI_META: ts=3051272683 rssi=-31 noise_floor=-98 channel=6 secondary_channel=0 sig_mode=0 mcs=0 rate=9 cwb=0 sgi=0 stbc=0 ant=0 len=128 rx_state=0 seq=-1 tx_mac=52:40:27:94:0a:bb
CSI_DATA: 28 -64 1 0 7 8 6 10 5 12 6 13 6 14 8 14 9 14 9 13 10 12 10 10 9 9 8 8 7 6 5 6 3 6 2 6 0 5 -1 6 -2 6 -3 6 -3 7 -4 7 -5 7 -5 7 -5 6 0 0 0 0 0 0 0 0 0 0 0 0 0 0 0 0 0 0 0 0 0 0 5 -5 7 -4 8 -4 8 -4 9 -4 9 -3 9 -3 9 -3 9 -3 9 -2 8 -1 7 1 7 3 7 4 7 6 8 8 9 9 11 11 13 10 15 10 16 10 17 9 17 8 17 7 16 6 14 5
CSI_META: ts=3051550922 rssi=-32 noise_floor=-98 channel=6 secondary_channel=0 sig_mode=0 mcs=0 rate=9 cwb=0 sgi=0 stbc=0 ant=0 len=128 rx_state=0 seq=-1 tx_mac=52:40:27:94:0a:bb
CSI_DATA: 28 -64 1 0 -13 32 -10 31 -7 29 -5 26 -3 23 -3 20 -3 17 -4 15 -6 13 -8 12 -10 11 -12 11 -13 12 -13 13 -14 14 -13 13 -12 13 -11 12 -10 11 -9 10 -8 9 -8 7 -8 5 -8 3 -8 1 0 0 0 0 0 0 0 0 0 0 0 0 0 0 0 0 0 0 0 0 0 0 9 5 7 6 5 6 3 7 1 8 0 10 -2 11 -4 13 -4 15 -6 17 -6 20 -5 21 -5 22 -4 23 -3 22 -2 21 -1 20 -2 19 -2 17 -5 16 -7 15 -10 16 -13 18 -16 20 -17 23 -18 27
CSI_META: ts=3052016860 rssi=-31 noise_floor=-98 channel=6 secondary_channel=0 sig_mode=0 mcs=0 rate=9 cwb=0 sgi=0 stbc=0 ant=0 len=128 rx_state=0 seq=-1 tx_mac=52:40:27:94:0a:bb
CSI_DATA: 28 -64 1 0 2 12 1 13 -1 14 -1 15 -1 16 -1 16 0 17 1 17 3 16 3 15 4 14 4 12 3 10 2 9 1 8 0 7 -2 6 -3 6 -4 5 -5 5 -6 5 -7 5 -7 5 -7 5 -8 4 0 0 0 0 0 0 0 0 0 0 0 0 0 0 0 0 0 0 0 0 0 0 7 1 8 2 8 3 9 3 9 4 9 4 9 4 8 4 8 5 7 5 6 6 5 7 4 8 3 9 2 10 1 12 1 14 3 16 4 16 5 18 7 18 8 17 9 17 10 16 10 15 9 14
CSI_META: ts=3056204652 rssi=-31 noise_floor=-98 channel=6 secondary_channel=0 sig_mode=0 mcs=0 rate=9 cwb=0 sgi=0 stbc=0 ant=0 len=128 rx_state=0 seq=-1 tx_mac=52:40:27:94:0a:bb
CSI_DATA: 28 -64 1 0 17 -8 17 -9 17 -10 16 -12 15 -12 13 -13 11 -13 9 -13 8 -11 7 -10 6 -8 6 -6 7 -5 7 -3 8 -2 8 -1 9 -1 9 -1 9 -1 9 -1 9 -1 8 -1 8 0 8 0 7 1 0 0 0 0 0 0 0 0 0 0 0 0 0 0 0 0 0 0 0 0 0 0 -4 -9 -3 -9 -2 -9 -2 -9 -1 -8 0 -8 1 -7 2 -7 4 -7 5 -7 7 -7 9 -8 10 -8 11 -9 12 -10 12 -12 12 -13 11 -14 10 -14 9 -14 8 -13 8 -13 8 -11 9 -10 11 -9 13 -8
CSI_META: ts=3056628175 rssi=-32 noise_floor=-98 channel=6 secondary_channel=0 sig_mode=0 mcs=0 rate=9 cwb=0 sgi=0 stbc=0 ant=0 len=128 rx_state=0 seq=-1 tx_mac=52:40:27:94:0a:bb
CSI_DATA: 28 -64 1 0 28 -9 24 -8 20 -6 19 -4 17 -1 17 1 17 3 17 4 19 4 20 5 21 4 21 3 22 3 21 1 20 1 18 1 16 0 13 0 11 1 9 1 8 3 6 4 5 5 3 7 2 8 0 0 0 0 0 0 0 0 0 0 0 0 0 0 0 0 0 0 0 0 0 0 4 -8 7 -8 9 -8 11 -7 12 -7 14 -8 15 -7 16 -9 16 -9 18 -9 17 -10 16 -9 16 -8 15 -6 15 -4 15 -2 15 0 17 2 20 4 23 5 26 5 29 3 31 2 34 0 36 -3 36 -6
CSI_META: ts=3056628303 rssi=-32 noise_floor=-98 channel=6 secondary_channel=0 sig_mode=0 mcs=0 rate=9 cwb=0 sgi=0 stbc=0 ant=0 len=128 rx_state=0 seq=-1 tx_mac=52:40:27:94:0a:bb
CSI_DATA: 28 -64 1 0 -25 -17 -21 -14 -16 -15 -13 -13 -10 -14 -9 -16 -7 -18 -7 -19 -9 -21 -10 -21 -12 -21 -13 -21 -12 -19 -12 -18 -12 -16 -11 -14 -9 -12 -6 -11 -4 -9 -2 -9 -1 -9 1 -9 3 -9 5 -9 7 -9 0 0 0 0 0 0 0 0 0 0 0 0 0 0 0 0 0 0 0 0 0 0 -9 2 -9 -1 -10 -3 -11 -4 -12 -6 -13 -7 -14 -9 -15 -10 -17 -10 -19 -10 -19 -10 -19 -10 -18 -9 -17 -9 -14 -10 -13 -11 -11 -12 -10 -15 -10 -17 -10 -21 -11 -24 -14 -26 -17 -28 -21 -28 -25 -28 -26 -27
CSI_META: ts=3057041459 rssi=-31 noise_floor=-98 channel=6 secondary_channel=0 sig_mode=0 mcs=0 rate=9 cwb=0 sgi=0 stbc=0 ant=0 len=128 rx_state=0 seq=-1 tx_mac=52:40:27:94:0a:bb
CSI_DATA: 28 -64 1 0 26 14 27 14 29 13 30 11 29 9 29 7 27 4 24 2 22 1 18 1 16 2 14 3 12 5 11 7 10 9 10 11 9 11 9 12 8 12 9 12 8 12 8 11 7 11 6 10 4 10 0 0 0 0 0 0 0 0 0 0 0 0 0 0 0 0 0 0 0 0 0 0 8 -13 9 -12 9 -12 10 -10 10 -9 10 -8 10 -6 11 -4 12 -2 14 0 15 2 17 4 20 6 22 6 24 6 26 6 27 5 28 2 28 0 28 0 26 -1 25 -1 23 1 22 3 22 5 22 8
CSI_META: ts=3057290344 rssi=-31 noise_floor=-98 channel=6 secondary_channel=0 sig_mode=0 mcs=0 rate=9 cwb=0 sgi=0 stbc=0 ant=0 len=128 rx_state=0 seq=-1 tx_mac=52:40:27:94:0a:bb
CSI_DATA: 28 -64 1 0 14 -12 12 -10 11 -8 10 -6 11 -4 11 -3 12 -2 12 -3 14 -3 14 -4 14 -5 13 -5 12 -5 12 -6 10 -6 9 -5 7 -4 6 -3 6 -2 5 0 5 1 5 2 5 3 5 4 5 5 0 0 0 0 0 0 0 0 0 0 0 0 0 0 0 0 0 0 0 0 0 0 -1 -6 1 -6 3 -6 4 -6 5 -6 6 -6 7 -7 8 -8 9 -9 10 -9 10 -10 9 -10 9 -9 9 -9 8 -7 8 -7 8 -5 10 -5 11 -3 14 -3 15 -3 18 -5 19 -6 20 -8 20 -10 19 -12
CSI_META: ts=3057433416 rssi=-31 noise_floor=-98 channel=6 secondary_channel=0 sig_mode=0 mcs=0 rate=9 cwb=0 sgi=0 stbc=0 ant=0 len=128 rx_state=0 seq=-1 tx_mac=52:40:27:94:0a:bb
CSI_DATA: 28 -64 1 0 -1 -19 -1 -20 -2 -21 -4 -20 -5 -19 -6 -18 -6 -16 -6 -14 -6 -13 -5 -12 -4 -10 -3 -9 -2 -9 0 -9 1 -9 2 -9 3 -9 3 -9 3 -9 3 -9 3 -9 3 -9 3 -8 4 -7 4 -6 0 0 0 0 0 0 0 0 0 0 0 0 0 0 0 0 0 0 0 0 0 0 -9 -2 -9 -2 -9 -3 -8 -3 -8 -4 -7 -4 -6 -5 -5 -6 -4 -7 -4 -8 -3 -10 -2 -12 -2 -13 -3 -15 -4 -15 -5 -17 -6 -17 -7 -17 -8 -16 -8 -15 -8 -14 -8 -13 -6 -13 -5 -13 -4 -14 -2 -15
CSI_META: ts=3057994117 rssi=-31 noise_floor=-98 channel=6 secondary_channel=0 sig_mode=0 mcs=0 rate=9 cwb=0 sgi=0 stbc=0 ant=0 len=128 rx_state=0 seq=-1 tx_mac=52:40:27:94:0a:bb
CSI_DATA: 28 -64 1 0 -17 8 -17 9 -17 11 -15 11 -14 12 -13 12 -11 12 -9 11 -8 10 -7 9 -7 7 -7 5 -7 4 -8 3 -8 2 -9 1 -9 1 -10 1 -9 0 -10 1 -9 0 -9 0 -9 0 -8 -1 -7 -1 0 0 0 0 0 0 0 0 0 0 0 0 0 0 0 0 0 0 0 0 0 0 3 8 2 8 2 8 1 7 1 7 0 6 -1 6 -3 6 -4 6 -6 6 -7 6 -9 7 -10 8 -11 8 -12 9 -12 11 -11 12 -11 13 -10 13 -9 13 -8 12 -8 12 -8 11 -9 9 -10 8 -12 8
CSI_META: ts=3058457462 rssi=-31 noise_floor=-98 channel=6 secondary_channel=0 sig_mode=0 mcs=0 rate=9 cwb=0 sgi=0 stbc=0 ant=0 len=128 rx_state=0 seq=-1 tx_mac=52:40:27:94:0a:bb
CSI_DATA: 28 -64 1 0 16 -10 14 -9 12 -7 11 -6 11 -4 11 -2 11 -1 12 -1 13 0 14 -1 14 -1 14 -2 14 -2 13 -4 12 -3 11 -3 9 -3 8 -2 7 -2 5 -1 5 0 4 2 4 3 3 4 3 5 0 0 0 0 0 0 0 0 0 0 0 0 0 0 0 0 0 0 0 0 0 0 1 -6 3 -6 4 -6 5 -6 7 -6 7 -7 8 -7 9 -8 10 -8 10 -9 10 -9 10 -9 9 -8 9 -8 9 -6 9 -5 9 -3 11 -3 12 -2 14 -1 16 -1 19 -3 21 -4 22 -6 22 -8 22 -10
CSI_META: ts=3059391503 rssi=-31 noise_floor=-98 channel=6 secondary_channel=0 sig_mode=0 mcs=0 rate=9 cwb=0 sgi=0 stbc=0 ant=0 len=128 rx_state=0 seq=-1 tx_mac=52:40:27:94:0a:bb
CSI_DATA: 28 -64 1 0 1 -38 -2 -36 -3 -33 -5 -29 -5 -25 -4 -22 -2 -19 0 -18 2 -17 4 -17 5 -18 7 -18 8 -19 7 -20 7 -21 6 -19 5 -19 5 -18 4 -15 4 -14 4 -12 4 -10 5 -8 6 -6 7 -4 0 0 0 0 0 0 0 0 0 0 0 0 0 0 0 0 0 0 0 0 0 0 -11 -5 -9 -6 -7 -7 -6 -8 -4 -10 -3 -12 -2 -13 -1 -16 0 -19 0 -21 0 -24 -1 -25 -2 -25 -3 -25 -4 -24 -5 -24 -4 -22 -3 -21 -3 -19 1 -19 3 -19 5 -22 8 -25 9 -28 10 -32 9 -37
CSI_META: ts=3059481467 rssi=-30 noise_floor=-98 channel=6 secondary_channel=0 sig_mode=0 mcs=0 rate=9 cwb=0 sgi=0 stbc=0 ant=0 len=128 rx_state=0 seq=-1 tx_mac=52:40:27:94:0a:bb
CSI_DATA: 28 -64 1 0 13 -5 13 -4 13 -4 14 -3 14 -3 14 -4 15 -4 14 -5 13 -6 12 -7 12 -6 11 -6 9 -6 9 -5 8 -4 7 -3 7 -2 6 -1 6 0 6 1 6 1 6 2 6 3 6 3 6 4 0 0 0 0 0 0 0 0 0 0 0 0 0 0 0 0 0 0 0 0 0 0 3 -7 4 -7 5 -7 5 -7 5 -7 6 -7 6 -7 6 -7 7 -7 7 -6 7 -6 8 -5 8 -4 10 -3 10 -3 12 -2 13 -2 14 -3 15 -4 16 -5 16 -6 17 -7 16 -8 16 -9 15 -9 15 -9
CSI_META: ts=3060591828 rssi=-32 noise_floor=-98 channel=6 secondary_channel=0 sig_mode=0 mcs=0 rate=9 cwb=0 sgi=0 stbc=0 ant=0 len=128 rx_state=0 seq=-1 tx_mac=52:40:27:94:0a:bb
CSI_DATA: 28 -64 1 0 16 -27 14 -28 14 -30 11 -30 9 -30 6 -29 4 -27 2 -24 2 -22 2 -19 3 -16 4 -14 6 -12 8 -11 10 -11 11 -10 12 -10 13 -10 12 -10 12 -10 11 -9 11 -9 10 -7 10 -6 10 -5 0 0 0 0 0 0 0 0 0 0 0 0 0 0 0 0 0 0 0 0 0 0 -12 -9 -11 -10 -10 -10 -9 -10 -8 -10 -6 -11 -5 -11 -3 -11 -1 -12 1 -14 3 -16 5 -18 6 -20 7 -22 6 -24 6 -26 5 -27 3 -28 1 -27 0 -26 -1 -25 0 -23 2 -22 4 -21 7 -21 10 -23
CSI_META: ts=3061126036 rssi=-32 noise_floor=-98 channel=6 secondary_channel=0 sig_mode=0 mcs=0 rate=9 cwb=0 sgi=0 stbc=0 ant=0 len=128 rx_state=0 seq=-1 tx_mac=52:40:27:94:0a:bb
CSI_DATA: 28 -64 1 0 -24 -31 -24 -27 -24 -25 -23 -20 -21 -17 -19 -15 -15 -13 -12 -13 -10 -14 -8 -15 -8 -16 -7 -18 -7 -19 -7 -20 -7 -20 -8 -20 -7 -18 -7 -17 -7 -15 -6 -13 -5 -12 -4 -11 -2 -10 0 -9 3 -8 0 0 0 0 0 0 0 0 0 0 0 0 0 0 0 0 0 0 0 0 0 0 -12 4 -12 2 -11 0 -10 -2 -10 -4 -9 -6 -9 -8 -10 -11 -11 -14 -13 -16 -14 -18 -15 -19 -17 -19 -18 -18 -19 -17 -20 -17 -19 -15 -18 -15 -16 -14 -14 -14 -12 -16 -11 -19 -10 -23 -11 -26 -13 -29 -15 -32
CSI_META: ts=3061126199 rssi=-32 noise_floor=-98 channel=6 secondary_channel=0 sig_mode=0 mcs=0 rate=9 cwb=0 sgi=0 stbc=0 ant=0 len=128 rx_state=0 seq=-1 tx_mac=52:40:27:94:0a:bb
CSI_DATA: 28 -64 1 0 -22 6 -21 8 -18 8 -16 9 -14 7 -12 6 -11 5 -10 3 -10 2 -10 1 -11 0 -12 0 -13 -1 -13 -1 -14 0 -13 0 -12 1 -11 0 -10 0 -9 0 -8 -1 -7 -1 -6 -1 -5 -2 -4 -4 0 0 0 0 0 0 0 0 0 0 0 0 0 0 0 0 0 0 0 0 0 0 -1 7 -1 7 -3 6 -3 5 -4 4 -6 4 -7 3 -9 3 -10 2 -11 3 -13 4 -13 5 -14 6 -14 6 -14 7 -14 6 -13 7 -12 6 -12 5 -12 4 -12 3 -13 1 -14 1 -17 1 -19 2 -21 3
CSI_META: ts=3061367214 rssi=-31 noise_floor=-98 channel=6 secondary_channel=0 sig_mode=0 mcs=0 rate=9 cwb=0 sgi=0 stbc=0 ant=0 len=128 rx_state=0 seq=-1 tx_mac=52:40:27:94:0a:bb
CSI_DATA: 28 -64 1 0 -23 5 -21 6 -19 7 -17 7 -14 7 -13 6 -11 4 -10 3 -10 1 -10 0 -11 -1 -12 -2 -13 -2 -13 -2 -13 -1 -13 -1 -12 -1 -11 -1 -10 -1 -9 -1 -8 -1 -7 -1 -6 -2 -5 -3 -4 -4 0 0 0 0 0 0 0 0 0 0 0 0 0 0 0 0 0 0 0 0 0 0 -1 7 -2 6 -3 5 -4 4 -6 4 -6 3 -8 2 -9 2 -11 2 -13 2 -14 3 -14 4 -15 4 -15 5 -14 5 -13 6 -12 6 -12 5 -12 4 -12 3 -12 1 -14 0 -15 -1 -18 -1 -21 -1 -23 0
CSI_META: ts=3061427257 rssi=-31 noise_floor=-98 channel=6 secondary_channel=0 sig_mode=0 mcs=0 rate=9 cwb=0 sgi=0 stbc=0 ant=0 len=128 rx_state=0 seq=-1 tx_mac=52:40:27:94:0a:bb
CSI_DATA: 28 -64 1 0 -11 -15 -12 -15 -13 -16 -14 -15 -15 -13 -16 -11 -15 -10 -14 -8 -12 -7 -11 -6 -9 -5 -7 -5 -5 -6 -4 -7 -2 -8 -1 -9 -1 -9 -1 -10 0 -10 0 -10 0 -10 0 -10 0 -9 1 -8 1 -7 0 0 0 0 0 0 0 0 0 0 0 0 0 0 0 0 0 0 0 0 0 0 -6 7 -6 7 -6 6 -7 5 -6 4 -6 3 -6 2 -7 1 -7 -1 -8 -2 -8 -4 -10 -6 -11 -7 -12 -8 -14 -8 -15 -8 -16 -7 -17 -6 -17 -5 -17 -4 -16 -3 -15 -3 -13 -4 -12 -5 -11 -6 -10 -9
CSI_META: ts=3061649872 rssi=-31 noise_floor=-98 channel=6 secondary_channel=0 sig_mode=0 mcs=0 rate=9 cwb=0 sgi=0 stbc=0 ant=0 len=128 rx_state=0 seq=-1 tx_mac=52:40:27:94:0a:bb
CSI_DATA: 28 -64 1 0 -13 -14 -14 -14 -14 -14 -16 -12 -16 -11 -16 -9 -15 -8 -14 -6 -12 -5 -11 -5 -9 -5 -8 -5 -7 -6 -6 -7 -5 -8 -4 -8 -4 -9 -4 -9 -4 -9 -4 -9 -4 -9 -4 -8 -3 -8 -2 -8 -1 -7 0 0 0 0 0 0 0 0 0 0 0 0 0 0 0 0 0 0 0 0 0 0 -8 5 -8 4 -9 4 -9 3 -8 3 -8 2 -8 1 -7 0 -8 -1 -8 -3 -9 -5 -9 -6 -10 -7 -12 -8 -13 -9 -14 -9 -15 -8 -16 -8 -17 -6 -16 -5 -16 -5 -15 -4 -13 -5 -13 -6 -12 -7 -11 -9
CSI_META: ts=3062246225 rssi=-31 noise_floor=-98 channel=6 secondary_channel=0 sig_mode=0 mcs=0 rate=9 cwb=0 sgi=0 stbc=0 ant=0 len=128 rx_state=0 seq=-1 tx_mac=52:40:27:94:0a:bb
CSI_DATA: 28 -64 1 0 17 5 15 5 12 5 11 5 10 6 9 7 9 8 9 8 10 9 10 9 11 8 11 8 11 7 11 6 10 6 9 5 8 4 6 4 5 4 4 4 3 4 1 5 1 5 0 6 -2 6 0 0 0 0 0 0 0 0 0 0 0 0 0 0 0 0 0 0 0 0 0 0 5 -2 6 -1 6 0 7 1 8 1 8 2 9 2 10 3 11 3 11 3 12 3 11 3 11 3 10 3 10 4 9 5 8 6 8 7 9 8 10 10 12 11 14 12 15 12 17 12 19 11 20 10
CSI_META: ts=3062393068 rssi=-31 noise_floor=-98 channel=6 secondary_channel=0 sig_mode=0 mcs=0 rate=9 cwb=0 sgi=0 stbc=0 ant=0 len=128 rx_state=0 seq=-1 tx_mac=52:40:27:94:0a:bb
CSI_DATA: 28 -64 1 0 -23 2 -22 3 -19 4 -17 5 -15 5 -14 4 -12 3 -11 2 -10 1 -10 0 -11 -2 -11 -2 -12 -3 -12 -3 -12 -3 -12 -3 -11 -2 -11 -2 -9 -2 -9 -2 -9 -2 -8 -2 -6 -2 -6 -3 -4 -4 0 0 0 0 0 0 0 0 0 0 0 0 0 0 0 0 0 0 0 0 0 0 -3 6 -4 5 -5 4 -5 3 -6 2 -7 1 -8 1 -10 0 -11 1 -13 1 -14 1 -14 2 -15 2 -15 3 -14 3 -14 3 -13 3 -12 3 -12 2 -12 1 -12 -1 -14 -2 -15 -3 -17 -4 -20 -3 -21 -3
CSI_META: ts=3063884667 rssi=-30 noise_floor=-98 channel=6 secondary_channel=0 sig_mode=0 mcs=0 rate=9 cwb=0 sgi=0 stbc=0 ant=0 len=128 rx_state=0 seq=-1 tx_mac=52:40:27:94:0a:bb
CSI_DATA: 28 -64 1 0 10 -15 9 -13 8 -11 9 -8 9 -6 10 -6 11 -5 12 -5 13 -6 13 -7 13 -8 13 -8 11 -8 11 -9 9 -8 8 -7 7 -6 6 -5 5 -3 5 -2 5 0 5 1 5 2 5 3 5 4 0 0 0 0 0 0 0 0 0 0 0 0 0 0 0 0 0 0 0 0 0 0 -2 -6 0 -7 1 -8 2 -8 3 -9 4 -10 4 -10 4 -11 5 -12 5 -12 5 -12 5 -12 5 -11 5 -10 5 -9 6 -8 7 -7 10 -7 11 -7 13 -7 15 -9 16 -11 17 -13 17 -15 17 -16 15 -18
CSI_META: ts=3064007958 rssi=-31 noise_floor=-98 channel=6 secondary_channel=0 sig_mode=0 mcs=0 rate=9 cwb=0 sgi=0 stbc=0 ant=0 len=128 rx_state=0 seq=-1 tx_mac=52:40:27:94:0a:bb
CSI_DATA: 28 -64 1 0 24 16 20 14 17 15 13 13 10 15 9 16 8 18 8 19 8 22 10 22 11 21 12 21 13 19 13 18 12 16 11 14 8 11 6 10 4 9 2 8 0 8 -2 8 -4 8 -6 8 -8 8 0 0 0 0 0 0 0 0 0 0 0 0 0 0 0 0 0 0 0 0 0 0 9 -3 10 0 11 1 12 3 13 5 14 6 14 7 16 8 18 8 18 8 19 9 18 9 17 8 15 8 14 9 12 11 11 13 10 16 10 18 12 22 13 24 17 26 18 28 22 28 26 27 28 25
CSI_META: ts=3064704547 rssi=-31 noise_floor=-98 channel=6 secondary_channel=0 sig_mode=0 mcs=0 rate=9 cwb=0 sgi=0 stbc=0 ant=0 len=128 rx_state=0 seq=-1 tx_mac=52:40:27:94:0a:bb
CSI_DATA: 28 -64 1 0 18 -3 16 -2 13 -1 12 0 11 2 11 4 11 5 11 6 12 6 13 6 14 5 14 4 14 4 13 3 12 2 11 2 9 2 7 2 5 2 4 3 3 4 2 4 1 5 0 6 -1 7 0 0 0 0 0 0 0 0 0 0 0 0 0 0 0 0 0 0 0 0 0 0 2 -5 4 -5 6 -4 7 -4 8 -4 9 -3 10 -3 11 -4 12 -4 12 -5 12 -5 12 -5 11 -4 10 -4 10 -2 10 -1 10 1 11 3 12 4 14 5 16 6 19 5 21 5 23 3 24 2 24 -1
CSI_META: ts=3065299202 rssi=-32 noise_floor=-98 channel=6 secondary_channel=0 sig_mode=0 mcs=0 rate=9 cwb=0 sgi=0 stbc=0 ant=0 len=128 rx_state=0 seq=-1 tx_mac=52:40:27:94:0a:bb
CSI_DATA: 28 -64 1 0 3 -27 2 -28 1 -30 -1 -29 -3 -28 -5 -27 -6 -25 -6 -23 -6 -20 -6 -18 -4 -15 -2 -14 0 -12 3 -12 4 -12 6 -12 7 -12 7 -12 8 -12 8 -12 7 -12 7 -11 7 -10 8 -9 7 -7 0 0 0 0 0 0 0 0 0 0 0 0 0 0 0 0 0 0 0 0 0 0 -14 -2 -14 -4 -14 -4 -13 -4 -12 -5 -11 -5 -10 -6 -8 -7 -7 -9 -6 -11 -4 -13 -3 -16 -3 -18 -3 -20 -3 -22 -5 -24 -6 -25 -9 -25 -10 -24 -11 -23 -11 -22 -11 -20 -9 -20 -7 -19 -5 -19 -2 -21
CSI_META: ts=3066452355 rssi=-30 noise_floor=-98 channel=6 secondary_channel=0 sig_mode=0 mcs=0 rate=9 cwb=0 sgi=0 stbc=0 ant=0 len=128 rx_state=0 seq=-1 tx_mac=52:40:27:94:0a:bb
CSI_DATA: 28 -64 1 0 13 12 12 10 9 10 8 9 6 9 4 10 3 11 3 12 3 13 4 14 5 14 5 14 6 13 6 12 6 11 6 10 4 8 3 7 2 6 1 5 0 5 -2 5 -3 5 -4 4 -6 4 0 0 0 0 0 0 0 0 0 0 0 0 0 0 0 0 0 0 0 0 0 0 5 -1 6 1 6 2 7 3 7 4 8 5 8 6 9 6 10 7 11 7 11 7 11 7 10 6 9 6 8 7 6 8 5 9 4 10 4 12 5 14 6 16 8 17 9 19 12 20 14 19 15 18
CSI_META: ts=3066832772 rssi=-32 noise_floor=-98 channel=6 secondary_channel=0 sig_mode=0 mcs=0 rate=9 cwb=0 sgi=0 stbc=0 ant=0 len=128 rx_state=0 seq=-1 tx_mac=52:40:27:94:0a:bb
CSI_DATA: 28 -64 1 0 -18 13 -19 11 -21 11 -22 10 -23 11 -23 13 -23 15 -21 16 -20 17 -18 17 -16 16 -14 15 -12 13 -11 12 -10 9 -10 7 -10 4 -10 2 -10 1 -11 -1 -11 -2 -13 -3 -13 -4 -13 -5 -13 -6 0 0 0 0 0 0 0 0 0 0 0 0 0 0 0 0 0 0 0 0 0 0 2 13 1 13 0 14 0 14 -1 15 -1 15 -2 15 -2 14 -3 14 -5 13 -7 12 -9 12 -11 11 -13 10 -16 11 -19 12 -20 13 -21 16 -22 18 -21 21 -20 23 -19 24 -18 25 -17 25 -15 23 -14 21
CSI_META: ts=3067059037 rssi=-30 noise_floor=-98 channel=6 secondary_channel=0 sig_mode=0 mcs=0 rate=9 cwb=0 sgi=0 stbc=0 ant=0 len=128 rx_state=0 seq=-1 tx_mac=52:40:27:94:0a:bb
CSI_DATA: 28 -64 1 0 18 -3 16 -3 14 -2 13 -1 12 0 11 1 12 3 12 3 13 3 13 3 14 2 14 2 13 1 13 0 12 0 11 0 9 0 8 0 6 1 5 1 4 2 4 3 3 4 3 5 2 6 0 0 0 0 0 0 0 0 0 0 0 0 0 0 0 0 0 0 0 0 0 0 3 -5 5 -4 6 -3 7 -3 8 -2 9 -2 10 -2 11 -2 12 -2 12 -3 13 -3 12 -3 12 -3 11 -2 11 -2 10 0 10 1 11 2 12 3 14 5 16 5 18 5 20 4 21 3 23 1 23 -1
CSI_META: ts=3067059164 rssi=-30 noise_floor=-98 channel=6 secondary_channel=0 sig_mode=0 mcs=0 rate=9 cwb=0 sgi=0 stbc=0 ant=0 len=128 rx_state=0 seq=-1 tx_mac=52:40:27:94:0a:bb
CSI_DATA: 28 -64 1 0 -17 -9 -16 -8 -13 -8 -11 -8 -9 -8 -9 -9 -8 -10 -9 -11 -9 -11 -9 -12 -10 -12 -11 -11 -11 -10 -11 -9 -10 -8 -9 -7 -8 -7 -6 -6 -5 -5 -4 -5 -3 -6 -1 -6 -1 -6 1 -7 2 -7 0 0 0 0 0 0 0 0 0 0 0 0 0 0 0 0 0 0 0 0 0 0 -6 1 -7 -1 -7 -2 -8 -3 -8 -4 -9 -5 -10 -5 -10 -6 -12 -6 -12 -6 -12 -7 -12 -7 -11 -7 -11 -6 -11 -7 -9 -7 -9 -8 -8 -9 -9 -11 -9 -12 -10 -14 -13 -15 -13 -16 -15 -16 -17 -16 -19 -15
CSI_META: ts=3067059282 rssi=-31 noise_floor=-98 channel=6 secondary_channel=0 sig_mode=0 mcs=0 rate=9 cwb=0 sgi=0 stbc=0 ant=0 len=128 rx_state=0 seq=-1 tx_mac=52:40:27:94:0a:bb
CSI_DATA: 28 -64 1 0 -21 21 -19 20 -17 15 -18 13 -17 11 -18 10 -20 9 -21 9 -21 9 -23 10 -22 12 -20 13 -19 15 -16 13 -15 13 -12 11 -11 9 -11 6 -9 4 -10 2 -10 0 -11 -1 -12 -3 -12 -5 -13 -6 0 0 0 0 0 0 0 0 0 0 0 0 0 0 0 0 0 0 0 0 0 0 0 10 -3 9 -5 8 -7 8 -9 8 -12 9 -13 9 -15 11 -17 12 -17 13 -18 14 -18 14 -17 14 -16 14 -15 13 -15 11 -16 9 -17 8 -20 7 -23 8 -25 9 -28 10 -30 12 -33 15 -32 19 -32 22
CSI_META: ts=3067277106 rssi=-30 noise_floor=-98 channel=6 secondary_channel=0 sig_mode=0 mcs=0 rate=9 cwb=0 sgi=0 stbc=0 ant=0 len=128 rx_state=0 seq=-1 tx_mac=52:40:27:94:0a:bb
CSI_DATA: 28 -64 1 0 4 -18 4 -19 3 -20 2 -19 0 -19 -2 -18 -2 -16 -3 -14 -2 -13 -2 -11 -1 -9 1 -8 2 -8 3 -8 5 -8 5 -7 6 -8 6 -8 5 -8 5 -7 5 -7 5 -6 5 -6 5 -5 5 -3 0 0 0 0 0 0 0 0 0 0 0 0 0 0 0 0 0 0 0 0 0 0 -9 -3 -9 -3 -9 -4 -8 -4 -8 -4 -7 -4 -6 -5 -5 -5 -4 -6 -3 -7 -2 -9 -1 -10 0 -12 0 -13 -1 -15 -1 -16 -3 -17 -4 -17 -5 -17 -6 -16 -6 -15 -5 -14 -4 -13 -3 -13 0 -13 1 -14
CSI_META: ts=3068492633 rssi=-32 noise_floor=-98 channel=6 secondary_channel=0 sig_mode=0 mcs=0 rate=9 cwb=0 sgi=0 stbc=0 ant=0 len=128 rx_state=0 seq=-1 tx_mac=52:40:27:94:0a:bb
CSI_DATA: 28 -64 1 0 -28 -14 -29 -13 -30 -12 -31 -10 -31 -7 -30 -5 -27 -3 -24 -1 -22 -1 -19 -1 -16 -2 -15 -4 -13 -6 -12 -8 -11 -9 -11 -11 -11 -12 -11 -12 -10 -12 -10 -12 -10 -12 -10 -12 -9 -11 -7 -11 -5 -10 0 0 0 0 0 0 0 0 0 0 0 0 0 0 0 0 0 0 0 0 0 0 -8 12 -8 12 -9 11 -9 10 -10 9 -9 7 -10 5 -11 3 -12 2 -14 0 -16 -3 -18 -4 -20 -5 -23 -5 -25 -5 -27 -5 -27 -3 -28 -1 -28 1 -27 2 -25 2 -24 2 -22 0 -22 -2 -22 -5 -22 -8
CSI_META: ts=3068492796 rssi=-31 noise_floor=-98 channel=6 secondary_channel=0 sig_mode=0 mcs=0 rate=9 cwb=0 sgi=0 stbc=0 ant=0 len=128 rx_state=0 seq=-1 tx_mac=52:40:27:94:0a:bb
CSI_DATA: 28 -64 1 0 -14 12 -15 13 -13 14 -12 15 -11 15 -10 14 -8 14 -7 13 -5 12 -5 10 -4 9 -5 7 -6 6 -7 4 -7 4 -8 3 -9 3 -9 2 -9 2 -9 2 -9 2 -9 2 -9 2 -8 1 -8 0 0 0 0 0 0 0 0 0 0 0 0 0 0 0 0 0 0 0 0 0 0 0 6 6 5 6 4 6 3 6 2 6 1 6 0 6 -2 6 -3 7 -4 7 -5 9 -6 9 -7 11 -8 12 -8 13 -8 13 -8 15 -7 15 -6 15 -5 14 -4 14 -5 12 -5 12 -6 11 -7 11 -9 11
CSI_META: ts=3068492982 rssi=-31 noise_floor=-98 channel=6 secondary_channel=0 sig_mode=0 mcs=0 rate=9 cwb=0 sgi=0 stbc=0 ant=0 len=128 rx_state=0 seq=-1 tx_mac=52:40:27:94:0a:bb
CSI_DATA: 28 -64 1 0 -19 -5 -19 -4 -20 -4 -19 -3 -19 -1 -18 0 -16 1 -15 2 -14 2 -11 2 -10 0 -9 -1 -8 -2 -8 -3 -8 -4 -8 -5 -8 -6 -8 -6 -8 -6 -8 -6 -7 -6 -8 -6 -7 -6 -6 -6 -5 -6 0 0 0 0 0 0 0 0 0 0 0 0 0 0 0 0 0 0 0 0 0 0 -4 8 -4 7 -5 7 -5 6 -5 5 -5 4 -6 4 -6 2 -7 2 -9 0 -10 -1 -12 -1 -13 -1 -14 -1 -15 -1 -17 0 -17 1 -17 2 -16 3 -16 4 -15 3 -14 3 -14 2 -13 0 -14 -2 -14 -3
CSI_META: ts=3068808186 rssi=-31 noise_floor=-98 channel=6 secondary_channel=0 sig_mode=0 mcs=0 rate=9 cwb=0 sgi=0 stbc=0 ant=0 len=128 rx_state=0 seq=-1 tx_mac=52:40:27:94:0a:bb
CSI_DATA: 28 -64 1 0 -7 -18 -7 -18 -8 -19 -9 -18 -11 -16 -12 -15 -11 -13 -11 -11 -9 -10 -8 -9 -7 -8 -5 -8 -4 -8 -2 -9 -1 -9 0 -9 1 -10 0 -10 1 -10 1 -10 1 -10 1 -9 1 -8 1 -8 2 -7 0 0 0 0 0 0 0 0 0 0 0 0 0 0 0 0 0 0 0 0 0 0 -9 2 -9 2 -9 1 -9 1 -8 0 -8 -1 -7 -2 -7 -3 -6 -5 -6 -6 -6 -8 -7 -10 -7 -11 -8 -12 -9 -13 -11 -13 -11 -13 -13 -13 -13 -11 -13 -11 -13 -9 -12 -9 -10 -10 -9 -10 -7 -12 -6 -14
CSI_META: ts=3069030691 rssi=-31 noise_floor=-98 channel=6 secondary_channel=0 sig_mode=0 mcs=0 rate=9 cwb=0 sgi=0 stbc=0 ant=0 len=128 rx_state=0 seq=-1 tx_mac=52:40:27:94:0a:bb
CSI_DATA: 28 -64 1 0 -14 2 -14 1 -14 0 -15 -1 -16 -1 -17 0 -17 0 -17 2 -16 3 -15 4 -14 4 -12 4 -11 3 -10 3 -8 2 -8 0 -6 -1 -6 -2 -6 -3 -6 -4 -6 -5 -6 -6 -6 -6 -6 -7 -6 -7 0 0 0 0 0 0 0 0 0 0 0 0 0 0 0 0 0 0 0 0 0 0 -3 7 -4 7 -5 8 -5 8 -6 8 -5 8 -6 7 -6 7 -6 7 -7 6 -7 5 -8 4 -9 3 -10 2 -12 1 -13 1 -15 1 -16 2 -17 3 -18 4 -19 6 -18 7 -17 8 -16 8 -16 9 -14 8
CSI_META: ts=3069429660 rssi=-31 noise_floor=-98 channel=6 secondary_channel=0 sig_mode=0 mcs=0 rate=9 cwb=0 sgi=0 stbc=0 ant=0 len=128 rx_state=0 seq=-1 tx_mac=52:40:27:94:0a:bb
CSI_DATA: 28 -64 1 0 29 -4 24 -4 21 -1 19 1 17 3 17 5 18 8 18 9 20 9 21 9 22 8 23 7 22 6 21 4 19 3 18 3 14 2 12 3 9 3 7 4 6 6 4 7 3 8 1 10 -1 11 0 0 0 0 0 0 0 0 0 0 0 0 0 0 0 0 0 0 0 0 0 0 4 -8 6 -7 9 -7 11 -6 13 -5 14 -6 16 -5 17 -6 19 -6 20 -7 19 -7 18 -7 18 -7 17 -5 16 -3 15 -1 15 2 17 4 19 6 22 8 25 8 29 8 32 7 35 5 37 2 37 -1
CSI_META: ts=3069429941 rssi=-31 noise_floor=-98 channel=6 secondary_channel=0 sig_mode=0 mcs=0 rate=9 cwb=0 sgi=0 stbc=0 ant=0 len=128 rx_state=0 seq=-1 tx_mac=52:40:27:94:0a:bb
CSI_DATA: 28 -64 1 0 -3 -30 -3 -24 -1 -24 0 -19 3 -18 5 -17 8 -18 9 -18 10 -20 9 -21 9 -22 7 -22 6 -22 6 -23 4 -20 4 -19 3 -15 3 -14 4 -11 4 -9 4 -7 6 -6 7 -4 9 -3 10 -1 0 0 0 0 0 0 0 0 0 0 0 0 0 0 0 0 0 0 0 0 0 0 -7 -7 -6 -9 -5 -12 -4 -13 -4 -15 -4 -16 -4 -18 -5 -18 -5 -20 -6 -21 -6 -20 -5 -20 -4 -18 -3 -17 -1 -15 1 -17 4 -16 6 -19 8 -19 10 -23 11 -25 10 -29 10 -34 6 -36 4 -37 2 -37
CSI_META: ts=3069433617 rssi=-31 noise_floor=-98 channel=6 secondary_channel=0 sig_mode=0 mcs=0 rate=9 cwb=0 sgi=0 stbc=0 ant=0 len=128 rx_state=0 seq=-1 tx_mac=52:40:27:94:0a:bb
CSI_DATA: 28 -64 1 0 17 2 15 2 12 2 11 3 9 4 9 6 8 7 9 8 9 9 10 9 11 8 11 8 11 7 11 6 10 5 9 5 8 4 6 4 5 3 3 4 2 4 1 4 0 5 -1 5 -3 6 0 0 0 0 0 0 0 0 0 0 0 0 0 0 0 0 0 0 0 0 0 0 4 -4 5 -3 6 -3 7 -2 8 -1 9 -1 10 0 11 -1 12 -1 12 -1 12 -1 11 -1 11 -1 10 0 10 1 9 2 8 4 9 5 10 6 12 8 13 9 15 10 17 10 19 9 21 8 21 6
CSI_META: ts=3069433735 rssi=-31 noise_floor=-98 channel=6 secondary_channel=0 sig_mode=0 mcs=0 rate=9 cwb=0 sgi=0 stbc=0 ant=0 len=128 rx_state=0 seq=-1 tx_mac=52:40:27:94:0a:bb
CSI_DATA: 28 -64 1 0 16 -7 14 -5 12 -4 11 -2 11 0 11 1 12 2 12 2 14 3 14 2 14 1 14 0 13 0 13 -2 11 -2 10 -1 8 -1 7 0 5 1 4 1 4 3 3 4 3 5 2 6 2 7 0 0 0 0 0 0 0 0 0 0 0 0 0 0 0 0 0 0 0 0 0 0 1 -6 2 -5 4 -5 5 -4 7 -4 8 -4 9 -4 10 -5 11 -6 11 -6 12 -6 11 -6 11 -6 10 -5 9 -5 9 -3 9 -2 10 0 12 1 14 2 16 2 18 1 20 1 21 -1 22 -3 22 -5
CSI_META: ts=3069433844 rssi=-31 noise_floor=-98 channel=6 secondary_channel=0 sig_mode=0 mcs=0 rate=9 cwb=0 sgi=0 stbc=0 ant=0 len=128 rx_state=0 seq=-1 tx_mac=52:40:27:94:0a:bb
CSI_DATA: 28 -64 1 0 14 9 12 8 10 8 8 8 6 8 5 9 4 10 4 11 4 12 5 13 6 12 6 12 7 12 7 11 7 10 6 9 5 7 4 6 2 5 1 5 0 5 -1 4 -2 5 -4 5 -5 4 0 0 0 0 0 0 0 0 0 0 0 0 0 0 0 0 0 0 0 0 0 0 5 -1 6 0 6 1 7 2 8 3 8 3 9 4 10 4 11 4 11 5 11 5 10 5 9 4 9 5 8 5 6 6 6 8 5 9 6 11 6 13 7 15 9 16 11 17 13 17 15 16 16 15
CSI_META: ts=3069619025 rssi=-31 noise_floor=-98 channel=6 secondary_channel=0 sig_mode=0 mcs=0 rate=9 cwb=0 sgi=0 stbc=0 ant=0 len=128 rx_state=0 seq=-1 tx_mac=52:40:27:94:0a:bb
CSI_DATA: 28 -64 1 0 22 -2 20 -4 18 -4 16 -5 14 -5 12 -4 10 -3 9 -2 9 0 9 1 9 2 10 3 11 3 11 3 11 3 11 3 11 2 10 2 8 1 7 1 6 1 6 2 4 2 3 3 2 4 0 0 0 0 0 0 0 0 0 0 0 0 0 0 0 0 0 0 0 0 0 0 1 -8 1 -6 2 -6 3 -5 4 -4 5 -3 7 -2 8 -2 10 -2 11 -2 13 -2 13 -3 14 -3 14 -4 14 -5 13 -5 12 -5 11 -5 11 -3 11 -2 11 -1 12 1 14 2 16 4 19 3 21 3
CSI_META: ts=3069619170 rssi=-31 noise_floor=-98 channel=6 secondary_channel=0 sig_mode=0 mcs=0 rate=9 cwb=0 sgi=0 stbc=0 ant=0 len=128 rx_state=0 seq=-1 tx_mac=52:40:27:94:0a:bb
CSI_DATA: 28 -64 1 0 8 19 9 17 10 16 9 13 8 11 7 10 5 8 3 8 2 9 1 9 1 10 0 11 0 11 1 12 1 12 1 11 2 10 2 9 1 8 1 7 0 6 -1 5 -2 4 -3 4 -4 3 0 0 0 0 0 0 0 0 0 0 0 0 0 0 0 0 0 0 0 0 0 0 7 -2 7 0 6 0 5 1 5 2 4 4 3 5 3 7 4 8 4 10 5 12 6 12 6 13 7 12 8 12 8 11 8 10 7 10 6 9 5 10 4 10 3 12 1 14 2 16 3 18 4 21
CSI_META: ts=3069619333 rssi=-31 noise_floor=-98 channel=6 secondary_channel=0 sig_mode=0 mcs=0 rate=9 cwb=0 sgi=0 stbc=0 ant=0 len=128 rx_state=0 seq=-1 tx_mac=52:40:27:94:0a:bb
CSI_DATA: 28 -64 1 0 16 -15 14 -15 12 -15 10 -13 8 -12 7 -10 7 -9 7 -7 7 -6 8 -5 9 -4 10 -4 11 -4 11 -5 11 -5 11 -5 10 -5 9 -5 7 -4 7 -4 6 -3 5 -2 5 -1 4 0 4 2 0 0 0 0 0 0 0 0 0 0 0 0 0 0 0 0 0 0 0 0 0 0 -4 -7 -3 -7 -1 -7 0 -6 1 -6 2 -6 4 -6 5 -7 7 -7 8 -8 9 -9 10 -10 10 -11 9 -12 9 -12 8 -12 7 -12 7 -11 7 -10 8 -8 8 -7 11 -7 12 -7 15 -7 17 -8 18 -10
CSI_META: ts=3069848235 rssi=-32 noise_floor=-98 channel=6 secondary_channel=0 sig_mode=0 mcs=0 rate=9 cwb=0 sgi=0 stbc=0 ant=0 len=128 rx_state=0 seq=-1 tx_mac=52:40:27:94:0a:bb
CSI_DATA: 28 -64 1 0 -13 14 -15 13 -18 12 -19 12 -21 13 -22 14 -22 16 -21 18 -18 19 -16 19 -14 18 -12 16 -11 14 -10 11 -9 8 -9 6 -9 3 -10 1 -10 -1 -11 -3 -12 -4 -13 -5 -13 -5 -13 -6 -12 -7 0 0 0 0 0 0 0 0 0 0 0 0 0 0 0 0 0 0 0 0 0 0 7 9 6 11 6 12 6 13 5 14 5 14 5 14 5 14 4 15 3 14 1 13 -1 13 -4 12 -7 12 -10 13 -13 15 -14 17 -16 20 -16 22 -16 25 -14 27 -12 29 -10 29 -9 28 -7 27 -6 24
CSI_META: ts=3069848380 rssi=-31 noise_floor=-98 channel=6 secondary_channel=0 sig_mode=0 mcs=0 rate=9 cwb=0 sgi=0 stbc=0 ant=0 len=128 rx_state=0 seq=-1 tx_mac=52:40:27:94:0a:bb
CSI_DATA: 28 -64 1 0 -11 -5 -11 -7 -10 -9 -11 -10 -12 -10 -13 -11 -14 -10 -14 -9 -14 -8 -14 -7 -14 -6 -12 -5 -10 -4 -9 -3 -7 -4 -6 -4 -4 -5 -3 -6 -2 -6 -2 -7 -1 -8 -1 -8 0 -9 0 -9 1 -9 0 0 0 0 0 0 0 0 0 0 0 0 0 0 0 0 0 0 0 0 0 0 -6 4 -7 4 -8 4 -8 4 -9 4 -9 4 -9 4 -9 4 -9 3 -9 3 -9 2 -8 0 -8 -2 -9 -3 -9 -5 -10 -6 -12 -7 -14 -8 -16 -7 -17 -6 -19 -5 -19 -4 -19 -3 -18 -2 -17 -2 -16 -2
CSI_META: ts=3069848525 rssi=-31 noise_floor=-98 channel=6 secondary_channel=0 sig_mode=0 mcs=0 rate=9 cwb=0 sgi=0 stbc=0 ant=0 len=128 rx_state=0 seq=-1 tx_mac=52:40:27:94:0a:bb
CSI_DATA: 28 -64 1 0 1 -12 3 -12 5 -12 6 -13 6 -14 6 -15 5 -16 4 -17 3 -16 1 -16 1 -14 0 -13 0 -12 1 -9 1 -8 2 -6 3 -5 4 -4 5 -3 6 -3 6 -3 7 -2 7 -2 8 -2 8 -1 0 0 0 0 0 0 0 0 0 0 0 0 0 0 0 0 0 0 0 0 0 0 -7 -3 -8 -5 -7 -6 -8 -6 -7 -6 -8 -7 -7 -7 -7 -7 -7 -7 -6 -7 -5 -7 -4 -8 -2 -8 -1 -9 1 -11 1 -12 2 -14 2 -15 1 -18 0 -18 -2 -19 -3 -20 -4 -18 -5 -18 -5 -17 -4 -16
CSI_META: ts=3069852123 rssi=-32 noise_floor=-98 channel=6 secondary_channel=0 sig_mode=0 mcs=0 rate=9 cwb=0 sgi=0 stbc=0 ant=0 len=128 rx_state=0 seq=-1 tx_mac=52:40:27:94:0a:bb
CSI_DATA: 28 -64 1 0 0 19 -3 19 -6 21 -7 22 -7 23 -6 25 -4 26 -3 27 -1 26 1 24 2 22 2 19 2 16 0 14 -1 12 -3 9 -5 8 -7 7 -8 6 -10 6 -11 6 -12 6 -13 5 -13 5 -13 4 0 0 0 0 0 0 0 0 0 0 0 0 0 0 0 0 0 0 0 0 0 0 10 3 11 4 12 6 12 7 13 7 13 8 13 8 13 8 12 9 11 9 10 10 7 11 5 11 3 13 1 15 -1 19 -1 22 0 25 2 26 4 29 7 29 9 29 11 29 12 28 12 25 11 23
CSI_META: ts=3069852268 rssi=-31 noise_floor=-98 channel=6 secondary_channel=0 sig_mode=0 mcs=0 rate=9 cwb=0 sgi=0 stbc=0 ant=0 len=128 rx_state=0 seq=-1 tx_mac=52:40:27:94:0a:bb
CSI_DATA: 28 -64 1 0 -11 5 -12 3 -13 3 -14 2 -16 2 -16 3 -16 4 -16 5 -15 6 -14 7 -12 7 -11 6 -9 5 -8 4 -7 3 -7 1 -6 -1 -6 -2 -6 -3 -6 -4 -7 -5 -7 -6 -7 -6 -7 -6 -6 -6 0 0 0 0 0 0 0 0 0 0 0 0 0 0 0 0 0 0 0 0 0 0 1 6 0 7 0 8 -1 8 -1 9 -1 9 -1 9 -1 9 -1 9 -2 9 -3 8 -4 7 -5 6 -7 5 -9 5 -11 5 -12 6 -14 7 -15 9 -15 10 -15 12 -14 13 -13 14 -12 14 -11 13 -10 12
CSI_META: ts=3069852395 rssi=-31 noise_floor=-98 channel=6 secondary_channel=0 sig_mode=0 mcs=0 rate=9 cwb=0 sgi=0 stbc=0 ant=0 len=128 rx_state=0 seq=-1 tx_mac=52:40:27:94:0a:bb
CSI_DATA: 28 -64 1 0 10 5 9 7 8 9 9 10 10 11 11 11 12 10 12 10 13 8 13 7 12 5 10 4 9 4 7 4 5 4 4 5 2 5 1 6 0 6 -1 7 -1 7 -1 8 -2 8 -2 8 -3 7 0 0 0 0 0 0 0 0 0 0 0 0 0 0 0 0 0 0 0 0 0 0 4 -5 5 -5 6 -5 7 -5 8 -5 8 -5 8 -5 8 -5 9 -4 8 -4 8 -3 8 -2 7 0 8 1 8 3 9 5 11 6 12 7 14 6 16 6 17 5 19 4 18 3 18 2 17 1 15 1
CSI_META: ts=3070016914 rssi=-31 noise_floor=-98 channel=6 secondary_channel=0 sig_mode=0 mcs=0 rate=9 cwb=0 sgi=0 stbc=0 ant=0 len=128 rx_state=0 seq=-1 tx_mac=52:40:27:94:0a:bb
CSI_DATA: 28 -64 1 0 28 -9 23 -8 20 -5 19 -3 18 0 18 2 18 4 19 5 21 5 22 4 23 3 23 2 22 1 21 -1 19 -1 18 -1 14 -1 12 0 10 1 8 2 7 4 6 5 5 7 4 8 2 10 0 0 0 0 0 0 0 0 0 0 0 0 0 0 0 0 0 0 0 0 0 0 4 -8 6 -7 9 -7 10 -7 12 -7 14 -7 15 -7 16 -8 18 -9 18 -9 18 -9 17 -9 17 -9 16 -7 16 -5 15 -3 15 -1 18 1 20 3 23 4 26 4 30 3 33 2 35 -1 36 -3 35 -7
CSI_META: ts=3070274932 rssi=-31 noise_floor=-98 channel=6 secondary_channel=0 sig_mode=0 mcs=0 rate=9 cwb=0 sgi=0 stbc=0 ant=0 len=128 rx_state=0 seq=-1 tx_mac=52:40:27:94:0a:bb
CSI_DATA: 28 -64 1 0 9 -10 10 -8 12 -8 13 -8 14 -8 14 -9 14 -10 13 -11 12 -12 11 -12 9 -12 8 -11 7 -10 6 -9 6 -7 6 -5 6 -4 6 -2 6 -1 6 0 7 0 7 1 7 2 7 3 7 3 0 0 0 0 0 0 0 0 0 0 0 0 0 0 0 0 0 0 0 0 0 0 -3 -9 -2 -9 -2 -10 -1 -10 -1 -10 -1 -10 -1 -10 0 -10 0 -10 1 -9 2 -9 4 -8 5 -8 7 -8 8 -8 10 -9 11 -10 12 -12 13 -13 13 -15 12 -16 11 -17 10 -18 9 -17 8 -16 8 -15
CSI_META: ts=3071228081 rssi=-31 noise_floor=-98 channel=6 secondary_channel=0 sig_mode=0 mcs=0 rate=9 cwb=0 sgi=0 stbc=0 ant=0 len=128 rx_state=0 seq=-1 tx_mac=52:40:27:94:0a:bb
CSI_DATA: 28 -64 1 0 -28 3 -29 4 -29 5 -28 7 -27 9 -25 10 -22 11 -19 11 -17 10 -15 9 -14 7 -13 5 -13 2 -13 1 -13 -1 -14 -2 -14 -3 -14 -4 -14 -3 -14 -4 -13 -4 -13 -4 -12 -4 -11 -5 -10 -5 0 0 0 0 0 0 0 0 0 0 0 0 0 0 0 0 0 0 0 0 0 0 -1 13 -2 13 -3 12 -4 11 -4 10 -5 10 -6 8 -8 7 -9 6 -12 6 -15 5 -17 4 -19 5 -21 6 -22 7 -23 8 -23 10 -23 12 -22 13 -21 13 -19 13 -18 12 -18 10 -19 8 -20 6 -21 5
CSI_META: ts=3071228234 rssi=-31 noise_floor=-98 channel=6 secondary_channel=0 sig_mode=0 mcs=0 rate=9 cwb=0 sgi=0 stbc=0 ant=0 len=128 rx_state=0 seq=-1 tx_mac=52:40:27:94:0a:bb
CSI_DATA: 28 -64 1 0 -19 -4 -21 -4 -19 -2 -20 -1 -19 0 -19 1 -17 2 -15 3 -13 3 -11 3 -11 2 -10 1 -9 -1 -8 -3 -9 -4 -9 -4 -9 -5 -9 -6 -8 -5 -9 -5 -8 -6 -8 -5 -8 -5 -7 -5 -6 -5 0 0 0 0 0 0 0 0 0 0 0 0 0 0 0 0 0 0 0 0 0 0 -3 8 -4 8 -4 7 -5 7 -5 5 -5 5 -6 4 -7 3 -7 2 -9 2 -10 1 -12 1 -13 0 -15 0 -16 0 -17 0 -18 2 -17 3 -17 4 -16 4 -16 5 -15 3 -13 4 -14 3 -14 1 -15 -1
CSI_META: ts=3071228397 rssi=-31 noise_floor=-98 channel=6 secondary_channel=0 sig_mode=0 mcs=0 rate=9 cwb=0 sgi=0 stbc=0 ant=0 len=128 rx_state=0 seq=-1 tx_mac=52:40:27:94:0a:bb
CSI_DATA: 28 -64 1 0 7 14 9 15 9 14 11 13 11 12 11 11 11 9 10 8 9 6 8 5 7 5 6 5 4 6 3 6 2 7 2 7 1 8 1 8 1 8 1 8 0 8 1 7 1 7 0 7 -1 6 0 0 0 0 0 0 0 0 0 0 0 0 0 0 0 0 0 0 0 0 0 0 7 -4 8 -3 7 -2 7 -2 6 -1 6 0 5 1 6 2 5 3 6 4 6 6 7 7 7 8 8 9 9 10 9 10 11 11 11 9 13 8 12 8 12 7 11 7 10 6 9 7 8 8 8 11
CSI_META: ts=3072289327 rssi=-33 noise_floor=-98 channel=6 secondary_channel=0 sig_mode=0 mcs=0 rate=9 cwb=0 sgi=0 stbc=0 ant=0 len=128 rx_state=0 seq=-1 tx_mac=52:40:27:94:0a:bb
CSI_DATA: 28 -64 1 0 3 29 4 29 5 29 7 27 8 26 9 23 9 22 8 20 8 18 7 17 6 15 4 15 3 15 2 15 1 16 0 15 0 15 0 14 -1 13 -1 13 -1 13 -1 12 -2 11 -3 10 -5 9 0 0 0 0 0 0 0 0 0 0 0 0 0 0 0 0 0 0 0 0 0 0 11 7 11 8 10 8 9 9 8 10 7 10 6 11 5 12 4 13 2 14 1 17 0 18 0 20 0 21 1 23 2 24 3 25 4 25 6 24 6 25 6 24 7 23 5 25 5 24 4 25 4 27
CSI_META: ts=3072702176 rssi=-30 noise_floor=-98 channel=6 secondary_channel=0 sig_mode=0 mcs=0 rate=9 cwb=0 sgi=0 stbc=0 ant=0 len=128 rx_state=0 seq=-1 tx_mac=52:40:27:94:0a:bb
CSI_DATA: 28 -64 1 0 13 -5 15 0 19 4 21 6 25 7 27 6 29 5 28 2 29 1 27 -1 24 -2 20 -3 17 -2 14 -2 11 0 7 3 4 4 2 7 0 8 -1 10 -3 12 -3 13 -4 14 -5 14 -6 13 0 0 0 0 0 0 0 0 0 0 0 0 0 0 0 0 0 0 0 0 0 0 -11 -7 -12 -9 -13 -12 -13 -12 -13 -13 -13 -13 -12 -13 -11 -13 -10 -13 -8 -12 -5 -11 -1 -10 3 -10 7 -10 11 -11 15 -12 18 -14 21 -18 22 -21 23 -24 22 -27 20 -28 18 -29 16 -28 14 -25 12 -21
CSI_META: ts=3073248671 rssi=-31 noise_floor=-98 channel=6 secondary_channel=0 sig_mode=0 mcs=0 rate=9 cwb=0 sgi=0 stbc=0 ant=0 len=128 rx_state=0 seq=-1 tx_mac=52:40:27:94:0a:bb
CSI_DATA: 28 -64 1 0 20 -11 18 -11 15 -11 13 -10 10 -9 9 -7 8 -5 7 -3 7 -1 7 1 8 3 9 4 10 5 11 5 11 5 11 5 11 4 10 3 8 3 8 2 6 2 5 2 4 3 2 3 1 3 0 0 0 0 0 0 0 0 0 0 0 0 0 0 0 0 0 0 0 0 0 0 -5 -3 -3 -4 -2 -5 0 -5 1 -6 2 -7 4 -8 5 -9 6 -11 7 -12 7 -13 7 -14 6 -14 6 -14 5 -13 4 -12 4 -10 4 -8 5 -7 7 -5 9 -3 12 -3 14 -2 17 -3 20 -4 22 -6
CSI_META: ts=3073305440 rssi=-31 noise_floor=-98 channel=6 secondary_channel=0 sig_mode=0 mcs=0 rate=9 cwb=0 sgi=0 stbc=0 ant=0 len=128 rx_state=0 seq=-1 tx_mac=52:40:27:94:0a:bb
CSI_DATA: 28 -64 1 0 16 11 18 11 19 10 19 8 19 6 18 4 16 3 14 2 12 1 10 1 8 2 6 3 5 5 3 6 3 8 3 9 2 9 2 9 2 9 2 9 2 9 2 8 1 8 0 7 -1 6 0 0 0 0 0 0 0 0 0 0 0 0 0 0 0 0 0 0 0 0 0 0 -1 -10 0 -10 0 -9 1 -9 1 -8 2 -6 3 -5 4 -4 6 -3 8 -2 10 -1 11 0 13 0 15 0 16 -1 17 -2 17 -3 17 -4 17 -5 15 -5 14 -5 13 -4 11 -2 11 1 11 3 12 7
CSI_META: ts=3073474092 rssi=-32 noise_floor=-98 channel=6 secondary_channel=0 sig_mode=0 mcs=0 rate=9 cwb=0 sgi=0 stbc=0 ant=0 len=128 rx_state=0 seq=-1 tx_mac=52:40:27:94:0a:bb
CSI_DATA: 28 -64 1 0 -12 3 -13 1 -13 -1 -15 -2 -16 -2 -18 -2 -18 -1 -18 0 -18 1 -16 2 -15 3 -14 3 -12 3 -10 2 -9 1 -7 0 -6 -2 -5 -3 -5 -4 -4 -5 -4 -7 -4 -7 -4 -8 -3 -9 -3 -9 0 0 0 0 0 0 0 0 0 0 0 0 0 0 0 0 0 0 0 0 0 0 0 7 0 8 -1 9 -1 10 -2 10 -2 10 -2 10 -2 10 -2 9 -3 8 -4 7 -5 6 -7 5 -8 4 -10 3 -12 3 -14 3 -16 5 -18 6 -19 8 -19 10 -18 11 -17 12 -16 12 -15 12 -13 11
CSI_META: ts=3073725797 rssi=-31 noise_floor=-98 channel=6 secondary_channel=0 sig_mode=0 mcs=0 rate=9 cwb=0 sgi=0 stbc=0 ant=0 len=128 rx_state=0 seq=-1 tx_mac=52:40:27:94:0a:bb
CSI_DATA: 28 -64 1 0 7 -21 5 -20 3 -20 2 -17 1 -16 1 -14 1 -13 1 -12 2 -11 3 -10 4 -10 5 -10 5 -10 6 -11 6 -11 5 -10 5 -10 4 -9 4 -9 4 -8 4 -7 3 -6 4 -5 4 -4 4 -3 0 0 0 0 0 0 0 0 0 0 0 0 0 0 0 0 0 0 0 0 0 0 -5 -6 -4 -6 -3 -6 -2 -6 -1 -7 1 -7 2 -8 3 -9 3 -10 4 -11 4 -12 4 -13 4 -14 4 -14 3 -14 2 -14 2 -14 2 -13 2 -12 3 -12 4 -12 6 -12 7 -13 8 -14 9 -16 10 -18
CSI_META: ts=3073950573 rssi=-31 noise_floor=-98 channel=6 secondary_channel=0 sig_mode=0 mcs=0 rate=9 cwb=0 sgi=0 stbc=0 ant=0 len=128 rx_state=0 seq=-1 tx_mac=52:40:27:94:0a:bb
CSI_DATA: 28 -64 1 0 -22 1 -21 -1 -21 -4 -22 -5 -23 -5 -24 -5 -24 -4 -25 -3 -25 -1 -24 1 -23 2 -22 2 -19 2 -17 2 -15 1 -13 -1 -11 -2 -10 -4 -9 -5 -8 -6 -8 -8 -8 -9 -8 -10 -7 -11 -6 -11 0 0 0 0 0 0 0 0 0 0 0 0 0 0 0 0 0 0 0 0 0 0 -8 8 -9 8 -11 8 -12 8 -12 8 -13 8 -13 8 -13 8 -13 8 -14 7 -14 5 -14 4 -14 2 -15 0 -16 -2 -19 -3 -21 -4 -23 -4 -26 -3 -28 -2 -30 0 -30 2 -30 4 -30 6 -28 7 -26 7
CSI_META: ts=3074124685 rssi=-29 noise_floor=-98 channel=6 secondary_channel=0 sig_mode=0 mcs=0 rate=9 cwb=0 sgi=0 stbc=0 ant=0 len=128 rx_state=0 seq=-1 tx_mac=52:40:27:94:0a:bb
CSI_DATA: 28 -64 1 0 -23 -2 -22 0 -20 1 -18 1 -16 2 -15 2 -13 1 -12 0 -11 -1 -11 -2 -12 -3 -12 -4 -12 -4 -13 -4 -13 -4 -13 -4 -12 -3 -11 -3 -10 -2 -9 -2 -8 -3 -7 -3 -6 -3 -5 -4 -4 -5 0 0 0 0 0 0 0 0 0 0 0 0 0 0 0 0 0 0 0 0 0 0 -5 5 -5 4 -6 3 -6 2 -7 1 -7 0 -8 -1 -9 -2 -11 -2 -13 -3 -13 -3 -14 -3 -15 -2 -15 -2 -15 -1 -15 0 -14 0 -14 0 -13 -1 -13 -2 -13 -3 -14 -4 -15 -5 -17 -6 -19 -7 -21 -6
CSI_META: ts=3074248173 rssi=-30 noise_floor=-98 channel=6 secondary_channel=0 sig_mode=0 mcs=0 rate=9 cwb=0 sgi=0 stbc=0 ant=0 len=128 rx_state=0 seq=-1 tx_mac=52:40:27:94:0a:bb
CSI_DATA: 28 -64 1 0 -1 -24 -3 -22 -4 -21 -5 -19 -6 -16 -5 -15 -4 -13 -3 -12 -1 -11 0 -11 1 -11 2 -11 3 -12 3 -13 3 -13 2 -13 2 -12 2 -12 2 -10 1 -9 1 -9 2 -8 2 -6 3 -5 4 -4 0 0 0 0 0 0 0 0 0 0 0 0 0 0 0 0 0 0 0 0 0 0 -8 -3 -7 -3 -6 -4 -5 -5 -4 -6 -3 -6 -2 -8 -1 -9 -1 -11 -1 -12 -1 -14 -1 -15 -2 -15 -3 -16 -4 -16 -4 -15 -4 -15 -4 -14 -4 -13 -2 -13 -1 -13 0 -13 2 -15 3 -17 3 -19 3 -22
CSI_META: ts=3074329589 rssi=-30 noise_floor=-98 channel=6 secondary_channel=0 sig_mode=0 mcs=0 rate=9 cwb=0 sgi=0 stbc=0 ant=0 len=128 rx_state=0 seq=-1 tx_mac=52:40:27:94:0a:bb
CSI_DATA: 28 -64 1 0 -13 2 -13 0 -13 -1 -14 -2 -15 -3 -16 -2 -17 -1 -16 0 -16 1 -16 2 -15 2 -13 2 -12 2 -10 2 -9 1 -7 0 -6 -2 -6 -3 -5 -4 -5 -5 -5 -6 -5 -7 -5 -7 -5 -8 -4 -8 0 0 0 0 0 0 0 0 0 0 0 0 0 0 0 0 0 0 0 0 0 0 -3 6 -4 7 -4 7 -5 7 -5 8 -5 7 -5 8 -6 7 -6 7 -6 6 -7 5 -7 4 -8 3 -9 2 -10 1 -12 0 -13 0 -15 1 -17 2 -18 4 -18 5 -18 6 -18 7 -17 8 -16 8 -14 7
CSI_META: ts=3074696376 rssi=-31 noise_floor=-98 channel=6 secondary_channel=0 sig_mode=0 mcs=0 rate=9 cwb=0 sgi=0 stbc=0 ant=0 len=128 rx_state=0 seq=-1 tx_mac=52:40:27:94:0a:bb
CSI_DATA: 28 -64 1 0 -12 29 -10 30 -10 33 -6 32 -4 31 -2 29 0 27 1 24 1 21 1 18 -1 15 -3 13 -5 12 -7 12 -10 12 -12 11 -12 11 -13 11 -12 11 -12 11 -12 10 -11 10 -11 9 -10 7 -11 5 0 0 0 0 0 0 0 0 0 0 0 0 0 0 0 0 0 0 0 0 0 0 13 5 13 6 12 6 11 6 10 7 8 8 6 9 5 9 3 11 1 13 -1 15 -2 18 -3 20 -3 22 -2 25 -1 26 0 27 2 28 4 27 5 26 5 24 5 22 2 22 0 21 -3 21 -6 23
CSI_META: ts=3074866394 rssi=-31 noise_floor=-98 channel=6 secondary_channel=0 sig_mode=0 mcs=0 rate=9 cwb=0 sgi=0 stbc=0 ant=0 len=128 rx_state=0 seq=-1 tx_mac=52:40:27:94:0a:bb
CSI_DATA: 28 -64 1 0 21 -22 18 -19 16 -16 16 -12 16 -9 18 -7 19 -5 20 -6 22 -6 23 -7 23 -8 23 -9 21 -10 20 -11 17 -11 16 -9 13 -7 11 -6 10 -4 9 -2 8 0 8 2 8 4 8 6 7 8 0 0 0 0 0 0 0 0 0 0 0 0 0 0 0 0 0 0 0 0 0 0 -1 -10 2 -10 4 -11 6 -11 8 -12 9 -13 10 -14 12 -15 12 -16 13 -17 13 -18 12 -17 12 -16 12 -15 12 -13 12 -11 14 -9 16 -8 20 -7 23 -7 26 -8 29 -11 31 -14 32 -17 32 -20 30 -24
CSI_META: ts=3075524314 rssi=-32 noise_floor=-98 channel=6 secondary_channel=0 sig_mode=0 mcs=0 rate=9 cwb=0 sgi=0 stbc=0 ant=0 len=128 rx_state=0 seq=-1 tx_mac=52:40:27:94:0a:bb
CSI_DATA: 28 -64 1 0 -16 -12 -17 -11 -18 -11 -19 -10 -19 -8 -19 -7 -17 -5 -15 -3 -14 -3 -12 -3 -10 -3 -8 -4 -7 -5 -6 -7 -5 -8 -5 -9 -5 -10 -5 -10 -4 -9 -4 -10 -4 -9 -4 -9 -3 -8 -3 -8 -2 -7 0 0 0 0 0 0 0 0 0 0 0 0 0 0 0 0 0 0 0 0 0 0 -5 8 -5 8 -6 7 -6 6 -6 6 -6 5 -6 4 -7 2 -7 1 -9 -1 -10 -2 -11 -4 -13 -4 -14 -5 -15 -4 -17 -4 -18 -3 -18 -2 -18 -1 -18 0 -17 0 -15 0 -14 -1 -13 -2 -13 -4 -13 -7
CSI_META: ts=3075951678 rssi=-32 noise_floor=-98 channel=6 secondary_channel=0 sig_mode=0 mcs=0 rate=9 cwb=0 sgi=0 stbc=0 ant=0 len=128 rx_state=0 seq=-1 tx_mac=52:40:27:94:0a:bb
CSI_DATA: 28 -64 1 0 -15 26 -14 28 -12 29 -10 29 -7 29 -5 28 -3 26 -1 24 -1 21 -1 18 -2 15 -4 13 -5 12 -7 11 -9 11 -11 10 -11 9 -12 9 -12 9 -12 9 -12 9 -12 8 -11 8 -11 6 -11 4 0 0 0 0 0 0 0 0 0 0 0 0 0 0 0 0 0 0 0 0 0 0 12 7 11 8 10 8 9 8 8 8 7 9 5 9 3 10 1 12 -1 13 -3 15 -5 18 -6 19 -6 22 -6 24 -5 25 -3 27 -2 27 0 26 1 25 2 24 2 23 -1 22 -3 20 -5 20 -9 22
CSI_META: ts=3076310222 rssi=-31 noise_floor=-98 channel=6 secondary_channel=0 sig_mode=0 mcs=0 rate=9 cwb=0 sgi=0 stbc=0 ant=0 len=128 rx_state=0 seq=-1 tx_mac=52:40:27:94:0a:bb
CSI_DATA: 28 -64 1 0 -2 17 -2 14 -3 13 -4 10 -5 9 -7 9 -8 9 -9 10 -9 11 -9 12 -9 12 -7 12 -7 12 -5 13 -5 11 -4 10 -4 8 -4 6 -4 5 -4 3 -5 2 -6 1 -7 0 -7 -1 -8 -2 0 0 0 0 0 0 0 0 0 0 0 0 0 0 0 0 0 0 0 0 0 0 3 4 2 5 1 6 1 7 1 8 0 9 0 10 1 11 1 12 1 12 1 12 1 12 0 11 0 10 -1 9 -3 9 -4 9 -6 10 -7 10 -9 12 -9 14 -9 17 -9 19 -8 20 -6 21 -4 22
CSI_META: ts=3076469834 rssi=-32 noise_floor=-98 channel=6 secondary_channel=0 sig_mode=0 mcs=0 rate=9 cwb=0 sgi=0 stbc=0 ant=0 len=128 rx_state=0 seq=-1 tx_mac=52:40:27:94:0a:bb
CSI_DATA: 28 -64 1 0 35 -10 32 -12 29 -13 25 -13 22 -12 19 -11 17 -8 15 -6 16 -4 16 -2 17 0 18 1 20 2 20 1 20 1 21 1 19 0 17 -1 15 -1 14 0 12 0 11 1 9 2 7 3 5 5 0 0 0 0 0 0 0 0 0 0 0 0 0 0 0 0 0 0 0 0 0 0 0 -12 2 -10 4 -9 5 -8 7 -7 9 -6 11 -5 13 -6 16 -6 19 -6 20 -7 21 -8 22 -9 21 -10 21 -11 19 -11 18 -10 18 -10 17 -8 18 -5 18 -3 21 -2 24 0 28 0 32 -1 34 -3
CSI_META: ts=3076479497 rssi=-31 noise_floor=-98 channel=6 secondary_channel=0 sig_mode=0 mcs=0 rate=9 cwb=0 sgi=0 stbc=0 ant=0 len=128 rx_state=0 seq=-1 tx_mac=52:40:27:94:0a:bb
CSI_DATA: 28 -64 1 0 22 -1 21 -2 18 -3 17 -4 15 -4 13 -4 12 -3 10 -2 10 0 10 1 10 2 10 2 11 3 11 3 11 3 12 3 11 2 10 2 9 1 8 2 7 2 6 2 5 3 4 3 3 4 0 0 0 0 0 0 0 0 0 0 0 0 0 0 0 0 0 0 0 0 0 0 2 -7 3 -6 4 -5 5 -4 6 -3 6 -2 7 -2 9 -2 10 -1 12 -1 13 -1 13 -2 14 -2 14 -3 14 -3 13 -3 12 -3 12 -3 12 -2 12 0 12 0 13 2 14 3 17 4 19 4 21 3
CSI_META: ts=3076610359 rssi=-30 noise_floor=-98 channel=6 secondary_channel=0 sig_mode=0 mcs=0 rate=9 cwb=0 sgi=0 stbc=0 ant=0 len=128 rx_state=0 seq=-1 tx_mac=52:40:27:94:0a:bb
CSI_DATA: 28 -64 1 0 -14 -5 -13 -6 -12 -8 -13 -9 -14 -9 -15 -9 -16 -9 -16 -8 -16 -6 -16 -5 -15 -4 -14 -3 -12 -3 -10 -3 -8 -4 -7 -5 -6 -5 -4 -6 -3 -7 -3 -8 -3 -9 -3 -9 -3 -9 -2 -9 -2 -9 0 0 0 0 0 0 0 0 0 0 0 0 0 0 0 0 0 0 0 0 0 0 -6 4 -7 3 -8 3 -9 3 -9 3 -10 3 -10 3 -11 3 -11 3 -11 3 -10 2 -10 1 -10 0 -10 -2 -10 -4 -11 -5 -13 -7 -14 -7 -16 -7 -18 -7 -20 -6 -21 -5 -21 -3 -21 -2 -20 -1 -18 -1
CSI_META: ts=3076694171 rssi=-32 noise_floor=-98 channel=6 secondary_channel=0 sig_mode=0 mcs=0 rate=9 cwb=0 sgi=0 stbc=0 ant=0 len=128 rx_state=0 seq=-1 tx_mac=52:40:27:94:0a:bb
CSI_DATA: 28 -64 1 0 25 -11 25 -12 26 -14 25 -14 23 -16 22 -17 19 -17 17 -17 14 -16 13 -15 12 -12 11 -10 11 -8 12 -6 12 -4 14 -3 13 -2 14 -1 13 -1 14 0 14 0 13 0 12 1 12 1 11 3 0 0 0 0 0 0 0 0 0 0 0 0 0 0 0 0 0 0 0 0 0 0 -3 -14 -2 -14 -1 -14 0 -13 1 -13 1 -12 3 -11 4 -10 7 -10 9 -9 12 -9 14 -9 16 -10 18 -11 19 -12 20 -15 19 -16 19 -18 18 -18 17 -19 15 -19 15 -18 15 -17 16 -15 17 -13 19 -13
CSI_META: ts=3076694481 rssi=-32 noise_floor=-98 channel=6 secondary_channel=0 sig_mode=0 mcs=0 rate=9 cwb=0 sgi=0 stbc=0 ant=0 len=128 rx_state=0 seq=-1 tx_mac=52:40:27:94:0a:bb
CSI_DATA: 28 -64 1 0 16 -22 17 -23 16 -24 15 -25 13 -25 11 -25 9 -25 7 -23 5 -22 3 -20 3 -17 4 -15 5 -13 7 -12 9 -10 9 -9 11 -8 12 -8 11 -7 12 -7 12 -6 12 -7 12 -6 11 -5 11 -4 0 0 0 0 0 0 0 0 0 0 0 0 0 0 0 0 0 0 0 0 0 0 -10 -10 -8 -11 -7 -11 -7 -11 -5 -11 -4 -11 -2 -11 0 -11 2 -12 4 -13 5 -15 7 -16 8 -18 9 -19 10 -21 10 -22 10 -24 8 -25 6 -25 6 -24 5 -24 5 -23 5 -22 5 -21 7 -20 10 -22
CSI_META: ts=3076694634 rssi=-32 noise_floor=-98 channel=6 secondary_channel=0 sig_mode=0 mcs=0 rate=9 cwb=0 sgi=0 stbc=0 ant=0 len=128 rx_state=0 seq=-1 tx_mac=52:40:27:94:0a:bb
CSI_DATA: 28 -64 1 0 5 -27 4 -29 4 -29 1 -30 0 -29 -2 -27 -4 -26 -4 -24 -5 -21 -5 -19 -4 -16 -3 -15 -1 -14 2 -14 4 -14 5 -13 6 -13 7 -13 7 -12 7 -13 7 -12 7 -12 7 -11 7 -10 7 -9 0 0 0 0 0 0 0 0 0 0 0 0 0 0 0 0 0 0 0 0 0 0 -12 -6 -12 -7 -11 -8 -11 -9 -9 -9 -9 -10 -7 -9 -6 -11 -4 -11 -3 -13 -2 -15 -1 -17 0 -19 1 -21 1 -23 0 -25 -1 -26 -3 -26 -5 -26 -6 -25 -6 -24 -6 -23 -6 -22 -5 -22 -3 -21 0 -23
CSI_META: ts=3077142379 rssi=-31 noise_floor=-98 channel=6 secondary_channel=0 sig_mode=0 mcs=0 rate=9 cwb=0 sgi=0 stbc=0 ant=0 len=128 rx_state=0 seq=-1 tx_mac=52:40:27:94:0a:bb
CSI_DATA: 28 -64 1 0 -19 2 -20 3 -19 4 -19 5 -18 7 -17 8 -14 8 -13 8 -11 6 -10 5 -9 4 -9 2 -9 1 -9 0 -10 -1 -11 -2 -10 -2 -10 -2 -10 -3 -10 -2 -9 -3 -9 -2 -8 -3 -7 -3 -6 -4 0 0 0 0 0 0 0 0 0 0 0 0 0 0 0 0 0 0 0 0 0 0 -1 8 -1 8 -2 8 -2 8 -3 8 -3 7 -3 6 -4 6 -5 5 -7 4 -8 4 -10 3 -11 4 -13 4 -14 5 -15 6 -15 7 -15 8 -14 9 -14 10 -12 10 -12 9 -12 8 -12 6 -13 5 -14 4
CSI_META: ts=3077696532 rssi=-32 noise_floor=-98 channel=6 secondary_channel=0 sig_mode=0 mcs=0 rate=9 cwb=0 sgi=0 stbc=0 ant=0 len=128 rx_state=0 seq=-1 tx_mac=52:40:27:94:0a:bb
CSI_DATA: 28 -64 1 0 -11 24 -11 25 -10 27 -8 27 -7 27 -4 26 -2 25 -1 23 -1 21 -1 18 -1 15 -2 13 -4 12 -6 11 -8 10 -9 10 -10 9 -11 9 -10 8 -11 8 -11 8 -11 8 -11 7 -11 6 -10 4 0 0 0 0 0 0 0 0 0 0 0 0 0 0 0 0 0 0 0 0 0 0 11 6 10 7 10 7 9 7 8 8 7 8 5 9 4 9 2 10 0 12 -2 14 -3 15 -4 17 -5 19 -5 21 -4 23 -3 24 -1 25 0 24 2 24 2 23 3 22 1 22 -1 20 -3 19 -5 21
CSI_META: ts=3079334276 rssi=-31 noise_floor=-98 channel=6 secondary_channel=0 sig_mode=0 mcs=0 rate=9 cwb=0 sgi=0 stbc=0 ant=0 len=128 rx_state=0 seq=-1 tx_mac=52:40:27:94:0a:bb
CSI_DATA: 28 -64 1 0 -21 -31 -22 -28 -21 -24 -20 -20 -17 -16 -14 -14 -10 -13 -7 -13 -4 -14 -1 -15 0 -17 1 -19 1 -20 1 -22 0 -22 0 -22 -1 -21 -1 -19 -1 -16 -2 -15 -1 -13 0 -11 1 -9 3 -7 5 -5 0 0 0 0 0 0 0 0 0 0 0 0 0 0 0 0 0 0 0 0 0 0 -8 5 -9 3 -9 1 -9 -2 -10 -4 -11 -6 -12 -8 -13 -11 -15 -12 -17 -14 -18 -15 -20 -16 -20 -14 -20 -13 -20 -12 -19 -11 -17 -11 -14 -11 -12 -12 -10 -14 -7 -17 -7 -20 -6 -25 -7 -29 -10 -32 -13 -36
CSI_META: ts=3079334385 rssi=-31 noise_floor=-98 channel=6 secondary_channel=0 sig_mode=0 mcs=0 rate=9 cwb=0 sgi=0 stbc=0 ant=0 len=128 rx_state=0 seq=-1 tx_mac=52:40:27:94:0a:bb
CSI_DATA: 28 -64 1 0 2 -23 0 -21 -1 -19 -1 -16 -1 -13 -1 -11 1 -9 2 -9 5 -8 6 -8 7 -8 8 -9 9 -10 9 -11 8 -11 7 -11 6 -10 5 -9 4 -8 4 -7 3 -5 3 -4 3 -2 4 -1 4 1 0 0 0 0 0 0 0 0 0 0 0 0 0 0 0 0 0 0 0 0 0 0 -8 0 -7 -2 -6 -3 -5 -3 -4 -5 -3 -6 -2 -7 -2 -9 -1 -11 -2 -12 -2 -14 -3 -15 -3 -15 -4 -15 -5 -15 -5 -14 -5 -12 -3 -12 -2 -10 0 -10 2 -11 5 -12 6 -14 7 -16 8 -19 8 -22
CSI_META: ts=3079334503 rssi=-31 noise_floor=-98 channel=6 secondary_channel=0 sig_mode=0 mcs=0 rate=9 cwb=0 sgi=0 stbc=0 ant=0 len=128 rx_state=0 seq=-1 tx_mac=52:40:27:94:0a:bb
CSI_DATA: 28 -64 1 0 -8 -22 -9 -20 -9 -18 -9 -15 -8 -13 -7 -11 -4 -9 -3 -9 -1 -9 1 -9 2 -10 2 -11 3 -11 3 -13 3 -13 3 -13 2 -12 2 -11 2 -10 1 -9 1 -8 1 -7 1 -6 2 -5 3 -3 0 0 0 0 0 0 0 0 0 0 0 0 0 0 0 0 0 0 0 0 0 0 -6 2 -6 0 -6 -2 -5 -3 -5 -5 -5 -6 -5 -7 -6 -9 -7 -10 -8 -11 -9 -12 -10 -12 -10 -11 -10 -11 -10 -10 -10 -10 -8 -9 -7 -9 -5 -9 -3 -10 -2 -11 -1 -13 0 -16 -1 -18 -2 -21 -2 -24
CSI_META: ts=3079337932 rssi=-31 noise_floor=-98 channel=6 secondary_channel=0 sig_mode=0 mcs=0 rate=9 cwb=0 sgi=0 stbc=0 ant=0 len=128 rx_state=0 seq=-1 tx_mac=52:40:27:94:0a:bb
CSI_DATA: 28 -64 1 0 -14 19 -12 18 -9 17 -7 15 -6 13 -5 10 -5 7 -6 6 -8 4 -9 3 -11 3 -12 3 -13 3 -13 4 -13 5 -13 5 -12 5 -10 5 -8 4 -8 3 -7 2 -6 1 -5 0 -5 -2 -4 -3 0 0 0 0 0 0 0 0 0 0 0 0 0 0 0 0 0 0 0 0 0 0 6 2 4 3 3 4 1 4 0 5 -1 6 -2 7 -3 8 -4 10 -5 11 -5 13 -5 14 -5 14 -4 14 -3 14 -3 13 -2 12 -3 11 -4 9 -5 8 -7 7 -10 7 -13 8 -15 10 -17 11 -17 15
CSI_META: ts=3079618583 rssi=-30 noise_floor=-98 channel=6 secondary_channel=0 sig_mode=0 mcs=0 rate=9 cwb=0 sgi=0 stbc=0 ant=0 len=128 rx_state=0 seq=-1 tx_mac=52:40:27:94:0a:bb
CSI_DATA: 28 -64 1 0 -15 -14 -13 -12 -10 -11 -8 -10 -6 -10 -5 -11 -4 -12 -3 -13 -4 -15 -4 -15 -5 -15 -6 -15 -7 -14 -7 -13 -7 -12 -6 -10 -5 -9 -4 -8 -2 -7 -1 -6 0 -6 1 -6 2 -6 4 -6 5 -6 0 0 0 0 0 0 0 0 0 0 0 0 0 0 0 0 0 0 0 0 0 0 -6 0 -6 -2 -6 -3 -7 -4 -7 -6 -7 -7 -8 -8 -9 -9 -10 -9 -11 -10 -11 -10 -11 -9 -11 -9 -10 -8 -9 -8 -8 -9 -6 -9 -5 -11 -5 -12 -5 -14 -5 -16 -7 -19 -8 -20 -11 -21 -13 -21 -14 -21
CSI_META: ts=3080549342 rssi=-31 noise_floor=-98 channel=6 secondary_channel=0 sig_mode=0 mcs=0 rate=9 cwb=0 sgi=0 stbc=0 ant=0 len=128 rx_state=0 seq=-1 tx_mac=52:40:27:94:0a:bb
CSI_DATA: 28 -64 1 0 -12 26 -10 23 -9 20 -11 15 -12 13 -13 12 -15 12 -17 12 -18 13 -18 14 -18 15 -17 16 -16 17 -14 17 -12 16 -11 14 -9 12 -9 10 -8 7 -8 5 -8 3 -9 1 -10 -1 -10 -3 -11 -4 0 0 0 0 0 0 0 0 0 0 0 0 0 0 0 0 0 0 0 0 0 0 2 8 0 9 -2 10 -3 12 -4 13 -5 14 -6 16 -6 17 -6 18 -6 19 -6 19 -6 19 -6 18 -7 16 -7 14 -9 13 -11 12 -14 12 -16 13 -19 14 -22 16 -22 20 -23 24 -23 27 -22 29 -19 31
CSI_META: ts=3080823534 rssi=-31 noise_floor=-98 channel=6 secondary_channel=0 sig_mode=0 mcs=0 rate=9 cwb=0 sgi=0 stbc=0 ant=0 len=128 rx_state=0 seq=-1 tx_mac=52:40:27:94:0a:bb
CSI_DATA: 28 -64 1 0 -21 -14 -20 -12 -19 -10 -17 -8 -15 -6 -14 -6 -11 -6 -9 -6 -8 -8 -7 -9 -8 -10 -8 -11 -8 -11 -9 -12 -9 -11 -9 -11 -8 -10 -8 -9 -7 -8 -6 -7 -5 -7 -3 -6 -2 -6 -1 -6 1 -6 0 0 0 0 0 0 0 0 0 0 0 0 0 0 0 0 0 0 0 0 0 0 -7 5 -7 4 -7 2 -7 1 -7 0 -7 -2 -7 -3 -8 -5 -9 -6 -11 -8 -12 -9 -13 -9 -14 -9 -15 -8 -15 -8 -16 -7 -15 -6 -14 -6 -13 -6 -12 -7 -11 -8 -11 -10 -10 -12 -12 -14 -14 -16 -16 -18
CSI_META: ts=3080823788 rssi=-31 noise_floor=-98 channel=6 secondary_channel=0 sig_mode=0 mcs=0 rate=9 cwb=0 sgi=0 stbc=0 ant=0 len=128 rx_state=0 seq=-1 tx_mac=52:40:27:94:0a:bb
CSI_DATA: 28 -64 1 0 35 8 32 5 31 3 26 1 24 -1 21 -1 18 0 16 1 15 4 13 6 13 8 14 10 15 10 16 10 16 10 17 10 15 8 15 7 13 6 12 6 10 5 8 6 6 6 4 7 2 7 0 0 0 0 0 0 0 0 0 0 0 0 0 0 0 0 0 0 0 0 0 0 6 -10 6 -8 7 -7 8 -4 9 -2 10 -1 12 0 13 2 16 3 19 5 20 5 21 5 23 4 23 3 23 1 22 0 20 0 20 0 18 1 18 3 17 5 19 8 19 11 22 15 27 16 30 15
CSI_META: ts=3081046005 rssi=-31 noise_floor=-98 channel=6 secondary_channel=0 sig_mode=0 mcs=0 rate=9 cwb=0 sgi=0 stbc=0 ant=0 len=128 rx_state=0 seq=-1 tx_mac=52:40:27:94:0a:bb
CSI_DATA: 28 -64 1 0 11 14 12 14 13 14 14 13 15 11 15 10 14 8 13 6 11 5 9 5 8 5 6 5 4 5 4 6 3 7 2 8 2 9 1 9 1 9 1 9 2 8 1 8 1 8 0 7 -1 7 0 0 0 0 0 0 0 0 0 0 0 0 0 0 0 0 0 0 0 0 0 0 6 -7 7 -6 7 -6 7 -5 7 -4 6 -3 6 -2 6 0 7 1 7 3 8 5 8 6 10 7 11 8 12 8 13 8 15 7 15 6 16 5 16 4 14 4 14 3 12 5 11 6 10 7 10 10
CSI_META: ts=3081454916 rssi=-32 noise_floor=-98 channel=6 secondary_channel=0 sig_mode=0 mcs=0 rate=9 cwb=0 sgi=0 stbc=0 ant=0 len=128 rx_state=0 seq=-1 tx_mac=52:40:27:94:0a:bb
CSI_DATA: 28 -64 1 0 -29 -4 -25 -4 -21 -6 -19 -7 -17 -8 -17 -10 -16 -12 -17 -12 -18 -13 -20 -13 -21 -12 -21 -11 -21 -9 -20 -8 -19 -7 -17 -6 -14 -6 -12 -5 -9 -6 -8 -6 -6 -8 -5 -8 -3 -10 -2 -10 0 -11 0 0 0 0 0 0 0 0 0 0 0 0 0 0 0 0 0 0 0 0 0 0 -8 4 -10 2 -11 1 -13 0 -14 -1 -15 -2 -16 -2 -18 -2 -19 -2 -20 -2 -20 -2 -20 -3 -19 -2 -18 -3 -17 -4 -16 -6 -15 -8 -16 -10 -17 -12 -19 -14 -22 -15 -26 -16 -28 -16 -31 -15 -34 -13 -34 -10
CSI_META: ts=3081455070 rssi=-31 noise_floor=-98 channel=6 secondary_channel=0 sig_mode=0 mcs=0 rate=9 cwb=0 sgi=0 stbc=0 ant=0 len=128 rx_state=0 seq=-1 tx_mac=52:40:27:94:0a:bb
CSI_DATA: 28 -64 1 0 -18 -7 -17 -6 -13 -6 -12 -7 -10 -8 -10 -9 -9 -10 -9 -11 -10 -10 -12 -10 -13 -10 -13 -10 -14 -9 -12 -7 -12 -8 -10 -6 -9 -5 -7 -5 -5 -5 -4 -5 -2 -6 -2 -6 -1 -7 0 -7 1 -8 0 0 0 0 0 0 0 0 0 0 0 0 0 0 0 0 0 0 0 0 0 0 -6 2 -7 1 -8 -1 -9 -2 -9 -2 -10 -3 -10 -4 -12 -4 -12 -4 -13 -4 -14 -3 -13 -3 -13 -3 -12 -3 -11 -5 -10 -5 -10 -7 -9 -8 -11 -11 -11 -12 -13 -13 -15 -15 -16 -13 -19 -13 -21 -12 -22 -11
CSI_META: ts=3081455205 rssi=-32 noise_floor=-98 channel=6 secondary_channel=0 sig_mode=0 mcs=0 rate=9 cwb=0 sgi=0 stbc=0 ant=0 len=128 rx_state=0 seq=-1 tx_mac=52:40:27:94:0a:bb
CSI_DATA: 28 -64 1 0 18 -22 15 -18 14 -16 14 -13 14 -11 16 -10 18 -9 18 -10 20 -10 20 -10 20 -11 19 -12 18 -13 15 -14 14 -13 12 -11 11 -10 9 -8 8 -6 8 -4 8 -2 9 0 8 2 9 4 9 5 0 0 0 0 0 0 0 0 0 0 0 0 0 0 0 0 0 0 0 0 0 0 1 -9 3 -10 4 -10 6 -10 8 -11 9 -11 10 -13 11 -14 11 -16 13 -15 14 -15 13 -15 13 -14 13 -13 12 -12 12 -10 14 -9 15 -8 18 -8 21 -9 24 -10 26 -14 28 -15 29 -17 29 -19 27 -23
CSI_META: ts=3081754343 rssi=-30 noise_floor=-98 channel=6 secondary_channel=0 sig_mode=0 mcs=0 rate=9 cwb=0 sgi=0 stbc=0 ant=0 len=128 rx_state=0 seq=-1 tx_mac=52:40:27:94:0a:bb
CSI_DATA: 28 -64 1 0 8 -16 7 -17 7 -18 5 -18 4 -18 2 -17 1 -16 0 -14 0 -12 0 -11 1 -9 2 -8 4 -7 5 -7 6 -6 7 -6 7 -6 7 -6 7 -6 7 -6 6 -6 6 -5 6 -4 5 -4 5 -2 0 0 0 0 0 0 0 0 0 0 0 0 0 0 0 0 0 0 0 0 0 0 -8 -4 -8 -5 -8 -5 -8 -5 -7 -5 -6 -6 -6 -6 -4 -6 -3 -7 -2 -8 0 -9 1 -10 2 -11 2 -13 2 -14 1 -16 0 -17 -1 -18 -2 -17 -2 -16 -3 -15 -3 -14 -2 -14 0 -12 2 -12 4 -13
CSI_META: ts=3081774817 rssi=-31 noise_floor=-98 channel=6 secondary_channel=0 sig_mode=0 mcs=0 rate=9 cwb=0 sgi=0 stbc=0 ant=0 len=128 rx_state=0 seq=-1 tx_mac=52:40:27:94:0a:bb
CSI_DATA: 28 -64 1 0 3 -29 2 -30 1 -32 -2 -30 -4 -30 -6 -28 -7 -25 -7 -23 -7 -20 -6 -17 -4 -15 -2 -13 0 -12 3 -12 5 -12 6 -12 7 -12 8 -12 8 -12 8 -12 8 -12 8 -12 8 -11 8 -9 8 -7 0 0 0 0 0 0 0 0 0 0 0 0 0 0 0 0 0 0 0 0 0 0 -14 0 -14 -1 -14 -2 -13 -3 -12 -4 -10 -5 -9 -6 -8 -8 -6 -10 -5 -12 -4 -15 -4 -18 -4 -20 -4 -22 -5 -24 -7 -25 -9 -25 -11 -25 -12 -23 -13 -22 -12 -21 -11 -19 -9 -19 -6 -19 -3 -20 -1 -22
CSI_META: ts=3082015751 rssi=-31 noise_floor=-98 channel=6 secondary_channel=0 sig_mode=0 mcs=0 rate=9 cwb=0 sgi=0 stbc=0 ant=0 len=128 rx_state=0 seq=-1 tx_mac=52:40:27:94:0a:bb
CSI_DATA: 28 -64 1 0 27 -27 23 -28 20 -27 16 -25 13 -23 11 -20 11 -17 10 -14 12 -12 13 -10 15 -9 16 -8 17 -8 19 -9 18 -9 18 -9 17 -9 15 -9 13 -8 12 -7 11 -6 10 -4 9 -3 8 0 8 2 0 0 0 0 0 0 0 0 0 0 0 0 0 0 0 0 0 0 0 0 0 0 -8 -11 -5 -11 -3 -11 -1 -10 1 -10 4 -11 6 -11 8 -13 11 -14 13 -16 15 -18 15 -19 15 -21 15 -22 13 -22 12 -22 10 -21 10 -20 10 -18 12 -16 14 -14 17 -13 20 -14 24 -14 27 -16 30 -20
CSI_META: ts=3082125685 rssi=-31 noise_floor=-98 channel=6 secondary_channel=0 sig_mode=0 mcs=0 rate=9 cwb=0 sgi=0 stbc=0 ant=0 len=128 rx_state=0 seq=-1 tx_mac=52:40:27:94:0a:bb
CSI_DATA: 28 -64 1 0 26 -10 26 -11 28 -13 26 -14 25 -16 23 -17 20 -18 17 -18 14 -16 12 -14 11 -11 10 -8 10 -5 10 -3 11 0 12 2 12 3 13 3 13 4 13 4 13 4 13 4 12 4 11 5 10 5 0 0 0 0 0 0 0 0 0 0 0 0 0 0 0 0 0 0 0 0 0 0 -10 -11 -9 -12 -8 -12 -6 -11 -5 -11 -4 -10 -2 -10 1 -10 3 -10 6 -10 9 -11 12 -12 14 -14 16 -15 17 -17 16 -20 16 -21 15 -23 13 -23 12 -23 10 -22 9 -20 9 -18 12 -14 14 -12 16 -10
CSI_META: ts=3082332624 rssi=-30 noise_floor=-98 channel=6 secondary_channel=0 sig_mode=0 mcs=0 rate=9 cwb=0 sgi=0 stbc=0 ant=0 len=128 rx_state=0 seq=-1 tx_mac=52:40:27:94:0a:bb
CSI_DATA: 28 -64 1 0 -5 17 -4 14 -4 13 -6 10 -7 9 -8 8 -10 8 -11 9 -11 10 -11 11 -10 12 -9 12 -9 12 -7 11 -6 10 -5 9 -5 7 -5 5 -5 3 -5 2 -6 1 -7 0 -7 -1 -8 -2 -9 -3 0 0 0 0 0 0 0 0 0 0 0 0 0 0 0 0 0 0 0 0 0 0 4 3 2 4 1 5 0 6 -1 7 -1 8 -2 9 -2 11 -2 12 -2 13 -2 13 -2 13 -1 12 -1 11 -2 11 -3 9 -4 9 -6 9 -8 9 -10 11 -11 12 -12 14 -12 17 -12 19 -11 21 -9 22
CSI_META: ts=3082332846 rssi=-31 noise_floor=-98 channel=6 secondary_channel=0 sig_mode=0 mcs=0 rate=9 cwb=0 sgi=0 stbc=0 ant=0 len=128 rx_state=0 seq=-1 tx_mac=52:40:27:94:0a:bb
CSI_DATA: 28 -64 1 0 -31 6 -26 5 -22 2 -20 -1 -19 -2 -20 -5 -20 -7 -21 -8 -23 -9 -24 -9 -25 -8 -25 -6 -24 -4 -23 -2 -21 -2 -19 -2 -15 -2 -13 -2 -10 -3 -9 -5 -7 -7 -6 -8 -5 -10 -3 -12 -2 -13 0 0 0 0 0 0 0 0 0 0 0 0 0 0 0 0 0 0 0 0 0 0 -5 7 -7 6 -9 5 -11 4 -13 4 -15 4 -17 4 -19 5 -20 6 -22 5 -22 5 -21 6 -20 5 -19 4 -18 3 -17 1 -17 -1 -18 -4 -20 -6 -24 -7 -27 -8 -31 -7 -34 -7 -38 -6 -39 -3 -39 1
CSI_META: ts=3082332991 rssi=-30 noise_floor=-98 channel=6 secondary_channel=0 sig_mode=0 mcs=0 rate=9 cwb=0 sgi=0 stbc=0 ant=0 len=128 rx_state=0 seq=-1 tx_mac=52:40:27:94:0a:bb
CSI_DATA: 28 -64 1 0 -15 -12 -13 -10 -11 -10 -9 -9 -7 -10 -6 -11 -5 -12 -4 -13 -5 -14 -5 -14 -6 -14 -7 -14 -7 -13 -8 -13 -7 -12 -7 -10 -5 -9 -5 -8 -3 -7 -2 -6 -1 -6 1 -6 2 -6 3 -6 4 -5 0 0 0 0 0 0 0 0 0 0 0 0 0 0 0 0 0 0 0 0 0 0 -6 0 -6 -2 -7 -3 -8 -4 -8 -5 -9 -5 -10 -6 -11 -7 -11 -7 -12 -7 -12 -7 -11 -7 -11 -6 -10 -7 -9 -7 -7 -8 -6 -9 -6 -11 -6 -12 -6 -14 -7 -16 -9 -17 -11 -19 -13 -19 -15 -19 -17 -18
CSI_META: ts=3082336547 rssi=-30 noise_floor=-98 channel=6 secondary_channel=0 sig_mode=0 mcs=0 rate=9 cwb=0 sgi=0 stbc=0 ant=0 len=128 rx_state=0 seq=-1 tx_mac=52:40:27:94:0a:bb
CSI_DATA: 28 -64 1 0 11 -15 9 -13 9 -11 9 -8 9 -6 10 -6 11 -5 12 -5 13 -5 13 -6 13 -7 13 -8 12 -8 11 -9 10 -8 9 -7 7 -6 6 -5 5 -3 5 -2 5 -1 5 1 5 2 5 3 5 4 0 0 0 0 0 0 0 0 0 0 0 0 0 0 0 0 0 0 0 0 0 0 -1 -6 0 -6 2 -7 3 -7 4 -8 5 -8 5 -9 6 -10 6 -11 7 -11 7 -12 6 -12 6 -11 6 -10 6 -9 6 -8 7 -6 9 -6 11 -6 13 -6 15 -7 17 -9 18 -11 18 -13 18 -15 17 -17
CSI_META: ts=3082623841 rssi=-31 noise_floor=-98 channel=6 secondary_channel=0 sig_mode=0 mcs=0 rate=9 cwb=0 sgi=0 stbc=0 ant=0 len=128 rx_state=0 seq=-1 tx_mac=52:40:27:94:0a:bb
CSI_DATA: 28 -64 1 0 -16 12 -17 9 -18 8 -20 7 -22 7 -22 9 -23 10 -22 12 -21 13 -19 14 -18 13 -15 12 -14 11 -12 10 -11 8 -10 5 -10 3 -9 1 -9 -1 -10 -2 -10 -4 -11 -5 -11 -6 -11 -7 -11 -8 0 0 0 0 0 0 0 0 0 0 0 0 0 0 0 0 0 0 0 0 0 0 2 11 1 12 0 13 -1 14 -1 14 -1 14 -1 14 -2 15 -3 14 -3 13 -5 12 -7 11 -9 10 -11 9 -13 9 -16 9 -18 10 -20 13 -21 15 -22 18 -21 20 -20 22 -19 23 -18 23 -15 23 -14 21
CSI_META: ts=3082830329 rssi=-31 noise_floor=-98 channel=6 secondary_channel=0 sig_mode=0 mcs=0 rate=9 cwb=0 sgi=0 stbc=0 ant=0 len=128 rx_state=0 seq=-1 tx_mac=52:40:27:94:0a:bb
CSI_DATA: 28 -64 1 0 -3 -21 -4 -19 -5 -18 -5 -16 -5 -15 -5 -13 -5 -12 -4 -11 -2 -11 -2 -11 -2 -11 -1 -11 -1 -11 -1 -12 -1 -12 -1 -11 -1 -10 -1 -10 -1 -9 -1 -8 0 -7 0 -7 1 -6 2 -5 3 -5 0 0 0 0 0 0 0 0 0 0 0 0 0 0 0 0 0 0 0 0 0 0 -7 -4 -7 -5 -6 -5 -5 -6 -4 -6 -3 -7 -2 -7 -2 -9 -1 -10 0 -11 0 -12 0 -14 0 -14 -1 -15 -2 -15 -3 -15 -3 -15 -3 -14 -3 -13 -2 -13 -2 -13 -1 -14 0 -15 1 -16 0 -18 0 -20
CSI_META: ts=3083033444 rssi=-32 noise_floor=-98 channel=6 secondary_channel=0 sig_mode=0 mcs=0 rate=9 cwb=0 sgi=0 stbc=0 ant=0 len=128 rx_state=0 seq=-1 tx_mac=52:40:27:94:0a:bb
CSI_DATA: 28 -64 1 0 7 -14 6 -11 7 -10 7 -7 8 -6 10 -5 11 -5 12 -6 13 -6 13 -7 12 -8 12 -9 11 -8 10 -9 8 -8 8 -7 6 -5 5 -4 5 -3 4 -2 4 0 4 1 4 3 4 4 4 5 0 0 0 0 0 0 0 0 0 0 0 0 0 0 0 0 0 0 0 0 0 0 -2 -6 -1 -6 0 -8 0 -8 1 -9 1 -10 1 -11 2 -11 2 -12 2 -12 2 -12 2 -11 3 -10 3 -9 4 -8 5 -8 7 -7 9 -7 11 -8 13 -9 14 -11 14 -13 15 -15 14 -16 13 -17 12 -19
CSI_META: ts=3083191709 rssi=-31 noise_floor=-98 channel=6 secondary_channel=0 sig_mode=0 mcs=0 rate=9 cwb=0 sgi=0 stbc=0 ant=0 len=128 rx_state=0 seq=-1 tx_mac=52:40:27:94:0a:bb
CSI_DATA: 28 -64 1 0 -2 28 -1 29 0 30 3 28 5 28 7 26 8 23 8 21 7 18 6 16 4 14 3 13 1 13 -1 13 -3 13 -4 13 -5 13 -6 13 -5 13 -6 13 -6 12 -6 12 -6 11 -6 9 -7 8 0 0 0 0 0 0 0 0 0 0 0 0 0 0 0 0 0 0 0 0 0 0 13 4 12 4 12 5 11 5 10 6 9 6 7 8 6 8 5 10 4 12 2 14 2 16 1 18 1 21 2 22 3 24 5 24 7 25 9 24 10 23 10 21 10 20 7 21 6 20 4 21 2 22
CSI_META: ts=3083340692 rssi=-31 noise_floor=-98 channel=6 secondary_channel=0 sig_mode=0 mcs=0 rate=9 cwb=0 sgi=0 stbc=0 ant=0 len=128 rx_state=0 seq=-1 tx_mac=52:40:27:94:0a:bb
CSI_DATA: 28 -64 1 0 -16 13 -17 11 -19 10 -20 9 -22 9 -22 10 -22 11 -21 13 -20 14 -18 15 -17 14 -15 13 -14 12 -12 11 -11 9 -11 6 -10 4 -10 2 -10 1 -11 -1 -11 -2 -12 -4 -12 -4 -12 -5 -11 -6 0 0 0 0 0 0 0 0 0 0 0 0 0 0 0 0 0 0 0 0 0 0 1 11 -1 12 -2 13 -3 14 -3 14 -3 14 -3 14 -4 14 -4 14 -5 13 -6 12 -8 11 -10 10 -12 9 -14 9 -17 9 -19 10 -20 12 -22 14 -23 17 -23 19 -21 21 -20 23 -19 23 -17 23 -15 22
CSI_META: ts=3083675277 rssi=-31 noise_floor=-98 channel=6 secondary_channel=0 sig_mode=0 mcs=0 rate=9 cwb=0 sgi=0 stbc=0 ant=0 len=128 rx_state=0 seq=-1 tx_mac=52:40:27:94:0a:bb
CSI_DATA: 28 -64 1 0 -24 16 -25 17 -23 19 -22 20 -19 21 -17 21 -14 20 -12 19 -11 16 -10 15 -9 12 -10 10 -11 9 -12 7 -13 6 -14 5 -14 5 -14 5 -13 5 -14 5 -13 4 -12 4 -12 3 -11 2 -11 0 0 0 0 0 0 0 0 0 0 0 0 0 0 0 0 0 0 0 0 0 0 0 3 12 2 13 1 13 0 12 -1 12 -1 11 -2 10 -4 10 -6 10 -9 10 -11 10 -13 10 -15 11 -17 13 -18 15 -18 16 -18 18 -17 20 -16 20 -14 21 -13 20 -13 19 -12 17 -14 16 -16 15 -18 14
CSI_META: ts=3083675439 rssi=-30 noise_floor=-98 channel=6 secondary_channel=0 sig_mode=0 mcs=0 rate=9 cwb=0 sgi=0 stbc=0 ant=0 len=128 rx_state=0 seq=-1 tx_mac=52:40:27:94:0a:bb
CSI_DATA: 28 -64 1 0 13 13 14 13 15 13 16 12 16 10 16 8 15 7 13 5 12 5 10 5 8 5 7 5 6 6 6 7 5 7 5 9 4 8 4 9 4 8 4 8 4 8 3 8 2 7 1 7 0 6 0 0 0 0 0 0 0 0 0 0 0 0 0 0 0 0 0 0 0 0 0 0 8 -5 8 -4 8 -4 8 -3 8 -3 7 -2 7 -1 7 0 8 2 8 3 8 5 8 7 9 8 10 9 12 9 13 9 14 8 15 8 15 6 16 6 15 5 15 4 13 6 12 7 11 9 11 10
CSI_META: ts=3083675566 rssi=-30 noise_floor=-98 channel=6 secondary_channel=0 sig_mode=0 mcs=0 rate=9 cwb=0 sgi=0 stbc=0 ant=0 len=128 rx_state=0 seq=-1 tx_mac=52:40:27:94:0a:bb
CSI_DATA: 28 -64 1 0 4 -17 4 -18 3 -19 2 -18 0 -18 -1 -17 -2 -15 -2 -14 -2 -12 -1 -11 -1 -10 1 -9 2 -9 3 -9 4 -9 4 -9 5 -9 4 -9 4 -8 4 -8 4 -8 3 -7 3 -6 4 -5 4 -4 0 0 0 0 0 0 0 0 0 0 0 0 0 0 0 0 0 0 0 0 0 0 -7 -6 -7 -6 -7 -6 -6 -7 -6 -7 -5 -7 -4 -7 -4 -7 -2 -8 -1 -8 0 -9 1 -11 2 -11 2 -13 2 -14 1 -15 1 -16 0 -17 -2 -16 -2 -16 -3 -15 -3 -15 -2 -14 -1 -13 1 -14 3 -15
CSI_META: ts=3083679214 rssi=-30 noise_floor=-98 channel=6 secondary_channel=0 sig_mode=0 mcs=0 rate=9 cwb=0 sgi=0 stbc=0 ant=0 len=128 rx_state=0 seq=-1 tx_mac=52:40:27:94:0a:bb
CSI_DATA: 28 -64 1 0 -14 -14 -14 -14 -15 -14 -15 -12 -16 -10 -16 -9 -14 -7 -13 -6 -12 -6 -10 -5 -9 -5 -8 -6 -7 -6 -6 -8 -6 -8 -6 -9 -5 -9 -5 -9 -5 -8 -5 -8 -5 -8 -4 -8 -4 -7 -3 -7 -2 -7 0 0 0 0 0 0 0 0 0 0 0 0 0 0 0 0 0 0 0 0 0 0 -8 3 -9 2 -9 1 -9 1 -9 0 -8 0 -8 -1 -8 -2 -8 -3 -8 -5 -8 -6 -9 -8 -9 -9 -10 -10 -11 -10 -13 -11 -14 -10 -15 -10 -15 -8 -15 -7 -15 -7 -14 -7 -13 -7 -12 -8 -12 -9 -11 -11
CSI_META: ts=3083679332 rssi=-31 noise_floor=-98 channel=6 secondary_channel=0 sig_mode=0 mcs=0 rate=9 cwb=0 sgi=0 stbc=0 ant=0 len=128 rx_state=0 seq=-1 tx_mac=52:40:27:94:0a:bb
CSI_DATA: 28 -64 1 0 -31 -2 -32 -1 -32 0 -31 2 -30 4 -28 6 -25 7 -22 7 -20 6 -18 6 -16 4 -15 2 -15 0 -15 -2 -15 -3 -16 -4 -15 -5 -15 -5 -14 -5 -14 -6 -14 -5 -13 -5 -12 -6 -11 -6 -9 -7 0 0 0 0 0 0 0 0 0 0 0 0 0 0 0 0 0 0 0 0 0 0 -6 13 -7 12 -8 11 -8 11 -8 10 -9 8 -10 7 -11 5 -12 4 -15 2 -16 1 -19 0 -21 0 -23 0 -25 1 -26 2 -26 4 -27 6 -26 7 -26 7 -24 7 -23 7 -23 5 -23 4 -24 2 -25 0
CSI_META: ts=3083679468 rssi=-30 noise_floor=-98 channel=6 secondary_channel=0 sig_mode=0 mcs=0 rate=9 cwb=0 sgi=0 stbc=0 ant=0 len=128 rx_state=0 seq=-1 tx_mac=52:40:27:94:0a:bb
CSI_DATA: 28 -64 1 0 18 -5 18 -5 18 -6 17 -7 16 -8 15 -9 13 -9 11 -9 10 -9 9 -8 8 -6 8 -5 8 -4 8 -3 8 -2 9 0 8 0 9 0 8 0 8 0 8 0 8 1 7 1 7 2 6 2 0 0 0 0 0 0 0 0 0 0 0 0 0 0 0 0 0 0 0 0 0 0 0 -9 1 -9 2 -8 2 -8 3 -7 3 -6 4 -6 5 -5 6 -5 8 -4 9 -4 11 -4 12 -4 13 -5 14 -5 14 -7 14 -7 14 -9 13 -9 13 -9 12 -9 12 -9 12 -7 12 -6 13 -5 15 -5
CSI_META: ts=3083824386 rssi=-31 noise_floor=-98 channel=6 secondary_channel=0 sig_mode=0 mcs=0 rate=9 cwb=0 sgi=0 stbc=0 ant=0 len=128 rx_state=0 seq=-1 tx_mac=52:40:27:94:0a:bb
CSI_DATA: 28 -64 1 0 16 -10 16 -11 17 -12 16 -13 14 -14 13 -15 11 -14 9 -14 7 -13 6 -11 6 -9 5 -7 6 -5 7 -3 8 -2 8 -1 9 0 9 0 9 0 9 0 9 0 9 0 9 0 8 1 7 1 0 0 0 0 0 0 0 0 0 0 0 0 0 0 0 0 0 0 0 0 0 0 -7 -7 -7 -8 -6 -8 -5 -8 -5 -8 -3 -8 -2 -7 -1 -7 0 -7 2 -8 4 -9 6 -9 7 -10 9 -12 9 -13 9 -15 9 -16 8 -17 7 -17 6 -17 5 -16 5 -15 5 -14 6 -12 8 -11 10 -10
CSI_META: ts=3083824755 rssi=-31 noise_floor=-98 channel=6 secondary_channel=0 sig_mode=0 mcs=0 rate=9 cwb=0 sgi=0 stbc=0 ant=0 len=128 rx_state=0 seq=-1 tx_mac=52:40:27:94:0a:bb
CSI_DATA: 28 -64 1 0 9 15 10 16 12 16 13 15 14 14 14 12 14 10 13 9 12 7 10 6 8 5 6 5 4 5 2 6 1 7 0 8 -1 8 -1 8 -1 9 -2 9 -2 9 -2 9 -2 8 -3 8 -3 7 0 0 0 0 0 0 0 0 0 0 0 0 0 0 0 0 0 0 0 0 0 0 5 -8 5 -8 5 -7 5 -6 6 -5 5 -4 5 -3 6 -2 6 0 7 2 8 4 9 5 10 6 12 7 13 7 15 7 15 7 17 6 16 4 16 4 15 3 14 3 12 4 11 5 10 7 9 9
CSI_META: ts=3083825005 rssi=-31 noise_floor=-98 channel=6 secondary_channel=0 sig_mode=0 mcs=0 rate=9 cwb=0 sgi=0 stbc=0 ant=0 len=128 rx_state=0 seq=-1 tx_mac=52:40:27:94:0a:bb
CSI_DATA: 28 -64 1 0 -18 -8 -19 -8 -20 -8 -20 -7 -20 -5 -19 -3 -18 -2 -16 0 -14 0 -12 -1 -10 -1 -8 -3 -7 -4 -6 -6 -6 -7 -6 -8 -6 -9 -6 -9 -5 -9 -6 -9 -5 -9 -5 -8 -5 -8 -4 -7 -2 -7 0 0 0 0 0 0 0 0 0 0 0 0 0 0 0 0 0 0 0 0 0 0 -2 9 -3 9 -3 9 -4 8 -4 8 -4 7 -4 6 -5 5 -6 4 -7 2 -9 1 -11 0 -12 -1 -14 -1 -16 -1 -17 0 -18 1 -19 3 -18 4 -18 5 -17 5 -15 5 -14 3 -13 2 -13 -1 -13 -3
CSI_META: ts=3084056699 rssi=-31 noise_floor=-98 channel=6 secondary_channel=0 sig_mode=0 mcs=0 rate=9 cwb=0 sgi=0 stbc=0 ant=0 len=128 rx_state=0 seq=-1 tx_mac=52:40:27:94:0a:bb
CSI_DATA: 28 -64 1 0 -7 17 -7 18 -6 19 -5 19 -3 19 -1 18 0 16 1 15 1 13 0 11 -1 9 -2 7 -4 6 -5 6 -7 6 -8 6 -8 6 -8 6 -8 6 -8 5 -8 5 -8 5 -7 4 -7 3 -7 2 0 0 0 0 0 0 0 0 0 0 0 0 0 0 0 0 0 0 0 0 0 0 9 1 9 2 9 2 8 2 8 3 7 3 6 3 5 4 4 5 2 6 1 8 0 10 0 11 0 13 0 14 1 16 2 17 3 17 4 16 5 16 5 14 5 13 4 13 2 12 0 12 -3 12
CSI_META: ts=3085578976 rssi=-32 noise_floor=-98 channel=6 secondary_channel=0 sig_mode=0 mcs=0 rate=9 cwb=0 sgi=0 stbc=0 ant=0 len=128 rx_state=0 seq=-1 tx_mac=52:40:27:94:0a:bb
CSI_DATA: 28 -64 1 0 3 19 0 18 -4 20 -6 20 -7 22 -7 24 -7 26 -5 27 -4 28 -2 27 0 25 1 22 1 20 1 18 0 14 -1 12 -3 9 -5 7 -7 6 -9 5 -10 4 -12 4 -13 3 -14 2 -15 1 0 0 0 0 0 0 0 0 0 0 0 0 0 0 0 0 0 0 0 0 0 0 11 2 12 4 13 5 13 6 14 7 14 7 14 8 14 7 14 8 12 8 11 9 8 10 6 11 4 13 2 15 0 19 0 22 0 25 2 27 4 30 6 31 10 32 11 32 13 30 14 28 13 26
CSI_META: ts=3086526162 rssi=-30 noise_floor=-98 channel=6 secondary_channel=0 sig_mode=0 mcs=0 rate=9 cwb=0 sgi=0 stbc=0 ant=0 len=128 rx_state=0 seq=-1 tx_mac=52:40:27:94:0a:bb
CSI_DATA: 28 -64 1 0 11 -14 10 -15 10 -16 9 -15 8 -16 7 -16 6 -15 4 -14 4 -13 3 -12 3 -11 4 -10 4 -9 5 -8 6 -8 6 -7 6 -7 6 -7 6 -7 6 -6 6 -6 6 -6 6 -5 6 -4 6 -3 0 0 0 0 0 0 0 0 0 0 0 0 0 0 0 0 0 0 0 0 0 0 -2 -9 -1 -9 0 -9 0 -9 0 -9 1 -9 1 -8 2 -9 3 -8 4 -8 5 -9 6 -9 8 -9 8 -9 9 -10 9 -12 9 -13 9 -14 9 -14 8 -14 8 -15 7 -15 7 -14 7 -14 8 -13 9 -14
CSI_META: ts=3086857218 rssi=-31 noise_floor=-98 channel=6 secondary_channel=0 sig_mode=0 mcs=0 rate=9 cwb=0 sgi=0 stbc=0 ant=0 len=128 rx_state=0 seq=-1 tx_mac=52:40:27:94:0a:bb
CSI_DATA: 28 -64 1 0 9 -10 9 -7 10 -5 11 -3 13 -2 14 -2 15 -3 15 -4 16 -5 15 -6 14 -6 13 -6 12 -6 10 -6 9 -5 8 -3 6 -2 5 -1 5 1 4 2 4 3 5 5 4 5 4 6 4 7 0 0 0 0 0 0 0 0 0 0 0 0 0 0 0 0 0 0 0 0 0 0 -2 -7 -1 -8 0 -9 0 -10 1 -11 1 -11 0 -11 0 -11 1 -12 2 -11 2 -10 2 -10 4 -8 5 -7 6 -6 8 -6 10 -5 13 -7 14 -8 16 -9 16 -11 16 -14 16 -15 15 -16 14 -16 12 -16
CSI_META: ts=3087378357 rssi=-31 noise_floor=-98 channel=6 secondary_channel=0 sig_mode=0 mcs=0 rate=9 cwb=0 sgi=0 stbc=0 ant=0 len=128 rx_state=0 seq=-1 tx_mac=52:40:27:94:0a:bb
CSI_DATA: 28 -64 1 0 11 7 10 8 8 10 9 11 9 12 10 12 11 12 11 12 12 11 12 9 12 8 11 7 10 6 9 5 7 5 6 6 4 5 3 5 2 5 1 6 0 7 -1 8 -1 8 -2 8 -3 8 0 0 0 0 0 0 0 0 0 0 0 0 0 0 0 0 0 0 0 0 0 0 7 -3 8 -2 9 -2 9 -1 9 -1 10 -1 10 0 10 0 10 0 9 1 9 2 8 3 8 4 8 5 8 7 8 9 9 10 10 11 12 11 14 12 15 11 17 10 17 10 18 9 18 7 17 6
CSI_META: ts=3088051053 rssi=-32 noise_floor=-98 channel=6 secondary_channel=0 sig_mode=0 mcs=0 rate=9 cwb=0 sgi=0 stbc=0 ant=0 len=128 rx_state=0 seq=-1 tx_mac=52:40:27:94:0a:bb
CSI_DATA: 28 -64 1 0 -6 -39 -9 -37 -11 -34 -12 -30 -12 -25 -11 -21 -8 -17 -5 -14 -1 -12 2 -11 6 -10 9 -10 11 -11 13 -13 14 -14 15 -13 14 -13 13 -13 12 -12 11 -11 10 -10 9 -8 8 -6 8 -4 6 -1 0 0 0 0 0 0 0 0 0 0 0 0 0 0 0 0 0 0 0 0 0 0 -3 10 -4 8 -5 6 -6 3 -7 1 -8 -2 -10 -5 -12 -7 -14 -10 -16 -12 -18 -14 -20 -15 -21 -15 -23 -14 -23 -13 -23 -11 -21 -9 -19 -9 -16 -8 -12 -9 -8 -10 -5 -14 -1 -18 1 -23 2 -28 1 -34
CSI_META: ts=3088051351 rssi=-31 noise_floor=-98 channel=6 secondary_channel=0 sig_mode=0 mcs=0 rate=9 cwb=0 sgi=0 stbc=0 ant=0 len=128 rx_state=0 seq=-1 tx_mac=52:40:27:94:0a:bb
CSI_DATA: 28 -64 1 0 9 -21 8 -22 5 -20 4 -19 2 -17 1 -14 1 -11 2 -9 2 -6 4 -5 6 -4 8 -3 10 -2 10 -2 12 -3 11 -3 12 -3 10 -3 9 -3 9 -3 8 -2 6 -2 5 -1 4 0 3 1 0 0 0 0 0 0 0 0 0 0 0 0 0 0 0 0 0 0 0 0 0 0 -6 4 -6 2 -5 1 -5 -1 -4 -2 -4 -4 -3 -5 -3 -8 -3 -10 -3 -11 -4 -13 -5 -14 -5 -15 -6 -15 -7 -15 -7 -14 -8 -13 -7 -11 -5 -10 -3 -9 -1 -8 3 -8 4 -9 8 -11 10 -14 12 -17
CSI_META: ts=3088577334 rssi=-30 noise_floor=-98 channel=6 secondary_channel=0 sig_mode=0 mcs=0 rate=9 cwb=0 sgi=0 stbc=0 ant=0 len=128 rx_state=0 seq=-1 tx_mac=52:40:27:94:0a:bb
CSI_DATA: 28 -64 1 0 21 -7 20 -8 18 -9 16 -9 14 -9 12 -8 11 -7 9 -6 9 -4 9 -3 10 -1 10 0 11 0 12 0 12 0 12 0 11 0 10 -1 9 -1 9 -1 7 0 7 0 6 1 5 2 3 3 0 0 0 0 0 0 0 0 0 0 0 0 0 0 0 0 0 0 0 0 0 0 -2 -8 -1 -8 0 -7 1 -7 2 -6 4 -5 5 -4 6 -4 8 -4 11 -5 12 -5 13 -6 13 -7 14 -8 13 -8 12 -9 11 -9 11 -9 10 -8 10 -7 10 -5 12 -4 13 -3 15 -2 18 -2 20 -3
CSI_META: ts=3088803133 rssi=-31 noise_floor=-98 channel=6 secondary_channel=0 sig_mode=0 mcs=0 rate=9 cwb=0 sgi=0 stbc=0 ant=0 len=128 rx_state=0 seq=-1 tx_mac=52:40:27:94:0a:bb
CSI_DATA: 28 -64 1 0 -7 17 -6 15 -6 13 -6 10 -6 9 -7 9 -8 8 -9 8 -10 9 -10 9 -10 10 -9 10 -9 11 -8 11 -7 10 -6 9 -6 8 -5 6 -5 5 -5 4 -5 2 -5 1 -6 0 -7 -1 -7 -2 0 0 0 0 0 0 0 0 0 0 0 0 0 0 0 0 0 0 0 0 0 0 2 5 0 5 -1 6 -2 7 -3 8 -3 9 -4 9 -4 10 -4 11 -4 12 -4 12 -4 12 -4 11 -4 10 -4 10 -5 9 -6 8 -8 8 -9 8 -11 9 -12 11 -13 13 -13 14 -13 16 -12 18 -11 20
CSI_META: ts=3089395826 rssi=-31 noise_floor=-98 channel=6 secondary_channel=0 sig_mode=0 mcs=0 rate=9 cwb=0 sgi=0 stbc=0 ant=0 len=128 rx_state=0 seq=-1 tx_mac=52:40:27:94:0a:bb
CSI_DATA: 28 -64 1 0 24 -20 24 -21 24 -23 21 -23 19 -24 16 -24 14 -24 11 -23 10 -20 8 -18 8 -14 8 -12 10 -9 11 -8 12 -7 14 -6 14 -5 15 -5 14 -5 14 -4 14 -4 14 -4 13 -3 12 -2 11 -1 0 0 0 0 0 0 0 0 0 0 0 0 0 0 0 0 0 0 0 0 0 0 -8 -13 -7 -13 -6 -14 -5 -13 -3 -13 -2 -12 0 -12 2 -12 4 -12 7 -13 10 -14 12 -15 14 -16 15 -18 15 -19 15 -22 14 -23 14 -25 12 -24 11 -25 10 -23 10 -22 10 -21 12 -19 15 -17 17 -18
CSI_META: ts=3089395954 rssi=-31 noise_floor=-98 channel=6 secondary_channel=0 sig_mode=0 mcs=0 rate=9 cwb=0 sgi=0 stbc=0 ant=0 len=128 rx_state=0 seq=-1 tx_mac=52:40:27:94:0a:bb
CSI_DATA: 28 -64 1 0 -16 -11 -19 -11 -17 -9 -19 -9 -19 -6 -18 -5 -16 -3 -15 -3 -13 -2 -12 -2 -10 -2 -9 -3 -9 -4 -7 -6 -7 -7 -6 -7 -6 -8 -7 -8 -6 -8 -6 -8 -6 -8 -6 -7 -6 -7 -5 -7 -4 -7 0 0 0 0 0 0 0 0 0 0 0 0 0 0 0 0 0 0 0 0 0 0 -6 6 -7 6 -7 4 -8 4 -7 3 -8 3 -7 2 -8 1 -8 -2 -9 -1 -10 -3 -11 -4 -12 -5 -13 -6 -15 -6 -15 -6 -18 -6 -16 -4 -18 -3 -17 -2 -16 -1 -15 -3 -13 -2 -14 -3 -14 -5 -14 -7
CSI_META: ts=3090611079 rssi=-32 noise_floor=-98 channel=6 secondary_channel=0 sig_mode=0 mcs=0 rate=9 cwb=0 sgi=0 stbc=0 ant=0 len=128 rx_state=0 seq=-1 tx_mac=52:40:27:94:0a:bb
CSI_DATA: 28 -64 1 0 -5 -29 -6 -30 -7 -31 -10 -30 -11 -29 -13 -27 -14 -24 -13 -21 -13 -19 -11 -16 -9 -14 -7 -13 -4 -12 -1 -13 1 -13 3 -13 4 -14 5 -14 5 -14 5 -14 5 -14 5 -14 5 -13 6 -12 6 -10 0 0 0 0 0 0 0 0 0 0 0 0 0 0 0 0 0 0 0 0 0 0 -14 3 -14 2 -14 1 -14 0 -12 -1 -12 -2 -11 -4 -10 -5 -9 -8 -8 -10 -8 -13 -8 -16 -9 -18 -10 -20 -12 -22 -14 -23 -15 -23 -17 -23 -18 -21 -18 -19 -18 -18 -17 -17 -14 -17 -12 -16 -10 -18 -6 -21
CSI_META: ts=3090759689 rssi=-31 noise_floor=-98 channel=6 secondary_channel=0 sig_mode=0 mcs=0 rate=9 cwb=0 sgi=0 stbc=0 ant=0 len=128 rx_state=0 seq=-1 tx_mac=52:40:27:94:0a:bb
CSI_DATA: 28 -64 1 0 -9 -23 -10 -21 -11 -20 -10 -16 -10 -14 -9 -12 -7 -11 -5 -10 -3 -11 -2 -11 -1 -12 -1 -13 -1 -13 -1 -14 -1 -14 -1 -14 -2 -13 -2 -12 -2 -10 -1 -10 -1 -8 0 -7 1 -6 2 -6 3 -4 0 0 0 0 0 0 0 0 0 0 0 0 0 0 0 0 0 0 0 0 0 0 -9 0 -8 -1 -7 -2 -6 -3 -6 -4 -5 -6 -5 -7 -4 -9 -5 -11 -5 -12 -5 -14 -6 -15 -7 -15 -8 -15 -9 -14 -10 -14 -9 -13 -9 -12 -7 -11 -6 -11 -5 -12 -3 -14 -2 -16 -2 -18 -3 -21 -4 -23
CSI_META: ts=3091020639 rssi=-32 noise_floor=-98 channel=6 secondary_channel=0 sig_mode=0 mcs=0 rate=9 cwb=0 sgi=0 stbc=0 ant=0 len=128 rx_state=0 seq=-1 tx_mac=52:40:27:94:0a:bb
CSI_DATA: 28 -64 1 0 0 29 2 30 3 31 6 30 8 29 9 27 10 24 10 21 10 19 8 16 6 14 4 13 2 12 -1 13 -3 13 -4 14 -5 13 -5 14 -6 13 -6 13 -6 13 -6 13 -6 12 -6 11 -7 9 0 0 0 0 0 0 0 0 0 0 0 0 0 0 0 0 0 0 0 0 0 0 14 0 14 1 13 2 12 3 12 3 10 5 9 6 7 8 6 9 5 12 4 14 3 17 3 20 4 22 6 23 7 25 9 25 11 25 12 23 13 22 13 20 12 19 10 20 8 19 5 20 3 23
CSI_META: ts=3091174605 rssi=-32 noise_floor=-98 channel=6 secondary_channel=0 sig_mode=0 mcs=0 rate=9 cwb=0 sgi=0 stbc=0 ant=0 len=128 rx_state=0 seq=-1 tx_mac=52:40:27:94:0a:bb
CSI_DATA: 28 -64 1 0 -30 -1 -25 0 -21 -2 -19 -3 -17 -5 -16 -7 -15 -10 -16 -11 -17 -13 -19 -12 -20 -12 -21 -11 -20 -10 -20 -8 -19 -7 -17 -6 -14 -5 -12 -5 -9 -5 -8 -5 -6 -7 -4 -8 -3 -9 -1 -10 1 -11 0 0 0 0 0 0 0 0 0 0 0 0 0 0 0 0 0 0 0 0 0 0 -6 5 -8 4 -10 3 -12 2 -14 2 -15 1 -16 1 -18 2 -19 2 -21 3 -21 3 -20 3 -19 2 -18 2 -16 0 -16 -2 -15 -4 -16 -7 -17 -9 -20 -11 -23 -13 -26 -13 -30 -13 -33 -12 -35 -9 -36 -6
CSI_META: ts=3092044648 rssi=-31 noise_floor=-98 channel=6 secondary_channel=0 sig_mode=0 mcs=0 rate=9 cwb=0 sgi=0 stbc=0 ant=0 len=128 rx_state=0 seq=-1 tx_mac=52:40:27:94:0a:bb
CSI_DATA: 28 -64 1 0 -23 -9 -22 -7 -20 -5 -19 -3 -17 -2 -14 -2 -12 -2 -11 -3 -9 -4 -9 -6 -9 -7 -9 -8 -9 -9 -9 -9 -10 -9 -10 -9 -10 -8 -9 -7 -8 -7 -8 -6 -7 -6 -6 -5 -4 -5 -3 -5 -1 -6 0 0 0 0 0 0 0 0 0 0 0 0 0 0 0 0 0 0 0 0 0 0 -4 6 -5 5 -6 3 -6 2 -6 1 -7 0 -8 -2 -10 -3 -11 -4 -13 -4 -14 -4 -15 -4 -16 -3 -16 -3 -16 -2 -16 -2 -15 -1 -13 -2 -12 -2 -12 -3 -11 -5 -12 -7 -12 -9 -14 -11 -17 -12 -19 -13
CSI_META: ts=3092287200 rssi=-31 noise_floor=-98 channel=6 secondary_channel=0 sig_mode=0 mcs=0 rate=9 cwb=0 sgi=0 stbc=0 ant=0 len=128 rx_state=0 seq=-1 tx_mac=52:40:27:94:0a:bb
CSI_DATA: 28 -64 1 0 12 11 10 9 8 9 6 8 5 9 4 10 3 11 3 12 4 13 5 13 6 13 6 12 7 11 7 10 6 9 5 8 4 7 2 6 1 5 0 5 -1 5 -3 5 -4 5 -5 5 -6 5 0 0 0 0 0 0 0 0 0 0 0 0 0 0 0 0 0 0 0 0 0 0 5 -2 5 0 5 1 5 3 6 4 7 5 7 5 8 6 9 7 10 7 10 7 10 7 10 6 9 6 8 6 6 7 5 8 5 9 4 10 5 13 5 14 7 16 9 17 11 18 13 17 14 16
CSI_META: ts=3092513028 rssi=-31 noise_floor=-98 channel=6 secondary_channel=0 sig_mode=0 mcs=0 rate=9 cwb=0 sgi=0 stbc=0 ant=0 len=128 rx_state=0 seq=-1 tx_mac=52:40:27:94:0a:bb
CSI_DATA: 28 -64 1 0 -20 10 -18 11 -15 11 -13 11 -11 10 -10 8 -9 7 -8 5 -9 4 -9 3 -10 2 -11 1 -12 1 -12 1 -12 2 -12 2 -11 2 -10 2 -9 2 -9 2 -8 1 -7 1 -6 0 -5 -1 -5 -2 0 0 0 0 0 0 0 0 0 0 0 0 0 0 0 0 0 0 0 0 0 0 1 6 0 6 -2 5 -3 5 -4 4 -5 4 -6 4 -8 4 -9 5 -11 5 -12 6 -12 7 -12 8 -12 8 -12 9 -11 9 -10 9 -10 8 -10 7 -10 6 -11 4 -12 4 -14 3 -17 3 -19 4 -20 6
CSI_META: ts=3093086499 rssi=-31 noise_floor=-98 channel=6 secondary_channel=0 sig_mode=0 mcs=0 rate=9 cwb=0 sgi=0 stbc=0 ant=0 len=128 rx_state=0 seq=-1 tx_mac=52:40:27:94:0a:bb
CSI_DATA: 28 -64 1 0 18 1 19 0 19 -1 19 -2 18 -3 17 -5 16 -5 14 -6 12 -5 10 -5 9 -3 8 -2 8 -1 8 1 8 2 8 3 8 3 8 4 8 3 8 4 8 4 7 4 7 4 6 4 5 4 0 0 0 0 0 0 0 0 0 0 0 0 0 0 0 0 0 0 0 0 0 0 1 -9 2 -9 2 -9 3 -8 3 -7 3 -7 4 -6 5 -5 6 -4 8 -3 9 -3 11 -2 12 -2 14 -2 15 -3 15 -4 15 -5 15 -6 15 -7 15 -7 14 -7 13 -7 12 -5 13 -4 14 -3 15 -1
CSI_META: ts=3093086653 rssi=-31 noise_floor=-98 channel=6 secondary_channel=0 sig_mode=0 mcs=0 rate=9 cwb=0 sgi=0 stbc=0 ant=0 len=128 rx_state=0 seq=-1 tx_mac=52:40:27:94:0a:bb
CSI_DATA: 28 -64 1 0 17 5 19 5 18 3 19 2 18 1 17 0 16 -2 14 -2 12 -3 11 -3 10 -2 9 -1 8 1 7 2 7 4 7 4 7 5 7 5 7 5 7 5 7 5 6 5 6 5 6 5 4 5 0 0 0 0 0 0 0 0 0 0 0 0 0 0 0 0 0 0 0 0 0 0 3 -9 4 -8 5 -8 5 -7 5 -6 5 -5 5 -4 6 -3 7 -1 8 -1 9 -1 11 0 12 1 14 1 15 1 15 0 17 -1 16 -2 16 -3 15 -3 15 -4 14 -2 12 -2 13 -2 13 0 14 2
CSI_META: ts=3093086816 rssi=-31 noise_floor=-98 channel=6 secondary_channel=0 sig_mode=0 mcs=0 rate=9 cwb=0 sgi=0 stbc=0 ant=0 len=128 rx_state=0 seq=-1 tx_mac=52:40:27:94:0a:bb
CSI_DATA: 28 -64 1 0 -5 -19 -7 -19 -7 -19 -9 -18 -9 -17 -11 -16 -10 -14 -10 -12 -9 -10 -8 -9 -7 -8 -5 -8 -4 -8 -2 -9 -1 -10 0 -10 0 -10 1 -10 1 -10 1 -10 1 -10 0 -9 0 -9 1 -8 2 -7 0 0 0 0 0 0 0 0 0 0 0 0 0 0 0 0 0 0 0 0 0 0 -9 1 -10 0 -9 -1 -9 -1 -8 -2 -8 -3 -7 -3 -7 -4 -6 -6 -6 -7 -6 -9 -6 -10 -6 -11 -7 -13 -8 -14 -9 -15 -10 -15 -11 -14 -12 -13 -12 -12 -11 -11 -10 -11 -9 -11 -8 -11 -7 -12 -6 -15
CSI_META: ts=3093090496 rssi=-31 noise_floor=-98 channel=6 secondary_channel=0 sig_mode=0 mcs=0 rate=9 cwb=0 sgi=0 stbc=0 ant=0 len=128 rx_state=0 seq=-1 tx_mac=52:40:27:94:0a:bb
CSI_DATA: 28 -64 1 0 -1 -20 -2 -20 -2 -20 -4 -20 -5 -18 -7 -18 -6 -16 -7 -14 -6 -12 -5 -11 -4 -10 -3 -9 -1 -9 0 -9 1 -9 2 -10 3 -10 3 -10 3 -9 3 -9 3 -9 3 -9 3 -8 3 -7 3 -6 0 0 0 0 0 0 0 0 0 0 0 0 0 0 0 0 0 0 0 0 0 0 -10 -2 -9 -3 -9 -3 -9 -3 -8 -4 -7 -4 -6 -5 -6 -6 -5 -7 -4 -8 -3 -10 -3 -11 -3 -13 -3 -14 -4 -15 -5 -16 -6 -16 -7 -17 -8 -15 -8 -15 -8 -14 -8 -13 -6 -13 -5 -13 -4 -14 -2 -15
CSI_META: ts=3093090650 rssi=-31 noise_floor=-98 channel=6 secondary_channel=0 sig_mode=0 mcs=0 rate=9 cwb=0 sgi=0 stbc=0 ant=0 len=128 rx_state=0 seq=-1 tx_mac=52:40:27:94:0a:bb
CSI_DATA: 28 -64 1 0 -11 -16 -12 -16 -13 -16 -14 -15 -15 -13 -15 -12 -14 -10 -13 -8 -12 -8 -10 -7 -8 -7 -7 -7 -5 -7 -4 -8 -4 -9 -3 -10 -3 -10 -3 -10 -2 -10 -3 -10 -2 -10 -2 -9 -2 -9 -1 -8 0 -7 0 0 0 0 0 0 0 0 0 0 0 0 0 0 0 0 0 0 0 0 0 0 -9 4 -9 3 -9 2 -9 2 -9 1 -8 0 -8 -1 -7 -2 -7 -3 -8 -5 -8 -7 -8 -8 -9 -10 -10 -11 -11 -11 -13 -12 -14 -11 -15 -10 -15 -9 -15 -8 -15 -7 -14 -7 -12 -8 -11 -9 -10 -10 -10 -12
CSI_META: ts=3093090768 rssi=-31 noise_floor=-98 channel=6 secondary_channel=0 sig_mode=0 mcs=0 rate=9 cwb=0 sgi=0 stbc=0 ant=0 len=128 rx_state=0 seq=-1 tx_mac=52:40:27:94:0a:bb
CSI_DATA: 28 -64 1 0 -19 -5 -20 -4 -20 -3 -20 -2 -19 0 -18 1 -17 2 -15 3 -13 2 -11 2 -10 1 -10 0 -9 -2 -9 -3 -9 -4 -9 -5 -9 -5 -9 -5 -8 -6 -8 -6 -9 -5 -8 -6 -7 -5 -6 -5 -5 -5 0 0 0 0 0 0 0 0 0 0 0 0 0 0 0 0 0 0 0 0 0 0 -4 8 -5 7 -5 7 -6 7 -6 6 -6 5 -6 4 -7 3 -7 2 -9 1 -10 0 -12 -1 -13 -1 -14 -2 -16 -1 -17 0 -17 1 -17 2 -17 3 -17 4 -16 4 -15 4 -14 3 -14 1 -15 -1 -15 -2
CSI_META: ts=3094795079 rssi=-31 noise_floor=-98 channel=6 secondary_channel=0 sig_mode=0 mcs=0 rate=9 cwb=0 sgi=0 stbc=0 ant=0 len=128 rx_state=0 seq=-1 tx_mac=52:40:27:94:0a:bb
CSI_DATA: 28 -64 1 0 20 -3 19 -1 21 1 22 2 23 3 24 2 25 1 25 -1 24 -3 23 -5 21 -5 19 -6 16 -5 15 -4 12 -3 11 0 10 1 8 3 7 4 7 6 7 7 7 9 7 9 7 10 6 11 0 0 0 0 0 0 0 0 0 0 0 0 0 0 0 0 0 0 0 0 0 0 4 -12 5 -12 7 -12 7 -13 8 -13 8 -12 8 -12 9 -12 9 -11 10 -10 10 -8 12 -6 13 -5 15 -3 17 -2 19 -1 21 -1 24 -3 26 -4 28 -5 28 -7 28 -10 27 -11 26 -12 25 -12 23 -11
CSI_META: ts=3094795232 rssi=-30 noise_floor=-98 channel=6 secondary_channel=0 sig_mode=0 mcs=0 rate=9 cwb=0 sgi=0 stbc=0 ant=0 len=128 rx_state=0 seq=-1 tx_mac=52:40:27:94:0a:bb
CSI_DATA: 28 -64 1 0 10 -8 10 -6 12 -6 13 -5 13 -5 14 -7 14 -8 13 -9 13 -9 11 -9 10 -9 9 -8 7 -7 6 -7 6 -5 6 -3 5 -2 5 -1 6 0 6 1 6 1 7 2 7 3 7 3 6 3 0 0 0 0 0 0 0 0 0 0 0 0 0 0 0 0 0 0 0 0 0 0 -1 -8 0 -8 1 -9 1 -9 1 -10 1 -9 1 -9 2 -9 2 -9 3 -9 4 -8 5 -7 6 -6 7 -5 8 -5 10 -6 11 -6 13 -8 13 -9 14 -11 13 -12 13 -14 12 -14 12 -14 11 -13 10 -12
CSI_META: ts=3094795359 rssi=-30 noise_floor=-98 channel=6 secondary_channel=0 sig_mode=0 mcs=0 rate=9 cwb=0 sgi=0 stbc=0 ant=0 len=128 rx_state=0 seq=-1 tx_mac=52:40:27:94:0a:bb
CSI_DATA: 28 -64 1 0 -13 -7 -12 -8 -11 -10 -12 -11 -13 -11 -14 -11 -14 -11 -15 -9 -16 -9 -15 -8 -14 -7 -13 -6 -12 -5 -11 -4 -9 -4 -8 -5 -5 -5 -4 -6 -3 -6 -3 -7 -2 -8 -2 -8 -1 -9 0 -9 1 -9 0 0 0 0 0 0 0 0 0 0 0 0 0 0 0 0 0 0 0 0 0 0 -8 4 -9 3 -9 3 -10 3 -10 3 -10 2 -10 2 -10 2 -10 2 -10 0 -9 -1 -9 -3 -9 -4 -10 -6 -11 -7 -12 -9 -13 -9 -15 -10 -16 -9 -18 -8 -19 -7 -20 -6 -20 -6 -20 -5 -19 -5 -17 -4
CSI_META: ts=3095231899 rssi=-31 noise_floor=-98 channel=6 secondary_channel=0 sig_mode=0 mcs=0 rate=9 cwb=0 sgi=0 stbc=0 ant=0 len=128 rx_state=0 seq=-1 tx_mac=52:40:27:94:0a:bb
CSI_DATA: 28 -64 1 0 15 24 13 22 9 20 6 18 3 18 2 18 0 20 -1 22 0 23 1 24 2 24 4 23 5 22 5 21 5 19 5 16 3 14 2 12 0 10 -2 8 -3 8 -6 7 -7 7 -9 6 -11 6 0 0 0 0 0 0 0 0 0 0 0 0 0 0 0 0 0 0 0 0 0 0 9 1 8 4 8 6 8 9 8 10 9 12 9 14 11 15 12 16 12 16 13 17 12 17 12 16 10 15 9 14 6 15 4 16 3 18 1 21 1 24 1 27 4 30 5 33 8 35 12 35 14 35
CSI_META: ts=3095232153 rssi=-30 noise_floor=-98 channel=6 secondary_channel=0 sig_mode=0 mcs=0 rate=9 cwb=0 sgi=0 stbc=0 ant=0 len=128 rx_state=0 seq=-1 tx_mac=52:40:27:94:0a:bb
CSI_DATA: 28 -64 1 0 -19 0 -16 0 -14 -1 -13 -2 -12 -4 -12 -5 -11 -7 -12 -7 -14 -7 -14 -7 -15 -6 -15 -5 -14 -4 -14 -3 -12 -3 -11 -2 -9 -2 -8 -3 -6 -3 -5 -4 -4 -5 -3 -5 -2 -7 -2 -7 -1 -8 0 0 0 0 0 0 0 0 0 0 0 0 0 0 0 0 0 0 0 0 0 0 -4 4 -6 3 -7 2 -8 1 -9 1 -10 1 -11 1 -12 1 -13 1 -14 1 -14 2 -13 2 -13 1 -12 1 -11 0 -11 -1 -11 -3 -11 -4 -12 -6 -14 -7 -16 -8 -18 -7 -20 -7 -22 -6 -23 -5 -23 -2
CSI_META: ts=3095235735 rssi=-30 noise_floor=-98 channel=6 secondary_channel=0 sig_mode=0 mcs=0 rate=9 cwb=0 sgi=0 stbc=0 ant=0 len=128 rx_state=0 seq=-1 tx_mac=52:40:27:94:0a:bb
CSI_DATA: 28 -64 1 0 13 -13 10 -12 10 -10 10 -8 10 -6 10 -5 12 -4 12 -4 13 -4 13 -5 13 -6 13 -6 12 -7 11 -7 10 -7 9 -6 8 -5 7 -4 6 -3 5 -2 5 -1 5 1 5 2 5 3 5 4 0 0 0 0 0 0 0 0 0 0 0 0 0 0 0 0 0 0 0 0 0 0 0 -6 1 -6 3 -7 4 -7 5 -8 6 -8 6 -8 7 -9 7 -10 8 -10 8 -11 7 -10 7 -10 7 -9 7 -7 8 -7 9 -5 10 -5 12 -4 14 -5 16 -6 17 -7 19 -9 19 -11 19 -13 18 -14
CSI_META: ts=3095235844 rssi=-31 noise_floor=-98 channel=6 secondary_channel=0 sig_mode=0 mcs=0 rate=9 cwb=0 sgi=0 stbc=0 ant=0 len=128 rx_state=0 seq=-1 tx_mac=52:40:27:94:0a:bb
CSI_DATA: 28 -64 1 0 17 0 15 0 13 2 11 3 10 4 10 5 10 7 11 7 12 7 12 7 13 6 13 5 13 4 12 3 11 2 10 3 7 2 6 2 4 3 3 4 2 4 2 5 1 6 0 7 0 7 0 0 0 0 0 0 0 0 0 0 0 0 0 0 0 0 0 0 0 0 0 0 3 -5 4 -4 5 -3 6 -2 8 -1 8 -1 10 0 11 0 12 0 13 0 13 -1 13 -1 12 -1 12 -1 11 0 10 1 9 2 10 3 11 5 13 7 14 8 17 8 18 8 20 8 22 6 22 4
CSI_META: ts=3095235971 rssi=-30 noise_floor=-98 channel=6 secondary_channel=0 sig_mode=0 mcs=0 rate=9 cwb=0 sgi=0 stbc=0 ant=0 len=128 rx_state=0 seq=-1 tx_mac=52:40:27:94:0a:bb
CSI_DATA: 28 -64 1 0 -11 -16 -9 -13 -7 -13 -6 -12 -4 -11 -3 -12 -2 -13 -1 -14 -2 -15 -2 -15 -3 -15 -4 -15 -5 -14 -5 -14 -5 -12 -5 -11 -4 -9 -3 -8 -2 -7 -1 -6 0 -6 1 -5 3 -5 4 -5 5 -5 0 0 0 0 0 0 0 0 0 0 0 0 0 0 0 0 0 0 0 0 0 0 -6 -3 -6 -4 -6 -5 -6 -6 -6 -8 -6 -8 -7 -9 -7 -10 -8 -11 -8 -11 -8 -11 -8 -11 -7 -10 -6 -10 -5 -10 -4 -10 -3 -10 -2 -12 -2 -13 -1 -16 -2 -17 -3 -19 -4 -21 -6 -22 -8 -22 -10 -22
CSI_META: ts=3095325776 rssi=-32 noise_floor=-98 channel=6 secondary_channel=0 sig_mode=0 mcs=0 rate=9 cwb=0 sgi=0 stbc=0 ant=0 len=128 rx_state=0 seq=-1 tx_mac=52:40:27:94:0a:bb
CSI_DATA: 28 -64 1 0 26 -14 26 -15 27 -17 25 -18 23 -20 21 -21 17 -20 14 -20 12 -18 10 -15 10 -12 9 -9 10 -6 11 -5 12 -3 13 -1 14 0 14 0 14 0 14 0 14 0 14 1 13 1 12 1 11 2 0 0 0 0 0 0 0 0 0 0 0 0 0 0 0 0 0 0 0 0 0 0 -9 -13 -8 -13 -6 -13 -5 -12 -4 -12 -3 -11 0 -11 2 -11 4 -11 8 -11 10 -12 13 -13 15 -15 16 -16 17 -18 17 -21 16 -22 15 -24 13 -23 12 -23 10 -22 10 -20 11 -18 12 -15 15 -13 18 -12
CSI_META: ts=3095697592 rssi=-31 noise_floor=-98 channel=6 secondary_channel=0 sig_mode=0 mcs=0 rate=9 cwb=0 sgi=0 stbc=0 ant=0 len=128 rx_state=0 seq=-1 tx_mac=52:40:27:94:0a:bb
CSI_DATA: 28 -64 1 0 -5 -13 -3 -14 -1 -16 -2 -16 -2 -17 -3 -18 -4 -18 -5 -18 -6 -17 -7 -15 -7 -14 -7 -12 -6 -10 -5 -9 -3 -8 -1 -7 1 -7 1 -7 3 -6 3 -7 4 -7 5 -7 6 -7 6 -7 6 -6 0 0 0 0 0 0 0 0 0 0 0 0 0 0 0 0 0 0 0 0 0 0 -9 0 -10 -1 -10 -2 -10 -2 -10 -3 -10 -3 -10 -3 -9 -4 -9 -4 -8 -5 -7 -6 -6 -8 -5 -9 -5 -10 -5 -12 -5 -14 -6 -15 -7 -17 -8 -17 -10 -18 -12 -17 -13 -16 -13 -16 -13 -15 -12 -14 -10 -13
CSI_META: ts=3095925776 rssi=-32 noise_floor=-98 channel=6 secondary_channel=0 sig_mode=0 mcs=0 rate=9 cwb=0 sgi=0 stbc=0 ant=0 len=128 rx_state=0 seq=-1 tx_mac=52:40:27:94:0a:bb
CSI_DATA: 28 -64 1 0 17 7 16 11 16 14 18 16 20 17 22 17 23 16 23 14 24 11 23 9 22 7 19 6 16 5 13 5 10 5 7 7 5 7 2 9 1 10 0 11 -1 12 -2 13 -3 14 -3 14 -4 13 0 0 0 0 0 0 0 0 0 0 0 0 0 0 0 0 0 0 0 0 0 0 6 -12 7 -12 9 -12 10 -13 10 -13 11 -12 10 -12 11 -12 11 -10 11 -8 12 -6 12 -4 13 -1 15 2 17 4 19 6 22 7 25 7 28 6 31 4 32 2 32 0 31 -1 30 -3 28 -3 25 -2
CSI_META: ts=3096243085 rssi=-31 noise_floor=-98 channel=6 secondary_channel=0 sig_mode=0 mcs=0 rate=9 cwb=0 sgi=0 stbc=0 ant=0 len=128 rx_state=0 seq=-1 tx_mac=52:40:27:94:0a:bb
CSI_DATA: 28 -64 1 0 -9 17 -8 18 -7 19 -6 18 -4 18 -2 17 -1 16 -1 14 0 12 -1 10 -1 8 -3 7 -4 6 -5 5 -7 5 -8 5 -8 4 -9 4 -8 4 -9 4 -9 4 -8 4 -8 4 -8 3 -7 2 0 0 0 0 0 0 0 0 0 0 0 0 0 0 0 0 0 0 0 0 0 0 9 0 8 1 8 2 7 2 6 2 5 3 4 4 3 5 2 6 1 8 0 10 -1 11 -1 13 -1 14 0 15 0 17 2 17 3 16 3 15 4 14 4 13 3 12 2 12 -1 11 -3 11 -5 13
CSI_META: ts=3096366371 rssi=-31 noise_floor=-98 channel=6 secondary_channel=0 sig_mode=0 mcs=0 rate=9 cwb=0 sgi=0 stbc=0 ant=0 len=128 rx_state=0 seq=-1 tx_mac=52:40:27:94:0a:bb
CSI_DATA: 28 -64 1 0 4 16 3 14 1 12 -1 11 -3 10 -4 11 -5 12 -6 13 -5 14 -5 15 -4 15 -2 14 -1 14 -1 13 -1 11 -1 9 -1 7 -2 6 -3 4 -4 3 -5 3 -6 2 -7 2 -8 1 -9 1 0 0 0 0 0 0 0 0 0 0 0 0 0 0 0 0 0 0 0 0 0 0 5 1 5 3 4 4 3 5 3 7 3 8 4 9 4 10 5 11 5 11 5 12 5 12 5 11 4 10 3 10 2 10 0 10 -2 11 -3 12 -4 14 -4 16 -3 19 -3 21 -1 22 1 23 3 23
CSI_META: ts=3096366615 rssi=-30 noise_floor=-98 channel=6 secondary_channel=0 sig_mode=0 mcs=0 rate=9 cwb=0 sgi=0 stbc=0 ant=0 len=128 rx_state=0 seq=-1 tx_mac=52:40:27:94:0a:bb
CSI_DATA: 28 -64 1 0 -5 -15 -4 -13 -3 -12 -1 -11 0 -10 2 -11 3 -11 3 -12 4 -13 3 -14 3 -14 2 -14 1 -14 0 -13 -1 -12 -1 -10 0 -9 0 -7 0 -6 1 -5 2 -4 3 -3 4 -3 5 -2 6 -1 0 0 0 0 0 0 0 0 0 0 0 0 0 0 0 0 0 0 0 0 0 0 -5 -4 -5 -5 -4 -6 -4 -7 -4 -8 -4 -9 -5 -9 -5 -10 -5 -11 -5 -11 -5 -11 -4 -11 -4 -10 -3 -10 -2 -9 -1 -10 0 -10 2 -11 2 -12 3 -14 3 -16 2 -19 1 -20 1 -21 -1 -21 -3 -21
CSI_META: ts=3096370223 rssi=-30 noise_floor=-98 channel=6 secondary_channel=0 sig_mode=0 mcs=0 rate=9 cwb=0 sgi=0 stbc=0 ant=0 len=128 rx_state=0 seq=-1 tx_mac=52:40:27:94:0a:bb
CSI_DATA: 28 -64 1 0 -8 15 -7 13 -7 11 -8 8 -9 7 -10 6 -11 6 -12 7 -13 8 -13 8 -13 9 -12 10 -11 10 -10 10 -8 9 -7 7 -6 6 -6 5 -5 3 -5 1 -6 0 -6 -1 -6 -2 -7 -3 -7 -4 0 0 0 0 0 0 0 0 0 0 0 0 0 0 0 0 0 0 0 0 0 0 2 5 0 6 -1 6 -2 7 -3 8 -3 9 -4 10 -4 11 -4 12 -4 12 -4 13 -4 12 -4 11 -4 10 -5 9 -6 8 -8 7 -10 7 -11 8 -13 9 -15 10 -15 12 -16 15 -15 17 -14 19 -13 20
CSI_META: ts=3096370368 rssi=-30 noise_floor=-98 channel=6 secondary_channel=0 sig_mode=0 mcs=0 rate=9 cwb=0 sgi=0 stbc=0 ant=0 len=128 rx_state=0 seq=-1 tx_mac=52:40:27:94:0a:bb
CSI_DATA: 28 -64 1 0 -18 2 -15 1 -13 -1 -12 -2 -11 -4 -11 -5 -12 -7 -13 -7 -14 -8 -14 -7 -15 -6 -15 -5 -15 -4 -14 -3 -12 -3 -11 -2 -9 -2 -8 -3 -5 -3 -5 -4 -4 -5 -3 -6 -2 -6 -1 -7 0 -8 0 0 0 0 0 0 0 0 0 0 0 0 0 0 0 0 0 0 0 0 0 0 -4 4 -5 3 -7 3 -8 3 -9 2 -10 2 -11 2 -12 2 -13 3 -13 3 -13 3 -13 3 -12 3 -11 1 -11 0 -10 -1 -11 -3 -12 -4 -13 -6 -15 -6 -17 -7 -20 -6 -21 -6 -23 -5 -24 -3 -24 -1
CSI_META: ts=3096370477 rssi=-30 noise_floor=-98 channel=6 secondary_channel=0 sig_mode=0 mcs=0 rate=9 cwb=0 sgi=0 stbc=0 ant=0 len=128 rx_state=0 seq=-1 tx_mac=52:40:27:94:0a:bb
CSI_DATA: 28 -64 1 0 -15 -10 -13 -9 -10 -9 -8 -9 -7 -10 -6 -11 -5 -12 -6 -13 -6 -14 -7 -15 -8 -14 -9 -13 -10 -12 -9 -11 -8 -10 -8 -8 -6 -7 -5 -6 -3 -6 -2 -5 -1 -6 1 -6 2 -6 3 -6 4 -6 0 0 0 0 0 0 0 0 0 0 0 0 0 0 0 0 0 0 0 0 0 0 -6 1 -7 -1 -7 -2 -8 -3 -9 -4 -9 -5 -10 -5 -11 -5 -12 -6 -12 -6 -12 -6 -12 -6 -11 -6 -10 -6 -9 -6 -8 -8 -7 -9 -7 -11 -7 -12 -8 -15 -9 -16 -11 -17 -13 -18 -15 -18 -17 -17 -18 -16
CSI_META: ts=3096755216 rssi=-31 noise_floor=-98 channel=6 secondary_channel=0 sig_mode=0 mcs=0 rate=9 cwb=0 sgi=0 stbc=0 ant=0 len=128 rx_state=0 seq=-1 tx_mac=52:40:27:94:0a:bb
CSI_DATA: 28 -64 1 0 8 -21 7 -21 5 -19 3 -18 2 -15 2 -14 2 -11 2 -10 4 -9 5 -8 6 -8 7 -8 8 -8 8 -9 8 -9 8 -9 7 -9 6 -8 6 -7 5 -7 5 -6 4 -5 4 -4 4 -3 4 -1 0 0 0 0 0 0 0 0 0 0 0 0 0 0 0 0 0 0 0 0 0 0 -6 -4 -5 -5 -4 -5 -2 -6 -1 -6 0 -7 1 -8 2 -9 3 -11 4 -12 4 -14 4 -14 4 -15 3 -15 2 -15 1 -14 1 -14 1 -13 2 -12 3 -11 4 -10 6 -11 9 -12 10 -13 12 -15 13 -17
CSI_META: ts=3096857450 rssi=-31 noise_floor=-98 channel=6 secondary_channel=0 sig_mode=0 mcs=0 rate=9 cwb=0 sgi=0 stbc=0 ant=0 len=128 rx_state=0 seq=-1 tx_mac=52:40:27:94:0a:bb
CSI_DATA: 28 -64 1 0 -3 17 -2 15 -2 13 -3 11 -4 9 -5 9 -7 8 -7 9 -8 10 -8 11 -8 11 -8 11 -7 11 -6 12 -5 11 -4 10 -4 8 -4 7 -4 5 -4 4 -4 3 -5 2 -6 1 -6 0 -7 -1 0 0 0 0 0 0 0 0 0 0 0 0 0 0 0 0 0 0 0 0 0 0 2 4 1 5 0 6 0 7 -1 8 -1 9 -1 9 -1 10 -1 11 -1 11 -1 12 -1 12 -1 11 -1 10 -2 9 -3 9 -5 8 -6 9 -7 9 -9 11 -10 12 -10 14 -10 17 -10 18 -8 20 -7 21
CSI_META: ts=3097156246 rssi=-31 noise_floor=-98 channel=6 secondary_channel=0 sig_mode=0 mcs=0 rate=9 cwb=0 sgi=0 stbc=0 ant=0 len=128 rx_state=0 seq=-1 tx_mac=52:40:27:94:0a:bb
CSI_DATA: 28 -64 1 0 -24 4 -22 6 -20 6 -17 7 -15 7 -13 5 -11 4 -10 3 -10 1 -10 -1 -11 -2 -11 -3 -12 -4 -13 -4 -13 -4 -13 -4 -12 -3 -11 -3 -10 -2 -10 -2 -8 -2 -8 -2 -6 -3 -5 -3 -4 -4 0 0 0 0 0 0 0 0 0 0 0 0 0 0 0 0 0 0 0 0 0 0 0 6 -1 5 -2 5 -4 4 -5 4 -6 3 -8 3 -9 3 -11 3 -13 4 -14 4 -15 5 -15 6 -15 6 -14 7 -13 7 -12 7 -11 6 -11 4 -11 3 -12 1 -13 0 -15 -1 -18 -2 -21 -2 -23 -1
CSI_META: ts=3097471854 rssi=-31 noise_floor=-98 channel=6 secondary_channel=0 sig_mode=0 mcs=0 rate=9 cwb=0 sgi=0 stbc=0 ant=0 len=128 rx_state=0 seq=-1 tx_mac=52:40:27:94:0a:bb
CSI_DATA: 28 -64 1 0 9 13 7 11 5 10 3 9 1 9 0 9 -1 10 -2 11 -2 12 -2 13 -1 13 0 13 0 13 1 12 1 11 1 10 1 8 0 7 0 5 -1 4 -3 4 -4 3 -4 2 -6 2 -6 1 0 0 0 0 0 0 0 0 0 0 0 0 0 0 0 0 0 0 0 0 0 0 5 0 5 2 5 3 5 4 6 5 6 6 7 7 7 7 8 8 9 8 9 7 8 7 8 7 6 6 5 6 4 7 2 8 1 10 0 11 0 13 1 15 2 17 3 19 5 20 7 20 8 20
CSI_META: ts=3097678656 rssi=-31 noise_floor=-98 channel=6 secondary_channel=0 sig_mode=0 mcs=0 rate=9 cwb=0 sgi=0 stbc=0 ant=0 len=128 rx_state=0 seq=-1 tx_mac=52:40:27:94:0a:bb
CSI_DATA: 28 -64 1 0 -13 -5 -12 -6 -11 -8 -12 -9 -13 -10 -14 -10 -15 -9 -15 -8 -15 -8 -15 -6 -14 -5 -14 -4 -12 -4 -10 -3 -9 -4 -7 -4 -5 -5 -4 -5 -3 -6 -3 -7 -2 -8 -2 -9 -1 -9 0 -9 0 -9 0 0 0 0 0 0 0 0 0 0 0 0 0 0 0 0 0 0 0 0 0 0 -6 5 -7 5 -9 5 -9 5 -9 5 -9 4 -9 4 -9 4 -9 3 -9 2 -9 1 -9 0 -9 -2 -10 -3 -11 -5 -12 -6 -13 -7 -15 -7 -17 -7 -19 -6 -20 -5 -20 -3 -20 -2 -20 -2 -19 -1 -17 -1
CSI_META: ts=3098291064 rssi=-31 noise_floor=-98 channel=6 secondary_channel=0 sig_mode=0 mcs=0 rate=9 cwb=0 sgi=0 stbc=0 ant=0 len=128 rx_state=0 seq=-1 tx_mac=52:40:27:94:0a:bb
CSI_DATA: 28 -64 1 0 10 -16 8 -13 8 -11 9 -7 9 -5 11 -5 12 -4 13 -4 14 -5 15 -6 15 -7 14 -7 13 -8 11 -8 10 -8 9 -6 7 -5 6 -4 5 -2 5 0 5 1 5 3 5 4 5 5 5 6 0 0 0 0 0 0 0 0 0 0 0 0 0 0 0 0 0 0 0 0 0 0 -4 -5 -2 -6 0 -7 1 -7 2 -9 3 -9 4 -10 4 -12 5 -13 5 -14 5 -14 4 -14 4 -13 4 -12 4 -11 5 -9 6 -8 8 -7 10 -7 13 -7 15 -8 17 -11 18 -13 19 -15 18 -17 17 -19
CSI_META: ts=3098635932 rssi=-31 noise_floor=-98 channel=6 secondary_channel=0 sig_mode=0 mcs=0 rate=9 cwb=0 sgi=0 stbc=0 ant=0 len=128 rx_state=0 seq=-1 tx_mac=52:40:27:94:0a:bb
CSI_DATA: 28 -64 1 0 -21 -14 -20 -12 -19 -10 -18 -8 -16 -6 -14 -5 -11 -5 -9 -5 -7 -7 -6 -8 -6 -9 -6 -11 -6 -11 -6 -12 -6 -12 -7 -12 -6 -11 -6 -11 -6 -9 -5 -8 -4 -7 -4 -7 -2 -6 0 -6 1 -5 0 0 0 0 0 0 0 0 0 0 0 0 0 0 0 0 0 0 0 0 0 0 -4 7 -5 5 -5 4 -6 2 -6 1 -6 -1 -7 -2 -9 -3 -10 -5 -12 -6 -13 -6 -15 -6 -16 -6 -16 -5 -16 -4 -16 -4 -15 -3 -14 -3 -12 -3 -11 -4 -10 -6 -10 -8 -10 -11 -11 -13 -13 -15 -15 -17
CSI_META: ts=3101260667 rssi=-31 noise_floor=-98 channel=6 secondary_channel=0 sig_mode=0 mcs=0 rate=9 cwb=0 sgi=0 stbc=0 ant=0 len=128 rx_state=0 seq=-1 tx_mac=52:40:27:94:0a:bb
CSI_DATA: 28 -64 1 0 -17 -4 -15 -4 -13 -5 -12 -5 -12 -6 -12 -7 -12 -8 -12 -7 -13 -8 -13 -7 -14 -6 -14 -6 -13 -4 -12 -4 -11 -3 -10 -3 -8 -3 -7 -3 -6 -4 -5 -4 -4 -5 -3 -5 -3 -6 -2 -7 -1 -8 0 0 0 0 0 0 0 0 0 0 0 0 0 0 0 0 0 0 0 0 0 0 -6 2 -7 1 -8 0 -9 -1 -9 -1 -10 -2 -10 -2 -11 -2 -11 -2 -12 -2 -12 -2 -11 -3 -11 -3 -11 -4 -10 -5 -10 -6 -10 -7 -11 -8 -12 -9 -14 -10 -15 -10 -17 -10 -18 -10 -20 -9 -21 -7 -21 -6
CSI_META: ts=3101467149 rssi=-31 noise_floor=-98 channel=6 secondary_channel=0 sig_mode=0 mcs=0 rate=9 cwb=0 sgi=0 stbc=0 ant=0 len=128 rx_state=0 seq=-1 tx_mac=52:40:27:94:0a:bb
CSI_DATA: 28 -64 1 0 -24 -15 -25 -16 -27 -16 -29 -15 -30 -12 -30 -10 -29 -8 -26 -5 -24 -4 -21 -4 -18 -4 -15 -5 -13 -6 -11 -8 -9 -10 -8 -12 -7 -13 -7 -13 -6 -14 -7 -14 -6 -14 -6 -15 -5 -14 -4 -14 -2 -12 0 0 0 0 0 0 0 0 0 0 0 0 0 0 0 0 0 0 0 0 0 0 -7 13 -8 12 -9 12 -9 12 -10 11 -9 9 -9 8 -10 6 -11 4 -12 2 -14 -1 -16 -3 -18 -5 -21 -6 -23 -6 -26 -6 -28 -5 -30 -3 -30 -1 -30 1 -29 3 -27 3 -25 2 -23 0 -22 -2 -21 -6
CSI_META: ts=3102693540 rssi=-31 noise_floor=-98 channel=6 secondary_channel=0 sig_mode=0 mcs=0 rate=9 cwb=0 sgi=0 stbc=0 ant=0 len=128 rx_state=0 seq=-1 tx_mac=52:40:27:94:0a:bb
CSI_DATA: 28 -64 1 0 -14 17 -12 18 -10 17 -8 15 -7 14 -6 12 -6 10 -6 9 -7 7 -8 7 -9 6 -10 6 -10 6 -10 7 -10 7 -10 7 -9 7 -8 6 -7 6 -7 5 -6 4 -6 3 -6 2 -6 1 -5 -1 0 0 0 0 0 0 0 0 0 0 0 0 0 0 0 0 0 0 0 0 0 0 4 6 2 6 1 5 0 6 -2 5 -3 6 -4 6 -6 7 -7 8 -8 9 -9 10 -9 11 -9 12 -8 13 -8 13 -7 13 -6 12 -6 11 -6 10 -7 9 -9 9 -10 8 -12 9 -14 10 -15 12 -16 14
CSI_META: ts=3103031429 rssi=-30 noise_floor=-98 channel=6 secondary_channel=0 sig_mode=0 mcs=0 rate=9 cwb=0 sgi=0 stbc=0 ant=0 len=128 rx_state=0 seq=-1 tx_mac=52:40:27:94:0a:bb
CSI_DATA: 28 -64 1 0 13 18 14 15 14 14 13 11 12 10 10 8 9 7 6 7 5 7 4 8 3 9 3 10 3 11 3 11 3 11 4 11 4 10 3 9 3 8 3 7 2 7 1 6 0 5 -1 5 -2 4 0 0 0 0 0 0 0 0 0 0 0 0 0 0 0 0 0 0 0 0 0 0 6 -3 6 -2 6 -1 5 0 5 2 5 3 5 5 6 6 6 8 7 9 8 10 9 11 10 10 10 10 11 10 11 9 10 8 10 8 8 7 8 8 6 9 6 11 5 13 6 15 7 17 9 19
CSI_META: ts=3103725865 rssi=-32 noise_floor=-98 channel=6 secondary_channel=0 sig_mode=0 mcs=0 rate=9 cwb=0 sgi=0 stbc=0 ant=0 len=128 rx_state=0 seq=-1 tx_mac=52:40:27:94:0a:bb
CSI_DATA: 28 -64 1 0 6 19 5 20 3 22 2 22 3 23 4 24 5 24 6 24 8 23 9 21 9 19 9 17 8 15 6 14 5 12 3 11 0 10 -2 9 -3 9 -5 9 -5 10 -6 10 -7 10 -8 10 -9 9 0 0 0 0 0 0 0 0 0 0 0 0 0 0 0 0 0 0 0 0 0 0 11 3 11 5 12 6 12 6 12 7 12 8 12 8 11 9 11 9 10 9 9 10 7 12 5 13 4 14 3 16 3 19 3 21 5 24 6 25 9 26 11 26 13 26 14 26 15 24 15 22 14 21
CSI_META: ts=3104059693 rssi=-33 noise_floor=-98 channel=6 secondary_channel=0 sig_mode=0 mcs=0 rate=9 cwb=0 sgi=0 stbc=0 ant=0 len=128 rx_state=0 seq=-1 tx_mac=52:40:27:94:0a:bb
CSI_DATA: 28 -64 1 0 13 -24 11 -21 11 -17 12 -13 13 -11 15 -9 17 -9 18 -10 20 -12 20 -13 19 -14 18 -15 17 -15 15 -15 14 -15 11 -12 10 -10 8 -8 7 -6 7 -3 7 -1 8 1 8 3 9 4 9 6 0 0 0 0 0 0 0 0 0 0 0 0 0 0 0 0 0 0 0 0 0 0 -3 -9 -1 -10 1 -11 2 -13 3 -14 4 -15 5 -16 5 -18 6 -19 6 -19 6 -20 6 -19 6 -17 6 -16 7 -14 9 -13 11 -12 14 -12 17 -12 20 -13 22 -15 24 -19 25 -22 24 -26 23 -28 20 -30
CSI_META: ts=3104127864 rssi=-31 noise_floor=-98 channel=6 secondary_channel=0 sig_mode=0 mcs=0 rate=9 cwb=0 sgi=0 stbc=0 ant=0 len=128 rx_state=0 seq=-1 tx_mac=52:40:27:94:0a:bb
CSI_DATA: 28 -64 1 0 -12 13 -11 14 -10 15 -9 15 -7 16 -6 15 -5 14 -4 13 -3 11 -3 10 -3 8 -4 7 -5 6 -6 5 -7 5 -8 5 -8 4 -8 5 -8 4 -8 4 -8 4 -7 4 -7 3 -7 3 -6 2 0 0 0 0 0 0 0 0 0 0 0 0 0 0 0 0 0 0 0 0 0 0 5 6 4 7 4 6 3 6 2 6 2 6 1 6 0 6 -2 7 -3 7 -4 8 -6 9 -7 9 -7 11 -7 12 -7 13 -6 14 -6 15 -5 14 -4 14 -3 14 -3 13 -4 12 -5 11 -7 11 -8 11
CSI_META: ts=3104372199 rssi=-32 noise_floor=-98 channel=6 secondary_channel=0 sig_mode=0 mcs=0 rate=9 cwb=0 sgi=0 stbc=0 ant=0 len=128 rx_state=0 seq=-1 tx_mac=52:40:27:94:0a:bb
CSI_DATA: 28 -64 1 0 -19 -20 -20 -20 -21 -20 -23 -18 -24 -16 -24 -14 -23 -12 -21 -9 -19 -8 -17 -7 -15 -7 -12 -7 -10 -8 -9 -9 -7 -10 -6 -12 -5 -12 -5 -13 -5 -12 -5 -13 -4 -13 -4 -13 -4 -13 -3 -12 -2 -11 0 0 0 0 0 0 0 0 0 0 0 0 0 0 0 0 0 0 0 0 0 0 -11 8 -11 7 -12 6 -12 5 -11 4 -11 3 -11 1 -10 -1 -11 -3 -12 -5 -13 -8 -14 -10 -16 -11 -18 -13 -19 -13 -21 -13 -22 -12 -24 -11 -24 -9 -24 -8 -23 -7 -22 -6 -20 -8 -19 -9 -18 -11 -17 -14
CSI_META: ts=3106380648 rssi=-31 noise_floor=-98 channel=6 secondary_channel=0 sig_mode=0 mcs=0 rate=9 cwb=0 sgi=0 stbc=0 ant=0 len=128 rx_state=0 seq=-1 tx_mac=52:40:27:94:0a:bb
CSI_DATA: 28 -64 1 0 -24 -17 -22 -15 -18 -15 -16 -15 -14 -16 -13 -17 -13 -19 -13 -20 -15 -20 -16 -20 -17 -19 -18 -18 -18 -16 -17 -14 -16 -13 -14 -11 -11 -10 -9 -10 -7 -9 -5 -9 -3 -10 -2 -10 0 -11 1 -12 3 -12 0 0 0 0 0 0 0 0 0 0 0 0 0 0 0 0 0 0 0 0 0 0 -11 -1 -11 -3 -12 -5 -13 -7 -13 -8 -14 -9 -14 -10 -15 -10 -16 -12 -17 -12 -17 -12 -17 -12 -16 -12 -15 -12 -13 -13 -12 -15 -11 -17 -11 -18 -12 -21 -14 -23 -16 -25 -18 -27 -21 -27 -24 -27 -27 -26 -28 -24
CSI_META: ts=3106587132 rssi=-31 noise_floor=-98 channel=6 secondary_channel=0 sig_mode=0 mcs=0 rate=9 cwb=0 sgi=0 stbc=0 ant=0 len=128 rx_state=0 seq=-1 tx_mac=52:40:27:94:0a:bb
CSI_DATA: 28 -64 1 0 -13 -12 -12 -10 -9 -10 -7 -10 -5 -10 -4 -11 -3 -12 -3 -13 -3 -14 -4 -14 -6 -14 -6 -14 -7 -13 -7 -12 -6 -11 -6 -9 -5 -8 -4 -7 -2 -6 -1 -6 0 -6 1 -5 3 -5 4 -5 5 -5 0 0 0 0 0 0 0 0 0 0 0 0 0 0 0 0 0 0 0 0 0 0 -6 0 -6 -2 -7 -3 -7 -4 -8 -5 -8 -6 -9 -6 -10 -7 -10 -7 -11 -7 -11 -7 -10 -7 -10 -7 -9 -7 -8 -7 -6 -8 -5 -9 -5 -11 -5 -12 -5 -15 -6 -16 -8 -18 -9 -19 -11 -19 -13 -19 -15 -18
CSI_META: ts=3107398842 rssi=-31 noise_floor=-98 channel=6 secondary_channel=0 sig_mode=0 mcs=0 rate=9 cwb=0 sgi=0 stbc=0 ant=0 len=128 rx_state=0 seq=-1 tx_mac=52:40:27:94:0a:bb
CSI_DATA: 28 -64 1 0 22 4 21 2 19 0 17 -1 15 -1 13 -2 11 -1 10 1 9 2 8 3 9 4 9 5 10 6 10 6 11 6 11 5 10 5 9 4 8 3 7 3 6 3 5 3 4 3 3 4 1 4 0 0 0 0 0 0 0 0 0 0 0 0 0 0 0 0 0 0 0 0 0 0 2 -7 3 -6 4 -5 5 -4 6 -2 6 -1 7 -1 9 0 10 1 12 1 13 2 14 1 14 0 15 0 15 -1 14 -1 13 -1 12 -1 12 -1 11 1 11 3 12 4 12 6 15 7 18 7 19 8
CSI_META: ts=3108013944 rssi=-31 noise_floor=-98 channel=6 secondary_channel=0 sig_mode=0 mcs=0 rate=9 cwb=0 sgi=0 stbc=0 ant=0 len=128 rx_state=0 seq=-1 tx_mac=52:40:27:94:0a:bb
CSI_DATA: 28 -64 1 0 22 8 22 6 20 5 18 3 16 2 14 1 12 1 10 2 9 3 8 5 8 6 8 7 8 8 9 9 9 9 9 9 9 8 8 7 7 6 7 6 6 5 5 5 3 5 2 5 0 5 0 0 0 0 0 0 0 0 0 0 0 0 0 0 0 0 0 0 0 0 0 0 3 -7 4 -5 5 -4 5 -3 6 -2 7 0 8 1 9 2 11 3 13 3 14 3 15 3 15 2 16 2 15 1 15 1 14 0 13 1 12 1 11 3 11 5 12 6 12 9 14 10 16 11 18 12
CSI_META: ts=3111552125 rssi=-32 noise_floor=-98 channel=6 secondary_channel=0 sig_mode=0 mcs=0 rate=9 cwb=0 sgi=0 stbc=0 ant=0 len=128 rx_state=0 seq=-1 tx_mac=52:40:27:94:0a:bb
CSI_DATA: 28 -64 1 0 16 -6 17 -3 19 0 22 1 24 2 25 1 26 0 26 -2 26 -4 24 -6 22 -6 20 -6 17 -6 14 -5 12 -3 10 0 8 2 7 4 6 6 5 8 5 9 4 11 4 12 4 12 3 12 0 0 0 0 0 0 0 0 0 0 0 0 0 0 0 0 0 0 0 0 0 0 -4 -12 -3 -14 -2 -15 -1 -16 -1 -16 -1 -16 0 -16 0 -16 1 -15 2 -14 3 -13 5 -11 7 -9 11 -8 14 -7 17 -7 20 -8 23 -10 25 -12 26 -15 26 -18 25 -20 23 -21 22 -21 20 -20 17 -18
CSI_META: ts=3112691054 rssi=-31 noise_floor=-98 channel=6 secondary_channel=0 sig_mode=0 mcs=0 rate=9 cwb=0 sgi=0 stbc=0 ant=0 len=128 rx_state=0 seq=-1 tx_mac=52:40:27:94:0a:bb
CSI_DATA: 28 -64 1 0 -19 31 -15 30 -12 29 -10 26 -8 24 -7 21 -7 18 -8 16 -9 14 -10 13 -12 13 -14 13 -14 13 -14 14 -14 14 -14 14 -12 14 -11 13 -10 11 -10 10 -8 8 -9 7 -8 5 -9 3 -9 1 0 0 0 0 0 0 0 0 0 0 0 0 0 0 0 0 0 0 0 0 0 0 6 9 4 10 2 9 0 10 -2 10 -4 10 -5 11 -7 12 -9 14 -11 16 -12 18 -12 19 -12 21 -11 21 -10 22 -9 21 -8 20 -8 19 -8 18 -10 17 -12 16 -15 16 -18 18 -20 20 -22 22 -23 26
CSI_META: ts=3115134940 rssi=-31 noise_floor=-98 channel=6 secondary_channel=0 sig_mode=0 mcs=0 rate=9 cwb=0 sgi=0 stbc=0 ant=0 len=128 rx_state=0 seq=-1 tx_mac=52:40:27:94:0a:bb
CSI_DATA: 28 -64 1 0 8 -18 6 -16 6 -14 6 -11 7 -10 8 -9 9 -8 10 -9 11 -10 11 -10 11 -11 10 -11 10 -12 9 -12 8 -11 7 -10 6 -8 5 -7 5 -6 5 -4 5 -3 5 -1 6 0 6 1 6 2 0 0 0 0 0 0 0 0 0 0 0 0 0 0 0 0 0 0 0 0 0 0 -3 -6 -1 -7 0 -7 1 -8 3 -9 3 -10 4 -10 4 -11 5 -12 5 -13 4 -13 4 -13 4 -13 4 -12 4 -11 5 -10 6 -9 8 -9 9 -8 12 -9 13 -11 15 -13 15 -15 15 -17 14 -19 13 -21
CSI_META: ts=3115487573 rssi=-31 noise_floor=-98 channel=6 secondary_channel=0 sig_mode=0 mcs=0 rate=9 cwb=0 sgi=0 stbc=0 ant=0 len=128 rx_state=0 seq=-1 tx_mac=52:40:27:94:0a:bb
CSI_DATA: 28 -64 1 0 30 1 26 1 22 2 19 4 17 5 17 8 17 10 17 11 19 11 20 11 21 10 22 9 21 7 20 6 18 5 17 4 14 4 11 4 8 5 7 5 6 7 4 8 2 9 1 10 0 12 0 0 0 0 0 0 0 0 0 0 0 0 0 0 0 0 0 0 0 0 0 0 6 -7 8 -5 10 -4 11 -2 13 -1 14 0 16 1 18 0 19 0 21 0 21 0 21 -1 20 -1 19 0 17 1 16 3 15 5 16 7 17 9 20 12 22 14 26 14 29 14 33 13 36 11 36 8
CSI_META: ts=3116364236 rssi=-32 noise_floor=-98 channel=6 secondary_channel=0 sig_mode=0 mcs=0 rate=9 cwb=0 sgi=0 stbc=0 ant=0 len=128 rx_state=0 seq=-1 tx_mac=52:40:27:94:0a:bb
CSI_DATA: 28 -64 1 0 -31 -5 -27 -3 -23 -4 -20 -4 -17 -5 -16 -8 -14 -10 -14 -11 -15 -13 -16 -13 -18 -14 -19 -13 -19 -12 -19 -11 -18 -10 -17 -9 -15 -7 -12 -7 -10 -6 -8 -7 -6 -7 -4 -8 -3 -9 -1 -9 1 -10 0 0 0 0 0 0 0 0 0 0 0 0 0 0 0 0 0 0 0 0 0 0 -7 5 -8 3 -10 2 -11 0 -13 0 -14 -1 -15 -2 -17 -2 -19 -2 -21 -2 -21 -2 -21 -1 -20 -1 -19 -1 -17 -2 -16 -3 -15 -5 -15 -7 -16 -9 -17 -12 -19 -14 -22 -16 -25 -17 -30 -16 -33 -15 -34 -13
CSI_META: ts=3116711784 rssi=-31 noise_floor=-98 channel=6 secondary_channel=0 sig_mode=0 mcs=0 rate=9 cwb=0 sgi=0 stbc=0 ant=0 len=128 rx_state=0 seq=-1 tx_mac=52:40:27:94:0a:bb
CSI_DATA: 28 -64 1 0 29 4 26 4 23 5 21 6 19 7 19 8 19 10 19 10 21 10 22 10 22 8 22 7 21 6 21 4 19 4 17 4 14 3 12 3 9 4 8 5 7 6 6 8 5 9 4 10 2 11 0 0 0 0 0 0 0 0 0 0 0 0 0 0 0 0 0 0 0 0 0 0 9 -4 10 -2 11 -1 12 0 14 2 14 2 15 3 17 3 18 3 20 4 20 4 19 4 18 4 18 5 17 5 16 7 16 9 17 11 18 12 21 14 23 15 27 15 29 15 32 14 34 12 34 10
CSI_META: ts=3116927588 rssi=-31 noise_floor=-98 channel=6 secondary_channel=0 sig_mode=0 mcs=0 rate=9 cwb=0 sgi=0 stbc=0 ant=0 len=128 rx_state=0 seq=-1 tx_mac=52:40:27:94:0a:bb
CSI_DATA: 28 -64 1 0 27 2 22 2 16 5 13 7 9 9 8 13 7 16 7 19 8 21 10 22 11 22 13 22 13 20 13 19 12 16 11 14 9 11 6 9 4 7 1 6 -2 6 -4 5 -7 5 -9 4 -11 3 0 0 0 0 0 0 0 0 0 0 0 0 0 0 0 0 0 0 0 0 0 0 2 -8 5 -8 8 -8 10 -9 12 -9 13 -9 15 -10 16 -11 17 -12 18 -12 17 -12 16 -11 15 -9 13 -7 12 -4 12 0 12 4 14 7 16 10 21 14 23 15 29 16 32 16 35 14 38 12 37 8
CSI_META: ts=3117134372 rssi=-31 noise_floor=-98 channel=6 secondary_channel=0 sig_mode=0 mcs=0 rate=9 cwb=0 sgi=0 stbc=0 ant=0 len=128 rx_state=0 seq=-1 tx_mac=52:40:27:94:0a:bb
CSI_DATA: 28 -64 1 0 19 16 16 15 12 15 10 16 8 17 7 18 7 20 7 21 9 21 10 21 11 20 12 19 13 18 12 16 11 14 9 12 7 11 5 9 3 8 1 8 -1 8 -3 9 -5 9 -6 10 -8 9 0 0 0 0 0 0 0 0 0 0 0 0 0 0 0 0 0 0 0 0 0 0 9 0 10 2 10 4 11 6 12 7 13 8 13 8 14 9 15 10 15 9 15 10 14 10 13 10 11 10 10 11 8 13 7 16 7 18 8 20 10 24 12 25 15 26 17 28 20 27 23 26 24 24
CSI_META: ts=3117337487 rssi=-30 noise_floor=-98 channel=6 secondary_channel=0 sig_mode=0 mcs=0 rate=9 cwb=0 sgi=0 stbc=0 ant=0 len=128 rx_state=0 seq=-1 tx_mac=52:40:27:94:0a:bb
CSI_DATA: 28 -64 1 0 -2 -15 -2 -15 0 -17 -1 -16 -2 -17 -3 -17 -4 -17 -5 -16 -5 -15 -6 -14 -6 -12 -5 -11 -4 -9 -3 -9 -2 -8 -1 -8 0 -7 1 -7 2 -7 3 -7 3 -8 4 -8 4 -8 4 -7 5 -7 0 0 0 0 0 0 0 0 0 0 0 0 0 0 0 0 0 0 0 0 0 0 -8 -4 -7 -5 -8 -5 -8 -5 -7 -6 -7 -6 -7 -6 -6 -7 -6 -7 -5 -8 -4 -8 -3 -9 -2 -10 -1 -12 -1 -12 -1 -15 -2 -15 -3 -17 -4 -16 -5 -17 -7 -17 -7 -17 -8 -16 -7 -15 -7 -14 -6 -15
CSI_META: ts=3117660495 rssi=-31 noise_floor=-98 channel=6 secondary_channel=0 sig_mode=0 mcs=0 rate=9 cwb=0 sgi=0 stbc=0 ant=0 len=128 rx_state=0 seq=-1 tx_mac=52:40:27:94:0a:bb
CSI_DATA: 28 -64 1 0 -11 -31 -11 -27 -11 -25 -10 -21 -9 -19 -8 -18 -5 -17 -4 -18 -3 -19 -2 -20 -3 -20 -3 -20 -4 -20 -5 -21 -5 -19 -6 -18 -5 -15 -4 -14 -3 -12 -2 -11 -1 -10 1 -9 3 -8 5 -8 6 -8 0 0 0 0 0 0 0 0 0 0 0 0 0 0 0 0 0 0 0 0 0 0 -11 -5 -10 -6 -8 -7 -7 -8 -5 -9 -4 -11 -3 -12 -3 -14 -3 -16 -3 -18 -3 -20 -3 -21 -5 -21 -5 -22 -6 -21 -6 -21 -6 -20 -5 -20 -4 -18 -2 -19 -2 -20 -1 -23 1 -26 0 -29 -2 -31 -4 -34
CSI_META: ts=3118156691 rssi=-30 noise_floor=-98 channel=6 secondary_channel=0 sig_mode=0 mcs=0 rate=9 cwb=0 sgi=0 stbc=0 ant=0 len=128 rx_state=0 seq=-1 tx_mac=52:40:27:94:0a:bb
CSI_DATA: 28 -64 1 0 -10 20 -8 19 -6 17 -5 15 -4 13 -4 11 -5 10 -6 9 -7 8 -8 8 -9 8 -10 9 -10 10 -9 10 -9 10 -8 10 -7 9 -6 9 -5 7 -5 6 -5 5 -5 4 -5 2 -6 1 -6 0 0 0 0 0 0 0 0 0 0 0 0 0 0 0 0 0 0 0 0 0 0 0 3 5 1 6 0 5 -1 6 -2 6 -3 7 -4 8 -5 9 -6 10 -7 11 -7 12 -7 13 -6 13 -6 13 -5 12 -5 12 -5 11 -6 10 -6 9 -8 10 -9 10 -11 11 -13 12 -14 14 -15 16 -14 18
CSI_META: ts=3118363168 rssi=-31 noise_floor=-98 channel=6 secondary_channel=0 sig_mode=0 mcs=0 rate=9 cwb=0 sgi=0 stbc=0 ant=0 len=128 rx_state=0 seq=-1 tx_mac=52:40:27:94:0a:bb
CSI_DATA: 28 -64 1 0 -24 -1 -26 -2 -27 -3 -29 -3 -30 -1 -30 1 -29 3 -27 5 -26 6 -23 7 -21 6 -18 6 -16 4 -14 2 -13 0 -12 -3 -11 -5 -11 -6 -10 -7 -11 -8 -11 -10 -12 -10 -11 -11 -10 -11 -9 -11 0 0 0 0 0 0 0 0 0 0 0 0 0 0 0 0 0 0 0 0 0 0 -4 13 -5 13 -7 13 -7 13 -8 13 -8 12 -8 11 -9 11 -10 9 -11 8 -13 6 -14 4 -16 3 -19 2 -21 1 -24 1 -26 3 -28 5 -29 7 -29 9 -29 11 -28 13 -26 13 -25 12 -23 10 -22 8
CSI_META: ts=3118668673 rssi=-30 noise_floor=-98 channel=6 secondary_channel=0 sig_mode=0 mcs=0 rate=9 cwb=0 sgi=0 stbc=0 ant=0 len=128 rx_state=0 seq=-1 tx_mac=52:40:27:94:0a:bb
CSI_DATA: 28 -64 1 0 14 -3 15 -2 16 -2 17 -3 17 -3 18 -4 17 -6 16 -7 15 -8 13 -8 11 -7 10 -6 9 -5 8 -4 7 -2 7 0 6 1 6 2 6 3 6 4 7 4 7 5 6 5 6 5 6 6 0 0 0 0 0 0 0 0 0 0 0 0 0 0 0 0 0 0 0 0 0 0 -1 -9 0 -9 0 -10 1 -10 1 -10 1 -9 2 -8 2 -9 3 -8 4 -7 6 -6 7 -6 9 -5 10 -5 12 -5 13 -6 14 -7 15 -8 15 -9 16 -10 15 -12 14 -12 13 -12 12 -12 12 -10 11 -9
CSI_META: ts=3119011826 rssi=-31 noise_floor=-98 channel=6 secondary_channel=0 sig_mode=0 mcs=0 rate=9 cwb=0 sgi=0 stbc=0 ant=0 len=128 rx_state=0 seq=-1 tx_mac=52:40:27:94:0a:bb
CSI_DATA: 28 -64 1 0 -18 14 -20 13 -21 14 -22 14 -23 16 -22 17 -20 19 -18 19 -16 19 -13 19 -11 16 -10 15 -9 12 -9 10 -10 7 -10 5 -11 3 -12 1 -12 0 -13 -1 -13 -1 -14 -2 -14 -2 -14 -2 -13 -3 0 0 0 0 0 0 0 0 0 0 0 0 0 0 0 0 0 0 0 0 0 0 5 11 4 12 3 13 3 13 2 13 2 13 1 13 0 13 -1 12 -3 12 -5 12 -7 12 -10 12 -12 12 -14 13 -16 16 -17 18 -17 20 -17 21 -16 24 -15 25 -13 25 -11 25 -10 24 -11 22 -11 19
CSI_META: ts=3119012034 rssi=-30 noise_floor=-98 channel=6 secondary_channel=0 sig_mode=0 mcs=0 rate=9 cwb=0 sgi=0 stbc=0 ant=0 len=128 rx_state=0 seq=-1 tx_mac=52:40:27:94:0a:bb
CSI_DATA: 28 -64 1 0 10 -10 10 -9 12 -11 12 -10 12 -11 12 -12 11 -13 9 -13 8 -14 6 -13 5 -12 5 -10 4 -8 4 -8 4 -6 5 -5 5 -3 6 -2 6 -2 7 -1 7 -1 8 -1 8 0 8 0 7 1 0 0 0 0 0 0 0 0 0 0 0 0 0 0 0 0 0 0 0 0 0 0 -4 -8 -4 -8 -4 -9 -3 -9 -3 -9 -2 -9 -2 -8 -1 -8 0 -8 1 -8 2 -8 4 -8 5 -8 6 -9 7 -9 9 -11 9 -12 10 -14 9 -14 8 -16 7 -16 7 -16 5 -17 5 -16 5 -14 5 -13
CSI_META: ts=3119180698 rssi=-30 noise_floor=-98 channel=6 secondary_channel=0 sig_mode=0 mcs=0 rate=9 cwb=0 sgi=0 stbc=0 ant=0 len=128 rx_state=0 seq=-1 tx_mac=52:40:27:94:0a:bb
CSI_DATA: 28 -64 1 0 -19 11 -16 11 -14 10 -12 9 -10 8 -10 6 -10 4 -10 3 -11 3 -12 3 -13 2 -13 3 -13 3 -13 4 -12 4 -12 4 -10 4 -9 3 -7 3 -7 2 -6 1 -6 -1 -6 -2 -6 -3 -5 -4 0 0 0 0 0 0 0 0 0 0 0 0 0 0 0 0 0 0 0 0 0 0 -1 6 -2 6 -3 5 -4 5 -5 4 -6 4 -7 4 -8 4 -10 4 -11 5 -12 6 -13 6 -13 7 -12 7 -12 7 -11 7 -10 7 -11 6 -11 5 -11 4 -13 3 -15 3 -17 3 -19 4 -20 5 -21 7
CSI_META: ts=3119376818 rssi=-31 noise_floor=-98 channel=6 secondary_channel=0 sig_mode=0 mcs=0 rate=9 cwb=0 sgi=0 stbc=0 ant=0 len=128 rx_state=0 seq=-1 tx_mac=52:40:27:94:0a:bb
CSI_DATA: 28 -64 1 0 -1 -24 1 -21 4 -20 6 -18 8 -19 10 -20 11 -21 10 -23 9 -25 7 -25 5 -24 4 -23 2 -21 2 -19 2 -17 2 -14 4 -11 5 -9 6 -7 7 -6 8 -5 10 -4 11 -4 12 -4 13 -2 0 0 0 0 0 0 0 0 0 0 0 0 0 0 0 0 0 0 0 0 0 0 -8 -6 -7 -8 -5 -10 -5 -12 -5 -14 -4 -15 -4 -16 -5 -18 -5 -18 -5 -19 -5 -19 -4 -18 -3 -17 -2 -16 0 -15 2 -17 4 -17 7 -19 8 -21 9 -24 8 -27 7 -30 6 -33 4 -35 2 -34 -1 -34
CSI_META: ts=3119487916 rssi=-30 noise_floor=-98 channel=6 secondary_channel=0 sig_mode=0 mcs=0 rate=9 cwb=0 sgi=0 stbc=0 ant=0 len=128 rx_state=0 seq=-1 tx_mac=52:40:27:94:0a:bb
CSI_DATA: 28 -64 1 0 4 -14 5 -15 6 -15 6 -16 5 -17 4 -18 3 -18 2 -17 1 -16 0 -15 -1 -13 -1 -12 0 -10 1 -9 2 -8 3 -6 4 -6 5 -5 5 -5 6 -5 7 -5 7 -4 7 -4 8 -4 8 -3 0 0 0 0 0 0 0 0 0 0 0 0 0 0 0 0 0 0 0 0 0 0 -8 -4 -8 -5 -8 -6 -8 -6 -7 -6 -7 -7 -6 -6 -6 -7 -5 -7 -3 -8 -2 -9 -1 -9 0 -10 1 -12 2 -13 2 -15 2 -16 1 -18 0 -18 -1 -19 -3 -19 -4 -18 -4 -17 -4 -16 -3 -15 -1 -15
CSI_META: ts=3119748697 rssi=-31 noise_floor=-98 channel=6 secondary_channel=0 sig_mode=0 mcs=0 rate=9 cwb=0 sgi=0 stbc=0 ant=0 len=128 rx_state=0 seq=-1 tx_mac=52:40:27:94:0a:bb
CSI_DATA: 28 -64 1 0 -22 -8 -23 -10 -24 -12 -26 -12 -28 -11 -29 -10 -29 -7 -27 -4 -26 -3 -24 -1 -22 0 -18 -1 -16 -2 -13 -3 -11 -5 -10 -7 -8 -8 -7 -10 -6 -11 -6 -12 -6 -13 -6 -14 -6 -14 -5 -14 -4 -14 0 0 0 0 0 0 0 0 0 0 0 0 0 0 0 0 0 0 0 0 0 0 -6 12 -7 13 -8 13 -9 12 -9 12 -9 11 -9 10 -10 9 -10 8 -12 6 -13 4 -14 1 -16 0 -19 -2 -21 -3 -24 -4 -26 -3 -28 -2 -30 0 -31 2 -30 4 -29 6 -28 6 -26 6 -24 5 -22 2
CSI_META: ts=3120301857 rssi=-30 noise_floor=-98 channel=6 secondary_channel=0 sig_mode=0 mcs=0 rate=9 cwb=0 sgi=0 stbc=0 ant=0 len=128 rx_state=0 seq=-1 tx_mac=52:40:27:94:0a:bb
CSI_DATA: 28 -64 1 0 5 -20 4 -21 3 -21 1 -21 0 -19 -2 -18 -2 -16 -3 -14 -2 -12 -1 -10 0 -8 2 -7 4 -7 5 -7 7 -7 7 -7 8 -7 8 -7 7 -7 7 -7 7 -7 6 -6 6 -5 6 -4 5 -3 0 0 0 0 0 0 0 0 0 0 0 0 0 0 0 0 0 0 0 0 0 0 -9 1 -9 0 -8 -1 -8 -1 -7 -2 -6 -3 -5 -4 -4 -5 -4 -7 -3 -9 -2 -11 -2 -13 -3 -14 -3 -15 -4 -16 -5 -17 -6 -16 -7 -16 -8 -14 -7 -13 -6 -12 -5 -11 -3 -12 0 -12 2 -13 4 -15
CSI_META: ts=3120302016 rssi=-30 noise_floor=-98 channel=6 secondary_channel=0 sig_mode=0 mcs=0 rate=9 cwb=0 sgi=0 stbc=0 ant=0 len=128 rx_state=0 seq=-1 tx_mac=52:40:27:94:0a:bb
CSI_DATA: 28 -64 1 0 -13 -17 -14 -16 -16 -16 -16 -13 -16 -12 -16 -10 -14 -8 -13 -6 -11 -6 -9 -6 -7 -6 -5 -6 -4 -7 -2 -9 -2 -9 -1 -11 -1 -10 -1 -11 -1 -10 -1 -10 -1 -10 -1 -10 -1 -9 0 -8 1 -7 0 0 0 0 0 0 0 0 0 0 0 0 0 0 0 0 0 0 0 0 0 0 -4 7 -5 6 -5 6 -5 4 -6 4 -6 2 -6 1 -7 -1 -8 -2 -9 -4 -10 -5 -12 -7 -13 -7 -14 -7 -15 -6 -17 -6 -16 -5 -17 -4 -16 -3 -15 -2 -13 -2 -12 -3 -11 -6 -10 -7 -9 -10 -9 -12
CSI_META: ts=3120653513 rssi=-31 noise_floor=-98 channel=6 secondary_channel=0 sig_mode=0 mcs=0 rate=9 cwb=0 sgi=0 stbc=0 ant=0 len=128 rx_state=0 seq=-1 tx_mac=52:40:27:94:0a:bb
CSI_DATA: 28 -64 1 0 20 24 22 24 24 24 26 21 26 18 26 15 24 12 21 9 17 7 14 7 10 7 7 8 4 9 2 11 0 13 -1 15 -2 15 -2 16 -2 15 -2 15 -2 15 -2 15 -3 14 -3 12 -4 10 0 0 0 0 0 0 0 0 0 0 0 0 0 0 0 0 0 0 0 0 0 0 1 -15 2 -14 3 -13 4 -12 4 -10 5 -8 7 -5 8 -3 10 -1 13 1 15 4 18 5 21 6 24 6 25 5 27 4 27 2 27 0 26 -1 24 -2 22 -2 19 0 16 3 15 6 15 11 14 16
CSI_META: ts=3121023864 rssi=-32 noise_floor=-98 channel=6 secondary_channel=0 sig_mode=0 mcs=0 rate=9 cwb=0 sgi=0 stbc=0 ant=0 len=128 rx_state=0 seq=-1 tx_mac=52:40:27:94:0a:bb
CSI_DATA: 28 -64 1 0 -18 -5 -16 -4 -14 -5 -13 -5 -12 -5 -12 -6 -11 -7 -12 -7 -12 -7 -12 -7 -13 -7 -13 -6 -13 -5 -12 -4 -12 -4 -10 -4 -9 -3 -8 -3 -6 -3 -6 -4 -5 -5 -4 -5 -3 -6 -3 -7 -2 -7 0 0 0 0 0 0 0 0 0 0 0 0 0 0 0 0 0 0 0 0 0 0 -6 1 -7 0 -7 -1 -7 -2 -8 -3 -8 -3 -9 -3 -10 -4 -11 -4 -11 -5 -12 -5 -12 -5 -11 -5 -11 -5 -11 -5 -10 -6 -10 -7 -10 -8 -11 -8 -12 -9 -13 -10 -15 -11 -16 -11 -18 -11 -19 -10 -20 -9
CSI_META: ts=3121158577 rssi=-32 noise_floor=-98 channel=6 secondary_channel=0 sig_mode=0 mcs=0 rate=9 cwb=0 sgi=0 stbc=0 ant=0 len=128 rx_state=0 seq=-1 tx_mac=52:40:27:94:0a:bb
CSI_DATA: 28 -64 1 0 -8 -18 -4 -19 0 -21 1 -23 2 -25 0 -27 -1 -28 -2 -28 -5 -28 -6 -26 -7 -23 -7 -20 -6 -17 -4 -15 -1 -13 1 -11 4 -9 5 -8 7 -8 9 -7 10 -7 12 -7 12 -7 12 -6 12 -5 0 0 0 0 0 0 0 0 0 0 0 0 0 0 0 0 0 0 0 0 0 0 -10 2 -12 0 -13 -1 -15 -2 -16 -3 -17 -3 -17 -3 -18 -3 -18 -3 -17 -4 -16 -4 -14 -6 -12 -7 -10 -10 -8 -12 -7 -16 -7 -20 -9 -24 -11 -25 -13 -28 -16 -28 -20 -28 -21 -28 -22 -25 -22 -23 -20 -20
CSI_META: ts=3121228694 rssi=-30 noise_floor=-98 channel=6 secondary_channel=0 sig_mode=0 mcs=0 rate=9 cwb=0 sgi=0 stbc=0 ant=0 len=128 rx_state=0 seq=-1 tx_mac=52:40:27:94:0a:bb
CSI_DATA: 28 -64 1 0 14 -2 12 -1 11 1 11 3 11 4 11 5 12 6 13 6 14 5 14 4 14 3 13 2 13 2 12 1 10 1 9 1 7 1 5 2 4 2 3 3 2 4 1 5 1 6 0 7 -1 7 0 0 0 0 0 0 0 0 0 0 0 0 0 0 0 0 0 0 0 0 0 0 3 -5 5 -5 6 -6 7 -6 8 -6 8 -6 8 -6 9 -6 9 -6 9 -5 9 -5 9 -4 9 -3 9 -2 9 0 9 1 10 2 12 3 14 4 16 3 18 3 19 2 20 1 21 0 21 -2 20 -3
CSI_META: ts=3121366061 rssi=-31 noise_floor=-98 channel=6 secondary_channel=0 sig_mode=0 mcs=0 rate=9 cwb=0 sgi=0 stbc=0 ant=0 len=128 rx_state=0 seq=-1 tx_mac=52:40:27:94:0a:bb
CSI_DATA: 28 -64 1 0 -29 -13 -30 -11 -30 -10 -30 -7 -30 -5 -28 -3 -26 -1 -23 0 -21 0 -18 -1 -17 -2 -16 -4 -15 -5 -14 -7 -14 -8 -14 -9 -14 -9 -14 -9 -13 -9 -13 -9 -12 -9 -11 -8 -10 -8 -9 -9 -7 -9 0 0 0 0 0 0 0 0 0 0 0 0 0 0 0 0 0 0 0 0 0 0 -11 8 -11 7 -12 6 -12 5 -12 4 -12 3 -12 2 -12 0 -13 -2 -14 -4 -16 -6 -17 -7 -19 -8 -21 -9 -22 -8 -24 -8 -25 -7 -26 -5 -26 -4 -26 -3 -25 -2 -24 -2 -23 -4 -23 -6 -23 -8 -24 -10
CSI_META: ts=3121435207 rssi=-32 noise_floor=-98 channel=6 secondary_channel=0 sig_mode=0 mcs=0 rate=9 cwb=0 sgi=0 stbc=0 ant=0 len=128 rx_state=0 seq=-1 tx_mac=52:40:27:94:0a:bb
CSI_DATA: 28 -64 1 0 16 -7 17 -3 19 -1 22 1 24 1 26 1 27 -1 26 -3 26 -5 24 -6 22 -7 20 -7 17 -6 15 -5 12 -3 10 0 8 2 7 4 6 6 6 8 5 9 5 11 5 12 4 13 3 13 0 0 0 0 0 0 0 0 0 0 0 0 0 0 0 0 0 0 0 0 0 0 -4 -12 -3 -14 -2 -15 -2 -16 -1 -17 -1 -16 -1 -16 -1 -16 0 -15 1 -14 3 -13 5 -11 8 -10 11 -8 14 -7 17 -8 19 -9 23 -11 24 -13 26 -16 26 -19 24 -21 23 -22 21 -22 19 -21 17 -19
CSI_META: ts=3121585297 rssi=-30 noise_floor=-98 channel=6 secondary_channel=0 sig_mode=0 mcs=0 rate=9 cwb=0 sgi=0 stbc=0 ant=0 len=128 rx_state=0 seq=-1 tx_mac=52:40:27:94:0a:bb
CSI_DATA: 28 -64 1 0 -35 18 -31 19 -27 19 -23 18 -19 17 -17 14 -14 11 -14 8 -14 5 -15 2 -17 0 -19 -1 -20 -1 -21 -1 -21 0 -21 0 -20 1 -18 1 -16 1 -15 1 -13 0 -11 -1 -9 -2 -8 -4 -6 -6 0 0 0 0 0 0 0 0 0 0 0 0 0 0 0 0 0 0 0 0 0 0 6 9 3 9 1 9 -2 8 -4 8 -6 8 -8 8 -11 9 -14 11 -17 12 -18 14 -19 16 -19 17 -18 18 -17 19 -15 18 -13 17 -13 16 -13 13 -14 10 -16 8 -19 6 -23 5 -27 5 -32 7 -35 10
CSI_META: ts=3121615647 rssi=-30 noise_floor=-98 channel=6 secondary_channel=0 sig_mode=0 mcs=0 rate=9 cwb=0 sgi=0 stbc=0 ant=0 len=128 rx_state=0 seq=-1 tx_mac=52:40:27:94:0a:bb
CSI_DATA: 28 -64 1 0 19 0 20 -1 21 -2 20 -4 20 -5 18 -6 16 -7 14 -7 12 -7 10 -6 9 -4 8 -2 7 0 7 1 7 3 7 4 7 5 7 5 7 5 7 5 7 6 7 6 6 6 5 6 4 5 0 0 0 0 0 0 0 0 0 0 0 0 0 0 0 0 0 0 0 0 0 0 -5 -9 -4 -9 -3 -9 -2 -9 -1 -8 -1 -8 1 -7 2 -7 4 -6 6 -5 8 -6 10 -6 12 -6 13 -7 14 -8 14 -10 14 -11 14 -12 13 -12 12 -12 10 -12 10 -11 10 -9 11 -6 12 -4 13 -3
CSI_META: ts=3122265970 rssi=-32 noise_floor=-98 channel=6 secondary_channel=0 sig_mode=0 mcs=0 rate=9 cwb=0 sgi=0 stbc=0 ant=0 len=128 rx_state=0 seq=-1 tx_mac=52:40:27:94:0a:bb
CSI_DATA: 28 -64 1 0 1 -19 3 -20 6 -22 6 -23 6 -24 5 -26 3 -26 2 -26 0 -26 -2 -24 -3 -21 -3 -19 -3 -17 -1 -14 0 -12 2 -10 4 -8 5 -7 7 -6 8 -6 9 -6 10 -5 11 -5 12 -4 12 -4 0 0 0 0 0 0 0 0 0 0 0 0 0 0 0 0 0 0 0 0 0 0 -14 -3 -14 -4 -14 -5 -14 -5 -14 -6 -13 -6 -13 -6 -12 -7 -11 -8 -10 -9 -7 -10 -5 -12 -4 -14 -2 -16 -1 -18 -1 -22 -2 -24 -4 -27 -6 -27 -8 -28 -9 -28 -12 -27 -12 -26 -12 -24 -11 -22 -9 -21
CSI_META: ts=3122269825 rssi=-30 noise_floor=-98 channel=6 secondary_channel=0 sig_mode=0 mcs=0 rate=9 cwb=0 sgi=0 stbc=0 ant=0 len=128 rx_state=0 seq=-1 tx_mac=52:40:27:94:0a:bb
CSI_DATA: 28 -64 1 0 12 0 12 2 13 3 14 3 15 3 16 2 16 1 16 0 15 -1 14 -2 12 -2 11 -2 9 -2 8 -1 7 0 5 2 5 3 4 4 4 4 3 5 3 6 3 6 3 7 3 7 2 7 0 0 0 0 0 0 0 0 0 0 0 0 0 0 0 0 0 0 0 0 0 0 1 -8 2 -8 3 -9 3 -9 4 -9 4 -9 4 -8 4 -8 4 -7 5 -7 6 -6 6 -4 8 -3 9 -2 11 -1 12 -1 14 -1 15 -2 17 -3 17 -5 17 -6 17 -7 16 -7 15 -8 14 -7 13 -6
CSI_META: ts=3122269961 rssi=-30 noise_floor=-98 channel=6 secondary_channel=0 sig_mode=0 mcs=0 rate=9 cwb=0 sgi=0 stbc=0 ant=0 len=128 rx_state=0 seq=-1 tx_mac=52:40:27:94:0a:bb
CSI_DATA: 28 -64 1 0 -12 4 -13 3 -14 3 -15 2 -16 3 -17 4 -16 5 -15 6 -14 7 -13 7 -11 7 -10 6 -9 5 -8 4 -7 2 -7 0 -6 -1 -6 -2 -6 -3 -7 -4 -7 -5 -7 -5 -7 -5 -7 -6 -6 -6 0 0 0 0 0 0 0 0 0 0 0 0 0 0 0 0 0 0 0 0 0 0 1 7 1 8 0 8 0 9 -1 9 -1 9 -1 9 -1 8 -2 8 -3 8 -4 7 -5 6 -7 5 -8 5 -10 5 -12 6 -13 6 -14 8 -14 9 -15 11 -14 12 -13 13 -12 13 -11 13 -10 12 -10 10
CSI_META: ts=3122270079 rssi=-31 noise_floor=-98 channel=6 secondary_channel=0 sig_mode=0 mcs=0 rate=9 cwb=0 sgi=0 stbc=0 ant=0 len=128 rx_state=0 seq=-1 tx_mac=52:40:27:94:0a:bb
CSI_DATA: 28 -64 1 0 -7 12 -8 11 -10 12 -11 12 -11 14 -10 15 -9 16 -8 16 -7 16 -5 15 -4 13 -3 11 -3 10 -3 8 -4 6 -5 5 -6 3 -7 3 -7 2 -8 1 -9 1 -9 1 -10 0 -10 0 -9 -1 0 0 0 0 0 0 0 0 0 0 0 0 0 0 0 0 0 0 0 0 0 0 6 5 6 6 6 7 6 7 6 7 6 8 5 8 5 8 5 8 3 8 1 8 0 8 -2 9 -4 9 -5 11 -6 13 -6 14 -6 17 -5 18 -4 19 -3 20 -1 20 -1 20 0 18 0 17 0 16
CSI_META: ts=3122693345 rssi=-32 noise_floor=-98 channel=6 secondary_channel=0 sig_mode=0 mcs=0 rate=9 cwb=0 sgi=0 stbc=0 ant=0 len=128 rx_state=0 seq=-1 tx_mac=52:40:27:94:0a:bb
CSI_DATA: 28 -64 1 0 21 20 22 20 24 20 25 18 26 15 25 13 24 10 22 8 19 7 17 6 14 6 12 7 9 8 8 10 6 11 6 13 5 13 5 13 5 13 5 13 5 13 4 13 3 12 2 12 1 11 0 0 0 0 0 0 0 0 0 0 0 0 0 0 0 0 0 0 0 0 0 0 10 -10 10 -9 11 -8 11 -7 10 -6 10 -4 10 -2 10 0 11 2 12 4 14 7 15 9 17 10 19 12 21 12 23 12 24 11 25 9 26 7 25 6 24 5 23 5 20 7 19 8 18 10 17 14
CSI_META: ts=3123345376 rssi=-30 noise_floor=-98 channel=6 secondary_channel=0 sig_mode=0 mcs=0 rate=9 cwb=0 sgi=0 stbc=0 ant=0 len=128 rx_state=0 seq=-1 tx_mac=52:40:27:94:0a:bb
CSI_DATA: 28 -64 1 0 -11 16 -9 14 -8 13 -8 10 -8 9 -9 8 -10 7 -10 7 -11 8 -11 8 -11 9 -11 9 -10 9 -9 10 -8 9 -8 8 -7 7 -6 6 -5 4 -6 3 -6 2 -6 1 -6 0 -7 -1 -7 -2 0 0 0 0 0 0 0 0 0 0 0 0 0 0 0 0 0 0 0 0 0 0 0 5 -1 6 -3 6 -4 6 -5 6 -6 7 -7 8 -7 8 -7 10 -8 10 -9 11 -8 11 -8 10 -8 10 -7 9 -8 8 -9 8 -10 7 -11 7 -13 7 -14 8 -15 10 -17 11 -17 13 -17 15 -16 17
CSI_META: ts=3123345539 rssi=-30 noise_floor=-98 channel=6 secondary_channel=0 sig_mode=0 mcs=0 rate=9 cwb=0 sgi=0 stbc=0 ant=0 len=128 rx_state=0 seq=-1 tx_mac=52:40:27:94:0a:bb
CSI_DATA: 28 -64 1 0 10 15 9 14 7 12 6 11 4 11 3 11 3 12 2 12 3 12 3 13 4 13 5 13 5 13 4 11 4 11 4 9 3 8 2 7 1 6 0 6 -2 5 -2 5 -3 5 -4 5 -5 5 0 0 0 0 0 0 0 0 0 0 0 0 0 0 0 0 0 0 0 0 0 0 5 0 5 2 5 3 5 4 4 6 5 7 4 8 5 9 5 11 7 10 8 11 8 10 8 10 7 10 6 10 5 10 4 10 3 11 2 12 1 13 2 15 2 17 4 18 7 20 9 20 10 20
CSI_META: ts=3123349314 rssi=-30 noise_floor=-98 channel=6 secondary_channel=0 sig_mode=0 mcs=0 rate=9 cwb=0 sgi=0 stbc=0 ant=0 len=128 rx_state=0 seq=-1 tx_mac=52:40:27:94:0a:bb
CSI_DATA: 28 -64 1 0 -20 -2 -18 -2 -15 -2 -14 -3 -13 -3 -12 -4 -12 -5 -12 -6 -13 -6 -13 -6 -14 -6 -14 -5 -14 -4 -13 -3 -12 -3 -11 -2 -9 -2 -8 -3 -7 -3 -6 -3 -5 -4 -4 -5 -4 -6 -3 -6 -2 -7 0 0 0 0 0 0 0 0 0 0 0 0 0 0 0 0 0 0 0 0 0 0 -5 3 -6 2 -7 1 -8 0 -9 -1 -9 -2 -10 -2 -11 -2 -12 -2 -13 -3 -14 -3 -14 -2 -13 -2 -13 -2 -12 -3 -12 -3 -11 -4 -11 -5 -12 -6 -13 -8 -14 -8 -16 -9 -18 -9 -20 -9 -22 -8 -22 -7
CSI_META: ts=3123349450 rssi=-30 noise_floor=-98 channel=6 secondary_channel=0 sig_mode=0 mcs=0 rate=9 cwb=0 sgi=0 stbc=0 ant=0 len=128 rx_state=0 seq=-1 tx_mac=52:40:27:94:0a:bb
CSI_DATA: 28 -64 1 0 16 -10 14 -9 13 -8 12 -6 11 -5 11 -4 12 -3 12 -3 13 -3 13 -3 13 -4 13 -5 12 -5 12 -5 10 -5 10 -5 8 -4 7 -3 6 -3 6 -1 5 0 5 1 5 2 5 3 5 4 0 0 0 0 0 0 0 0 0 0 0 0 0 0 0 0 0 0 0 0 0 0 2 -6 3 -6 4 -5 5 -5 6 -4 7 -5 8 -4 10 -5 11 -5 11 -6 12 -6 11 -6 11 -6 11 -6 10 -5 10 -5 10 -3 11 -3 12 -2 14 -1 15 -1 18 -2 19 -3 20 -4 21 -6 21 -8
CSI_META: ts=3123349568 rssi=-30 noise_floor=-98 channel=6 secondary_channel=0 sig_mode=0 mcs=0 rate=9 cwb=0 sgi=0 stbc=0 ant=0 len=128 rx_state=0 seq=-1 tx_mac=52:40:27:94:0a:bb
CSI_DATA: 28 -64 1 0 6 -18 5 -16 5 -15 5 -12 6 -11 6 -11 7 -10 8 -11 8 -11 8 -12 8 -12 7 -12 6 -12 6 -12 5 -11 4 -10 4 -9 4 -8 4 -6 4 -5 4 -4 5 -3 5 -2 6 -2 6 -1 0 0 0 0 0 0 0 0 0 0 0 0 0 0 0 0 0 0 0 0 0 0 -2 -6 -1 -7 0 -7 1 -7 3 -8 3 -9 4 -9 5 -10 5 -11 5 -12 5 -13 5 -13 5 -12 5 -12 5 -11 5 -11 6 -10 7 -10 8 -10 10 -10 11 -11 12 -13 13 -15 13 -17 12 -18 11 -20
CSI_META: ts=3124771776 rssi=-32 noise_floor=-98 channel=6 secondary_channel=0 sig_mode=0 mcs=0 rate=9 cwb=0 sgi=0 stbc=0 ant=0 len=128 rx_state=0 seq=-1 tx_mac=52:40:27:94:0a:bb
CSI_DATA: 28 -64 1 0 -18 25 -16 21 -15 17 -14 14 -16 11 -17 9 -19 8 -20 8 -22 9 -22 10 -23 11 -22 12 -21 13 -19 13 -17 13 -15 11 -13 10 -11 8 -10 5 -9 3 -9 1 -9 -2 -9 -3 -10 -6 -10 -8 0 0 0 0 0 0 0 0 0 0 0 0 0 0 0 0 0 0 0 0 0 0 1 9 -1 10 -4 11 -5 12 -7 12 -8 14 -9 15 -10 16 -10 18 -10 18 -10 19 -10 19 -10 17 -10 16 -10 14 -12 12 -14 10 -16 10 -19 10 -23 11 -26 12 -27 16 -29 19 -29 22 -29 25 -27 28
CSI_META: ts=3125092752 rssi=-32 noise_floor=-98 channel=6 secondary_channel=0 sig_mode=0 mcs=0 rate=9 cwb=0 sgi=0 stbc=0 ant=0 len=128 rx_state=0 seq=-1 tx_mac=52:40:27:94:0a:bb
CSI_DATA: 28 -64 1 0 18 24 20 24 21 24 23 22 24 20 24 17 23 14 20 11 19 10 16 8 13 8 10 8 8 9 6 11 4 13 3 14 2 15 2 15 2 15 2 15 1 14 1 14 1 14 0 12 -2 11 0 0 0 0 0 0 0 0 0 0 0 0 0 0 0 0 0 0 0 0 0 0 11 -10 11 -9 11 -8 11 -7 11 -5 11 -3 10 -2 10 0 11 3 12 6 13 8 14 11 16 13 18 13 20 14 22 14 24 13 25 12 25 10 25 8 23 8 21 7 19 9 18 10 16 13 15 17
CSI_META: ts=3125092879 rssi=-31 noise_floor=-98 channel=6 secondary_channel=0 sig_mode=0 mcs=0 rate=9 cwb=0 sgi=0 stbc=0 ant=0 len=128 rx_state=0 seq=-1 tx_mac=52:40:27:94:0a:bb
CSI_DATA: 28 -64 1 0 -2 -19 -3 -20 -4 -20 -6 -20 -7 -18 -8 -17 -8 -15 -8 -13 -7 -12 -6 -11 -4 -9 -3 -9 -1 -9 0 -9 2 -9 2 -9 3 -10 3 -10 3 -9 3 -9 3 -9 3 -8 3 -8 4 -7 4 -6 0 0 0 0 0 0 0 0 0 0 0 0 0 0 0 0 0 0 0 0 0 0 -9 1 -10 0 -9 0 -9 -1 -8 -1 -8 -2 -7 -3 -6 -4 -6 -5 -5 -7 -4 -9 -5 -11 -5 -12 -5 -14 -7 -15 -8 -15 -9 -15 -10 -15 -11 -14 -11 -13 -10 -12 -10 -11 -8 -11 -6 -12 -4 -13 -3 -15
CSI_META: ts=3125093006 rssi=-32 noise_floor=-98 channel=6 secondary_channel=0 sig_mode=0 mcs=0 rate=9 cwb=0 sgi=0 stbc=0 ant=0 len=128 rx_state=0 seq=-1 tx_mac=52:40:27:94:0a:bb
CSI_DATA: 28 -64 1 0 -32 -1 -32 0 -34 2 -31 4 -31 7 -29 8 -26 9 -23 10 -20 10 -17 8 -16 6 -14 3 -13 1 -14 -2 -13 -4 -15 -6 -14 -6 -15 -7 -14 -7 -14 -7 -14 -7 -14 -7 -13 -7 -12 -7 -10 -7 0 0 0 0 0 0 0 0 0 0 0 0 0 0 0 0 0 0 0 0 0 0 0 14 -1 14 -3 13 -3 12 -5 11 -5 10 -6 8 -8 7 -10 6 -14 6 -16 4 -19 4 -21 5 -23 5 -24 6 -27 9 -25 10 -26 13 -24 13 -23 13 -21 13 -20 12 -20 10 -20 8 -22 4 -23 2
CSI_META: ts=3125096599 rssi=-31 noise_floor=-98 channel=6 secondary_channel=0 sig_mode=0 mcs=0 rate=9 cwb=0 sgi=0 stbc=0 ant=0 len=128 rx_state=0 seq=-1 tx_mac=52:40:27:94:0a:bb
CSI_DATA: 28 -64 1 0 -18 5 -19 7 -19 8 -18 9 -17 10 -15 10 -13 10 -12 10 -10 9 -9 8 -8 6 -8 5 -8 3 -8 2 -9 0 -9 -1 -10 -1 -10 -2 -10 -2 -10 -2 -10 -2 -9 -2 -9 -2 -9 -2 -8 -3 0 0 0 0 0 0 0 0 0 0 0 0 0 0 0 0 0 0 0 0 0 0 3 8 2 8 1 7 0 7 0 7 -1 6 -2 6 -3 5 -5 5 -7 5 -8 6 -10 6 -11 7 -13 8 -13 9 -13 10 -13 11 -12 12 -11 12 -11 12 -10 11 -9 10 -9 9 -10 8 -12 7 -13 6
CSI_META: ts=3125096725 rssi=-31 noise_floor=-98 channel=6 secondary_channel=0 sig_mode=0 mcs=0 rate=9 cwb=0 sgi=0 stbc=0 ant=0 len=128 rx_state=0 seq=-1 tx_mac=52:40:27:94:0a:bb
CSI_DATA: 28 -64 1 0 16 9 16 9 17 8 18 7 18 5 18 4 16 3 14 1 13 1 11 1 9 1 8 2 6 3 6 4 5 5 5 7 4 7 4 8 4 7 4 8 4 8 4 8 3 7 3 7 1 7 0 0 0 0 0 0 0 0 0 0 0 0 0 0 0 0 0 0 0 0 0 0 3 -9 3 -8 4 -8 4 -7 4 -6 4 -5 5 -4 6 -3 7 -1 8 0 10 1 11 2 12 2 14 2 15 2 16 2 16 0 17 -1 16 -2 16 -2 15 -2 14 -2 12 0 12 1 12 3 13 5
CSI_META: ts=3125096861 rssi=-30 noise_floor=-98 channel=6 secondary_channel=0 sig_mode=0 mcs=0 rate=9 cwb=0 sgi=0 stbc=0 ant=0 len=128 rx_state=0 seq=-1 tx_mac=52:40:27:94:0a:bb
CSI_DATA: 28 -64 1 0 -20 0 -21 0 -21 1 -21 3 -20 4 -18 5 -16 6 -14 6 -12 5 -11 4 -10 2 -10 1 -9 -1 -9 -2 -10 -3 -10 -4 -10 -4 -10 -4 -10 -4 -10 -4 -9 -4 -9 -4 -8 -4 -7 -4 -5 -4 0 0 0 0 0 0 0 0 0 0 0 0 0 0 0 0 0 0 0 0 0 0 -1 9 -2 9 -3 9 -3 8 -3 7 -4 7 -4 6 -5 5 -6 4 -8 4 -9 3 -11 2 -13 2 -14 2 -16 3 -17 4 -17 5 -17 7 -16 8 -15 8 -14 8 -14 7 -13 6 -13 5 -14 3 -15 1
CSI_META: ts=3127436965 rssi=-31 noise_floor=-98 channel=6 secondary_channel=0 sig_mode=0 mcs=0 rate=9 cwb=0 sgi=0 stbc=0 ant=0 len=128 rx_state=0 seq=-1 tx_mac=52:40:27:94:0a:bb
CSI_DATA: 28 -64 1 0 17 -13 15 -14 13 -14 11 -13 9 -12 8 -11 7 -9 7 -7 7 -6 8 -5 8 -4 9 -3 10 -3 11 -4 11 -4 11 -4 10 -4 9 -4 8 -4 7 -4 7 -3 6 -2 5 -1 5 0 4 1 0 0 0 0 0 0 0 0 0 0 0 0 0 0 0 0 0 0 0 0 0 0 -4 -7 -2 -6 -1 -6 0 -6 2 -6 3 -6 4 -6 5 -6 7 -7 8 -8 9 -9 10 -10 10 -11 10 -11 9 -12 8 -12 7 -11 6 -10 7 -9 8 -8 8 -7 10 -6 12 -6 14 -6 17 -7 18 -9
CSI_META: ts=3127784496 rssi=-32 noise_floor=-98 channel=6 secondary_channel=0 sig_mode=0 mcs=0 rate=9 cwb=0 sgi=0 stbc=0 ant=0 len=128 rx_state=0 seq=-1 tx_mac=52:40:27:94:0a:bb
CSI_DATA: 28 -64 1 0 17 30 18 26 18 24 18 20 16 17 14 14 11 13 8 13 6 14 4 14 3 16 3 17 3 18 3 20 4 19 4 19 4 17 4 15 3 13 3 12 2 10 1 9 -1 8 -3 7 -5 6 0 0 0 0 0 0 0 0 0 0 0 0 0 0 0 0 0 0 0 0 0 0 12 -3 11 -2 10 -1 9 1 8 3 7 5 7 7 7 10 8 12 8 15 10 17 11 19 13 19 14 18 15 18 15 17 15 15 14 14 13 13 11 14 8 15 8 17 5 21 6 24 7 28 10 31
CSI_META: ts=3128926056 rssi=-32 noise_floor=-98 channel=6 secondary_channel=0 sig_mode=0 mcs=0 rate=9 cwb=0 sgi=0 stbc=0 ant=0 len=128 rx_state=0 seq=-1 tx_mac=52:40:27:94:0a:bb
CSI_DATA: 28 -64 1 0 -2 -29 -2 -25 0 -22 2 -19 4 -16 7 -15 9 -16 10 -17 12 -19 12 -20 11 -21 10 -21 9 -21 8 -21 6 -20 5 -18 5 -15 4 -12 4 -10 5 -8 5 -6 7 -4 8 -2 9 0 10 1 0 0 0 0 0 0 0 0 0 0 0 0 0 0 0 0 0 0 0 0 0 0 -8 -6 -6 -8 -5 -10 -5 -12 -4 -14 -4 -15 -4 -17 -5 -18 -5 -19 -5 -20 -5 -20 -5 -20 -5 -18 -4 -17 -2 -16 0 -16 2 -16 5 -17 7 -18 10 -21 10 -24 11 -28 10 -31 9 -34 6 -36 4 -38
CSI_META: ts=3128926183 rssi=-31 noise_floor=-98 channel=6 secondary_channel=0 sig_mode=0 mcs=0 rate=9 cwb=0 sgi=0 stbc=0 ant=0 len=128 rx_state=0 seq=-1 tx_mac=52:40:27:94:0a:bb
CSI_DATA: 28 -64 1 0 16 4 14 3 12 3 10 4 8 5 7 7 7 8 7 9 8 9 9 10 10 10 10 9 10 9 10 7 10 7 8 6 7 5 6 4 4 3 3 4 1 4 0 4 -1 5 -2 5 -4 6 0 0 0 0 0 0 0 0 0 0 0 0 0 0 0 0 0 0 0 0 0 0 3 -4 4 -3 6 -2 7 -1 7 -1 9 0 9 0 10 0 11 0 12 0 12 -1 12 -1 11 -1 10 0 9 1 8 2 8 4 8 5 9 7 10 9 12 10 13 11 16 10 18 10 20 9 21 8
CSI_META: ts=3128926301 rssi=-31 noise_floor=-98 channel=6 secondary_channel=0 sig_mode=0 mcs=0 rate=9 cwb=0 sgi=0 stbc=0 ant=0 len=128 rx_state=0 seq=-1 tx_mac=52:40:27:94:0a:bb
CSI_DATA: 28 -64 1 0 12 11 11 10 9 8 7 8 5 8 4 9 3 9 3 11 2 11 3 13 3 13 4 13 5 13 6 11 6 11 5 9 5 8 3 7 2 5 1 5 0 4 -1 4 -3 4 -4 3 -5 3 0 0 0 0 0 0 0 0 0 0 0 0 0 0 0 0 0 0 0 0 0 0 5 -1 5 1 5 2 6 3 7 4 8 4 8 5 9 5 10 5 9 6 10 6 9 6 9 5 8 6 7 6 5 6 5 7 4 9 4 11 5 13 5 14 7 16 8 17 10 18 11 18 14 17
CSI_META: ts=3129261747 rssi=-32 noise_floor=-98 channel=6 secondary_channel=0 sig_mode=0 mcs=0 rate=9 cwb=0 sgi=0 stbc=0 ant=0 len=128 rx_state=0 seq=-1 tx_mac=52:40:27:94:0a:bb
CSI_DATA: 28 -64 1 0 -14 -22 -15 -23 -16 -24 -18 -24 -19 -22 -21 -21 -20 -18 -19 -15 -18 -13 -15 -12 -13 -10 -11 -9 -8 -10 -5 -10 -3 -11 -1 -12 0 -13 1 -13 2 -13 2 -14 2 -14 2 -14 3 -13 3 -13 4 -11 0 0 0 0 0 0 0 0 0 0 0 0 0 0 0 0 0 0 0 0 0 0 -9 10 -10 10 -10 9 -11 8 -10 7 -10 5 -10 4 -10 2 -10 0 -11 -2 -12 -5 -13 -8 -14 -10 -17 -12 -19 -13 -21 -13 -23 -13 -25 -12 -26 -10 -26 -8 -25 -7 -23 -6 -20 -7 -19 -7 -16 -9 -15 -12
CSI_META: ts=3129931950 rssi=-30 noise_floor=-98 channel=6 secondary_channel=0 sig_mode=0 mcs=0 rate=9 cwb=0 sgi=0 stbc=0 ant=0 len=128 rx_state=0 seq=-1 tx_mac=52:40:27:94:0a:bb
CSI_DATA: 28 -64 1 0 14 11 11 9 10 10 8 9 7 9 6 10 5 11 5 11 6 13 6 13 7 12 7 12 8 10 8 10 8 8 7 8 6 6 5 6 3 5 2 5 1 5 -1 5 -2 5 -3 5 -4 6 0 0 0 0 0 0 0 0 0 0 0 0 0 0 0 0 0 0 0 0 0 0 6 0 6 2 6 3 6 4 7 5 7 5 8 6 8 6 9 7 9 7 9 8 8 8 8 8 8 8 7 7 6 8 5 9 5 11 5 12 6 14 7 15 10 16 10 18 12 18 13 18 15 16
CSI_META: ts=3130136732 rssi=-31 noise_floor=-98 channel=6 secondary_channel=0 sig_mode=0 mcs=0 rate=9 cwb=0 sgi=0 stbc=0 ant=0 len=128 rx_state=0 seq=-1 tx_mac=52:40:27:94:0a:bb
CSI_DATA: 28 -64 1 0 5 16 4 16 3 12 2 12 1 11 -1 11 -2 12 -3 13 -3 13 -4 14 -3 15 -2 16 0 16 0 13 0 14 1 10 1 9 0 8 -1 6 -1 6 -3 4 -3 3 -5 3 -6 2 -8 2 0 0 0 0 0 0 0 0 0 0 0 0 0 0 0 0 0 0 0 0 0 0 4 2 5 4 3 5 4 7 3 7 4 9 4 9 6 10 5 11 6 10 5 11 5 11 5 10 4 10 3 10 1 9 -1 11 -2 11 -3 13 -2 15 -2 18 -2 20 -1 20 0 22 2 24 5 24
CSI_META: ts=3130140697 rssi=-31 noise_floor=-98 channel=6 secondary_channel=0 sig_mode=0 mcs=0 rate=9 cwb=0 sgi=0 stbc=0 ant=0 len=128 rx_state=0 seq=-1 tx_mac=52:40:27:94:0a:bb
CSI_DATA: 28 -64 1 0 16 5 13 4 11 5 9 5 8 6 7 7 7 9 7 9 8 10 9 11 9 10 10 9 10 8 10 8 9 6 8 6 6 5 5 4 3 4 2 4 1 4 -1 5 -2 5 -3 6 -4 6 0 0 0 0 0 0 0 0 0 0 0 0 0 0 0 0 0 0 0 0 0 0 4 -3 5 -2 6 -1 7 0 8 1 8 1 9 2 10 2 11 2 11 2 12 2 11 2 11 2 10 2 9 2 8 4 7 5 7 7 8 8 9 10 11 11 13 12 14 13 17 12 18 11 19 10
CSI_META: ts=3130140824 rssi=-31 noise_floor=-98 channel=6 secondary_channel=0 sig_mode=0 mcs=0 rate=9 cwb=0 sgi=0 stbc=0 ant=0 len=128 rx_state=0 seq=-1 tx_mac=52:40:27:94:0a:bb
CSI_DATA: 28 -64 1 0 -7 -18 -5 -15 -4 -14 -2 -13 0 -12 1 -12 3 -14 3 -15 3 -16 2 -17 1 -17 0 -16 -1 -15 -2 -15 -1 -13 -1 -11 -1 -9 0 -8 1 -6 2 -5 3 -5 5 -4 6 -4 7 -3 8 -3 0 0 0 0 0 0 0 0 0 0 0 0 0 0 0 0 0 0 0 0 0 0 -6 -2 -6 -4 -5 -5 -5 -7 -4 -8 -5 -9 -5 -10 -5 -11 -6 -12 -7 -13 -7 -13 -7 -13 -6 -12 -6 -12 -4 -11 -3 -11 -2 -11 0 -12 1 -13 2 -15 2 -18 1 -20 1 -23 -1 -24 -3 -25 -5 -25
CSI_META: ts=3130140960 rssi=-32 noise_floor=-98 channel=6 secondary_channel=0 sig_mode=0 mcs=0 rate=9 cwb=0 sgi=0 stbc=0 ant=0 len=128 rx_state=0 seq=-1 tx_mac=52:40:27:94:0a:bb
CSI_DATA: 28 -64 1 0 20 18 17 16 12 15 10 15 7 15 6 17 5 19 4 21 5 22 6 22 8 22 9 21 10 20 9 18 9 16 8 13 5 11 3 9 1 8 -1 8 -3 8 -5 8 -7 8 -9 8 -10 8 0 0 0 0 0 0 0 0 0 0 0 0 0 0 0 0 0 0 0 0 0 0 8 -3 8 -1 9 1 10 4 11 6 12 7 12 8 14 9 16 10 17 10 17 11 17 10 16 9 15 9 13 9 11 11 9 12 8 15 8 17 8 21 9 24 12 27 14 29 18 29 21 29 24 27
CSI_META: ts=3130240023 rssi=-30 noise_floor=-98 channel=6 secondary_channel=0 sig_mode=0 mcs=0 rate=9 cwb=0 sgi=0 stbc=0 ant=0 len=128 rx_state=0 seq=-1 tx_mac=52:40:27:94:0a:bb
CSI_DATA: 28 -64 1 0 5 -12 6 -11 8 -11 9 -11 10 -11 10 -12 9 -13 8 -14 7 -14 6 -14 4 -13 4 -12 3 -11 3 -10 3 -8 4 -6 4 -5 4 -4 5 -3 6 -2 6 -2 7 -1 7 -1 7 -1 8 0 0 0 0 0 0 0 0 0 0 0 0 0 0 0 0 0 0 0 0 0 0 0 -4 -7 -4 -8 -4 -9 -4 -9 -3 -9 -3 -9 -3 -9 -3 -9 -2 -9 -1 -9 0 -9 1 -9 2 -9 4 -9 5 -9 6 -11 7 -12 8 -14 8 -15 7 -16 7 -17 5 -18 4 -19 3 -18 3 -17 2 -16
CSI_META: ts=3130547098 rssi=-30 noise_floor=-98 channel=6 secondary_channel=0 sig_mode=0 mcs=0 rate=9 cwb=0 sgi=0 stbc=0 ant=0 len=128 rx_state=0 seq=-1 tx_mac=52:40:27:94:0a:bb
CSI_DATA: 28 -64 1 0 23 1 21 -1 19 -2 17 -3 15 -3 13 -3 11 -1 9 0 9 1 9 3 9 4 10 5 10 5 11 5 11 5 11 4 10 4 9 3 8 3 7 3 6 2 5 3 4 3 2 4 1 4 0 0 0 0 0 0 0 0 0 0 0 0 0 0 0 0 0 0 0 0 0 0 1 -8 2 -7 3 -6 4 -5 5 -4 5 -3 7 -2 8 -1 10 -1 12 -1 13 -1 14 -1 15 -2 15 -3 15 -3 14 -3 13 -4 12 -4 11 -3 11 -1 11 1 12 3 13 4 16 5 19 6 21 5
CSI_META: ts=3130754536 rssi=-31 noise_floor=-98 channel=6 secondary_channel=0 sig_mode=0 mcs=0 rate=9 cwb=0 sgi=0 stbc=0 ant=0 len=128 rx_state=0 seq=-1 tx_mac=52:40:27:94:0a:bb
CSI_DATA: 28 -64 1 0 -8 16 -7 14 -6 12 -6 9 -7 8 -9 7 -10 7 -10 7 -11 7 -12 8 -11 9 -11 9 -11 9 -9 10 -9 9 -7 8 -6 7 -6 5 -5 4 -5 3 -5 1 -6 0 -6 -1 -6 -2 -6 -3 0 0 0 0 0 0 0 0 0 0 0 0 0 0 0 0 0 0 0 0 0 0 2 5 0 6 -1 6 -2 7 -2 8 -3 9 -3 9 -3 10 -3 11 -4 12 -4 12 -3 12 -3 10 -4 10 -5 9 -5 8 -7 8 -8 7 -10 8 -12 9 -13 10 -14 12 -14 14 -14 16 -13 18 -12 19
CSI_META: ts=3130935244 rssi=-31 noise_floor=-98 channel=6 secondary_channel=0 sig_mode=0 mcs=0 rate=9 cwb=0 sgi=0 stbc=0 ant=0 len=128 rx_state=0 seq=-1 tx_mac=52:40:27:94:0a:bb
CSI_DATA: 28 -64 1 0 8 32 10 29 11 27 11 23 11 20 9 17 7 16 5 15 3 14 0 15 0 16 -1 16 -1 17 -1 18 -1 19 0 18 0 17 0 15 0 14 0 12 0 11 -2 9 -3 8 -4 7 -6 5 0 0 0 0 0 0 0 0 0 0 0 0 0 0 0 0 0 0 0 0 0 0 11 1 9 2 8 3 7 5 6 6 5 8 4 10 4 13 4 15 4 17 5 19 5 21 7 21 8 21 9 20 9 19 9 18 8 17 7 16 5 17 3 17 2 19 -1 23 -1 25 0 29 1 32
CSI_META: ts=3131140347 rssi=-30 noise_floor=-98 channel=6 secondary_channel=0 sig_mode=0 mcs=0 rate=9 cwb=0 sgi=0 stbc=0 ant=0 len=128 rx_state=0 seq=-1 tx_mac=52:40:27:94:0a:bb
CSI_DATA: 28 -64 1 0 11 6 10 8 10 10 10 11 11 12 12 11 13 11 13 10 13 8 13 7 12 6 11 5 9 4 8 4 6 5 5 5 3 6 2 6 1 6 0 7 0 8 0 8 0 8 -1 8 -1 8 0 0 0 0 0 0 0 0 0 0 0 0 0 0 0 0 0 0 0 0 0 0 5 -4 6 -4 8 -3 9 -3 9 -3 10 -3 10 -2 10 -2 10 -2 10 -2 10 -1 9 0 9 1 8 3 9 5 9 6 10 8 12 9 14 9 16 9 17 8 19 7 19 6 19 5 18 4 17 4
CSI_META: ts=3131140492 rssi=-31 noise_floor=-98 channel=6 secondary_channel=0 sig_mode=0 mcs=0 rate=9 cwb=0 sgi=0 stbc=0 ant=0 len=128 rx_state=0 seq=-1 tx_mac=52:40:27:94:0a:bb
CSI_DATA: 28 -64 1 0 -4 12 -6 13 -6 11 -8 13 -8 13 -8 14 -7 15 -7 15 -5 14 -5 15 -3 14 -2 13 -2 13 -2 10 -3 10 -2 7 -4 6 -5 5 -5 3 -6 3 -7 2 -7 2 -8 2 -9 1 -9 1 0 0 0 0 0 0 0 0 0 0 0 0 0 0 0 0 0 0 0 0 0 0 5 5 5 7 4 7 5 8 4 8 4 9 4 8 4 8 3 8 2 8 1 8 -1 9 -2 8 -3 9 -5 11 -6 11 -7 14 -6 14 -6 17 -5 18 -4 19 -3 19 -1 18 0 19 1 18 0 17
CSI_META: ts=3131140610 rssi=-31 noise_floor=-98 channel=6 secondary_channel=0 sig_mode=0 mcs=0 rate=9 cwb=0 sgi=0 stbc=0 ant=0 len=128 rx_state=0 seq=-1 tx_mac=52:40:27:94:0a:bb
CSI_DATA: 28 -64 1 0 4 21 1 22 -1 23 -2 25 -2 27 -2 27 0 28 2 28 5 26 6 24 7 21 6 19 5 17 3 14 1 13 -2 11 -4 10 -7 10 -8 9 -9 10 -10 10 -10 10 -10 10 -11 10 -12 8 0 0 0 0 0 0 0 0 0 0 0 0 0 0 0 0 0 0 0 0 0 0 10 2 11 4 11 6 13 7 13 8 14 9 13 10 14 11 14 11 13 10 12 11 10 11 8 12 7 14 4 16 3 18 2 22 3 24 5 28 6 29 8 31 11 31 13 29 16 27 16 26 14 25
CSI_META: ts=3131144218 rssi=-31 noise_floor=-98 channel=6 secondary_channel=0 sig_mode=0 mcs=0 rate=9 cwb=0 sgi=0 stbc=0 ant=0 len=128 rx_state=0 seq=-1 tx_mac=52:40:27:94:0a:bb
CSI_DATA: 28 -64 1 0 -15 0 -14 -2 -14 -4 -15 -5 -16 -4 -17 -4 -18 -4 -17 -2 -17 -1 -16 -1 -15 0 -14 0 -13 1 -11 0 -9 -1 -8 -2 -7 -3 -6 -4 -5 -5 -5 -6 -5 -7 -5 -8 -5 -8 -4 -8 -3 -8 0 0 0 0 0 0 0 0 0 0 0 0 0 0 0 0 0 0 0 0 0 0 -4 6 -5 6 -7 6 -7 7 -8 7 -7 7 -8 7 -8 7 -8 7 -9 6 -9 4 -9 3 -10 2 -10 0 -11 -1 -13 -2 -15 -2 -17 -2 -18 -1 -20 0 -21 2 -20 3 -20 4 -20 5 -19 5 -17 5
CSI_META: ts=3131144327 rssi=-31 noise_floor=-98 channel=6 secondary_channel=0 sig_mode=0 mcs=0 rate=9 cwb=0 sgi=0 stbc=0 ant=0 len=128 rx_state=0 seq=-1 tx_mac=52:40:27:94:0a:bb
CSI_DATA: 28 -64 1 0 -11 -9 -10 -10 -9 -12 -9 -13 -10 -14 -11 -14 -12 -14 -12 -13 -13 -12 -13 -11 -13 -9 -12 -8 -10 -7 -9 -7 -7 -6 -5 -6 -4 -6 -2 -7 -1 -7 0 -8 0 -8 0 -9 1 -9 1 -9 2 -9 0 0 0 0 0 0 0 0 0 0 0 0 0 0 0 0 0 0 0 0 0 0 -8 2 -9 1 -10 1 -10 1 -11 1 -11 0 -11 0 -11 0 -11 0 -11 -1 -10 -2 -9 -3 -9 -5 -8 -6 -9 -8 -9 -10 -10 -11 -12 -12 -14 -12 -16 -12 -17 -11 -18 -10 -19 -10 -18 -9 -18 -8 -16 -7
CSI_META: ts=3131144490 rssi=-31 noise_floor=-98 channel=6 secondary_channel=0 sig_mode=0 mcs=0 rate=9 cwb=0 sgi=0 stbc=0 ant=0 len=128 rx_state=0 seq=-1 tx_mac=52:40:27:94:0a:bb
CSI_DATA: 28 -64 1 0 -4 12 -6 11 -7 12 -8 12 -9 13 -9 14 -8 15 -7 15 -6 15 -5 15 -4 13 -3 12 -3 11 -3 9 -3 8 -4 6 -5 5 -5 4 -6 2 -7 2 -8 2 -8 2 -9 1 -9 1 -9 0 0 0 0 0 0 0 0 0 0 0 0 0 0 0 0 0 0 0 0 0 0 0 5 4 5 6 5 7 5 7 5 8 5 8 4 8 4 8 4 9 3 9 2 8 1 9 -1 8 -2 9 -4 10 -5 11 -6 13 -6 14 -6 16 -5 18 -4 18 -2 19 -1 20 0 19 0 18 1 17
CSI_META: ts=3131571015 rssi=-31 noise_floor=-98 channel=6 secondary_channel=0 sig_mode=0 mcs=0 rate=9 cwb=0 sgi=0 stbc=0 ant=0 len=128 rx_state=0 seq=-1 tx_mac=52:40:27:94:0a:bb
CSI_DATA: 28 -64 1 0 17 15 17 13 17 11 16 9 14 7 13 6 11 6 9 6 7 6 6 7 6 8 5 9 5 9 5 11 5 11 6 11 5 10 5 9 4 8 4 8 4 7 3 6 2 6 0 5 -1 5 0 0 0 0 0 0 0 0 0 0 0 0 0 0 0 0 0 0 0 0 0 0 6 -5 6 -3 6 -2 6 -1 6 0 6 2 6 3 7 5 8 6 9 7 11 8 11 8 13 8 13 8 13 7 13 6 12 6 12 6 11 5 10 7 9 7 9 9 8 12 9 14 11 15 13 17
CSI_META: ts=3132160107 rssi=-31 noise_floor=-98 channel=6 secondary_channel=0 sig_mode=0 mcs=0 rate=9 cwb=0 sgi=0 stbc=0 ant=0 len=128 rx_state=0 seq=-1 tx_mac=52:40:27:94:0a:bb
CSI_DATA: 28 -64 1 0 -5 36 -2 34 1 32 2 28 3 24 3 21 1 18 -1 17 -3 15 -5 15 -7 15 -9 16 -9 17 -9 18 -9 19 -8 18 -7 17 -6 16 -5 15 -5 13 -5 11 -5 10 -6 8 -7 6 -8 4 0 0 0 0 0 0 0 0 0 0 0 0 0 0 0 0 0 0 0 0 0 0 10 5 8 6 6 7 4 8 2 9 1 11 -1 13 -2 15 -2 17 -3 19 -3 22 -3 24 -2 24 -1 24 1 24 1 23 1 22 1 20 0 19 -2 18 -5 19 -7 20 -10 23 -12 25 -12 29 -13 33
CSI_META: ts=3132160261 rssi=-31 noise_floor=-98 channel=6 secondary_channel=0 sig_mode=0 mcs=0 rate=9 cwb=0 sgi=0 stbc=0 ant=0 len=128 rx_state=0 seq=-1 tx_mac=52:40:27:94:0a:bb
CSI_DATA: 28 -64 1 0 -3 21 -1 21 0 19 1 16 1 14 1 12 0 10 -2 10 -3 9 -4 9 -5 9 -6 10 -6 11 -6 11 -6 12 -5 11 -4 10 -4 9 -3 8 -3 7 -3 5 -3 5 -4 4 -5 2 -5 1 0 0 0 0 0 0 0 0 0 0 0 0 0 0 0 0 0 0 0 0 0 0 7 3 6 3 4 4 3 4 2 5 1 6 0 7 -1 8 -2 10 -2 11 -2 13 -2 14 -1 14 0 15 0 15 0 14 1 14 1 12 0 11 -1 11 -3 11 -5 12 -6 14 -6 15 -7 18 -7 20
CSI_META: ts=3132160424 rssi=-31 noise_floor=-98 channel=6 secondary_channel=0 sig_mode=0 mcs=0 rate=9 cwb=0 sgi=0 stbc=0 ant=0 len=128 rx_state=0 seq=-1 tx_mac=52:40:27:94:0a:bb
CSI_DATA: 28 -64 1 0 33 -18 30 -19 26 -19 23 -19 19 -18 17 -15 15 -12 13 -10 14 -8 15 -6 15 -4 17 -3 18 -2 19 -3 20 -3 20 -2 19 -3 17 -3 15 -3 14 -3 13 -2 12 -2 10 0 9 1 7 3 0 0 0 0 0 0 0 0 0 0 0 0 0 0 0 0 0 0 0 0 0 0 -3 -11 0 -11 2 -10 4 -9 6 -9 8 -9 10 -9 13 -10 15 -11 17 -12 19 -13 19 -14 19 -15 18 -16 18 -16 16 -16 15 -15 15 -14 15 -12 16 -9 18 -8 21 -7 24 -6 28 -6 31 -8 34 -11
CSI_META: ts=3132164042 rssi=-30 noise_floor=-98 channel=6 secondary_channel=0 sig_mode=0 mcs=0 rate=9 cwb=0 sgi=0 stbc=0 ant=0 len=128 rx_state=0 seq=-1 tx_mac=52:40:27:94:0a:bb
CSI_DATA: 28 -64 1 0 7 21 8 19 8 17 8 15 8 12 7 11 5 10 4 9 2 9 1 9 0 10 -1 10 -1 11 -1 12 -1 12 0 12 0 11 0 10 0 9 0 8 0 7 -1 6 -1 5 -3 4 -4 3 0 0 0 0 0 0 0 0 0 0 0 0 0 0 0 0 0 0 0 0 0 0 7 -1 6 1 5 2 4 2 4 4 4 5 3 7 3 8 4 10 4 11 4 13 5 13 6 13 6 13 7 12 7 12 6 11 6 10 5 10 3 10 2 11 1 13 0 15 0 17 1 19 2 21
CSI_META: ts=3132164205 rssi=-30 noise_floor=-98 channel=6 secondary_channel=0 sig_mode=0 mcs=0 rate=9 cwb=0 sgi=0 stbc=0 ant=0 len=128 rx_state=0 seq=-1 tx_mac=52:40:27:94:0a:bb
CSI_DATA: 28 -64 1 0 16 -16 14 -16 12 -16 10 -14 8 -13 7 -11 7 -10 6 -8 7 -7 8 -6 9 -5 10 -5 11 -5 11 -5 11 -6 11 -6 10 -6 9 -6 8 -5 7 -5 6 -4 6 -3 5 -2 5 0 4 1 0 0 0 0 0 0 0 0 0 0 0 0 0 0 0 0 0 0 0 0 0 0 -4 -7 -2 -7 -1 -7 0 -7 2 -6 3 -6 4 -6 5 -7 7 -8 8 -9 9 -10 10 -11 10 -12 9 -12 9 -13 8 -12 7 -12 7 -11 7 -10 8 -9 9 -8 11 -7 12 -7 15 -8 17 -9 19 -11
CSI_META: ts=3132164341 rssi=-30 noise_floor=-98 channel=6 secondary_channel=0 sig_mode=0 mcs=0 rate=9 cwb=0 sgi=0 stbc=0 ant=0 len=128 rx_state=0 seq=-1 tx_mac=52:40:27:94:0a:bb
CSI_DATA: 28 -64 1 0 -5 22 -3 20 -1 20 0 17 0 15 0 13 -1 11 -2 10 -3 9 -4 9 -5 8 -6 9 -7 9 -7 10 -7 10 -6 10 -6 10 -5 9 -5 8 -4 8 -4 6 -4 5 -4 4 -4 3 -5 1 0 0 0 0 0 0 0 0 0 0 0 0 0 0 0 0 0 0 0 0 0 0 6 3 4 4 3 4 2 5 1 6 0 6 -1 8 -2 9 -2 10 -3 12 -3 13 -3 14 -2 14 -1 14 -1 14 0 14 0 13 0 12 -1 11 -3 11 -4 11 -6 12 -7 13 -9 15 -9 17 -9 19
CSI_META: ts=3132314949 rssi=-30 noise_floor=-98 channel=6 secondary_channel=0 sig_mode=0 mcs=0 rate=9 cwb=0 sgi=0 stbc=0 ant=0 len=128 rx_state=0 seq=-1 tx_mac=52:40:27:94:0a:bb
CSI_DATA: 28 -64 1 0 -13 -13 -12 -11 -9 -11 -7 -10 -5 -11 -4 -12 -3 -13 -3 -14 -4 -15 -4 -15 -6 -15 -7 -14 -7 -14 -7 -13 -7 -11 -6 -10 -5 -8 -4 -7 -2 -6 -1 -6 0 -6 1 -6 3 -6 4 -6 5 -5 0 0 0 0 0 0 0 0 0 0 0 0 0 0 0 0 0 0 0 0 0 0 -6 0 -6 -2 -7 -3 -7 -5 -8 -6 -8 -7 -9 -7 -9 -8 -10 -8 -11 -8 -11 -9 -10 -8 -10 -8 -9 -8 -8 -8 -7 -9 -6 -10 -5 -12 -4 -13 -5 -15 -6 -17 -7 -18 -9 -20 -11 -20 -13 -20 -14 -19
CSI_META: ts=3132389996 rssi=-30 noise_floor=-98 channel=6 secondary_channel=0 sig_mode=0 mcs=0 rate=9 cwb=0 sgi=0 stbc=0 ant=0 len=128 rx_state=0 seq=-1 tx_mac=52:40:27:94:0a:bb
CSI_DATA: 28 -64 1 0 -24 -1 -22 1 -20 1 -18 2 -16 3 -14 2 -12 1 -11 0 -10 -2 -10 -3 -10 -4 -11 -4 -12 -5 -12 -5 -12 -5 -12 -5 -11 -4 -11 -3 -10 -3 -9 -3 -8 -3 -7 -3 -6 -3 -4 -4 -3 -5 0 0 0 0 0 0 0 0 0 0 0 0 0 0 0 0 0 0 0 0 0 0 -3 6 -4 5 -5 4 -6 3 -6 2 -7 1 -8 0 -10 0 -11 -1 -13 -1 -15 -1 -15 0 -15 1 -16 1 -15 2 -15 2 -14 2 -13 2 -12 1 -12 -1 -12 -2 -13 -4 -15 -5 -17 -6 -19 -6 -21 -6
CSI_META: ts=3132674905 rssi=-31 noise_floor=-98 channel=6 secondary_channel=0 sig_mode=0 mcs=0 rate=9 cwb=0 sgi=0 stbc=0 ant=0 len=128 rx_state=0 seq=-1 tx_mac=52:40:27:94:0a:bb
CSI_DATA: 28 -64 1 0 -13 -16 -11 -17 -9 -20 -10 -22 -10 -22 -12 -23 -13 -23 -15 -22 -16 -20 -16 -18 -16 -15 -15 -13 -12 -12 -10 -11 -8 -10 -5 -10 -3 -10 -1 -10 1 -10 2 -11 2 -12 3 -12 4 -13 4 -13 5 -12 0 0 0 0 0 0 0 0 0 0 0 0 0 0 0 0 0 0 0 0 0 0 -12 2 -13 0 -14 0 -15 -1 -15 -1 -16 -2 -15 -2 -15 -2 -15 -3 -14 -4 -13 -5 -12 -7 -11 -9 -10 -11 -10 -14 -11 -17 -12 -19 -14 -20 -17 -21 -20 -21 -21 -20 -23 -19 -24 -18 -24 -16 -23 -14 -21 -14
CSI_META: ts=3133311898 rssi=-31 noise_floor=-98 channel=6 secondary_channel=0 sig_mode=0 mcs=0 rate=9 cwb=0 sgi=0 stbc=0 ant=0 len=128 rx_state=0 seq=-1 tx_mac=52:40:27:94:0a:bb
CSI_DATA: 28 -64 1 0 -2 -20 -2 -20 -3 -21 -5 -20 -6 -19 -7 -18 -7 -16 -8 -14 -7 -13 -6 -11 -5 -10 -3 -9 -2 -9 0 -9 1 -9 2 -9 3 -9 3 -9 3 -9 3 -9 3 -9 3 -9 3 -8 3 -7 4 -7 0 0 0 0 0 0 0 0 0 0 0 0 0 0 0 0 0 0 0 0 0 0 -10 0 -10 -1 -9 -1 -9 -2 -8 -2 -7 -3 -6 -4 -6 -5 -5 -7 -4 -8 -4 -10 -4 -12 -4 -13 -5 -15 -6 -16 -7 -16 -8 -16 -9 -16 -10 -15 -10 -14 -10 -13 -9 -12 -7 -13 -6 -12 -4 -13 -3 -16
CSI_META: ts=3133446630 rssi=-32 noise_floor=-98 channel=6 secondary_channel=0 sig_mode=0 mcs=0 rate=9 cwb=0 sgi=0 stbc=0 ant=0 len=128 rx_state=0 seq=-1 tx_mac=52:40:27:94:0a:bb
CSI_DATA: 28 -64 1 0 -29 -1 -24 -1 -20 -2 -18 -4 -16 -6 -16 -9 -16 -11 -17 -12 -19 -13 -20 -12 -21 -12 -22 -10 -21 -9 -21 -7 -18 -6 -17 -5 -13 -5 -11 -5 -9 -5 -7 -6 -5 -7 -4 -8 -2 -9 -1 -11 1 -12 0 0 0 0 0 0 0 0 0 0 0 0 0 0 0 0 0 0 0 0 0 0 -7 6 -8 4 -10 3 -12 2 -14 2 -15 1 -16 1 -18 1 -19 2 -20 2 -20 2 -19 2 -19 3 -17 1 -16 0 -16 -3 -15 -5 -17 -7 -18 -10 -21 -12 -23 -13 -27 -13 -30 -13 -33 -11 -35 -9 -35 -6
CSI_META: ts=3133516694 rssi=-32 noise_floor=-98 channel=6 secondary_channel=0 sig_mode=0 mcs=0 rate=9 cwb=0 sgi=0 stbc=0 ant=0 len=128 rx_state=0 seq=-1 tx_mac=52:40:27:94:0a:bb
CSI_DATA: 28 -64 1 0 -16 26 -16 27 -15 29 -12 29 -9 29 -7 28 -4 26 -3 24 -3 21 -3 18 -4 15 -5 13 -7 11 -8 11 -10 9 -12 9 -13 9 -13 8 -13 8 -13 8 -13 8 -13 7 -13 6 -12 5 -11 3 0 0 0 0 0 0 0 0 0 0 0 0 0 0 0 0 0 0 0 0 0 0 13 7 12 8 11 8 9 8 8 8 6 9 4 9 2 10 1 12 -2 13 -4 16 -6 18 -7 20 -7 22 -7 24 -6 26 -5 27 -2 28 -1 26 0 26 1 24 1 23 -2 22 -4 21 -7 20 -10 21
CSI_META: ts=3134497678 rssi=-31 noise_floor=-98 channel=6 secondary_channel=0 sig_mode=0 mcs=0 rate=9 cwb=0 sgi=0 stbc=0 ant=0 len=128 rx_state=0 seq=-1 tx_mac=52:40:27:94:0a:bb
CSI_DATA: 28 -64 1 0 -16 -8 -14 -7 -11 -7 -9 -7 -8 -8 -7 -9 -7 -11 -7 -12 -8 -12 -9 -13 -10 -12 -10 -11 -10 -10 -10 -10 -9 -8 -9 -7 -7 -6 -5 -6 -4 -5 -3 -5 -1 -6 0 -6 1 -6 2 -7 3 -7 0 0 0 0 0 0 0 0 0 0 0 0 0 0 0 0 0 0 0 0 0 0 -5 2 -6 0 -7 -1 -8 -2 -8 -3 -9 -4 -10 -4 -11 -5 -12 -5 -13 -5 -13 -5 -12 -5 -12 -4 -11 -4 -10 -5 -9 -6 -8 -7 -8 -9 -8 -10 -9 -12 -10 -14 -12 -15 -14 -15 -16 -15 -18 -15 -19 -14
CSI_META: ts=3134540693 rssi=-31 noise_floor=-98 channel=6 secondary_channel=0 sig_mode=0 mcs=0 rate=9 cwb=0 sgi=0 stbc=0 ant=0 len=128 rx_state=0 seq=-1 tx_mac=52:40:27:94:0a:bb
CSI_DATA: 28 -64 1 0 16 7 17 7 18 6 18 5 18 3 18 2 16 1 14 0 13 -1 11 -1 9 0 8 1 7 2 6 4 6 5 6 6 5 7 5 7 5 7 5 7 5 7 5 7 4 7 3 6 2 6 0 0 0 0 0 0 0 0 0 0 0 0 0 0 0 0 0 0 0 0 0 0 2 -9 3 -9 3 -8 3 -8 4 -7 4 -6 4 -4 5 -4 7 -2 8 -2 9 0 11 1 12 1 14 1 15 1 16 0 16 -1 17 -2 16 -3 16 -3 14 -4 14 -3 12 -2 12 0 12 2 13 4
CSI_META: ts=3134540811 rssi=-31 noise_floor=-98 channel=6 secondary_channel=0 sig_mode=0 mcs=0 rate=9 cwb=0 sgi=0 stbc=0 ant=0 len=128 rx_state=0 seq=-1 tx_mac=52:40:27:94:0a:bb
CSI_DATA: 28 -64 1 0 4 -20 3 -18 2 -21 1 -19 -1 -19 -2 -18 -3 -17 -4 -15 -3 -14 -2 -11 -1 -10 0 -9 1 -8 2 -8 3 -7 5 -8 5 -7 5 -8 5 -8 6 -8 5 -8 6 -8 5 -6 5 -5 5 -4 0 0 0 0 0 0 0 0 0 0 0 0 0 0 0 0 0 0 0 0 0 0 -9 -3 -8 -3 -9 -3 -7 -4 -8 -4 -6 -4 -6 -5 -4 -5 -4 -7 -2 -9 -1 -10 0 -12 0 -13 0 -15 -1 -15 -3 -18 -4 -16 -5 -18 -5 -15 -7 -16 -6 -15 -6 -14 -4 -14 -2 -13 0 -14 2 -14
CSI_META: ts=3134540929 rssi=-31 noise_floor=-98 channel=6 secondary_channel=0 sig_mode=0 mcs=0 rate=9 cwb=0 sgi=0 stbc=0 ant=0 len=128 rx_state=0 seq=-1 tx_mac=52:40:27:94:0a:bb
CSI_DATA: 28 -64 1 0 15 -10 16 -11 15 -12 15 -13 13 -14 11 -14 9 -14 7 -13 7 -11 6 -10 6 -8 6 -7 6 -5 6 -4 8 -3 8 -1 9 -1 9 -1 9 -1 9 -1 9 -1 8 0 8 0 7 0 6 1 0 0 0 0 0 0 0 0 0 0 0 0 0 0 0 0 0 0 0 0 0 0 -6 -7 -6 -8 -5 -8 -4 -8 -3 -7 -2 -8 -1 -7 0 -7 2 -7 3 -8 5 -8 7 -9 8 -10 9 -11 10 -13 9 -14 9 -15 8 -15 7 -16 6 -15 5 -14 5 -14 5 -12 7 -10 9 -9 11 -10
CSI_META: ts=3135456257 rssi=-32 noise_floor=-98 channel=6 secondary_channel=0 sig_mode=0 mcs=0 rate=9 cwb=0 sgi=0 stbc=0 ant=0 len=128 rx_state=0 seq=-1 tx_mac=52:40:27:94:0a:bb
CSI_DATA: 28 -64 1 0 28 -9 29 -10 29 -12 29 -14 26 -16 23 -17 21 -16 17 -16 15 -15 13 -12 12 -10 12 -7 12 -4 12 -2 13 0 14 2 15 2 15 2 14 3 14 3 14 2 13 3 12 3 11 3 9 4 0 0 0 0 0 0 0 0 0 0 0 0 0 0 0 0 0 0 0 0 0 0 -6 -14 -5 -15 -4 -14 -3 -14 -2 -13 -1 -13 1 -11 3 -11 5 -11 8 -10 11 -10 14 -10 16 -11 18 -13 20 -14 20 -17 20 -19 19 -21 18 -21 16 -21 15 -20 14 -19 14 -16 16 -14 17 -11 21 -10
CSI_META: ts=3135700108 rssi=-32 noise_floor=-98 channel=6 secondary_channel=0 sig_mode=0 mcs=0 rate=9 cwb=0 sgi=0 stbc=0 ant=0 len=128 rx_state=0 seq=-1 tx_mac=52:40:27:94:0a:bb
CSI_DATA: 28 -64 1 0 5 29 6 30 8 32 10 29 12 28 14 25 14 22 13 20 12 17 10 15 8 13 5 12 2 12 0 13 -2 13 -3 14 -5 14 -5 14 -5 14 -5 14 -5 14 -5 13 -6 12 -6 11 -7 9 0 0 0 0 0 0 0 0 0 0 0 0 0 0 0 0 0 0 0 0 0 0 14 -4 14 -3 13 -2 12 -1 12 0 11 2 10 3 9 5 8 8 8 10 7 13 8 16 9 18 10 20 12 21 13 23 15 22 17 21 18 19 18 18 18 16 16 16 13 16 10 17 8 19 6 22
CSI_META: ts=3136123586 rssi=-32 noise_floor=-98 channel=6 secondary_channel=0 sig_mode=0 mcs=0 rate=9 cwb=0 sgi=0 stbc=0 ant=0 len=128 rx_state=0 seq=-1 tx_mac=52:40:27:94:0a:bb
CSI_DATA: 28 -64 1 0 2 -27 2 -23 4 -20 5 -17 8 -15 10 -15 13 -15 13 -17 14 -19 14 -20 12 -21 11 -21 9 -20 8 -20 7 -18 6 -15 5 -12 5 -10 5 -7 6 -5 7 -4 9 -2 9 0 11 1 12 2 0 0 0 0 0 0 0 0 0 0 0 0 0 0 0 0 0 0 0 0 0 0 -8 -6 -6 -8 -4 -9 -3 -11 -2 -13 -2 -15 -2 -16 -2 -18 -2 -20 -2 -20 -3 -21 -3 -21 -3 -19 -2 -18 0 -16 1 -16 4 -15 7 -16 9 -17 12 -20 13 -23 14 -26 13 -30 12 -33 9 -35 7 -36
CSI_META: ts=3136123849 rssi=-32 noise_floor=-98 channel=6 secondary_channel=0 sig_mode=0 mcs=0 rate=9 cwb=0 sgi=0 stbc=0 ant=0 len=128 rx_state=0 seq=-1 tx_mac=52:40:27:94:0a:bb
CSI_DATA: 28 -64 1 0 14 -23 13 -20 11 -15 13 -13 13 -10 15 -8 18 -8 19 -8 20 -9 20 -10 20 -12 20 -13 19 -13 16 -13 15 -13 13 -10 11 -9 9 -7 8 -5 7 -2 7 0 7 2 7 4 8 5 8 7 0 0 0 0 0 0 0 0 0 0 0 0 0 0 0 0 0 0 0 0 0 0 -3 -9 -1 -10 1 -11 2 -12 4 -13 5 -15 5 -15 6 -17 7 -18 7 -18 7 -19 6 -18 6 -18 7 -16 8 -14 8 -12 11 -11 13 -10 18 -11 20 -12 23 -14 25 -17 24 -19 25 -24 24 -26 22 -29
CSI_META: ts=3136131874 rssi=-31 noise_floor=-98 channel=6 secondary_channel=0 sig_mode=0 mcs=0 rate=9 cwb=0 sgi=0 stbc=0 ant=0 len=128 rx_state=0 seq=-1 tx_mac=52:40:27:94:0a:bb
CSI_DATA: 28 -64 1 0 17 -6 14 -5 13 -3 12 -1 11 1 11 2 12 4 12 4 14 4 14 4 15 3 15 2 14 1 14 0 12 0 11 0 9 0 7 0 5 1 4 2 3 3 2 5 2 5 1 6 0 7 0 0 0 0 0 0 0 0 0 0 0 0 0 0 0 0 0 0 0 0 0 0 1 -6 3 -5 4 -5 6 -5 7 -5 8 -5 9 -6 10 -6 11 -7 11 -7 12 -7 11 -7 10 -7 10 -6 9 -4 9 -3 9 -1 11 0 13 1 15 2 17 2 20 1 22 1 23 -1 24 -3 23 -5
CSI_META: ts=3136464223 rssi=-31 noise_floor=-98 channel=6 secondary_channel=0 sig_mode=0 mcs=0 rate=9 cwb=0 sgi=0 stbc=0 ant=0 len=128 rx_state=0 seq=-1 tx_mac=52:40:27:94:0a:bb
CSI_DATA: 28 -64 1 0 -3 17 -3 15 -3 13 -4 11 -5 10 -6 10 -7 10 -8 11 -8 12 -8 13 -7 13 -7 13 -5 13 -4 13 -4 11 -3 10 -3 8 -3 7 -3 5 -4 4 -5 3 -6 2 -7 1 -7 1 -8 0 0 0 0 0 0 0 0 0 0 0 0 0 0 0 0 0 0 0 0 0 0 0 3 4 2 5 1 6 0 7 -1 8 -1 8 -1 9 -1 11 -1 12 -2 12 -2 12 -2 12 -2 12 -2 11 -3 10 -4 10 -5 9 -6 10 -7 10 -9 12 -10 13 -10 16 -10 18 -9 19 -8 21 -6 22
CSI_META: ts=3136490539 rssi=-30 noise_floor=-98 channel=6 secondary_channel=0 sig_mode=0 mcs=0 rate=9 cwb=0 sgi=0 stbc=0 ant=0 len=128 rx_state=0 seq=-1 tx_mac=52:40:27:94:0a:bb
CSI_DATA: 28 -64 1 0 12 -7 12 -6 13 -5 14 -5 14 -5 15 -6 15 -7 13 -8 13 -9 12 -9 10 -9 9 -8 8 -8 7 -6 7 -5 7 -3 6 -2 6 -1 6 0 6 0 7 1 7 2 7 2 7 3 7 3 0 0 0 0 0 0 0 0 0 0 0 0 0 0 0 0 0 0 0 0 0 0 1 -8 2 -8 2 -9 3 -8 3 -9 3 -9 4 -8 4 -8 4 -8 5 -7 6 -7 7 -6 8 -5 9 -4 10 -4 11 -5 13 -5 14 -6 15 -7 15 -9 15 -10 14 -11 14 -12 13 -12 12 -12 12 -11
CSI_META: ts=3136490818 rssi=-30 noise_floor=-98 channel=6 secondary_channel=0 sig_mode=0 mcs=0 rate=9 cwb=0 sgi=0 stbc=0 ant=0 len=128 rx_state=0 seq=-1 tx_mac=52:40:27:94:0a:bb
CSI_DATA: 28 -64 1 0 -14 -4 -14 -5 -13 -6 -15 -6 -15 -6 -16 -6 -16 -5 -16 -3 -16 -2 -15 -2 -14 -1 -12 0 -11 -1 -10 -2 -9 -2 -7 -3 -6 -4 -6 -5 -5 -5 -5 -6 -6 -7 -5 -7 -5 -7 -5 -7 -4 -8 0 0 0 0 0 0 0 0 0 0 0 0 0 0 0 0 0 0 0 0 0 0 -6 4 -7 3 -8 3 -9 3 -9 3 -9 3 -9 3 -10 2 -9 2 -10 2 -10 1 -9 0 -10 -2 -10 -3 -11 -4 -12 -5 -13 -6 -15 -6 -16 -5 -18 -4 -18 -3 -19 -2 -19 -1 -18 0 -18 0 -16 0
CSI_META: ts=3136491077 rssi=-30 noise_floor=-98 channel=6 secondary_channel=0 sig_mode=0 mcs=0 rate=9 cwb=0 sgi=0 stbc=0 ant=0 len=128 rx_state=0 seq=-1 tx_mac=52:40:27:94:0a:bb
CSI_DATA: 28 -64 1 0 -3 -14 -2 -14 -1 -15 -1 -16 -1 -16 -2 -17 -3 -17 -4 -16 -4 -16 -5 -15 -5 -13 -5 -12 -5 -10 -4 -10 -2 -9 -1 -8 0 -7 1 -7 2 -7 3 -7 3 -7 4 -7 4 -7 5 -7 5 -6 0 0 0 0 0 0 0 0 0 0 0 0 0 0 0 0 0 0 0 0 0 0 -7 -4 -7 -5 -7 -6 -7 -6 -7 -6 -7 -7 -7 -7 -7 -7 -7 -8 -6 -8 -5 -9 -4 -9 -3 -9 -2 -10 -1 -12 -1 -13 -1 -14 -2 -16 -3 -16 -4 -17 -5 -18 -6 -18 -7 -18 -8 -17 -8 -16 -7 -15
CSI_META: ts=3137058251 rssi=-32 noise_floor=-98 channel=6 secondary_channel=0 sig_mode=0 mcs=0 rate=9 cwb=0 sgi=0 stbc=0 ant=0 len=128 rx_state=0 seq=-1 tx_mac=52:40:27:94:0a:bb
CSI_DATA: 28 -64 1 0 -2 -36 -4 -33 -6 -31 -7 -26 -7 -23 -6 -20 -4 -18 -2 -16 1 -16 3 -16 4 -17 5 -18 6 -19 6 -20 5 -20 4 -20 3 -18 2 -17 2 -14 2 -13 3 -11 3 -9 4 -7 6 -5 7 -3 0 0 0 0 0 0 0 0 0 0 0 0 0 0 0 0 0 0 0 0 0 0 -13 -3 -11 -4 -10 -5 -8 -7 -7 -7 -5 -9 -4 -10 -2 -13 -2 -15 -1 -18 -2 -21 -2 -23 -3 -24 -4 -24 -6 -23 -7 -23 -7 -21 -7 -21 -6 -19 -4 -18 -1 -18 2 -20 4 -23 5 -25 6 -29 5 -34
CSI_META: ts=3137489784 rssi=-31 noise_floor=-98 channel=6 secondary_channel=0 sig_mode=0 mcs=0 rate=9 cwb=0 sgi=0 stbc=0 ant=0 len=128 rx_state=0 seq=-1 tx_mac=52:40:27:94:0a:bb
CSI_DATA: 28 -64 1 0 -5 -37 -7 -34 -9 -32 -10 -27 -10 -24 -9 -21 -6 -18 -4 -17 -2 -17 1 -17 2 -18 3 -19 3 -19 3 -21 3 -21 2 -21 2 -19 1 -18 1 -16 1 -14 1 -13 2 -11 3 -9 5 -8 6 -6 0 0 0 0 0 0 0 0 0 0 0 0 0 0 0 0 0 0 0 0 0 0 -12 -3 -11 -5 -9 -6 -7 -7 -6 -9 -5 -11 -4 -13 -3 -15 -3 -18 -2 -20 -3 -23 -4 -24 -5 -25 -6 -25 -7 -24 -8 -24 -8 -22 -7 -21 -6 -19 -4 -19 -1 -20 1 -22 3 -25 4 -28 4 -31 3 -36
CSI_META: ts=3137694903 rssi=-31 noise_floor=-98 channel=6 secondary_channel=0 sig_mode=0 mcs=0 rate=9 cwb=0 sgi=0 stbc=0 ant=0 len=128 rx_state=0 seq=-1 tx_mac=52:40:27:94:0a:bb
CSI_DATA: 28 -64 1 0 2 36 4 34 7 31 8 27 7 23 6 20 4 17 1 16 -1 15 -3 16 -5 16 -6 18 -6 18 -6 20 -5 20 -5 19 -4 18 -3 16 -3 14 -3 12 -3 11 -4 9 -5 7 -7 5 -8 3 0 0 0 0 0 0 0 0 0 0 0 0 0 0 0 0 0 0 0 0 0 0 13 2 11 3 9 4 8 6 6 7 5 8 3 11 2 13 2 16 1 18 2 21 2 23 3 24 5 25 6 24 7 23 8 22 7 20 5 18 3 18 1 19 -2 20 -5 23 -6 26 -6 30 -5 34
CSI_META: ts=3137695030 rssi=-31 noise_floor=-98 channel=6 secondary_channel=0 sig_mode=0 mcs=0 rate=9 cwb=0 sgi=0 stbc=0 ant=0 len=128 rx_state=0 seq=-1 tx_mac=52:40:27:94:0a:bb
CSI_DATA: 28 -64 1 0 -13 -20 -12 -16 -14 -17 -12 -13 -12 -11 -10 -10 -8 -9 -7 -8 -5 -10 -3 -10 -2 -11 -2 -11 -2 -11 -3 -13 -3 -11 -3 -13 -3 -11 -4 -11 -3 -10 -3 -8 -2 -8 -1 -7 0 -6 1 -5 2 -5 0 0 0 0 0 0 0 0 0 0 0 0 0 0 0 0 0 0 0 0 0 0 -8 1 -7 0 -7 0 -6 -2 -6 -3 -5 -4 -6 -6 -6 -7 -7 -8 -7 -12 -8 -13 -8 -13 -9 -13 -9 -12 -10 -11 -12 -11 -10 -9 -11 -10 -8 -9 -8 -10 -6 -10 -6 -12 -4 -15 -4 -18 -4 -19 -6 -21
CSI_META: ts=3137698750 rssi=-31 noise_floor=-98 channel=6 secondary_channel=0 sig_mode=0 mcs=0 rate=9 cwb=0 sgi=0 stbc=0 ant=0 len=128 rx_state=0 seq=-1 tx_mac=52:40:27:94:0a:bb
CSI_DATA: 28 -64 1 0 -9 -37 -11 -34 -12 -31 -12 -27 -12 -23 -11 -21 -9 -18 -6 -17 -4 -16 -2 -17 0 -17 1 -17 2 -19 2 -20 2 -21 1 -20 1 -19 0 -18 0 -16 0 -15 0 -14 1 -12 2 -10 3 -9 4 -7 0 0 0 0 0 0 0 0 0 0 0 0 0 0 0 0 0 0 0 0 0 0 -12 -1 -10 -3 -9 -5 -8 -7 -7 -9 -5 -11 -5 -12 -6 -15 -5 -18 -6 -20 -7 -22 -7 -23 -9 -24 -10 -23 -11 -22 -11 -22 -10 -20 -10 -19 -8 -18 -6 -18 -4 -19 -2 -21 1 -25 1 -28 0 -32 -1 -36
CSI_META: ts=3137698922 rssi=-31 noise_floor=-98 channel=6 secondary_channel=0 sig_mode=0 mcs=0 rate=9 cwb=0 sgi=0 stbc=0 ant=0 len=128 rx_state=0 seq=-1 tx_mac=52:40:27:94:0a:bb
CSI_DATA: 28 -64 1 0 7 20 8 19 8 17 8 14 8 12 7 11 5 9 3 9 2 9 0 10 -1 10 -1 11 -1 12 -1 12 -1 13 0 12 0 11 0 10 0 8 0 7 -1 6 -1 6 -2 4 -3 3 -4 3 0 0 0 0 0 0 0 0 0 0 0 0 0 0 0 0 0 0 0 0 0 0 8 -2 7 -1 6 0 5 1 5 2 4 4 4 5 4 7 4 9 4 10 5 12 6 13 7 13 7 13 8 12 8 12 8 11 8 10 7 9 5 10 4 10 3 11 1 14 1 16 2 19 3 21
CSI_META: ts=3137699049 rssi=-31 noise_floor=-98 channel=6 secondary_channel=0 sig_mode=0 mcs=0 rate=9 cwb=0 sgi=0 stbc=0 ant=0 len=128 rx_state=0 seq=-1 tx_mac=52:40:27:94:0a:bb
CSI_DATA: 28 -64 1 0 9 -21 7 -21 5 -20 3 -17 2 -15 2 -13 2 -12 3 -10 4 -9 5 -8 6 -8 7 -8 8 -9 8 -10 8 -10 8 -10 7 -9 6 -9 5 -8 5 -7 4 -6 4 -5 4 -3 4 -2 5 0 0 0 0 0 0 0 0 0 0 0 0 0 0 0 0 0 0 0 0 0 0 0 -7 -5 -6 -5 -4 -6 -3 -6 -2 -6 -1 -7 1 -8 2 -9 3 -10 4 -11 4 -13 5 -14 4 -15 4 -15 3 -15 2 -15 1 -14 1 -14 2 -12 3 -11 5 -11 6 -11 8 -12 10 -13 12 -15 12 -18
CSI_META: ts=3138431890 rssi=-31 noise_floor=-98 channel=6 secondary_channel=0 sig_mode=0 mcs=0 rate=9 cwb=0 sgi=0 stbc=0 ant=0 len=128 rx_state=0 seq=-1 tx_mac=52:40:27:94:0a:bb
CSI_DATA: 28 -64 1 0 -12 -8 -11 -9 -10 -11 -11 -12 -12 -13 -13 -13 -14 -12 -14 -11 -15 -10 -14 -8 -13 -7 -12 -6 -10 -5 -8 -5 -7 -5 -5 -6 -3 -6 -2 -7 -2 -7 -1 -8 -1 -9 -1 -9 -1 -9 0 -9 0 -9 0 0 0 0 0 0 0 0 0 0 0 0 0 0 0 0 0 0 0 0 0 0 -7 3 -8 2 -9 2 -10 2 -10 2 -11 2 -11 2 -11 2 -11 1 -11 1 -10 0 -10 -1 -9 -3 -9 -4 -10 -6 -10 -8 -11 -9 -13 -10 -15 -10 -17 -10 -19 -9 -19 -8 -20 -7 -19 -6 -19 -5 -16 -5
CSI_META: ts=3138616766 rssi=-31 noise_floor=-98 channel=6 secondary_channel=0 sig_mode=0 mcs=0 rate=9 cwb=0 sgi=0 stbc=0 ant=0 len=128 rx_state=0 seq=-1 tx_mac=52:40:27:94:0a:bb
CSI_DATA: 28 -64 1 0 18 6 18 5 19 4 19 3 19 1 18 -1 17 -2 14 -3 12 -2 11 -2 9 -1 8 0 7 2 7 3 7 4 7 5 7 6 7 6 6 6 7 6 6 6 6 6 5 6 4 6 3 5 0 0 0 0 0 0 0 0 0 0 0 0 0 0 0 0 0 0 0 0 0 0 2 -9 3 -9 4 -9 4 -8 4 -7 4 -6 4 -5 5 -4 6 -3 8 -2 9 -1 11 0 12 1 14 1 15 0 16 -1 16 -2 17 -3 16 -4 16 -5 15 -5 14 -4 13 -3 13 -1 13 1 14 3
CSI_META: ts=3138616893 rssi=-32 noise_floor=-98 channel=6 secondary_channel=0 sig_mode=0 mcs=0 rate=9 cwb=0 sgi=0 stbc=0 ant=0 len=128 rx_state=0 seq=-1 tx_mac=52:40:27:94:0a:bb
CSI_DATA: 28 -64 1 0 -4 -27 -6 -29 -7 -28 -9 -28 -11 -26 -12 -24 -12 -21 -12 -19 -11 -16 -10 -14 -8 -13 -6 -12 -3 -13 -1 -13 1 -14 2 -13 3 -14 3 -14 3 -14 3 -14 3 -14 3 -13 2 -12 3 -11 4 -9 0 0 0 0 0 0 0 0 0 0 0 0 0 0 0 0 0 0 0 0 0 0 -14 0 -14 -1 -13 -2 -13 -2 -11 -3 -11 -4 -10 -5 -9 -6 -8 -8 -7 -10 -7 -13 -7 -15 -7 -17 -8 -19 -9 -21 -10 -22 -12 -23 -14 -22 -15 -21 -15 -19 -15 -18 -13 -17 -13 -17 -11 -17 -9 -18 -7 -21
CSI_META: ts=3138652647 rssi=-31 noise_floor=-98 channel=6 secondary_channel=0 sig_mode=0 mcs=0 rate=9 cwb=0 sgi=0 stbc=0 ant=0 len=128 rx_state=0 seq=-1 tx_mac=52:40:27:94:0a:bb
CSI_DATA: 28 -64 1 0 8 -11 9 -10 11 -10 12 -10 13 -10 13 -11 13 -12 11 -13 10 -14 9 -14 7 -13 6 -12 5 -10 5 -10 5 -7 5 -5 5 -4 5 -3 6 -2 6 -1 7 -1 8 0 8 1 8 1 8 2 0 0 0 0 0 0 0 0 0 0 0 0 0 0 0 0 0 0 0 0 0 0 -4 -8 -3 -9 -3 -10 -3 -10 -2 -10 -2 -10 -2 -10 -2 -10 -1 -10 0 -10 1 -10 3 -9 4 -9 6 -8 7 -9 9 -10 9 -11 11 -14 11 -15 11 -16 10 -18 8 -18 8 -19 7 -18 6 -18 6 -16
CSI_META: ts=3138653054 rssi=-31 noise_floor=-98 channel=6 secondary_channel=0 sig_mode=0 mcs=0 rate=9 cwb=0 sgi=0 stbc=0 ant=0 len=128 rx_state=0 seq=-1 tx_mac=52:40:27:94:0a:bb
CSI_DATA: 28 -64 1 0 9 9 8 10 8 12 8 12 9 14 10 14 11 13 11 12 12 11 12 10 11 8 10 7 8 6 7 6 5 6 4 6 2 6 1 6 0 6 -1 7 -1 8 -2 8 -2 8 -2 8 -3 8 0 0 0 0 0 0 0 0 0 0 0 0 0 0 0 0 0 0 0 0 0 0 7 -3 7 -2 8 -2 9 -1 10 -1 10 -1 9 -1 10 -1 10 0 9 0 9 2 8 3 8 4 7 6 7 7 8 9 9 11 11 12 12 11 15 12 16 11 17 10 17 10 17 8 16 7 15 7
CSI_META: ts=3138653294 rssi=-31 noise_floor=-98 channel=6 secondary_channel=0 sig_mode=0 mcs=0 rate=9 cwb=0 sgi=0 stbc=0 ant=0 len=128 rx_state=0 seq=-1 tx_mac=52:40:27:94:0a:bb
CSI_DATA: 28 -64 1 0 -1 -14 1 -14 3 -15 3 -16 3 -17 2 -18 1 -18 0 -18 -1 -18 -3 -16 -3 -15 -3 -13 -3 -11 -1 -10 0 -9 1 -7 3 -7 4 -6 5 -6 5 -6 6 -6 7 -6 7 -6 7 -5 7 -5 0 0 0 0 0 0 0 0 0 0 0 0 0 0 0 0 0 0 0 0 0 0 -7 -4 -7 -5 -7 -6 -8 -7 -8 -7 -8 -8 -8 -8 -8 -8 -8 -8 -7 -8 -6 -9 -5 -9 -3 -9 -2 -10 -1 -11 0 -13 0 -15 0 -17 -1 -18 -2 -20 -3 -20 -5 -20 -6 -20 -7 -19 -7 -18 -6 -16
CSI_META: ts=3139063005 rssi=-31 noise_floor=-98 channel=6 secondary_channel=0 sig_mode=0 mcs=0 rate=9 cwb=0 sgi=0 stbc=0 ant=0 len=128 rx_state=0 seq=-1 tx_mac=52:40:27:94:0a:bb
CSI_DATA: 28 -64 1 0 27 -5 28 -6 29 -8 28 -9 26 -11 24 -13 21 -13 18 -13 16 -12 14 -10 12 -7 11 -5 11 -2 12 -1 12 1 13 3 13 4 13 4 13 4 13 4 12 4 12 4 11 4 9 4 8 5 0 0 0 0 0 0 0 0 0 0 0 0 0 0 0 0 0 0 0 0 0 0 -4 -14 -3 -14 -2 -14 -1 -13 0 -13 1 -12 2 -10 4 -10 6 -9 9 -8 11 -8 14 -8 17 -9 18 -9 20 -11 21 -13 20 -14 20 -17 19 -17 18 -17 16 -17 15 -16 15 -14 16 -11 18 -9 20 -7
CSI_META: ts=3139063114 rssi=-31 noise_floor=-98 channel=6 secondary_channel=0 sig_mode=0 mcs=0 rate=9 cwb=0 sgi=0 stbc=0 ant=0 len=128 rx_state=0 seq=-1 tx_mac=52:40:27:94:0a:bb
CSI_DATA: 28 -64 1 0 25 11 28 11 27 9 29 7 28 5 26 3 24 1 20 0 18 0 15 0 13 2 11 3 10 6 9 8 10 10 10 11 9 11 9 11 9 10 9 10 8 10 8 9 6 8 5 8 3 8 0 0 0 0 0 0 0 0 0 0 0 0 0 0 0 0 0 0 0 0 0 0 5 -12 6 -13 7 -12 8 -12 7 -11 8 -10 7 -8 8 -7 9 -5 11 -4 12 -1 14 1 17 2 19 3 22 2 23 2 25 1 25 -2 26 -3 25 -4 24 -5 22 -4 19 -2 19 -1 19 2 20 6
CSI_META: ts=3139063250 rssi=-31 noise_floor=-98 channel=6 secondary_channel=0 sig_mode=0 mcs=0 rate=9 cwb=0 sgi=0 stbc=0 ant=0 len=128 rx_state=0 seq=-1 tx_mac=52:40:27:94:0a:bb
CSI_DATA: 28 -64 1 0 -20 -22 -22 -22 -22 -21 -24 -19 -24 -17 -24 -14 -22 -11 -20 -9 -17 -8 -14 -7 -13 -7 -10 -9 -9 -11 -6 -12 -6 -14 -5 -14 -5 -15 -5 -15 -5 -14 -5 -14 -4 -13 -4 -12 -4 -11 -2 -10 0 -9 0 0 0 0 0 0 0 0 0 0 0 0 0 0 0 0 0 0 0 0 0 0 -11 8 -12 8 -12 7 -13 6 -12 5 -12 5 -11 3 -11 2 -11 -1 -12 -2 -13 -5 -14 -7 -15 -9 -18 -11 -20 -12 -21 -12 -24 -12 -24 -10 -26 -9 -25 -7 -24 -6 -23 -6 -20 -6 -19 -7 -18 -9 -16 -13
CSI_META: ts=3139066896 rssi=-31 noise_floor=-98 channel=6 secondary_channel=0 sig_mode=0 mcs=0 rate=9 cwb=0 sgi=0 stbc=0 ant=0 len=128 rx_state=0 seq=-1 tx_mac=52:40:27:94:0a:bb
CSI_DATA: 28 -64 1 0 2 19 3 19 4 20 5 19 7 18 7 17 8 14 7 13 7 11 5 9 4 8 2 8 1 7 -1 8 -2 9 -3 9 -3 9 -4 9 -3 9 -4 9 -4 8 -4 8 -4 7 -4 6 -4 5 0 0 0 0 0 0 0 0 0 0 0 0 0 0 0 0 0 0 0 0 0 0 9 -2 9 -1 9 -1 8 0 8 1 7 1 6 2 6 3 5 5 5 6 4 8 4 10 4 11 5 13 6 14 7 15 8 15 9 15 10 13 10 13 10 11 9 11 8 11 7 11 5 12 3 14
CSI_META: ts=3139067059 rssi=-31 noise_floor=-98 channel=6 secondary_channel=0 sig_mode=0 mcs=0 rate=9 cwb=0 sgi=0 stbc=0 ant=0 len=128 rx_state=0 seq=-1 tx_mac=52:40:27:94:0a:bb
CSI_DATA: 28 -64 1 0 16 -10 17 -11 17 -12 15 -13 14 -14 12 -14 10 -13 8 -13 7 -11 6 -9 6 -7 6 -6 7 -4 8 -3 9 -2 10 -2 10 -2 10 -2 9 -2 9 -2 9 -2 8 -2 7 -1 7 0 6 1 0 0 0 0 0 0 0 0 0 0 0 0 0 0 0 0 0 0 0 0 0 0 -4 -9 -4 -9 -3 -10 -3 -9 -2 -9 -2 -9 -1 -8 0 -8 1 -8 3 -8 5 -8 7 -8 9 -9 10 -10 10 -11 11 -13 11 -14 10 -15 9 -15 8 -15 7 -15 7 -14 7 -13 8 -11 10 -10 11 -10
CSI_META: ts=3139067213 rssi=-31 noise_floor=-98 channel=6 secondary_channel=0 sig_mode=0 mcs=0 rate=9 cwb=0 sgi=0 stbc=0 ant=0 len=128 rx_state=0 seq=-1 tx_mac=52:40:27:94:0a:bb
CSI_DATA: 28 -64 1 0 13 -15 12 -15 12 -17 11 -17 9 -17 8 -17 6 -16 4 -15 4 -14 3 -12 3 -10 4 -8 5 -6 6 -6 7 -5 8 -4 9 -4 9 -4 9 -4 9 -4 8 -4 8 -4 8 -3 7 -2 6 -1 0 0 0 0 0 0 0 0 0 0 0 0 0 0 0 0 0 0 0 0 0 0 -8 -7 -7 -7 -7 -8 -6 -7 -5 -7 -4 -7 -3 -7 -2 -8 0 -8 1 -9 3 -10 4 -11 5 -12 6 -13 6 -14 6 -16 5 -17 4 -18 3 -17 3 -17 2 -16 2 -15 3 -14 4 -13 6 -13 8 -13
CSI_META: ts=3139148841 rssi=-31 noise_floor=-98 channel=6 secondary_channel=0 sig_mode=0 mcs=0 rate=9 cwb=0 sgi=0 stbc=0 ant=0 len=128 rx_state=0 seq=-1 tx_mac=52:40:27:94:0a:bb
CSI_DATA: 28 -64 1 0 18 -3 18 -3 19 -4 18 -5 17 -7 16 -8 14 -8 12 -8 11 -8 9 -7 8 -5 7 -3 7 -2 7 0 7 0 8 2 8 2 8 3 8 3 8 3 8 3 8 3 7 3 6 4 5 4 0 0 0 0 0 0 0 0 0 0 0 0 0 0 0 0 0 0 0 0 0 0 -3 -9 -2 -9 -1 -9 -1 -8 0 -8 1 -7 1 -6 3 -6 4 -6 6 -5 8 -5 9 -5 11 -5 12 -6 13 -7 14 -8 13 -9 13 -11 12 -11 12 -11 10 -11 10 -10 10 -8 10 -7 12 -5 13 -4
CSI_META: ts=3139251090 rssi=-31 noise_floor=-98 channel=6 secondary_channel=0 sig_mode=0 mcs=0 rate=9 cwb=0 sgi=0 stbc=0 ant=0 len=128 rx_state=0 seq=-1 tx_mac=52:40:27:94:0a:bb
CSI_DATA: 28 -64 1 0 -17 7 -14 6 -13 4 -12 2 -11 1 -12 -1 -12 -2 -13 -2 -14 -3 -14 -2 -15 -1 -15 -1 -15 0 -14 1 -12 1 -11 1 -9 1 -8 0 -6 -1 -6 -2 -5 -3 -4 -4 -4 -5 -3 -6 -3 -7 0 0 0 0 0 0 0 0 0 0 0 0 0 0 0 0 0 0 0 0 0 0 -2 5 -4 4 -5 4 -6 4 -8 4 -8 4 -9 5 -10 5 -11 6 -11 6 -11 6 -11 6 -10 6 -10 5 -10 4 -9 2 -10 1 -11 0 -13 -1 -15 -2 -17 -2 -19 -1 -20 0 -22 2 -22 3 -22 6
CSI_META: ts=3139251235 rssi=-31 noise_floor=-98 channel=6 secondary_channel=0 sig_mode=0 mcs=0 rate=9 cwb=0 sgi=0 stbc=0 ant=0 len=128 rx_state=0 seq=-1 tx_mac=52:40:27:94:0a:bb
CSI_DATA: 28 -64 1 0 -15 -11 -13 -9 -10 -10 -8 -9 -6 -9 -5 -10 -4 -12 -4 -12 -5 -14 -5 -14 -6 -14 -7 -13 -7 -12 -8 -12 -7 -11 -7 -9 -5 -8 -4 -7 -3 -6 -2 -6 -1 -5 1 -5 2 -5 3 -6 4 -5 0 0 0 0 0 0 0 0 0 0 0 0 0 0 0 0 0 0 0 0 0 0 -6 0 -6 -1 -7 -2 -7 -3 -8 -4 -8 -5 -9 -6 -10 -6 -10 -6 -11 -7 -11 -7 -11 -7 -11 -6 -10 -6 -9 -6 -8 -7 -6 -8 -6 -10 -6 -11 -6 -14 -7 -15 -9 -17 -10 -18 -12 -18 -14 -18 -15 -17
CSI_META: ts=3139251362 rssi=-31 noise_floor=-98 channel=6 secondary_channel=0 sig_mode=0 mcs=0 rate=9 cwb=0 sgi=0 stbc=0 ant=0 len=128 rx_state=0 seq=-1 tx_mac=52:40:27:94:0a:bb
CSI_DATA: 28 -64 1 0 1 18 0 16 0 14 -2 12 -4 11 -5 11 -7 11 -8 12 -8 13 -7 14 -6 14 -5 15 -4 14 -3 13 -3 12 -2 10 -2 8 -3 6 -4 5 -4 4 -5 3 -6 2 -7 1 -8 1 -9 0 0 0 0 0 0 0 0 0 0 0 0 0 0 0 0 0 0 0 0 0 0 0 5 2 4 4 3 5 2 6 1 7 1 8 0 10 1 11 1 13 1 13 2 14 2 14 2 13 2 12 1 11 0 11 -2 10 -3 11 -5 11 -7 13 -8 15 -7 17 -8 21 -6 23 -4 24 -2 24
CSI_META: ts=3139436970 rssi=-32 noise_floor=-98 channel=6 secondary_channel=0 sig_mode=0 mcs=0 rate=9 cwb=0 sgi=0 stbc=0 ant=0 len=128 rx_state=0 seq=-1 tx_mac=52:40:27:94:0a:bb
CSI_DATA: 28 -64 1 0 -28 -11 -24 -9 -19 -10 -16 -10 -14 -11 -12 -14 -11 -16 -11 -18 -12 -19 -14 -20 -16 -19 -16 -18 -17 -17 -16 -15 -15 -14 -14 -12 -11 -10 -9 -9 -6 -8 -4 -8 -2 -8 0 -9 2 -9 4 -10 5 -10 0 0 0 0 0 0 0 0 0 0 0 0 0 0 0 0 0 0 0 0 0 0 -7 4 -9 2 -11 0 -12 -1 -13 -3 -15 -3 -16 -4 -18 -4 -20 -5 -21 -4 -22 -5 -21 -4 -20 -4 -18 -4 -17 -5 -15 -7 -13 -9 -13 -12 -14 -14 -15 -18 -18 -20 -21 -22 -24 -23 -28 -23 -31 -21 -33 -19
CSI_META: ts=3139437088 rssi=-31 noise_floor=-98 channel=6 secondary_channel=0 sig_mode=0 mcs=0 rate=9 cwb=0 sgi=0 stbc=0 ant=0 len=128 rx_state=0 seq=-1 tx_mac=52:40:27:94:0a:bb
CSI_DATA: 28 -64 1 0 -17 8 -14 7 -12 5 -11 3 -11 2 -11 0 -12 -1 -13 -1 -14 -2 -15 -1 -15 -1 -15 0 -15 1 -13 2 -12 2 -11 2 -9 2 -8 1 -6 0 -6 -1 -5 -2 -5 -3 -4 -5 -4 -6 -3 -7 0 0 0 0 0 0 0 0 0 0 0 0 0 0 0 0 0 0 0 0 0 0 -2 4 -3 4 -5 4 -6 4 -7 4 -8 4 -9 5 -10 6 -10 6 -11 7 -11 7 -10 7 -10 7 -10 6 -9 4 -9 3 -10 2 -11 1 -12 0 -15 -1 -17 -1 -19 0 -20 1 -22 3 -22 5 -22 7
CSI_META: ts=3139437251 rssi=-31 noise_floor=-98 channel=6 secondary_channel=0 sig_mode=0 mcs=0 rate=9 cwb=0 sgi=0 stbc=0 ant=0 len=128 rx_state=0 seq=-1 tx_mac=52:40:27:94:0a:bb
CSI_DATA: 28 -64 1 0 10 14 9 11 7 11 5 9 3 9 2 10 0 11 -1 12 0 13 0 14 1 14 2 14 2 13 2 12 3 12 3 10 2 9 1 7 0 6 -1 5 -2 4 -3 4 -4 3 -5 3 -6 2 0 0 0 0 0 0 0 0 0 0 0 0 0 0 0 0 0 0 0 0 0 0 5 -1 5 1 5 2 6 3 6 4 7 5 7 6 8 7 9 7 9 7 9 8 9 7 8 7 8 7 6 7 5 7 4 8 3 10 2 11 2 13 3 15 4 17 5 19 7 20 10 20 11 19
CSI_META: ts=3139578909 rssi=-31 noise_floor=-98 channel=6 secondary_channel=0 sig_mode=0 mcs=0 rate=9 cwb=0 sgi=0 stbc=0 ant=0 len=128 rx_state=0 seq=-1 tx_mac=52:40:27:94:0a:bb
CSI_DATA: 28 -64 1 0 26 -17 22 -14 20 -11 19 -8 18 -5 19 -3 21 -2 21 -2 23 -2 24 -4 24 -5 23 -6 22 -7 20 -8 18 -8 16 -6 14 -5 12 -4 10 -2 9 0 8 2 8 4 8 6 8 8 7 9 0 0 0 0 0 0 0 0 0 0 0 0 0 0 0 0 0 0 0 0 0 0 2 -10 4 -9 6 -9 9 -8 11 -8 12 -9 14 -9 15 -10 17 -11 18 -12 18 -13 17 -13 17 -12 16 -11 16 -10 15 -8 16 -5 18 -4 20 -3 24 -2 27 -2 30 -4 33 -6 35 -9 36 -12 35 -15
CSI_META: ts=3140479889 rssi=-30 noise_floor=-98 channel=6 secondary_channel=0 sig_mode=0 mcs=0 rate=9 cwb=0 sgi=0 stbc=0 ant=0 len=128 rx_state=0 seq=-1 tx_mac=52:40:27:94:0a:bb
CSI_DATA: 28 -64 1 0 -23 2 -22 3 -19 4 -18 5 -15 5 -14 4 -12 3 -11 2 -10 0 -10 -1 -11 -2 -12 -2 -12 -3 -12 -3 -13 -3 -12 -3 -12 -2 -11 -2 -10 -2 -9 -2 -8 -2 -7 -2 -6 -3 -5 -3 -4 -4 0 0 0 0 0 0 0 0 0 0 0 0 0 0 0 0 0 0 0 0 0 0 -2 6 -3 5 -4 4 -5 4 -6 3 -7 2 -8 1 -9 1 -11 1 -13 1 -14 1 -15 2 -15 2 -15 3 -15 3 -14 4 -13 4 -12 3 -12 2 -12 1 -13 0 -14 -1 -15 -2 -17 -3 -20 -3 -21 -3
CSI_META: ts=3140661968 rssi=-31 noise_floor=-98 channel=6 secondary_channel=0 sig_mode=0 mcs=0 rate=9 cwb=0 sgi=0 stbc=0 ant=0 len=128 rx_state=0 seq=-1 tx_mac=52:40:27:94:0a:bb
CSI_DATA: 28 -64 1 0 6 35 8 32 10 30 10 25 10 22 9 19 7 16 4 15 1 14 -1 14 -2 15 -4 16 -4 17 -4 19 -5 19 -4 19 -3 18 -3 16 -2 15 -2 13 -2 12 -3 10 -4 8 -5 7 -6 5 0 0 0 0 0 0 0 0 0 0 0 0 0 0 0 0 0 0 0 0 0 0 11 0 10 1 8 2 7 4 6 6 5 8 4 11 4 13 4 16 4 18 5 21 6 22 7 22 8 22 10 21 10 20 9 19 9 17 7 16 5 17 2 17 1 19 -2 23 -3 26 -2 30 -1 34
CSI_META: ts=3140694917 rssi=-31 noise_floor=-98 channel=6 secondary_channel=0 sig_mode=0 mcs=0 rate=9 cwb=0 sgi=0 stbc=0 ant=0 len=128 rx_state=0 seq=-1 tx_mac=52:40:27:94:0a:bb
CSI_DATA: 28 -64 1 0 7 -18 6 -19 6 -20 4 -20 3 -20 1 -19 0 -18 -1 -16 -1 -14 -1 -12 0 -11 1 -9 2 -8 4 -8 5 -8 6 -7 6 -7 7 -7 6 -7 7 -7 6 -7 6 -6 6 -6 6 -5 6 -4 0 0 0 0 0 0 0 0 0 0 0 0 0 0 0 0 0 0 0 0 0 0 -9 -4 -9 -5 -8 -6 -8 -6 -7 -6 -6 -6 -5 -6 -4 -7 -2 -8 -1 -9 0 -10 1 -12 2 -13 2 -15 2 -16 1 -17 0 -18 -1 -19 -2 -18 -3 -17 -3 -16 -3 -15 -2 -15 0 -14 2 -14 4 -15
CSI_META: ts=3140695080 rssi=-30 noise_floor=-98 channel=6 secondary_channel=0 sig_mode=0 mcs=0 rate=9 cwb=0 sgi=0 stbc=0 ant=0 len=128 rx_state=0 seq=-1 tx_mac=52:40:27:94:0a:bb
CSI_DATA: 28 -64 1 0 -20 2 -20 2 -21 4 -19 5 -19 6 -18 7 -15 7 -13 8 -12 6 -10 5 -10 3 -9 2 -9 0 -9 -1 -10 -2 -11 -3 -10 -3 -10 -3 -10 -3 -10 -3 -10 -3 -9 -3 -8 -3 -7 -3 -6 -4 0 0 0 0 0 0 0 0 0 0 0 0 0 0 0 0 0 0 0 0 0 0 0 9 -1 9 -1 9 -2 8 -2 8 -3 7 -3 7 -4 6 -5 5 -7 4 -9 4 -11 3 -12 3 -14 4 -15 5 -16 6 -16 7 -16 9 -15 9 -14 10 -13 10 -12 9 -12 8 -12 6 -13 4 -15 3
CSI_META: ts=3140695207 rssi=-31 noise_floor=-98 channel=6 secondary_channel=0 sig_mode=0 mcs=0 rate=9 cwb=0 sgi=0 stbc=0 ant=0 len=128 rx_state=0 seq=-1 tx_mac=52:40:27:94:0a:bb
CSI_DATA: 28 -64 1 0 14 12 15 12 16 12 16 10 17 9 17 7 16 5 14 4 13 3 11 3 9 3 7 3 6 4 5 6 4 6 4 8 4 8 3 8 3 8 3 9 3 8 3 8 2 8 1 7 1 6 0 0 0 0 0 0 0 0 0 0 0 0 0 0 0 0 0 0 0 0 0 0 5 -8 6 -7 6 -7 6 -6 6 -5 6 -4 6 -3 6 -2 7 0 8 1 9 3 10 4 11 5 12 6 14 6 15 6 16 5 17 4 16 2 17 2 15 1 15 1 13 3 12 3 12 6 12 8
CSI_META: ts=3141261820 rssi=-32 noise_floor=-98 channel=6 secondary_channel=0 sig_mode=0 mcs=0 rate=9 cwb=0 sgi=0 stbc=0 ant=0 len=128 rx_state=0 seq=-1 tx_mac=52:40:27:94:0a:bb
CSI_DATA: 28 -64 1 0 13 32 15 29 15 26 15 22 14 18 12 16 10 14 7 14 4 14 2 15 1 15 0 17 0 18 0 19 0 20 1 19 1 18 1 16 1 14 1 13 0 11 -1 9 -2 8 -4 7 -6 5 0 0 0 0 0 0 0 0 0 0 0 0 0 0 0 0 0 0 0 0 0 0 11 -3 11 -1 9 0 8 2 8 4 7 6 7 8 6 11 7 14 8 16 9 19 10 19 12 19 13 20 14 19 14 18 14 16 13 15 11 14 9 15 7 16 5 18 3 22 3 25 5 29 7 33
CSI_META: ts=3141552781 rssi=-31 noise_floor=-98 channel=6 secondary_channel=0 sig_mode=0 mcs=0 rate=9 cwb=0 sgi=0 stbc=0 ant=0 len=128 rx_state=0 seq=-1 tx_mac=52:40:27:94:0a:bb
CSI_DATA: 28 -64 1 0 -15 -11 -16 -11 -17 -11 -18 -9 -17 -8 -17 -6 -16 -5 -15 -3 -13 -3 -11 -3 -10 -3 -8 -4 -7 -5 -6 -6 -5 -7 -5 -8 -5 -8 -5 -9 -4 -8 -5 -9 -5 -9 -4 -8 -4 -8 -3 -8 -2 -7 0 0 0 0 0 0 0 0 0 0 0 0 0 0 0 0 0 0 0 0 0 0 -5 7 -6 6 -6 6 -6 5 -6 4 -6 3 -6 3 -7 1 -7 0 -8 -2 -9 -3 -10 -4 -12 -5 -13 -5 -14 -5 -16 -5 -17 -4 -17 -3 -17 -2 -17 -1 -16 -1 -15 -1 -13 -2 -13 -3 -13 -4 -12 -7
CSI_META: ts=3141909519 rssi=-31 noise_floor=-98 channel=6 secondary_channel=0 sig_mode=0 mcs=0 rate=9 cwb=0 sgi=0 stbc=0 ant=0 len=128 rx_state=0 seq=-1 tx_mac=52:40:27:94:0a:bb
CSI_DATA: 28 -64 1 0 -4 27 -3 28 -1 30 2 28 4 27 6 25 6 22 6 20 6 17 4 15 2 13 0 12 -2 11 -4 12 -6 12 -7 13 -7 13 -7 13 -7 12 -7 12 -7 11 -7 11 -7 9 -7 8 -7 6 0 0 0 0 0 0 0 0 0 0 0 0 0 0 0 0 0 0 0 0 0 0 13 2 12 3 12 3 12 4 11 4 10 5 9 6 7 7 6 8 4 10 3 13 2 15 1 17 2 20 3 21 4 23 5 24 8 25 9 23 10 22 11 20 10 19 7 19 5 18 2 19 0 21
CSI_META: ts=3149663308 rssi=-32 noise_floor=-98 channel=6 secondary_channel=0 sig_mode=0 mcs=0 rate=9 cwb=0 sgi=0 stbc=0 ant=0 len=128 rx_state=0 seq=-1 tx_mac=52:40:27:94:0a:bb
CSI_DATA: 28 -64 1 0 -14 -14 -12 -17 -9 -20 -10 -22 -11 -23 -12 -25 -14 -25 -15 -24 -17 -22 -17 -20 -17 -18 -16 -16 -14 -14 -11 -12 -8 -11 -5 -10 -2 -9 0 -10 2 -10 4 -11 5 -12 6 -12 7 -12 8 -12 8 -11 0 0 0 0 0 0 0 0 0 0 0 0 0 0 0 0 0 0 0 0 0 0 -11 6 -13 5 -15 5 -15 4 -16 4 -16 4 -16 4 -16 4 -16 3 -15 1 -14 -1 -13 -3 -13 -6 -12 -9 -13 -12 -14 -15 -16 -18 -19 -19 -22 -19 -25 -19 -27 -18 -29 -17 -29 -15 -29 -13 -28 -11 -24 -11
CSI_META: ts=3149996524 rssi=-32 noise_floor=-98 channel=6 secondary_channel=0 sig_mode=0 mcs=0 rate=9 cwb=0 sgi=0 stbc=0 ant=0 len=128 rx_state=0 seq=-1 tx_mac=52:40:27:94:0a:bb
CSI_DATA: 28 -64 1 0 -9 -12 -8 -13 -7 -15 -7 -16 -8 -16 -9 -16 -10 -16 -11 -15 -11 -13 -11 -12 -11 -10 -10 -9 -9 -8 -7 -7 -5 -7 -4 -7 -2 -7 -1 -7 0 -8 1 -8 1 -9 2 -9 2 -9 3 -9 3 -8 0 0 0 0 0 0 0 0 0 0 0 0 0 0 0 0 0 0 0 0 0 0 -8 1 -9 1 -10 0 -10 0 -10 -1 -11 -1 -10 -1 -10 -2 -10 -2 -9 -3 -9 -4 -8 -5 -7 -7 -7 -8 -8 -10 -8 -12 -9 -13 -11 -14 -13 -14 -14 -14 -16 -13 -16 -12 -16 -12 -16 -11 -16 -10 -14 -10
CSI_META: ts=3149996651 rssi=-32 noise_floor=-98 channel=6 secondary_channel=0 sig_mode=0 mcs=0 rate=9 cwb=0 sgi=0 stbc=0 ant=0 len=128 rx_state=0 seq=-1 tx_mac=52:40:27:94:0a:bb
CSI_DATA: 28 -64 1 0 1 11 0 12 -1 13 -1 14 -1 14 0 15 1 15 2 15 3 14 3 14 3 12 3 11 3 9 3 8 1 7 0 6 -1 6 -2 5 -3 5 -4 5 -5 5 -5 5 -6 5 -6 5 -7 4 0 0 0 0 0 0 0 0 0 0 0 0 0 0 0 0 0 0 0 0 0 0 7 2 7 3 7 3 7 4 7 4 7 4 7 4 6 5 6 5 4 5 4 6 3 7 2 8 1 10 1 11 0 12 1 14 2 15 3 16 5 16 5 16 7 16 7 15 7 14 6 13 6 13
CSI_META: ts=3150002775 rssi=-32 noise_floor=-98 channel=6 secondary_channel=0 sig_mode=0 mcs=0 rate=9 cwb=0 sgi=0 stbc=0 ant=0 len=128 rx_state=0 seq=-1 tx_mac=52:40:27:94:0a:bb
CSI_DATA: 28 -64 1 0 7 11 6 12 5 14 6 14 6 15 7 15 8 15 9 14 10 13 10 12 10 10 9 9 7 8 6 7 4 6 3 6 1 6 0 6 -1 6 -2 7 -2 7 -3 8 -3 8 -4 8 -5 7 0 0 0 0 0 0 0 0 0 0 0 0 0 0 0 0 0 0 0 0 0 0 8 -2 8 -1 9 -1 9 0 9 0 9 1 9 1 9 1 9 2 8 3 7 4 6 5 6 7 6 8 6 10 6 12 7 13 9 14 10 14 13 14 13 13 15 12 15 12 15 11 13 10 12 10
CSI_META: ts=3150002947 rssi=-32 noise_floor=-98 channel=6 secondary_channel=0 sig_mode=0 mcs=0 rate=9 cwb=0 sgi=0 stbc=0 ant=0 len=128 rx_state=0 seq=-1 tx_mac=52:40:27:94:0a:bb
CSI_DATA: 28 -64 1 0 -18 -12 -17 -14 -16 -17 -18 -18 -19 -18 -21 -18 -21 -17 -22 -15 -22 -13 -22 -11 -20 -9 -18 -7 -15 -7 -13 -7 -10 -7 -8 -8 -6 -9 -4 -10 -3 -11 -2 -12 -2 -13 -1 -14 -1 -14 0 -14 1 -14 0 0 0 0 0 0 0 0 0 0 0 0 0 0 0 0 0 0 0 0 0 0 -10 6 -12 5 -13 5 -14 5 -14 5 -14 4 -14 4 -14 3 -14 2 -15 1 -14 -1 -14 -3 -14 -5 -14 -8 -16 -10 -17 -12 -19 -13 -22 -14 -24 -13 -27 -12 -28 -11 -29 -9 -28 -8 -28 -6 -26 -6 -24 -6
CSI_META: ts=3150697839 rssi=-32 noise_floor=-98 channel=6 secondary_channel=0 sig_mode=0 mcs=0 rate=9 cwb=0 sgi=0 stbc=0 ant=0 len=128 rx_state=0 seq=-1 tx_mac=52:40:27:94:0a:bb
CSI_DATA: 28 -64 1 0 11 -26 10 -22 10 -19 11 -15 13 -12 15 -11 17 -10 18 -12 19 -13 20 -14 19 -15 18 -16 17 -16 15 -16 14 -15 12 -13 10 -11 9 -9 8 -6 8 -4 8 -2 8 0 9 2 9 4 9 6 0 0 0 0 0 0 0 0 0 0 0 0 0 0 0 0 0 0 0 0 0 0 -4 -9 -2 -10 0 -12 1 -13 2 -15 3 -16 3 -17 3 -19 4 -19 3 -20 3 -20 3 -19 4 -18 5 -17 6 -15 8 -14 10 -13 13 -13 16 -14 20 -15 21 -18 23 -22 23 -25 22 -28 21 -31 19 -33
CSI_META: ts=3151203232 rssi=-31 noise_floor=-98 channel=6 secondary_channel=0 sig_mode=0 mcs=0 rate=9 cwb=0 sgi=0 stbc=0 ant=0 len=128 rx_state=0 seq=-1 tx_mac=52:40:27:94:0a:bb
CSI_DATA: 28 -64 1 0 -19 -20 -22 -21 -22 -21 -24 -19 -25 -17 -25 -14 -24 -12 -22 -9 -20 -8 -17 -7 -15 -7 -12 -7 -10 -8 -8 -10 -6 -11 -5 -12 -4 -13 -4 -14 -3 -14 -3 -14 -3 -14 -3 -14 -3 -14 -2 -13 0 -12 0 0 0 0 0 0 0 0 0 0 0 0 0 0 0 0 0 0 0 0 0 0 -9 10 -9 9 -10 9 -10 8 -10 6 -10 5 -10 3 -10 1 -11 -1 -12 -4 -13 -6 -15 -8 -17 -10 -19 -11 -21 -11 -23 -11 -24 -10 -26 -8 -26 -6 -25 -5 -24 -4 -22 -4 -20 -5 -19 -7 -18 -9 -17 -13
CSI_META: ts=3151203368 rssi=-31 noise_floor=-98 channel=6 secondary_channel=0 sig_mode=0 mcs=0 rate=9 cwb=0 sgi=0 stbc=0 ant=0 len=128 rx_state=0 seq=-1 tx_mac=52:40:27:94:0a:bb
CSI_DATA: 28 -64 1 0 15 -10 17 -13 15 -12 15 -15 13 -16 11 -16 9 -15 8 -13 6 -11 6 -10 6 -8 6 -6 7 -5 7 -2 9 -2 8 -1 10 -1 10 -1 9 -1 9 -1 9 -1 8 -1 8 0 7 1 6 1 0 0 0 0 0 0 0 0 0 0 0 0 0 0 0 0 0 0 0 0 0 0 -7 -7 -7 -8 -6 -8 -6 -9 -5 -7 -4 -8 -3 -7 -3 -7 0 -7 0 -8 3 -8 5 -9 6 -10 8 -12 8 -14 8 -14 9 -16 7 -16 6 -18 4 -17 3 -17 4 -15 3 -13 5 -12 7 -11 10 -11
CSI_META: ts=3151207121 rssi=-30 noise_floor=-98 channel=6 secondary_channel=0 sig_mode=0 mcs=0 rate=9 cwb=0 sgi=0 stbc=0 ant=0 len=128 rx_state=0 seq=-1 tx_mac=52:40:27:94:0a:bb
CSI_DATA: 28 -64 1 0 2 18 3 19 4 20 6 19 7 18 8 16 8 14 8 12 7 11 5 9 4 8 2 8 0 8 -1 8 -3 9 -4 9 -4 9 -4 9 -4 9 -4 9 -4 8 -3 8 -4 7 -4 6 -4 4 0 0 0 0 0 0 0 0 0 0 0 0 0 0 0 0 0 0 0 0 0 0 8 -2 9 -2 9 -1 9 -1 9 -1 8 0 7 1 7 1 6 3 5 4 5 6 4 8 5 10 5 11 6 13 7 14 9 14 10 14 12 13 12 12 12 11 11 10 9 10 7 10 6 11 4 13
CSI_META: ts=3151207275 rssi=-31 noise_floor=-98 channel=6 secondary_channel=0 sig_mode=0 mcs=0 rate=9 cwb=0 sgi=0 stbc=0 ant=0 len=128 rx_state=0 seq=-1 tx_mac=52:40:27:94:0a:bb
CSI_DATA: 28 -64 1 0 13 12 14 12 15 13 16 11 17 10 17 8 16 7 14 5 13 4 11 3 9 3 7 4 6 4 5 5 4 7 4 8 3 8 2 9 2 8 2 9 2 9 2 9 2 8 1 8 0 7 0 0 0 0 0 0 0 0 0 0 0 0 0 0 0 0 0 0 0 0 0 0 5 -8 6 -7 6 -7 6 -6 6 -5 6 -4 6 -3 6 -2 7 0 8 2 8 3 10 5 11 5 13 6 14 6 15 6 16 5 17 4 17 3 17 2 15 1 15 1 13 3 12 4 12 5 11 8
CSI_META: ts=3151207429 rssi=-31 noise_floor=-98 channel=6 secondary_channel=0 sig_mode=0 mcs=0 rate=9 cwb=0 sgi=0 stbc=0 ant=0 len=128 rx_state=0 seq=-1 tx_mac=52:40:27:94:0a:bb
CSI_DATA: 28 -64 1 0 18 4 19 4 20 3 20 2 20 0 19 -1 17 -2 15 -3 13 -3 11 -3 10 -1 9 0 7 1 7 3 7 4 7 6 7 6 7 7 6 6 7 7 6 7 6 6 5 6 4 6 3 6 0 0 0 0 0 0 0 0 0 0 0 0 0 0 0 0 0 0 0 0 0 0 0 -10 1 -10 2 -10 2 -9 2 -8 2 -7 3 -6 4 -5 5 -5 7 -4 8 -3 10 -2 12 -2 14 -2 15 -2 16 -3 16 -4 17 -6 16 -7 16 -7 14 -7 14 -7 12 -5 13 -4 13 -2 14 0
CSI_META: ts=3151539111 rssi=-31 noise_floor=-98 channel=6 secondary_channel=0 sig_mode=0 mcs=0 rate=9 cwb=0 sgi=0 stbc=0 ant=0 len=128 rx_state=0 seq=-1 tx_mac=52:40:27:94:0a:bb
CSI_DATA: 28 -64 1 0 -19 20 -19 22 -19 24 -16 25 -14 26 -12 25 -9 24 -7 22 -6 20 -5 17 -5 14 -6 11 -8 8 -9 7 -11 6 -12 4 -13 4 -14 4 -14 3 -14 3 -14 3 -14 3 -14 2 -13 1 -12 0 0 0 0 0 0 0 0 0 0 0 0 0 0 0 0 0 0 0 0 0 0 0 12 5 11 6 11 6 9 7 8 7 6 7 5 8 3 8 1 10 -2 11 -4 13 -6 15 -7 18 -8 20 -7 22 -7 24 -6 25 -3 27 -2 25 0 25 0 23 0 21 -1 20 -4 18 -8 16 -10 16
CSI_META: ts=3151672808 rssi=-32 noise_floor=-98 channel=6 secondary_channel=0 sig_mode=0 mcs=0 rate=9 cwb=0 sgi=0 stbc=0 ant=0 len=128 rx_state=0 seq=-1 tx_mac=52:40:27:94:0a:bb
CSI_DATA: 28 -64 1 0 -36 7 -34 10 -30 10 -26 11 -22 10 -19 9 -17 6 -15 4 -14 1 -14 -1 -16 -4 -17 -5 -18 -6 -19 -6 -19 -6 -20 -5 -18 -4 -17 -4 -15 -3 -14 -3 -13 -3 -11 -3 -9 -4 -7 -5 -5 -6 0 0 0 0 0 0 0 0 0 0 0 0 0 0 0 0 0 0 0 0 0 0 1 9 -1 9 -3 8 -5 6 -7 6 -10 6 -12 6 -14 6 -17 7 -19 8 -21 8 -22 10 -22 11 -21 11 -20 12 -19 12 -17 11 -16 9 -16 7 -16 5 -18 2 -20 0 -23 -2 -28 -3 -32 -2 -35 -1
CSI_META: ts=3151743907 rssi=-32 noise_floor=-98 channel=6 secondary_channel=0 sig_mode=0 mcs=0 rate=9 cwb=0 sgi=0 stbc=0 ant=0 len=128 rx_state=0 seq=-1 tx_mac=52:40:27:94:0a:bb
CSI_DATA: 28 -64 1 0 14 24 12 20 9 18 6 15 2 15 -1 15 -3 16 -4 18 -6 20 -6 21 -4 22 -3 22 -2 22 -1 21 0 20 0 17 0 15 -1 12 -2 9 -3 8 -4 6 -6 4 -8 3 -9 1 -11 0 0 0 0 0 0 0 0 0 0 0 0 0 0 0 0 0 0 0 0 0 0 0 7 0 8 2 8 4 9 6 10 8 11 10 12 10 13 12 14 12 15 13 15 13 15 12 13 11 12 11 9 11 7 12 4 13 2 15 1 18 0 22 1 25 3 29 4 32 7 34 10 35 13 34
CSI_META: ts=3151744052 rssi=-32 noise_floor=-98 channel=6 secondary_channel=0 sig_mode=0 mcs=0 rate=9 cwb=0 sgi=0 stbc=0 ant=0 len=128 rx_state=0 seq=-1 tx_mac=52:40:27:94:0a:bb
CSI_DATA: 28 -64 1 0 -19 18 -19 18 -14 13 -15 9 -15 6 -16 3 -18 1 -20 0 -20 1 -23 2 -24 3 -24 5 -24 6 -20 6 -21 7 -15 6 -15 5 -12 3 -10 1 -8 0 -8 -3 -6 -4 -6 -6 -6 -8 -5 -10 0 0 0 0 0 0 0 0 0 0 0 0 0 0 0 0 0 0 0 0 0 0 2 6 -1 8 -3 8 -5 11 -6 10 -9 13 -9 13 -10 16 -10 16 -9 17 -9 19 -9 18 -8 16 -8 14 -9 12 -9 9 -12 8 -14 5 -20 6 -22 5 -25 7 -28 8 -28 12 -31 16 -30 19 -31 23
CSI_META: ts=3151744170 rssi=-31 noise_floor=-98 channel=6 secondary_channel=0 sig_mode=0 mcs=0 rate=9 cwb=0 sgi=0 stbc=0 ant=0 len=128 rx_state=0 seq=-1 tx_mac=52:40:27:94:0a:bb
CSI_DATA: 28 -64 1 0 6 17 4 14 3 13 1 10 -2 10 -4 10 -6 10 -7 12 -7 13 -7 14 -6 15 -5 15 -4 14 -4 14 -3 12 -2 10 -3 8 -3 6 -4 4 -5 3 -5 1 -6 1 -7 0 -8 -1 -8 -2 0 0 0 0 0 0 0 0 0 0 0 0 0 0 0 0 0 0 0 0 0 0 5 -2 5 0 4 2 5 3 5 5 5 6 5 8 7 9 7 10 8 11 9 10 9 10 9 9 8 9 6 8 5 8 3 8 1 10 -1 11 -3 14 -3 16 -3 18 -2 22 1 23 3 24 5 24
CSI_META: ts=3151877946 rssi=-31 noise_floor=-98 channel=6 secondary_channel=0 sig_mode=0 mcs=0 rate=9 cwb=0 sgi=0 stbc=0 ant=0 len=128 rx_state=0 seq=-1 tx_mac=52:40:27:94:0a:bb
CSI_DATA: 28 -64 1 0 -14 12 -12 10 -10 8 -10 6 -11 4 -12 3 -12 2 -14 3 -15 3 -15 4 -15 5 -14 5 -13 6 -11 6 -10 6 -9 5 -7 3 -7 2 -6 0 -6 0 -6 -2 -6 -3 -6 -4 -6 -5 -6 -6 0 0 0 0 0 0 0 0 0 0 0 0 0 0 0 0 0 0 0 0 0 0 1 5 -1 5 -2 5 -4 5 -5 5 -6 5 -8 6 -8 7 -9 8 -10 9 -10 10 -10 10 -9 9 -9 9 -8 8 -8 6 -9 5 -10 4 -12 3 -14 3 -16 3 -18 5 -20 7 -21 8 -20 11 -19 13
CSI_META: ts=3151878254 rssi=-31 noise_floor=-98 channel=6 secondary_channel=0 sig_mode=0 mcs=0 rate=9 cwb=0 sgi=0 stbc=0 ant=0 len=128 rx_state=0 seq=-1 tx_mac=52:40:27:94:0a:bb
CSI_DATA: 28 -64 1 0 7 16 6 13 4 12 3 11 1 10 -1 11 -2 11 -2 12 -2 13 -2 14 -1 14 0 14 1 14 1 13 1 12 1 10 0 8 0 7 -1 6 -2 5 -3 4 -4 3 -5 3 -6 3 -7 2 0 0 0 0 0 0 0 0 0 0 0 0 0 0 0 0 0 0 0 0 0 0 5 0 4 2 4 3 4 5 4 6 5 7 5 8 6 9 6 10 7 10 7 11 7 10 6 9 6 9 5 8 3 9 2 9 1 10 0 11 -1 14 -1 16 0 18 1 20 3 21 5 22 7 22
CSI_META: ts=3151881783 rssi=-31 noise_floor=-98 channel=6 secondary_channel=0 sig_mode=0 mcs=0 rate=9 cwb=0 sgi=0 stbc=0 ant=0 len=128 rx_state=0 seq=-1 tx_mac=52:40:27:94:0a:bb
CSI_DATA: 28 -64 1 0 -12 14 -10 12 -9 10 -9 7 -9 6 -11 5 -11 4 -12 5 -13 5 -14 5 -14 6 -13 7 -12 7 -11 8 -10 7 -9 6 -8 5 -7 4 -6 2 -6 1 -6 -1 -6 -2 -6 -3 -6 -4 -6 -5 0 0 0 0 0 0 0 0 0 0 0 0 0 0 0 0 0 0 0 0 0 0 1 4 -1 5 -2 5 -4 6 -5 6 -5 7 -6 8 -7 9 -7 10 -7 10 -7 11 -7 11 -6 10 -7 10 -6 8 -7 7 -8 6 -10 5 -11 5 -13 5 -15 7 -17 8 -18 10 -18 12 -18 14 -16 16
CSI_META: ts=3152051532 rssi=-32 noise_floor=-98 channel=6 secondary_channel=0 sig_mode=0 mcs=0 rate=9 cwb=0 sgi=0 stbc=0 ant=0 len=128 rx_state=0 seq=-1 tx_mac=52:40:27:94:0a:bb
CSI_DATA: 28 -64 1 0 18 3 16 6 16 9 17 10 19 11 20 11 21 11 22 9 22 8 22 6 21 4 19 3 17 3 15 2 12 3 10 4 8 4 6 5 5 7 3 8 3 9 2 10 1 11 1 12 0 12 0 0 0 0 0 0 0 0 0 0 0 0 0 0 0 0 0 0 0 0 0 0 7 -9 9 -8 10 -9 11 -9 12 -9 11 -9 11 -8 12 -8 12 -8 12 -7 12 -5 12 -3 12 -1 13 2 14 4 16 6 18 7 22 7 24 7 27 6 28 4 30 1 29 0 29 -1 27 -3 25 -3
CSI_META: ts=3152247233 rssi=-31 noise_floor=-98 channel=6 secondary_channel=0 sig_mode=0 mcs=0 rate=9 cwb=0 sgi=0 stbc=0 ant=0 len=128 rx_state=0 seq=-1 tx_mac=52:40:27:94:0a:bb
CSI_DATA: 28 -64 1 0 17 0 17 3 18 6 20 8 22 8 24 7 25 6 24 4 24 2 22 0 20 -1 18 -1 15 -1 12 0 10 1 8 3 6 5 5 6 4 8 4 9 4 10 4 11 3 12 3 12 2 12 0 0 0 0 0 0 0 0 0 0 0 0 0 0 0 0 0 0 0 0 0 0 2 -10 4 -11 5 -12 6 -13 7 -13 8 -13 8 -13 8 -14 8 -13 8 -12 9 -10 9 -8 11 -5 12 -3 14 -2 16 0 19 1 23 0 25 -2 28 -4 29 -6 29 -8 28 -10 26 -11 24 -11 22 -9
CSI_META: ts=3153484705 rssi=-32 noise_floor=-98 channel=6 secondary_channel=0 sig_mode=0 mcs=0 rate=9 cwb=0 sgi=0 stbc=0 ant=0 len=128 rx_state=0 seq=-1 tx_mac=52:40:27:94:0a:bb
CSI_DATA: 28 -64 1 0 -11 24 -10 19 -11 16 -12 12 -14 10 -16 9 -19 8 -20 9 -21 11 -21 13 -21 13 -19 14 -18 14 -16 15 -14 14 -13 11 -11 9 -9 7 -9 4 -8 2 -8 0 -8 -3 -9 -4 -9 -6 -9 -8 0 0 0 0 0 0 0 0 0 0 0 0 0 0 0 0 0 0 0 0 0 0 4 8 2 10 0 11 -1 13 -1 14 -2 16 -2 17 -2 18 -2 19 -2 19 -2 19 -2 18 -3 16 -5 14 -7 13 -9 12 -12 12 -14 13 -18 13 -21 16 -22 18 -23 22 -23 26 -22 29 -20 30 -17 32
CSI_META: ts=3153743767 rssi=-31 noise_floor=-98 channel=6 secondary_channel=0 sig_mode=0 mcs=0 rate=9 cwb=0 sgi=0 stbc=0 ant=0 len=128 rx_state=0 seq=-1 tx_mac=52:40:27:94:0a:bb
CSI_DATA: 28 -64 1 0 -7 -17 -6 -15 -4 -14 -2 -12 0 -11 1 -12 2 -13 2 -14 2 -15 1 -16 1 -16 0 -15 -1 -15 -2 -14 -1 -13 -1 -10 -1 -9 0 -8 1 -6 2 -5 3 -5 4 -4 5 -4 6 -4 7 -3 0 0 0 0 0 0 0 0 0 0 0 0 0 0 0 0 0 0 0 0 0 0 -6 -2 -6 -4 -5 -5 -5 -6 -5 -8 -5 -9 -5 -10 -5 -11 -6 -11 -6 -12 -7 -12 -6 -12 -6 -11 -6 -11 -5 -10 -4 -11 -2 -10 -1 -12 1 -13 1 -15 1 -17 1 -19 0 -21 -2 -22 -4 -23 -6 -23
CSI_META: ts=3154726004 rssi=-32 noise_floor=-98 channel=6 secondary_channel=0 sig_mode=0 mcs=0 rate=9 cwb=0 sgi=0 stbc=0 ant=0 len=128 rx_state=0 seq=-1 tx_mac=52:40:27:94:0a:bb
CSI_DATA: 28 -64 1 0 18 7 17 10 16 13 17 15 19 17 20 17 22 17 22 15 24 13 23 11 22 9 20 7 18 6 15 6 13 6 10 6 7 7 5 8 3 8 1 10 1 11 -1 12 -2 13 -2 13 -4 13 0 0 0 0 0 0 0 0 0 0 0 0 0 0 0 0 0 0 0 0 0 0 8 -10 10 -10 11 -10 12 -10 13 -9 14 -9 13 -8 13 -8 13 -7 13 -6 13 -4 13 -1 13 2 14 4 16 7 18 9 20 10 23 11 26 10 29 9 31 7 32 5 31 4 31 2 30 1 27 1
CSI_META: ts=3155231990 rssi=-31 noise_floor=-98 channel=6 secondary_channel=0 sig_mode=0 mcs=0 rate=9 cwb=0 sgi=0 stbc=0 ant=0 len=128 rx_state=0 seq=-1 tx_mac=52:40:27:94:0a:bb
CSI_DATA: 28 -64 1 0 -12 -27 -13 -27 -15 -28 -17 -27 -19 -24 -20 -22 -19 -19 -18 -16 -16 -15 -13 -13 -11 -11 -9 -11 -6 -12 -4 -13 -2 -14 -1 -15 0 -15 0 -15 0 -15 1 -15 0 -15 1 -15 1 -13 2 -12 3 -11 0 0 0 0 0 0 0 0 0 0 0 0 0 0 0 0 0 0 0 0 0 0 -13 5 -13 4 -13 3 -13 3 -13 1 -12 0 -11 -1 -11 -3 -10 -5 -11 -8 -11 -11 -11 -13 -12 -16 -14 -17 -15 -18 -18 -19 -19 -19 -21 -18 -22 -16 -22 -14 -21 -13 -20 -12 -17 -13 -15 -14 -13 -16 -11 -19
CSI_META: ts=3155232162 rssi=-31 noise_floor=-98 channel=6 secondary_channel=0 sig_mode=0 mcs=0 rate=9 cwb=0 sgi=0 stbc=0 ant=0 len=128 rx_state=0 seq=-1 tx_mac=52:40:27:94:0a:bb
CSI_DATA: 28 -64 1 0 24 14 27 14 27 12 29 11 29 7 27 5 25 3 22 1 19 1 16 2 13 3 11 5 10 7 9 8 8 11 8 12 8 13 8 12 8 12 8 12 7 11 7 11 5 10 4 10 2 9 0 0 0 0 0 0 0 0 0 0 0 0 0 0 0 0 0 0 0 0 0 0 5 -12 7 -13 7 -12 8 -12 8 -10 8 -9 8 -8 9 -6 10 -4 11 -2 13 0 15 2 17 3 20 4 23 4 24 3 26 3 26 1 27 -2 26 -3 24 -4 22 -4 20 -2 19 1 19 4 20 8
CSI_META: ts=3155235688 rssi=-30 noise_floor=-98 channel=6 secondary_channel=0 sig_mode=0 mcs=0 rate=9 cwb=0 sgi=0 stbc=0 ant=0 len=128 rx_state=0 seq=-1 tx_mac=52:40:27:94:0a:bb
CSI_DATA: 28 -64 1 0 -10 14 -10 15 -9 17 -8 17 -6 17 -5 16 -3 15 -2 14 -2 12 -2 11 -2 8 -3 7 -4 6 -5 5 -6 5 -7 5 -8 4 -8 4 -8 4 -8 4 -8 4 -8 4 -8 3 -8 2 -7 1 0 0 0 0 0 0 0 0 0 0 0 0 0 0 0 0 0 0 0 0 0 0 7 3 7 4 6 4 5 4 5 4 4 5 3 5 2 5 1 6 -1 7 -2 8 -3 10 -4 11 -4 12 -4 13 -3 15 -3 16 -2 16 -1 16 0 15 1 14 1 13 -1 13 -2 12 -4 11 -6 12
CSI_META: ts=3155235824 rssi=-30 noise_floor=-98 channel=6 secondary_channel=0 sig_mode=0 mcs=0 rate=9 cwb=0 sgi=0 stbc=0 ant=0 len=128 rx_state=0 seq=-1 tx_mac=52:40:27:94:0a:bb
CSI_DATA: 28 -64 1 0 -5 -18 -6 -18 -7 -19 -8 -18 -9 -17 -10 -15 -10 -13 -9 -11 -8 -10 -7 -9 -5 -8 -4 -8 -2 -8 -1 -9 1 -9 1 -10 1 -10 2 -10 1 -10 1 -10 1 -9 1 -9 2 -8 2 -7 2 -6 0 0 0 0 0 0 0 0 0 0 0 0 0 0 0 0 0 0 0 0 0 0 -9 2 -9 1 -9 1 -9 0 -9 0 -8 -1 -8 -1 -7 -2 -7 -3 -6 -5 -6 -7 -6 -8 -6 -10 -7 -11 -8 -12 -9 -13 -11 -13 -12 -13 -13 -12 -13 -11 -13 -10 -12 -9 -10 -10 -9 -10 -7 -11 -6 -13
CSI_META: ts=3155235960 rssi=-30 noise_floor=-98 channel=6 secondary_channel=0 sig_mode=0 mcs=0 rate=9 cwb=0 sgi=0 stbc=0 ant=0 len=128 rx_state=0 seq=-1 tx_mac=52:40:27:94:0a:bb
CSI_DATA: 28 -64 1 0 14 9 16 9 16 8 17 7 17 6 17 4 16 3 14 1 13 1 11 0 9 1 8 2 7 2 6 4 5 5 5 6 4 7 4 7 4 7 4 7 4 7 4 7 3 7 2 7 1 7 0 0 0 0 0 0 0 0 0 0 0 0 0 0 0 0 0 0 0 0 0 0 3 -8 4 -8 4 -7 4 -6 4 -5 5 -4 5 -3 6 -2 7 -1 7 0 9 1 10 2 11 3 13 3 14 3 15 2 15 2 16 0 16 -1 15 -2 14 -2 13 -2 12 0 12 1 12 3 12 5
CSI_META: ts=3155328566 rssi=-31 noise_floor=-98 channel=6 secondary_channel=0 sig_mode=0 mcs=0 rate=9 cwb=0 sgi=0 stbc=0 ant=0 len=128 rx_state=0 seq=-1 tx_mac=52:40:27:94:0a:bb
CSI_DATA: 28 -64 1 0 14 9 13 11 11 14 11 17 12 19 14 19 15 19 16 19 17 17 18 15 17 13 16 12 15 10 12 8 10 8 7 7 4 7 1 7 0 8 -2 9 -4 9 -5 10 -6 11 -7 11 -8 10 0 0 0 0 0 0 0 0 0 0 0 0 0 0 0 0 0 0 0 0 0 0 8 -8 10 -8 11 -8 12 -8 12 -8 12 -8 12 -7 12 -7 12 -6 12 -5 11 -3 11 0 11 2 12 5 13 8 14 10 16 12 19 13 22 13 25 12 27 11 29 9 28 8 28 6 26 5 24 4
CSI_META: ts=3157282171 rssi=-31 noise_floor=-98 channel=6 secondary_channel=0 sig_mode=0 mcs=0 rate=9 cwb=0 sgi=0 stbc=0 ant=0 len=128 rx_state=0 seq=-1 tx_mac=52:40:27:94:0a:bb
CSI_DATA: 28 -64 1 0 10 15 8 13 6 12 4 10 2 10 0 10 -1 11 -2 13 -2 14 -2 14 -1 15 0 15 1 15 1 14 2 13 2 11 1 10 1 8 0 6 -1 5 -2 4 -4 4 -5 3 -6 2 -7 2 0 0 0 0 0 0 0 0 0 0 0 0 0 0 0 0 0 0 0 0 0 0 5 0 5 2 5 3 6 5 6 6 6 7 7 8 8 9 9 9 9 9 9 10 9 10 8 9 7 8 6 8 4 8 3 9 2 11 1 12 0 15 0 17 2 19 3 21 5 22 7 23 9 23
CSI_META: ts=3157613370 rssi=-31 noise_floor=-98 channel=6 secondary_channel=0 sig_mode=0 mcs=0 rate=9 cwb=0 sgi=0 stbc=0 ant=0 len=128 rx_state=0 seq=-1 tx_mac=52:40:27:94:0a:bb
CSI_DATA: 28 -64 1 0 16 -2 12 -1 10 2 8 4 7 6 7 8 7 10 7 11 9 12 10 12 11 11 11 10 11 9 11 8 9 7 8 6 6 5 4 4 2 3 0 3 -1 4 -3 4 -4 4 -6 5 -7 4 0 0 0 0 0 0 0 0 0 0 0 0 0 0 0 0 0 0 0 0 0 0 0 -5 2 -6 4 -6 5 -7 7 -7 8 -7 8 -8 9 -9 9 -9 10 -9 10 -9 9 -8 8 -7 8 -6 7 -4 8 -1 8 1 10 3 12 5 15 6 17 6 20 6 22 6 24 4 24 2 24 0
CSI_META: ts=3157613497 rssi=-31 noise_floor=-98 channel=6 secondary_channel=0 sig_mode=0 mcs=0 rate=9 cwb=0 sgi=0 stbc=0 ant=0 len=128 rx_state=0 seq=-1 tx_mac=52:40:27:94:0a:bb
CSI_DATA: 28 -64 1 0 -14 -8 -12 -8 -8 -8 -5 -9 -3 -9 -2 -11 -1 -13 -1 -15 -1 -16 -2 -17 -4 -17 -5 -16 -6 -16 -6 -13 -6 -12 -5 -10 -3 -8 -2 -6 -1 -5 1 -4 2 -4 3 -3 5 -3 6 -2 7 -2 0 0 0 0 0 0 0 0 0 0 0 0 0 0 0 0 0 0 0 0 0 0 -5 2 -6 2 -7 0 -9 0 -10 -1 -12 -1 -12 -1 -13 -1 -14 -1 -13 -1 -14 -1 -13 -1 -11 -1 -10 -2 -9 -3 -7 -5 -7 -8 -6 -10 -7 -12 -9 -15 -10 -17 -13 -18 -14 -18 -17 -18 -18 -17 -19 -16
CSI_META: ts=3157613615 rssi=-31 noise_floor=-98 channel=6 secondary_channel=0 sig_mode=0 mcs=0 rate=9 cwb=0 sgi=0 stbc=0 ant=0 len=128 rx_state=0 seq=-1 tx_mac=52:40:27:94:0a:bb
CSI_DATA: 28 -64 1 0 -17 -2 -14 -2 -10 -4 -9 -6 -7 -7 -7 -10 -6 -12 -8 -13 -8 -14 -9 -15 -10 -14 -11 -13 -11 -12 -11 -10 -10 -9 -8 -7 -6 -6 -5 -5 -3 -5 -1 -4 0 -5 2 -5 4 -5 5 -5 6 -5 0 0 0 0 0 0 0 0 0 0 0 0 0 0 0 0 0 0 0 0 0 0 -3 4 -5 4 -6 3 -8 4 -9 3 -11 4 -11 4 -12 5 -12 5 -13 5 -13 5 -12 4 -11 4 -10 2 -9 1 -8 -2 -9 -4 -9 -6 -12 -8 -14 -9 -16 -10 -19 -10 -20 -10 -23 -10 -24 -8 -24 -7
CSI_META: ts=3157617225 rssi=-31 noise_floor=-98 channel=6 secondary_channel=0 sig_mode=0 mcs=0 rate=9 cwb=0 sgi=0 stbc=0 ant=0 len=128 rx_state=0 seq=-1 tx_mac=52:40:27:94:0a:bb
CSI_DATA: 28 -64 1 0 -16 3 -13 2 -10 -1 -9 -3 -8 -5 -8 -8 -9 -10 -10 -11 -11 -11 -12 -11 -13 -11 -14 -10 -13 -8 -12 -7 -11 -6 -9 -5 -7 -4 -5 -4 -3 -4 -2 -4 0 -5 1 -5 3 -6 4 -6 5 -6 0 0 0 0 0 0 0 0 0 0 0 0 0 0 0 0 0 0 0 0 0 0 0 4 -2 5 -3 5 -5 6 -6 7 -7 8 -8 8 -8 9 -8 10 -9 10 -8 10 -8 9 -8 8 -7 6 -7 4 -8 1 -9 -1 -11 -2 -13 -3 -16 -4 -19 -4 -21 -3 -23 -2 -24 -1 -24 1 -23 3
CSI_META: ts=3157617370 rssi=-31 noise_floor=-98 channel=6 secondary_channel=0 sig_mode=0 mcs=0 rate=9 cwb=0 sgi=0 stbc=0 ant=0 len=128 rx_state=0 seq=-1 tx_mac=52:40:27:94:0a:bb
CSI_DATA: 28 -64 1 0 -24 -13 -19 -11 -12 -12 -8 -13 -4 -15 -2 -18 0 -21 -1 -24 -1 -26 -3 -27 -5 -27 -7 -26 -7 -24 -8 -22 -7 -19 -6 -16 -4 -13 -2 -10 0 -8 2 -6 4 -5 7 -4 9 -3 11 -2 12 -1 0 0 0 0 0 0 0 0 0 0 0 0 0 0 0 0 0 0 0 0 0 0 -6 5 -8 4 -11 3 -13 3 -15 2 -18 2 -19 2 -20 2 -22 3 -22 3 -22 3 -20 2 -18 1 -16 0 -13 -3 -12 -7 -11 -10 -11 -14 -12 -19 -14 -22 -18 -25 -21 -27 -25 -27 -29 -27 -31 -25 -31 -23
CSI_META: ts=3157617533 rssi=-31 noise_floor=-98 channel=6 secondary_channel=0 sig_mode=0 mcs=0 rate=9 cwb=0 sgi=0 stbc=0 ant=0 len=128 rx_state=0 seq=-1 tx_mac=52:40:27:94:0a:bb
CSI_DATA: 28 -64 1 0 2 15 1 12 -1 10 -3 7 -6 6 -8 6 -10 6 -12 6 -13 8 -13 9 -13 9 -12 10 -11 10 -10 10 -9 10 -8 8 -7 6 -6 5 -5 3 -5 1 -4 0 -4 -2 -4 -4 -4 -5 -3 -7 0 0 0 0 0 0 0 0 0 0 0 0 0 0 0 0 0 0 0 0 0 0 5 0 6 1 7 3 8 4 8 5 9 5 9 6 10 6 10 6 9 6 9 6 8 6 6 6 4 6 2 6 0 7 -2 9 -4 11 -5 13 -5 16 -6 18 -4 21 -4 23 -2 24 0 24 2 23
CSI_META: ts=3157785630 rssi=-31 noise_floor=-98 channel=6 secondary_channel=0 sig_mode=0 mcs=0 rate=9 cwb=0 sgi=0 stbc=0 ant=0 len=128 rx_state=0 seq=-1 tx_mac=52:40:27:94:0a:bb
CSI_DATA: 28 -64 1 0 6 -12 7 -11 10 -12 10 -12 11 -13 11 -14 10 -14 9 -15 8 -16 6 -15 5 -14 4 -12 4 -11 3 -9 4 -8 4 -6 5 -4 5 -3 6 -2 7 -1 7 -1 8 -1 8 0 8 0 8 1 0 0 0 0 0 0 0 0 0 0 0 0 0 0 0 0 0 0 0 0 0 0 -6 -6 -6 -8 -6 -9 -5 -9 -6 -9 -5 -9 -5 -9 -4 -9 -4 -10 -3 -9 -1 -9 0 -9 2 -9 3 -10 5 -11 6 -13 7 -14 7 -16 7 -17 6 -19 5 -19 3 -20 3 -20 2 -19 1 -18 2 -17
CSI_META: ts=3158502307 rssi=-30 noise_floor=-98 channel=6 secondary_channel=0 sig_mode=0 mcs=0 rate=9 cwb=0 sgi=0 stbc=0 ant=0 len=128 rx_state=0 seq=-1 tx_mac=52:40:27:94:0a:bb
CSI_DATA: 28 -64 1 0 8 20 8 18 9 17 9 15 9 14 9 12 8 11 7 11 6 11 6 10 5 10 5 10 5 10 5 11 4 10 4 10 4 10 4 9 3 8 2 8 2 7 1 7 0 6 -1 6 -2 6 0 0 0 0 0 0 0 0 0 0 0 0 0 0 0 0 0 0 0 0 0 0 7 3 6 4 5 4 5 5 4 6 4 6 3 7 3 8 3 10 3 11 3 13 3 13 3 13 4 14 4 14 5 14 5 14 5 14 5 13 5 14 4 14 4 15 4 17 4 17 5 19 6 20
CSI_META: ts=3158502434 rssi=-30 noise_floor=-98 channel=6 secondary_channel=0 sig_mode=0 mcs=0 rate=9 cwb=0 sgi=0 stbc=0 ant=0 len=128 rx_state=0 seq=-1 tx_mac=52:40:27:94:0a:bb
CSI_DATA: 28 -64 1 0 8 -20 7 -20 6 -19 5 -19 4 -17 3 -15 3 -14 3 -14 3 -13 3 -13 3 -12 4 -12 4 -12 4 -12 4 -12 4 -11 4 -11 3 -10 3 -9 3 -8 3 -8 3 -7 4 -6 4 -5 5 -4 0 0 0 0 0 0 0 0 0 0 0 0 0 0 0 0 0 0 0 0 0 0 -2 -8 -1 -9 0 -8 1 -8 1 -8 3 -9 3 -8 4 -9 6 -9 6 -10 7 -11 8 -12 8 -12 8 -13 8 -14 7 -13 7 -14 7 -13 7 -14 7 -13 7 -14 8 -14 8 -14 10 -16 10 -17 11 -19
CSI_META: ts=3158502579 rssi=-30 noise_floor=-98 channel=6 secondary_channel=0 sig_mode=0 mcs=0 rate=9 cwb=0 sgi=0 stbc=0 ant=0 len=128 rx_state=0 seq=-1 tx_mac=52:40:27:94:0a:bb
CSI_DATA: 28 -64 1 0 21 3 20 2 19 1 17 0 16 0 15 -1 14 0 12 -1 13 0 12 1 12 1 12 2 12 2 12 1 12 1 12 1 10 1 9 0 8 0 7 1 7 1 6 2 5 3 5 4 4 5 0 0 0 0 0 0 0 0 0 0 0 0 0 0 0 0 0 0 0 0 0 0 7 -4 7 -3 7 -3 7 -2 7 -1 8 0 8 1 8 2 9 2 10 4 11 5 11 6 12 6 13 6 14 5 14 4 14 4 15 3 14 4 15 3 15 4 15 4 15 5 16 6 18 7 20 7
CSI_META: ts=3158818160 rssi=-31 noise_floor=-98 channel=6 secondary_channel=0 sig_mode=0 mcs=0 rate=9 cwb=0 sgi=0 stbc=0 ant=0 len=128 rx_state=0 seq=-1 tx_mac=52:40:27:94:0a:bb
CSI_DATA: 28 -64 1 0 15 -20 13 -20 10 -19 8 -16 6 -14 5 -11 5 -9 5 -6 6 -3 8 -2 9 -1 11 0 12 0 13 0 14 -1 13 -1 13 -1 11 -1 10 -1 9 -1 7 -1 6 0 4 1 3 2 2 3 0 0 0 0 0 0 0 0 0 0 0 0 0 0 0 0 0 0 0 0 0 0 -7 1 -6 -1 -5 -2 -4 -4 -3 -5 -2 -7 -1 -8 0 -10 0 -12 1 -14 0 -16 0 -17 -1 -17 -1 -17 -2 -16 -2 -15 -2 -14 -1 -12 0 -10 3 -9 5 -8 8 -8 11 -9 14 -10 17 -13 18 -16
CSI_META: ts=3158818278 rssi=-31 noise_floor=-98 channel=6 secondary_channel=0 sig_mode=0 mcs=0 rate=9 cwb=0 sgi=0 stbc=0 ant=0 len=128 rx_state=0 seq=-1 tx_mac=52:40:27:94:0a:bb
CSI_DATA: 28 -64 1 0 24 2 23 0 21 -2 17 -3 15 -3 12 -2 9 -1 8 1 6 3 5 5 5 7 6 9 6 10 7 11 8 11 8 10 8 10 8 9 6 8 6 7 5 6 4 5 2 4 0 4 -2 3 0 0 0 0 0 0 0 0 0 0 0 0 0 0 0 0 0 0 0 0 0 0 -4 -6 -3 -6 -1 -6 1 -5 3 -5 5 -5 6 -4 8 -6 10 -6 12 -7 13 -8 14 -9 13 -9 13 -10 12 -10 11 -9 9 -9 9 -7 8 -5 8 -2 9 0 11 3 13 5 16 6 19 7 23 7
CSI_META: ts=3158818441 rssi=-31 noise_floor=-98 channel=6 secondary_channel=0 sig_mode=0 mcs=0 rate=9 cwb=0 sgi=0 stbc=0 ant=0 len=128 rx_state=0 seq=-1 tx_mac=52:40:27:94:0a:bb
CSI_DATA: 28 -64 1 0 12 23 10 18 12 18 10 13 10 11 7 9 5 8 3 7 -1 7 -4 7 -5 8 -6 9 -7 10 -7 13 -6 11 -6 13 -5 11 -4 10 -3 9 -4 8 -3 6 -4 5 -4 3 -4 1 -4 -1 0 0 0 0 0 0 0 0 0 0 0 0 0 0 0 0 0 0 0 0 0 0 2 -7 3 -5 3 -5 3 -2 5 -1 5 0 7 2 7 4 10 4 12 7 12 8 13 8 14 8 14 7 13 6 15 4 11 3 11 4 8 3 6 6 4 7 4 10 1 15 1 18 2 21 4 22
CSI_META: ts=3158822111 rssi=-31 noise_floor=-98 channel=6 secondary_channel=0 sig_mode=0 mcs=0 rate=9 cwb=0 sgi=0 stbc=0 ant=0 len=128 rx_state=0 seq=-1 tx_mac=52:40:27:94:0a:bb
CSI_DATA: 28 -64 1 0 15 -20 12 -20 10 -19 7 -16 6 -14 5 -11 5 -8 5 -6 7 -3 8 -2 10 -1 11 -1 13 -1 14 -1 14 -2 13 -2 12 -2 11 -2 9 -2 8 -2 6 -1 5 0 3 1 2 2 1 3 0 0 0 0 0 0 0 0 0 0 0 0 0 0 0 0 0 0 0 0 0 0 -8 0 -8 -1 -6 -2 -5 -3 -3 -4 -2 -6 -1 -7 0 -9 1 -11 1 -14 1 -15 1 -17 0 -17 0 -17 -1 -17 -2 -16 -2 -14 -2 -13 0 -11 2 -9 4 -8 8 -8 11 -9 14 -11 16 -13 18 -16
CSI_META: ts=3158822256 rssi=-31 noise_floor=-98 channel=6 secondary_channel=0 sig_mode=0 mcs=0 rate=9 cwb=0 sgi=0 stbc=0 ant=0 len=128 rx_state=0 seq=-1 tx_mac=52:40:27:94:0a:bb
CSI_DATA: 28 -64 1 0 24 -6 22 -7 20 -8 17 -8 14 -7 11 -6 9 -4 8 -2 7 1 7 3 7 5 8 7 8 8 9 8 10 8 10 8 10 7 9 7 8 5 7 5 6 4 5 4 3 4 1 3 0 3 0 0 0 0 0 0 0 0 0 0 0 0 0 0 0 0 0 0 0 0 0 0 -6 -4 -4 -5 -2 -5 -1 -5 1 -6 3 -6 4 -7 6 -8 8 -9 9 -11 10 -12 10 -12 10 -13 9 -14 8 -13 7 -13 6 -11 6 -10 6 -8 8 -5 9 -3 11 -1 14 1 17 1 21 1 23 0
CSI_META: ts=3158822410 rssi=-31 noise_floor=-98 channel=6 secondary_channel=0 sig_mode=0 mcs=0 rate=9 cwb=0 sgi=0 stbc=0 ant=0 len=128 rx_state=0 seq=-1 tx_mac=52:40:27:94:0a:bb
CSI_DATA: 28 -64 1 0 19 -16 17 -17 14 -16 11 -14 8 -12 7 -10 6 -6 7 -4 7 -2 9 0 10 2 11 2 12 3 13 2 14 2 13 2 12 1 11 0 9 0 8 0 6 0 5 1 3 2 1 3 0 4 0 0 0 0 0 0 0 0 0 0 0 0 0 0 0 0 0 0 0 0 0 0 -8 -1 -7 -2 -6 -3 -4 -4 -3 -5 -1 -6 0 -7 1 -9 3 -11 4 -13 4 -14 4 -16 4 -17 3 -17 2 -17 1 -16 1 -15 1 -13 2 -11 4 -9 6 -7 9 -6 12 -6 16 -7 19 -8 21 -11
CSI_META: ts=3158926051 rssi=-32 noise_floor=-98 channel=6 secondary_channel=0 sig_mode=0 mcs=0 rate=9 cwb=0 sgi=0 stbc=0 ant=0 len=128 rx_state=0 seq=-1 tx_mac=52:40:27:94:0a:bb
CSI_DATA: 28 -64 1 0 -18 -5 -16 -8 -15 -12 -15 -15 -17 -17 -18 -18 -20 -19 -21 -18 -22 -16 -23 -14 -22 -12 -21 -10 -19 -9 -16 -8 -13 -7 -10 -7 -7 -7 -4 -8 -1 -8 0 -10 2 -11 4 -11 4 -12 6 -12 7 -12 0 0 0 0 0 0 0 0 0 0 0 0 0 0 0 0 0 0 0 0 0 0 -5 11 -6 11 -8 12 -9 13 -10 13 -10 13 -10 12 -10 13 -10 11 -11 10 -11 8 -11 5 -12 2 -13 -1 -16 -3 -18 -6 -21 -7 -24 -7 -28 -7 -31 -6 -33 -4 -33 -1 -34 1 -32 3 -30 4 -27 3
CSI_META: ts=3159014320 rssi=-30 noise_floor=-98 channel=6 secondary_channel=0 sig_mode=0 mcs=0 rate=9 cwb=0 sgi=0 stbc=0 ant=0 len=128 rx_state=0 seq=-1 tx_mac=52:40:27:94:0a:bb
CSI_DATA: 28 -64 1 0 -20 -2 -17 -2 -15 -2 -13 -3 -12 -3 -12 -4 -11 -6 -12 -6 -13 -7 -13 -7 -14 -6 -14 -6 -14 -5 -14 -4 -13 -4 -12 -3 -10 -3 -9 -3 -7 -3 -7 -3 -6 -4 -5 -4 -4 -5 -3 -6 -2 -7 0 0 0 0 0 0 0 0 0 0 0 0 0 0 0 0 0 0 0 0 0 0 -6 2 -7 1 -8 0 -8 -1 -10 -1 -10 -2 -11 -2 -12 -2 -12 -2 -13 -2 -13 -2 -13 -2 -13 -2 -12 -2 -11 -3 -11 -4 -10 -5 -11 -7 -12 -7 -13 -9 -15 -10 -17 -10 -18 -10 -20 -9 -22 -8 -22 -7
CSI_META: ts=3159014428 rssi=-30 noise_floor=-98 channel=6 secondary_channel=0 sig_mode=0 mcs=0 rate=9 cwb=0 sgi=0 stbc=0 ant=0 len=128 rx_state=0 seq=-1 tx_mac=52:40:27:94:0a:bb
CSI_DATA: 28 -64 1 0 -16 -12 -14 -10 -11 -10 -10 -9 -8 -10 -7 -11 -7 -12 -7 -13 -8 -13 -9 -13 -9 -12 -10 -12 -10 -11 -10 -10 -9 -9 -8 -8 -6 -7 -5 -6 -4 -6 -2 -6 -2 -7 -1 -7 0 -7 1 -8 2 -8 0 0 0 0 0 0 0 0 0 0 0 0 0 0 0 0 0 0 0 0 0 0 -7 0 -7 -1 -6 -3 -6 -4 -7 -5 -7 -6 -7 -7 -8 -8 -9 -9 -10 -10 -11 -10 -11 -10 -11 -9 -10 -9 -9 -8 -9 -9 -8 -9 -7 -11 -6 -12 -6 -13 -7 -15 -9 -17 -10 -18 -12 -18 -14 -18 -16 -18
CSI_META: ts=3159014546 rssi=-30 noise_floor=-98 channel=6 secondary_channel=0 sig_mode=0 mcs=0 rate=9 cwb=0 sgi=0 stbc=0 ant=0 len=128 rx_state=0 seq=-1 tx_mac=52:40:27:94:0a:bb
CSI_DATA: 28 -64 1 0 -19 3 -17 3 -15 1 -14 1 -13 0 -13 -2 -13 -3 -13 -3 -14 -4 -14 -4 -15 -3 -15 -2 -15 -2 -14 -1 -13 -1 -12 0 -10 0 -9 -1 -7 -1 -7 -2 -6 -3 -5 -4 -5 -5 -4 -6 -3 -7 0 0 0 0 0 0 0 0 0 0 0 0 0 0 0 0 0 0 0 0 0 0 -5 4 -6 3 -7 2 -8 2 -9 1 -10 1 -11 1 -12 1 -12 2 -13 2 -14 2 -13 2 -13 1 -12 1 -12 0 -11 0 -11 -2 -12 -3 -13 -4 -15 -5 -17 -5 -19 -5 -20 -5 -23 -4 -23 -2 -23 0
CSI_META: ts=3159263680 rssi=-32 noise_floor=-98 channel=6 secondary_channel=0 sig_mode=0 mcs=0 rate=9 cwb=0 sgi=0 stbc=0 ant=0 len=128 rx_state=0 seq=-1 tx_mac=52:40:27:94:0a:bb
CSI_DATA: 28 -64 1 0 20 -1 21 2 23 4 24 4 26 4 27 2 28 1 26 -2 26 -3 24 -4 22 -5 19 -5 16 -4 14 -4 12 -1 10 1 8 3 7 5 7 6 6 8 6 9 6 11 6 11 6 12 5 12 0 0 0 0 0 0 0 0 0 0 0 0 0 0 0 0 0 0 0 0 0 0 2 -14 3 -14 4 -15 5 -15 6 -15 6 -14 6 -13 7 -13 7 -12 9 -10 10 -8 12 -6 14 -5 16 -3 18 -3 21 -3 23 -3 26 -5 27 -7 28 -9 28 -11 27 -14 26 -13 25 -13 23 -12 21 -11
CSI_META: ts=3159263816 rssi=-31 noise_floor=-98 channel=6 secondary_channel=0 sig_mode=0 mcs=0 rate=9 cwb=0 sgi=0 stbc=0 ant=0 len=128 rx_state=0 seq=-1 tx_mac=52:40:27:94:0a:bb
CSI_DATA: 28 -64 1 0 -10 7 -12 7 -13 7 -14 7 -14 8 -15 8 -14 10 -13 11 -12 11 -10 11 -9 10 -8 9 -7 8 -6 6 -6 4 -6 3 -6 1 -6 0 -7 -1 -7 -2 -8 -3 -8 -3 -8 -3 -8 -4 -8 -4 0 0 0 0 0 0 0 0 0 0 0 0 0 0 0 0 0 0 0 0 0 0 4 7 3 7 3 8 2 8 2 8 2 9 1 8 1 8 0 8 -1 8 -2 8 -4 7 -5 7 -7 7 -9 8 -10 9 -11 10 -11 12 -11 13 -11 14 -10 16 -9 16 -8 16 -7 15 -7 15 -6 13
CSI_META: ts=3159263961 rssi=-31 noise_floor=-98 channel=6 secondary_channel=0 sig_mode=0 mcs=0 rate=9 cwb=0 sgi=0 stbc=0 ant=0 len=128 rx_state=0 seq=-1 tx_mac=52:40:27:94:0a:bb
CSI_DATA: 28 -64 1 0 -13 -4 -13 -6 -13 -8 -15 -8 -16 -8 -17 -7 -17 -6 -16 -4 -16 -3 -14 -2 -13 -2 -11 -1 -10 -2 -8 -2 -6 -4 -5 -5 -4 -6 -4 -7 -3 -7 -3 -8 -3 -9 -3 -9 -3 -9 -3 -8 -2 -8 0 0 0 0 0 0 0 0 0 0 0 0 0 0 0 0 0 0 0 0 0 0 -3 6 -4 6 -6 6 -6 6 -7 6 -7 6 -7 7 -7 6 -8 6 -8 5 -8 4 -9 3 -9 1 -10 0 -11 -1 -12 -3 -14 -3 -16 -3 -18 -2 -19 -1 -20 1 -19 2 -19 2 -18 3 -17 3 -15 2
CSI_META: ts=3160287077 rssi=-31 noise_floor=-98 channel=6 secondary_channel=0 sig_mode=0 mcs=0 rate=9 cwb=0 sgi=0 stbc=0 ant=0 len=128 rx_state=0 seq=-1 tx_mac=52:40:27:94:0a:bb
CSI_DATA: 28 -64 1 0 35 -13 32 -15 28 -16 24 -15 20 -14 17 -12 15 -9 13 -6 13 -3 13 0 15 3 16 4 18 6 19 6 19 5 20 5 18 4 17 3 15 2 14 2 12 3 10 3 8 4 5 5 3 5 0 0 0 0 0 0 0 0 0 0 0 0 0 0 0 0 0 0 0 0 0 0 -6 -9 -4 -9 -2 -9 1 -9 3 -9 6 -9 8 -9 11 -10 13 -11 16 -13 17 -14 18 -16 18 -17 17 -18 16 -18 14 -18 13 -17 12 -15 12 -12 14 -9 15 -6 19 -4 22 -2 27 -2 32 -3 35 -5
CSI_META: ts=3160287231 rssi=-32 noise_floor=-98 channel=6 secondary_channel=0 sig_mode=0 mcs=0 rate=9 cwb=0 sgi=0 stbc=0 ant=0 len=128 rx_state=0 seq=-1 tx_mac=52:40:27:94:0a:bb
CSI_DATA: 28 -64 1 0 37 5 35 2 31 -1 27 -2 23 -2 19 -1 16 0 14 2 13 5 13 7 13 10 14 12 15 13 16 13 17 13 16 12 15 10 14 9 12 8 10 7 7 7 6 6 4 6 1 6 -1 7 0 0 0 0 0 0 0 0 0 0 0 0 0 0 0 0 0 0 0 0 0 0 -1 -13 0 -11 3 -10 4 -8 6 -6 7 -5 9 -3 12 -3 15 -1 19 -2 21 -3 23 -4 24 -5 24 -6 24 -7 23 -7 20 -8 19 -7 17 -5 16 -1 17 1 17 6 20 7 24 10 29 11 33 11
CSI_META: ts=3160678732 rssi=-31 noise_floor=-98 channel=6 secondary_channel=0 sig_mode=0 mcs=0 rate=9 cwb=0 sgi=0 stbc=0 ant=0 len=128 rx_state=0 seq=-1 tx_mac=52:40:27:94:0a:bb
CSI_DATA: 28 -64 1 0 -20 5 -22 2 -23 1 -25 1 -27 2 -28 4 -27 5 -26 8 -24 9 -21 9 -19 9 -16 7 -14 6 -12 3 -11 1 -10 -2 -10 -4 -10 -6 -9 -7 -10 -9 -10 -10 -10 -10 -10 -10 -9 -11 -8 -11 0 0 0 0 0 0 0 0 0 0 0 0 0 0 0 0 0 0 0 0 0 0 2 11 1 12 0 14 -1 14 -1 15 -1 15 -1 14 -2 14 -2 14 -4 12 -5 11 -7 10 -10 8 -13 8 -16 7 -19 8 -21 9 -23 11 -24 14 -25 16 -24 18 -22 20 -21 21 -19 20 -17 18 -16 15
CSI_META: ts=3161512465 rssi=-32 noise_floor=-98 channel=6 secondary_channel=0 sig_mode=0 mcs=0 rate=9 cwb=0 sgi=0 stbc=0 ant=0 len=128 rx_state=0 seq=-1 tx_mac=52:40:27:94:0a:bb
CSI_DATA: 28 -64 1 0 25 -19 24 -21 25 -24 22 -25 20 -26 17 -26 14 -25 11 -23 9 -21 8 -18 7 -14 8 -11 9 -7 11 -6 12 -4 14 -2 14 -1 15 -1 15 -1 15 -1 15 -1 15 -1 14 0 13 1 11 2 0 0 0 0 0 0 0 0 0 0 0 0 0 0 0 0 0 0 0 0 0 0 -14 -8 -12 -9 -12 -9 -10 -9 -8 -9 -6 -9 -4 -10 -2 -11 1 -12 4 -13 6 -15 8 -17 10 -20 11 -22 10 -24 10 -27 8 -28 6 -29 5 -28 3 -26 3 -24 3 -22 5 -20 8 -17 11 -16 15 -16
CSI_META: ts=3161800704 rssi=-30 noise_floor=-98 channel=6 secondary_channel=0 sig_mode=0 mcs=0 rate=9 cwb=0 sgi=0 stbc=0 ant=0 len=128 rx_state=0 seq=-1 tx_mac=52:40:27:94:0a:bb
CSI_DATA: 28 -64 1 0 13 3 12 4 12 5 12 6 13 6 14 6 14 5 14 5 14 4 14 2 13 1 12 1 10 1 9 1 7 1 7 3 5 3 4 4 3 4 3 5 3 6 3 7 2 7 2 7 1 7 0 0 0 0 0 0 0 0 0 0 0 0 0 0 0 0 0 0 0 0 0 0 5 -6 6 -5 7 -5 7 -5 8 -5 8 -5 8 -4 8 -4 8 -4 9 -4 8 -2 8 -1 9 0 9 2 10 3 11 4 12 4 14 5 15 4 17 4 17 3 18 2 18 1 18 0 17 -1 16 -1
CSI_META: ts=3164693485 rssi=-31 noise_floor=-98 channel=6 secondary_channel=0 sig_mode=0 mcs=0 rate=9 cwb=0 sgi=0 stbc=0 ant=0 len=128 rx_state=0 seq=-1 tx_mac=52:40:27:94:0a:bb
CSI_DATA: 28 -64 1 0 8 -20 10 -19 12 -20 13 -20 14 -21 13 -22 12 -23 10 -24 8 -24 6 -23 4 -21 4 -19 3 -17 3 -15 4 -13 5 -10 6 -8 8 -7 9 -6 10 -5 10 -5 11 -4 12 -4 12 -3 12 -2 0 0 0 0 0 0 0 0 0 0 0 0 0 0 0 0 0 0 0 0 0 0 -8 -10 -7 -12 -7 -13 -6 -14 -6 -14 -6 -15 -5 -15 -5 -15 -4 -15 -3 -15 -1 -15 1 -15 3 -15 6 -15 8 -16 9 -18 10 -20 11 -24 10 -25 9 -28 8 -29 6 -30 4 -30 3 -29 2 -27 3 -26
CSI_META: ts=3165048246 rssi=-32 noise_floor=-98 channel=6 secondary_channel=0 sig_mode=0 mcs=0 rate=9 cwb=0 sgi=0 stbc=0 ant=0 len=128 rx_state=0 seq=-1 tx_mac=52:40:27:94:0a:bb
CSI_DATA: 28 -64 1 0 27 -29 23 -29 18 -28 15 -25 11 -22 9 -18 9 -13 9 -9 10 -6 12 -3 14 0 17 1 19 1 21 1 21 0 21 0 19 -1 18 -1 16 -2 14 -1 11 -1 9 0 7 2 5 3 2 5 0 0 0 0 0 0 0 0 0 0 0 0 0 0 0 0 0 0 0 0 0 0 -13 0 -11 -2 -9 -3 -7 -5 -5 -6 -3 -9 -1 -11 1 -14 2 -17 4 -20 4 -23 3 -25 3 -26 2 -27 0 -26 -1 -25 -1 -23 -1 -20 1 -17 3 -14 7 -12 12 -12 17 -12 22 -14 26 -17 29 -21
CSI_META: ts=3165048391 rssi=-31 noise_floor=-98 channel=6 secondary_channel=0 sig_mode=0 mcs=0 rate=9 cwb=0 sgi=0 stbc=0 ant=0 len=128 rx_state=0 seq=-1 tx_mac=52:40:27:94:0a:bb
CSI_DATA: 28 -64 1 0 23 1 22 -1 20 -2 17 -3 15 -4 12 -3 10 -1 7 0 6 2 5 4 5 6 5 7 5 9 6 10 7 10 7 10 7 9 7 8 6 7 5 7 4 6 3 5 2 4 1 4 -1 3 0 0 0 0 0 0 0 0 0 0 0 0 0 0 0 0 0 0 0 0 0 0 -5 -5 -3 -5 -2 -5 0 -5 2 -5 3 -5 5 -5 7 -5 9 -6 11 -7 12 -8 12 -8 12 -9 12 -10 11 -10 10 -10 9 -9 8 -8 7 -6 7 -3 8 -1 10 1 12 4 15 5 18 6 20 6
CSI_META: ts=3165697866 rssi=-31 noise_floor=-98 channel=6 secondary_channel=0 sig_mode=0 mcs=0 rate=9 cwb=0 sgi=0 stbc=0 ant=0 len=128 rx_state=0 seq=-1 tx_mac=52:40:27:94:0a:bb
CSI_DATA: 28 -64 1 0 9 -34 6 -34 3 -32 1 -29 0 -26 0 -22 0 -20 1 -18 3 -16 5 -16 6 -16 7 -16 8 -16 9 -18 9 -18 8 -17 7 -17 7 -16 6 -14 6 -13 5 -12 5 -10 6 -8 6 -7 7 -5 0 0 0 0 0 0 0 0 0 0 0 0 0 0 0 0 0 0 0 0 0 0 -9 -8 -7 -9 -5 -9 -4 -10 -1 -10 0 -12 2 -13 3 -15 5 -17 6 -18 6 -21 6 -22 5 -23 4 -24 3 -24 2 -23 2 -22 2 -21 2 -20 4 -19 6 -18 9 -19 11 -21 13 -23 14 -26 15 -31
CSI_META: ts=3166039320 rssi=-31 noise_floor=-98 channel=6 secondary_channel=0 sig_mode=0 mcs=0 rate=9 cwb=0 sgi=0 stbc=0 ant=0 len=128 rx_state=0 seq=-1 tx_mac=52:40:27:94:0a:bb
CSI_DATA: 28 -64 1 0 -33 -18 -32 -14 -30 -12 -27 -9 -24 -7 -21 -6 -17 -7 -14 -8 -13 -11 -12 -13 -12 -15 -13 -15 -13 -16 -14 -18 -15 -17 -15 -15 -14 -14 -13 -12 -11 -10 -10 -10 -8 -9 -6 -8 -3 -8 -1 -8 2 -9 0 0 0 0 0 0 0 0 0 0 0 0 0 0 0 0 0 0 0 0 0 0 -8 9 -9 7 -9 6 -10 3 -10 1 -11 -1 -12 -3 -13 -5 -15 -7 -18 -9 -20 -10 -22 -10 -24 -9 -24 -8 -24 -7 -24 -6 -22 -5 -21 -5 -19 -5 -18 -7 -17 -10 -17 -13 -17 -17 -21 -20 -24 -22 -27 -23
CSI_META: ts=3168526121 rssi=-32 noise_floor=-98 channel=6 secondary_channel=0 sig_mode=0 mcs=0 rate=9 cwb=0 sgi=0 stbc=0 ant=0 len=128 rx_state=0 seq=-1 tx_mac=52:40:27:94:0a:bb
CSI_DATA: 28 -64 1 0 -20 30 -16 30 -13 29 -10 25 -7 23 -6 19 -6 15 -7 13 -9 10 -11 8 -13 7 -15 7 -17 7 -18 8 -18 9 -18 9 -17 9 -15 9 -14 8 -13 7 -11 6 -10 4 -9 2 -8 0 -7 -2 0 0 0 0 0 0 0 0 0 0 0 0 0 0 0 0 0 0 0 0 0 0 9 4 7 5 5 6 3 7 1 8 -1 9 -3 11 -4 13 -5 16 -7 18 -7 20 -7 21 -6 23 -5 23 -4 22 -3 21 -2 20 -3 18 -4 16 -6 14 -9 13 -13 14 -16 15 -20 17 -23 20 -24 24
CSI_META: ts=3168929116 rssi=-31 noise_floor=-98 channel=6 secondary_channel=0 sig_mode=0 mcs=0 rate=9 cwb=0 sgi=0 stbc=0 ant=0 len=128 rx_state=0 seq=-1 tx_mac=52:40:27:94:0a:bb
CSI_DATA: 28 -64 1 0 -24 25 -21 26 -18 25 -15 23 -12 21 -11 18 -10 15 -10 13 -11 11 -12 9 -14 8 -15 7 -16 8 -17 8 -18 9 -17 8 -16 8 -15 8 -14 7 -13 7 -12 5 -11 4 -10 3 -9 1 -9 -1 0 0 0 0 0 0 0 0 0 0 0 0 0 0 0 0 0 0 0 0 0 0 5 8 3 8 0 8 -2 8 -4 9 -5 9 -7 10 -9 11 -10 13 -12 15 -13 16 -13 18 -13 18 -13 19 -11 19 -11 18 -10 17 -10 16 -10 14 -12 13 -14 12 -17 12 -20 13 -23 14 -25 16 -27 20
CSI_META: ts=3169971099 rssi=-31 noise_floor=-98 channel=6 secondary_channel=0 sig_mode=0 mcs=0 rate=9 cwb=0 sgi=0 stbc=0 ant=0 len=128 rx_state=0 seq=-1 tx_mac=52:40:27:94:0a:bb
CSI_DATA: 28 -64 1 0 -16 7 -14 6 -12 4 -11 2 -11 0 -11 -1 -12 -2 -13 -3 -14 -3 -15 -3 -15 -2 -15 -1 -15 0 -14 1 -12 1 -11 1 -9 1 -8 0 -6 -1 -6 -2 -5 -3 -4 -4 -3 -5 -3 -6 -2 -7 0 0 0 0 0 0 0 0 0 0 0 0 0 0 0 0 0 0 0 0 0 0 -2 4 -3 4 -5 4 -6 4 -7 4 -8 5 -9 5 -9 6 -10 6 -11 6 -11 7 -10 6 -10 6 -9 5 -9 4 -9 2 -10 1 -11 0 -13 -1 -15 -1 -17 -1 -19 0 -20 1 -22 2 -22 4 -22 6
CSI_META: ts=3170187964 rssi=-31 noise_floor=-98 channel=6 secondary_channel=0 sig_mode=0 mcs=0 rate=9 cwb=0 sgi=0 stbc=0 ant=0 len=128 rx_state=0 seq=-1 tx_mac=52:40:27:94:0a:bb
CSI_DATA: 28 -64 1 0 -9 18 -11 16 -13 17 -15 16 -15 18 -15 19 -15 20 -13 22 -11 22 -9 21 -7 19 -6 17 -6 15 -6 13 -6 10 -7 8 -8 6 -9 4 -10 3 -11 3 -12 2 -13 2 -13 1 -13 1 -13 0 0 0 0 0 0 0 0 0 0 0 0 0 0 0 0 0 0 0 0 0 0 0 6 8 6 10 5 11 5 12 5 13 5 14 4 14 5 14 4 15 3 14 2 14 0 13 -2 13 -5 13 -7 14 -9 15 -11 18 -12 20 -12 22 -11 25 -10 27 -8 29 -6 29 -5 28 -4 27 -3 25
CSI_META: ts=3171553358 rssi=-32 noise_floor=-98 channel=6 secondary_channel=0 sig_mode=0 mcs=0 rate=9 cwb=0 sgi=0 stbc=0 ant=0 len=128 rx_state=0 seq=-1 tx_mac=52:40:27:94:0a:bb
CSI_DATA: 28 -64 1 0 -9 28 -8 30 -7 31 -4 31 -2 31 1 29 2 26 3 23 3 20 2 17 1 14 -2 12 -4 10 -6 10 -9 10 -11 9 -12 9 -13 9 -12 9 -13 9 -12 9 -12 9 -11 8 -11 6 -10 5 0 0 0 0 0 0 0 0 0 0 0 0 0 0 0 0 0 0 0 0 0 0 14 -1 14 0 13 0 13 1 11 2 10 3 8 4 7 6 5 9 4 11 3 14 2 17 2 20 2 22 4 24 5 25 7 27 9 26 10 24 11 23 10 21 10 19 7 19 4 18 0 18 -3 21
CSI_META: ts=3172042400 rssi=-30 noise_floor=-98 channel=6 secondary_channel=0 sig_mode=0 mcs=0 rate=9 cwb=0 sgi=0 stbc=0 ant=0 len=128 rx_state=0 seq=-1 tx_mac=52:40:27:94:0a:bb
CSI_DATA: 28 -64 1 0 -11 15 -10 13 -9 11 -9 9 -9 7 -10 6 -11 6 -12 6 -13 6 -13 7 -13 8 -13 8 -12 8 -11 9 -10 8 -9 7 -8 6 -7 5 -6 3 -6 2 -6 1 -6 -1 -6 -2 -7 -3 -7 -4 0 0 0 0 0 0 0 0 0 0 0 0 0 0 0 0 0 0 0 0 0 0 1 5 -1 6 -2 6 -3 6 -4 7 -5 8 -6 9 -7 9 -7 11 -7 11 -7 12 -7 12 -6 11 -7 10 -7 9 -7 8 -8 7 -10 6 -11 6 -14 7 -15 8 -17 10 -17 12 -18 14 -17 16 -16 18
CSI_META: ts=3172126185 rssi=-31 noise_floor=-98 channel=6 secondary_channel=0 sig_mode=0 mcs=0 rate=9 cwb=0 sgi=0 stbc=0 ant=0 len=128 rx_state=0 seq=-1 tx_mac=52:40:27:94:0a:bb
CSI_DATA: 28 -64 1 0 -13 1 -14 -1 -13 -2 -15 -3 -15 -3 -17 -3 -17 -2 -17 -1 -17 0 -16 1 -15 2 -14 2 -12 2 -11 1 -9 0 -8 -1 -7 -2 -6 -3 -5 -4 -5 -5 -5 -6 -4 -7 -4 -7 -4 -8 -4 -8 0 0 0 0 0 0 0 0 0 0 0 0 0 0 0 0 0 0 0 0 0 0 -3 7 -4 7 -5 8 -6 8 -6 8 -6 8 -6 8 -6 8 -6 7 -7 6 -7 5 -8 4 -9 3 -10 1 -11 0 -13 0 -15 0 -17 0 -18 1 -19 3 -19 4 -20 6 -19 7 -18 7 -17 8 -16 7
CSI_META: ts=3172258297 rssi=-31 noise_floor=-98 channel=6 secondary_channel=0 sig_mode=0 mcs=0 rate=9 cwb=0 sgi=0 stbc=0 ant=0 len=128 rx_state=0 seq=-1 tx_mac=52:40:27:94:0a:bb
CSI_DATA: 28 -64 1 0 -35 11 -32 13 -28 14 -25 14 -22 14 -20 13 -17 10 -16 9 -15 6 -16 4 -17 3 -18 2 -19 1 -19 1 -20 1 -20 1 -18 2 -17 2 -15 2 -15 2 -13 1 -12 0 -11 -1 -10 -3 -8 -4 0 0 0 0 0 0 0 0 0 0 0 0 0 0 0 0 0 0 0 0 0 0 -1 12 -3 11 -4 9 -6 8 -8 7 -9 6 -11 6 -14 5 -16 5 -19 5 -21 7 -22 8 -23 9 -23 10 -23 11 -22 11 -21 11 -19 11 -19 9 -19 8 -20 6 -21 4 -23 3 -27 3 -31 3 -33 5
CSI_META: ts=3172326319 rssi=-31 noise_floor=-98 channel=6 secondary_channel=0 sig_mode=0 mcs=0 rate=9 cwb=0 sgi=0 stbc=0 ant=0 len=128 rx_state=0 seq=-1 tx_mac=52:40:27:94:0a:bb
CSI_DATA: 28 -64 1 0 -29 9 -30 10 -30 12 -28 13 -27 16 -24 17 -22 17 -19 17 -17 15 -15 14 -14 11 -13 9 -13 7 -13 5 -14 3 -15 1 -15 0 -15 0 -15 0 -15 -1 -15 -1 -15 -1 -14 -2 -13 -3 -12 -4 0 0 0 0 0 0 0 0 0 0 0 0 0 0 0 0 0 0 0 0 0 0 2 15 0 15 -1 14 -2 13 -3 12 -3 12 -5 11 -6 10 -8 9 -11 9 -14 8 -16 8 -19 9 -21 10 -22 11 -24 14 -23 15 -23 18 -21 18 -20 19 -19 19 -18 18 -17 16 -18 14 -20 12 -21 11
CSI_META: ts=3172637352 rssi=-31 noise_floor=-98 channel=6 secondary_channel=0 sig_mode=0 mcs=0 rate=9 cwb=0 sgi=0 stbc=0 ant=0 len=128 rx_state=0 seq=-1 tx_mac=52:40:27:94:0a:bb
CSI_DATA: 28 -64 1 0 18 -2 19 -2 19 -3 19 -4 18 -6 17 -7 15 -7 13 -8 12 -7 10 -7 9 -5 8 -4 7 -2 7 -1 8 1 8 2 8 3 8 3 8 3 8 3 8 3 7 4 7 4 6 4 6 4 0 0 0 0 0 0 0 0 0 0 0 0 0 0 0 0 0 0 0 0 0 0 -2 -10 -1 -10 0 -9 0 -9 1 -8 2 -7 2 -7 4 -6 5 -5 7 -5 8 -4 10 -4 12 -5 13 -5 14 -6 14 -7 15 -8 14 -10 14 -10 13 -11 12 -10 11 -10 11 -8 12 -7 12 -5 14 -4
CSI_META: ts=3173760329 rssi=-31 noise_floor=-98 channel=6 secondary_channel=0 sig_mode=0 mcs=0 rate=9 cwb=0 sgi=0 stbc=0 ant=0 len=128 rx_state=0 seq=-1 tx_mac=52:40:27:94:0a:bb
CSI_DATA: 28 -64 1 0 12 4 11 6 11 8 12 8 13 9 14 8 15 8 15 7 15 6 15 4 14 3 13 2 11 2 9 2 8 3 6 3 4 4 3 4 3 5 2 6 2 7 1 8 1 8 0 8 0 8 0 0 0 0 0 0 0 0 0 0 0 0 0 0 0 0 0 0 0 0 0 0 5 -6 6 -6 7 -6 8 -6 8 -6 8 -5 8 -5 8 -5 8 -4 8 -3 8 -2 8 0 9 1 9 3 10 4 11 5 13 6 15 6 16 5 18 4 19 3 20 2 19 1 19 0 18 0 16 0
CSI_META: ts=3174012331 rssi=-31 noise_floor=-98 channel=6 secondary_channel=0 sig_mode=0 mcs=0 rate=9 cwb=0 sgi=0 stbc=0 ant=0 len=128 rx_state=0 seq=-1 tx_mac=52:40:27:94:0a:bb
CSI_DATA: 28 -64 1 0 28 13 29 12 31 12 31 9 31 7 30 5 27 3 24 0 22 0 19 0 16 1 14 2 12 4 11 6 10 9 10 10 10 11 9 12 9 12 9 12 9 12 8 12 8 11 6 11 4 11 0 0 0 0 0 0 0 0 0 0 0 0 0 0 0 0 0 0 0 0 0 0 6 -14 7 -13 8 -13 8 -11 8 -10 8 -8 9 -6 10 -4 12 -2 14 -1 16 2 18 4 21 4 23 4 25 4 26 3 27 1 28 0 27 -2 27 -3 25 -3 24 -3 22 -1 22 2 22 4 22 7
CSI_META: ts=3176926236 rssi=-30 noise_floor=-98 channel=6 secondary_channel=0 sig_mode=0 mcs=0 rate=9 cwb=0 sgi=0 stbc=0 ant=0 len=128 rx_state=0 seq=-1 tx_mac=52:40:27:94:0a:bb
CSI_DATA: 28 -64 1 0 3 -28 3 -28 5 -30 3 -29 1 -30 -1 -29 -2 -28 -4 -27 -5 -25 -5 -23 -5 -20 -4 -18 -3 -16 -1 -16 1 -15 2 -14 4 -13 5 -13 6 -13 6 -13 6 -12 7 -12 7 -12 8 -11 9 -10 0 0 0 0 0 0 0 0 0 0 0 0 0 0 0 0 0 0 0 0 0 0 -11 -9 -11 -11 -10 -11 -10 -12 -9 -12 -8 -12 -7 -12 -6 -13 -4 -14 -3 -15 -1 -16 1 -18 2 -19 3 -21 3 -23 3 -25 2 -27 0 -29 -1 -29 -3 -29 -4 -29 -5 -28 -5 -28 -4 -27 -3 -26 -1 -26
CSI_META: ts=3177133824 rssi=-31 noise_floor=-98 channel=6 secondary_channel=0 sig_mode=0 mcs=0 rate=9 cwb=0 sgi=0 stbc=0 ant=0 len=128 rx_state=0 seq=-1 tx_mac=52:40:27:94:0a:bb
CSI_DATA: 28 -64 1 0 23 -13 22 -12 21 -12 21 -11 20 -11 19 -11 19 -11 18 -12 18 -12 16 -12 16 -12 15 -12 14 -11 13 -10 13 -10 12 -8 11 -7 10 -6 10 -5 10 -4 10 -4 11 -3 11 -1 10 0 11 1 0 0 0 0 0 0 0 0 0 0 0 0 0 0 0 0 0 0 0 0 0 0 6 -9 7 -8 8 -8 10 -7 10 -7 11 -7 12 -6 13 -6 14 -6 15 -6 16 -6 16 -5 17 -5 17 -4 18 -4 18 -4 19 -4 20 -5 21 -5 23 -6 23 -7 24 -9 25 -9 26 -10 26 -11 26 -13
CSI_META: ts=3177343934 rssi=-30 noise_floor=-98 channel=6 secondary_channel=0 sig_mode=0 mcs=0 rate=9 cwb=0 sgi=0 stbc=0 ant=0 len=128 rx_state=0 seq=-1 tx_mac=52:40:27:94:0a:bb
CSI_DATA: 28 -64 1 0 -9 21 -7 20 -5 19 -3 16 -3 15 -2 12 -3 10 -4 9 -5 7 -7 7 -8 6 -9 6 -10 7 -10 7 -10 8 -10 8 -9 8 -9 7 -7 6 -7 6 -6 4 -6 3 -5 2 -5 1 -5 -1 0 0 0 0 0 0 0 0 0 0 0 0 0 0 0 0 0 0 0 0 0 0 6 1 5 2 3 3 2 4 1 5 0 6 -1 7 -1 9 -2 10 -3 12 -2 13 -2 14 -1 14 -1 15 0 14 0 14 0 12 0 11 -1 10 -3 10 -5 9 -7 10 -9 11 -11 13 -12 15 -12 19
CSI_META: ts=3177558213 rssi=-32 noise_floor=-98 channel=6 secondary_channel=0 sig_mode=0 mcs=0 rate=9 cwb=0 sgi=0 stbc=0 ant=0 len=128 rx_state=0 seq=-1 tx_mac=52:40:27:94:0a:bb
CSI_DATA: 28 -64 1 0 -24 14 -25 16 -26 19 -24 20 -22 21 -20 22 -17 21 -14 20 -12 18 -10 15 -9 11 -9 7 -10 4 -12 2 -13 0 -15 -2 -15 -2 -16 -3 -15 -3 -16 -3 -15 -3 -15 -3 -13 -3 -12 -4 -10 -5 0 0 0 0 0 0 0 0 0 0 0 0 0 0 0 0 0 0 0 0 0 0 13 6 12 7 12 8 11 8 10 8 9 8 7 8 5 8 3 9 0 10 -3 11 -6 13 -9 15 -10 18 -11 20 -11 23 -10 25 -8 27 -6 27 -5 27 -4 25 -2 23 -3 21 -5 18 -9 15 -12 14
CSI_META: ts=3177699426 rssi=-31 noise_floor=-98 channel=6 secondary_channel=0 sig_mode=0 mcs=0 rate=9 cwb=0 sgi=0 stbc=0 ant=0 len=128 rx_state=0 seq=-1 tx_mac=52:40:27:94:0a:bb
CSI_DATA: 28 -64 1 0 -20 -32 -20 -28 -21 -26 -20 -22 -18 -19 -17 -17 -13 -15 -11 -15 -9 -16 -7 -17 -7 -17 -6 -19 -6 -19 -6 -20 -7 -20 -7 -19 -7 -18 -7 -17 -6 -15 -6 -14 -5 -12 -3 -11 -2 -10 1 -9 3 -9 0 0 0 0 0 0 0 0 0 0 0 0 0 0 0 0 0 0 0 0 0 0 -12 0 -11 -2 -10 -4 -10 -6 -8 -8 -8 -9 -8 -12 -8 -14 -9 -16 -10 -18 -11 -20 -12 -21 -14 -21 -14 -21 -15 -19 -15 -19 -14 -18 -13 -17 -12 -17 -10 -18 -9 -19 -8 -22 -7 -26 -8 -29 -10 -31 -12 -35
CSI_META: ts=3178331991 rssi=-31 noise_floor=-98 channel=6 secondary_channel=0 sig_mode=0 mcs=0 rate=9 cwb=0 sgi=0 stbc=0 ant=0 len=128 rx_state=0 seq=-1 tx_mac=52:40:27:94:0a:bb
CSI_DATA: 28 -64 1 0 10 -30 8 -26 8 -22 8 -18 9 -14 11 -12 13 -11 15 -11 17 -12 18 -13 18 -14 18 -15 17 -16 15 -17 14 -16 12 -15 10 -13 9 -11 7 -8 7 -5 7 -3 7 -1 8 1 8 3 9 5 0 0 0 0 0 0 0 0 0 0 0 0 0 0 0 0 0 0 0 0 0 0 -6 -7 -4 -8 -2 -10 0 -11 2 -13 3 -14 3 -16 4 -18 4 -20 5 -21 4 -23 4 -22 3 -21 3 -20 3 -18 4 -16 6 -14 9 -14 12 -13 16 -15 18 -16 21 -20 23 -23 23 -27 22 -30 20 -34
CSI_META: ts=3179391906 rssi=-30 noise_floor=-98 channel=6 secondary_channel=0 sig_mode=0 mcs=0 rate=9 cwb=0 sgi=0 stbc=0 ant=0 len=128 rx_state=0 seq=-1 tx_mac=52:40:27:94:0a:bb
CSI_DATA: 28 -64 1 0 3 -18 7 -17 11 -19 13 -19 14 -21 14 -22 13 -24 12 -26 10 -26 8 -25 5 -23 4 -21 3 -19 3 -16 4 -13 5 -10 6 -7 7 -5 8 -3 10 -2 11 -1 12 0 13 0 13 1 13 3 0 0 0 0 0 0 0 0 0 0 0 0 0 0 0 0 0 0 0 0 0 0 -13 -5 -13 -7 -13 -9 -14 -9 -14 -10 -14 -10 -13 -9 -13 -10 -12 -10 -10 -10 -8 -11 -5 -12 -2 -13 0 -14 3 -17 4 -20 5 -23 4 -27 3 -29 1 -31 -1 -32 -4 -33 -6 -33 -7 -31 -7 -28 -6 -26
CSI_META: ts=3179604775 rssi=-33 noise_floor=-98 channel=6 secondary_channel=0 sig_mode=0 mcs=0 rate=9 cwb=0 sgi=0 stbc=0 ant=0 len=128 rx_state=0 seq=-1 tx_mac=52:40:27:94:0a:bb
CSI_DATA: 28 -64 1 0 22 7 21 8 22 10 23 10 23 10 25 8 25 7 24 5 24 4 22 2 21 1 18 0 16 1 14 1 12 3 11 5 9 5 8 7 7 8 7 9 7 9 7 11 6 11 6 11 4 11 0 0 0 0 0 0 0 0 0 0 0 0 0 0 0 0 0 0 0 0 0 0 9 -8 11 -7 12 -7 12 -6 13 -6 13 -6 13 -5 14 -5 14 -4 15 -3 15 -1 15 1 15 3 16 5 17 6 19 8 20 8 24 8 25 6 28 6 28 4 29 2 28 2 28 1 27 0 25 1
CSI_META: ts=3180526626 rssi=-32 noise_floor=-98 channel=6 secondary_channel=0 sig_mode=0 mcs=0 rate=9 cwb=0 sgi=0 stbc=0 ant=0 len=128 rx_state=0 seq=-1 tx_mac=52:40:27:94:0a:bb
CSI_DATA: 28 -64 1 0 -29 5 -30 6 -30 8 -30 9 -28 12 -26 13 -23 13 -20 14 -17 12 -15 10 -14 8 -13 5 -12 3 -12 1 -13 -1 -14 -3 -14 -4 -15 -4 -14 -4 -15 -4 -14 -5 -14 -5 -13 -5 -12 -5 -10 -6 0 0 0 0 0 0 0 0 0 0 0 0 0 0 0 0 0 0 0 0 0 0 3 14 2 14 0 13 -1 13 -1 12 -2 11 -4 10 -6 9 -8 8 -11 8 -14 7 -16 7 -19 8 -21 9 -22 11 -23 13 -23 14 -22 16 -21 17 -20 18 -18 17 -17 15 -17 13 -18 11 -20 8 -21 7
CSI_META: ts=3180860648 rssi=-32 noise_floor=-98 channel=6 secondary_channel=0 sig_mode=0 mcs=0 rate=9 cwb=0 sgi=0 stbc=0 ant=0 len=128 rx_state=0 seq=-1 tx_mac=52:40:27:94:0a:bb
CSI_DATA: 28 -64 1 0 -33 20 -29 21 -26 21 -21 20 -18 18 -16 15 -14 13 -14 10 -15 7 -16 5 -18 3 -19 2 -20 3 -22 4 -21 4 -21 4 -19 5 -18 5 -15 4 -14 4 -12 2 -11 1 -10 -1 -9 -3 -7 -5 0 0 0 0 0 0 0 0 0 0 0 0 0 0 0 0 0 0 0 0 0 0 4 11 2 10 0 10 -2 9 -4 8 -6 8 -8 9 -11 9 -14 10 -17 11 -19 13 -19 14 -20 16 -19 17 -18 17 -17 18 -15 17 -15 16 -14 13 -16 12 -17 9 -19 8 -23 8 -28 8 -31 9 -33 12
CSI_META: ts=3181951909 rssi=-31 noise_floor=-98 channel=6 secondary_channel=0 sig_mode=0 mcs=0 rate=9 cwb=0 sgi=0 stbc=0 ant=0 len=128 rx_state=0 seq=-1 tx_mac=52:40:27:94:0a:bb
CSI_DATA: 28 -64 1 0 -6 16 -5 14 -5 12 -6 10 -7 8 -8 7 -9 7 -10 8 -10 9 -11 9 -10 10 -10 10 -9 10 -8 11 -7 10 -6 9 -6 7 -5 6 -5 4 -5 3 -5 2 -5 0 -6 -1 -7 -2 -7 -3 0 0 0 0 0 0 0 0 0 0 0 0 0 0 0 0 0 0 0 0 0 0 2 4 1 5 0 6 -1 7 -1 8 -1 9 -2 10 -2 10 -2 11 -2 12 -2 12 -2 11 -2 11 -2 10 -3 9 -5 9 -6 8 -7 8 -9 9 -11 10 -12 12 -12 14 -13 16 -12 18 -10 19 -9 20
CSI_META: ts=3182087637 rssi=-32 noise_floor=-98 channel=6 secondary_channel=0 sig_mode=0 mcs=0 rate=9 cwb=0 sgi=0 stbc=0 ant=0 len=128 rx_state=0 seq=-1 tx_mac=52:40:27:94:0a:bb
CSI_DATA: 28 -64 1 0 26 14 28 13 28 12 30 10 29 8 29 5 27 3 23 2 21 0 18 0 16 1 14 3 12 5 10 7 10 9 9 10 9 11 9 11 8 11 8 12 8 12 8 11 7 11 5 11 4 10 0 0 0 0 0 0 0 0 0 0 0 0 0 0 0 0 0 0 0 0 0 0 6 -14 7 -13 8 -12 8 -12 9 -10 8 -8 9 -6 10 -5 11 -2 12 -1 15 2 17 3 19 4 22 5 24 5 25 4 27 2 27 0 28 -1 27 -2 25 -3 24 -3 21 -1 21 1 21 4 21 7
CSI_META: ts=3182156734 rssi=-31 noise_floor=-98 channel=6 secondary_channel=0 sig_mode=0 mcs=0 rate=9 cwb=0 sgi=0 stbc=0 ant=0 len=128 rx_state=0 seq=-1 tx_mac=52:40:27:94:0a:bb
CSI_DATA: 28 -64 1 0 -2 17 -2 15 -2 13 -3 11 -4 10 -5 9 -6 9 -7 10 -8 10 -8 11 -7 12 -7 12 -6 12 -5 12 -4 11 -4 10 -3 8 -3 7 -3 5 -4 4 -4 3 -5 2 -6 1 -6 0 -7 -1 0 0 0 0 0 0 0 0 0 0 0 0 0 0 0 0 0 0 0 0 0 0 3 4 2 5 0 6 0 7 -1 8 -1 9 -1 10 -1 11 -1 12 -1 12 -1 13 -1 12 -1 11 -1 11 -2 10 -3 9 -4 9 -6 9 -7 10 -8 11 -9 13 -9 15 -10 17 -9 19 -8 20 -6 21
CSI_META: ts=3182157024 rssi=-31 noise_floor=-98 channel=6 secondary_channel=0 sig_mode=0 mcs=0 rate=9 cwb=0 sgi=0 stbc=0 ant=0 len=128 rx_state=0 seq=-1 tx_mac=52:40:27:94:0a:bb
CSI_DATA: 28 -64 1 0 -13 13 -11 11 -10 9 -9 7 -9 6 -10 5 -11 4 -12 4 -13 4 -14 4 -14 5 -13 5 -12 6 -12 7 -11 6 -9 6 -8 5 -7 4 -6 3 -6 2 -6 1 -6 -1 -6 -2 -6 -3 -5 -5 0 0 0 0 0 0 0 0 0 0 0 0 0 0 0 0 0 0 0 0 0 0 -1 5 -2 5 -4 5 -5 6 -6 6 -7 7 -7 7 -8 8 -8 9 -9 9 -9 9 -9 9 -8 8 -8 7 -8 7 -8 6 -9 4 -11 4 -12 4 -14 5 -15 5 -17 7 -19 8 -19 9 -19 11 -18 13
CSI_META: ts=3182305188 rssi=-32 noise_floor=-98 channel=6 secondary_channel=0 sig_mode=0 mcs=0 rate=9 cwb=0 sgi=0 stbc=0 ant=0 len=128 rx_state=0 seq=-1 tx_mac=52:40:27:94:0a:bb
CSI_DATA: 28 -64 1 0 27 2 29 0 30 -1 29 -3 28 -5 26 -7 24 -8 21 -9 18 -8 15 -7 14 -5 12 -2 12 0 12 2 12 4 13 6 12 6 12 6 12 6 12 6 12 6 11 6 10 6 9 6 7 7 0 0 0 0 0 0 0 0 0 0 0 0 0 0 0 0 0 0 0 0 0 0 1 -14 2 -14 2 -14 3 -14 3 -13 4 -11 5 -10 6 -9 8 -7 10 -6 12 -5 15 -4 18 -4 20 -4 22 -5 24 -6 24 -8 24 -11 23 -12 23 -13 21 -13 20 -12 18 -10 18 -7 19 -5 21 -3
CSI_META: ts=3182305342 rssi=-32 noise_floor=-98 channel=6 secondary_channel=0 sig_mode=0 mcs=0 rate=9 cwb=0 sgi=0 stbc=0 ant=0 len=128 rx_state=0 seq=-1 tx_mac=52:40:27:94:0a:bb
CSI_DATA: 28 -64 1 0 17 -21 18 -25 16 -24 15 -27 12 -26 10 -26 7 -24 5 -22 4 -19 3 -17 4 -15 5 -13 7 -11 8 -9 11 -9 11 -7 13 -7 12 -7 12 -7 12 -7 12 -7 11 -6 10 -6 10 -5 10 -3 0 0 0 0 0 0 0 0 0 0 0 0 0 0 0 0 0 0 0 0 0 0 -11 -9 -11 -11 -9 -11 -9 -12 -8 -11 -7 -11 -5 -10 -4 -11 -1 -11 1 -12 3 -14 5 -15 7 -17 8 -20 9 -22 8 -23 8 -26 5 -25 4 -27 3 -26 2 -25 2 -23 2 -20 4 -20 7 -19 10 -19
CSI_META: ts=3182333681 rssi=-32 noise_floor=-98 channel=6 secondary_channel=0 sig_mode=0 mcs=0 rate=9 cwb=0 sgi=0 stbc=0 ant=0 len=128 rx_state=0 seq=-1 tx_mac=52:40:27:94:0a:bb
CSI_DATA: 28 -64 1 0 -16 11 -16 12 -16 13 -14 14 -13 15 -11 15 -9 14 -8 13 -7 11 -6 10 -6 8 -7 6 -7 5 -8 4 -9 3 -10 2 -10 2 -10 2 -10 2 -10 1 -10 1 -9 1 -9 1 -8 0 -8 -1 0 0 0 0 0 0 0 0 0 0 0 0 0 0 0 0 0 0 0 0 0 0 5 7 5 7 4 7 3 7 3 7 2 7 1 7 0 6 -2 7 -4 7 -6 8 -7 8 -8 10 -9 11 -10 12 -10 14 -9 15 -9 16 -8 16 -6 16 -5 15 -5 14 -6 13 -7 11 -9 10 -10 10
CSI_META: ts=3182333817 rssi=-32 noise_floor=-98 channel=6 secondary_channel=0 sig_mode=0 mcs=0 rate=9 cwb=0 sgi=0 stbc=0 ant=0 len=128 rx_state=0 seq=-1 tx_mac=52:40:27:94:0a:bb
CSI_DATA: 28 -64 1 0 3 -19 2 -20 2 -21 0 -21 -2 -20 -3 -19 -4 -17 -4 -16 -4 -14 -3 -12 -2 -10 -1 -9 0 -9 2 -9 3 -9 4 -9 5 -8 5 -9 5 -8 5 -8 5 -8 5 -8 5 -7 5 -6 5 -5 0 0 0 0 0 0 0 0 0 0 0 0 0 0 0 0 0 0 0 0 0 0 -10 -2 -10 -3 -10 -3 -9 -4 -8 -4 -7 -4 -6 -5 -5 -6 -4 -7 -3 -8 -3 -10 -1 -12 -1 -13 -1 -15 -2 -16 -3 -18 -4 -18 -6 -18 -6 -17 -7 -16 -8 -15 -6 -14 -6 -14 -4 -13 -2 -13 1 -15
CSI_META: ts=3182333944 rssi=-31 noise_floor=-98 channel=6 secondary_channel=0 sig_mode=0 mcs=0 rate=9 cwb=0 sgi=0 stbc=0 ant=0 len=128 rx_state=0 seq=-1 tx_mac=52:40:27:94:0a:bb
CSI_DATA: 28 -64 1 0 -16 11 -15 12 -15 14 -14 13 -13 14 -11 14 -9 14 -7 13 -7 12 -6 10 -6 8 -6 6 -7 5 -8 4 -8 4 -9 3 -9 2 -10 2 -10 2 -10 2 -9 2 -9 2 -9 1 -8 0 -7 -1 0 0 0 0 0 0 0 0 0 0 0 0 0 0 0 0 0 0 0 0 0 0 4 8 4 8 3 8 2 7 2 8 1 7 0 7 -1 7 -2 7 -4 7 -6 7 -7 8 -9 9 -10 10 -10 11 -11 13 -10 14 -9 15 -8 15 -7 15 -6 14 -6 14 -6 13 -7 11 -9 10 -10 10
CSI_META: ts=3182520078 rssi=-31 noise_floor=-98 channel=6 secondary_channel=0 sig_mode=0 mcs=0 rate=9 cwb=0 sgi=0 stbc=0 ant=0 len=128 rx_state=0 seq=-1 tx_mac=52:40:27:94:0a:bb
CSI_DATA: 28 -64 1 0 7 -26 6 -23 7 -20 7 -17 9 -15 11 -14 12 -14 13 -15 15 -16 14 -17 14 -18 12 -18 11 -18 9 -19 8 -17 7 -15 6 -12 6 -10 6 -8 6 -6 7 -4 8 -2 9 -1 10 0 10 2 0 0 0 0 0 0 0 0 0 0 0 0 0 0 0 0 0 0 0 0 0 0 -5 -8 -3 -9 -1 -10 1 -12 2 -13 3 -14 3 -15 4 -17 3 -19 4 -19 4 -20 4 -19 4 -18 4 -17 5 -16 5 -15 8 -14 10 -14 13 -15 15 -16 17 -18 18 -22 19 -25 18 -28 16 -30 14 -32
CSI_META: ts=3182520196 rssi=-30 noise_floor=-98 channel=6 secondary_channel=0 sig_mode=0 mcs=0 rate=9 cwb=0 sgi=0 stbc=0 ant=0 len=128 rx_state=0 seq=-1 tx_mac=52:40:27:94:0a:bb
CSI_DATA: 28 -64 1 0 -13 -15 -11 -13 -9 -13 -7 -11 -5 -11 -4 -12 -3 -13 -3 -13 -3 -15 -3 -15 -4 -15 -5 -15 -5 -14 -6 -14 -6 -12 -5 -11 -5 -10 -4 -9 -2 -7 -2 -7 -1 -6 1 -6 2 -6 3 -5 4 -5 0 0 0 0 0 0 0 0 0 0 0 0 0 0 0 0 0 0 0 0 0 0 -7 -2 -6 -4 -7 -5 -7 -6 -7 -7 -7 -8 -8 -8 -9 -9 -9 -9 -10 -10 -9 -10 -9 -10 -8 -9 -7 -9 -6 -9 -5 -10 -4 -11 -3 -13 -3 -14 -3 -16 -4 -18 -5 -19 -7 -21 -9 -21 -11 -21 -12 -21
CSI_META: ts=3182520368 rssi=-30 noise_floor=-98 channel=6 secondary_channel=0 sig_mode=0 mcs=0 rate=9 cwb=0 sgi=0 stbc=0 ant=0 len=128 rx_state=0 seq=-1 tx_mac=52:40:27:94:0a:bb
CSI_DATA: 28 -64 1 0 16 8 14 7 11 7 10 7 8 8 7 9 7 10 7 11 8 12 8 12 9 12 9 11 10 10 10 9 9 8 8 7 6 6 5 5 3 5 2 5 1 5 -1 5 -2 6 -3 6 -4 6 0 0 0 0 0 0 0 0 0 0 0 0 0 0 0 0 0 0 0 0 0 0 5 -3 5 -1 6 0 7 1 8 2 8 3 9 4 10 4 11 4 12 4 12 4 12 4 11 4 11 4 9 4 8 5 7 7 7 8 8 10 9 12 10 13 12 14 13 16 16 16 18 15 19 13
CSI_META: ts=3184793876 rssi=-32 noise_floor=-98 channel=6 secondary_channel=0 sig_mode=0 mcs=0 rate=9 cwb=0 sgi=0 stbc=0 ant=0 len=128 rx_state=0 seq=-1 tx_mac=52:40:27:94:0a:bb
CSI_DATA: 28 -64 1 0 -10 -20 -9 -21 -8 -23 -8 -23 -9 -24 -10 -25 -11 -24 -13 -23 -13 -21 -14 -19 -14 -17 -13 -15 -11 -13 -9 -12 -7 -12 -5 -11 -3 -11 -1 -11 0 -11 1 -12 2 -12 3 -13 3 -13 4 -13 5 -12 0 0 0 0 0 0 0 0 0 0 0 0 0 0 0 0 0 0 0 0 0 0 -12 -3 -13 -4 -14 -5 -14 -6 -14 -7 -14 -7 -13 -7 -13 -8 -12 -9 -12 -9 -11 -11 -9 -12 -8 -14 -7 -15 -7 -17 -7 -20 -8 -22 -10 -24 -12 -24 -14 -25 -16 -25 -18 -24 -18 -23 -19 -22 -18 -20 -17 -20
CSI_META: ts=3185130117 rssi=-30 noise_floor=-98 channel=6 secondary_channel=0 sig_mode=0 mcs=0 rate=9 cwb=0 sgi=0 stbc=0 ant=0 len=128 rx_state=0 seq=-1 tx_mac=52:40:27:94:0a:bb
CSI_DATA: 28 -64 1 0 -14 -14 -16 -15 -17 -15 -18 -13 -18 -11 -19 -10 -17 -8 -16 -6 -14 -5 -12 -5 -10 -4 -8 -5 -6 -6 -5 -7 -4 -8 -3 -9 -2 -10 -2 -10 -2 -10 -2 -10 -2 -11 -2 -10 -1 -10 -1 -9 0 -8 0 0 0 0 0 0 0 0 0 0 0 0 0 0 0 0 0 0 0 0 0 0 -4 9 -5 8 -5 7 -6 7 -6 6 -6 4 -6 3 -7 1 -8 0 -9 -2 -10 -3 -12 -5 -13 -6 -15 -6 -17 -6 -18 -5 -19 -4 -19 -3 -19 -2 -19 -1 -17 -1 -15 -1 -14 -2 -13 -4 -12 -6 -12 -9
CSI_META: ts=3185626273 rssi=-32 noise_floor=-98 channel=6 secondary_channel=0 sig_mode=0 mcs=0 rate=9 cwb=0 sgi=0 stbc=0 ant=0 len=128 rx_state=0 seq=-1 tx_mac=52:40:27:94:0a:bb
CSI_DATA: 28 -64 1 0 15 -12 15 -12 15 -13 14 -14 12 -14 11 -15 9 -14 8 -14 7 -13 6 -12 5 -10 6 -8 6 -7 6 -6 7 -5 8 -4 8 -4 8 -3 8 -3 8 -3 8 -3 8 -3 8 -2 7 -2 7 -1 0 0 0 0 0 0 0 0 0 0 0 0 0 0 0 0 0 0 0 0 0 0 -4 -9 -3 -9 -2 -9 -2 -9 -1 -8 0 -8 1 -8 2 -8 3 -8 5 -8 6 -8 8 -9 9 -9 10 -10 11 -11 11 -12 10 -13 10 -15 9 -15 9 -15 8 -14 8 -14 7 -13 8 -12 10 -11 11 -11
CSI_META: ts=3185877795 rssi=-31 noise_floor=-98 channel=6 secondary_channel=0 sig_mode=0 mcs=0 rate=9 cwb=0 sgi=0 stbc=0 ant=0 len=128 rx_state=0 seq=-1 tx_mac=52:40:27:94:0a:bb
CSI_DATA: 28 -64 1 0 -35 13 -32 15 -29 16 -26 16 -22 15 -20 14 -17 12 -16 10 -16 7 -16 6 -17 4 -18 3 -19 2 -20 2 -20 2 -20 2 -19 3 -17 3 -16 2 -15 2 -14 1 -12 1 -11 -1 -10 -3 -9 -4 0 0 0 0 0 0 0 0 0 0 0 0 0 0 0 0 0 0 0 0 0 0 -1 12 -2 11 -4 10 -6 9 -7 8 -9 7 -11 6 -13 6 -16 6 -18 7 -21 8 -22 9 -22 9 -23 11 -23 12 -21 13 -20 13 -19 12 -19 11 -19 9 -19 8 -21 6 -23 5 -27 4 -31 5 -33 7
CSI_META: ts=3186059517 rssi=-31 noise_floor=-98 channel=6 secondary_channel=0 sig_mode=0 mcs=0 rate=9 cwb=0 sgi=0 stbc=0 ant=0 len=128 rx_state=0 seq=-1 tx_mac=52:40:27:94:0a:bb
CSI_DATA: 28 -64 1 0 -17 -23 -15 -21 -10 -20 -8 -18 -5 -18 -4 -19 -2 -21 -2 -22 -2 -24 -3 -25 -5 -24 -6 -24 -7 -22 -8 -21 -7 -19 -7 -16 -5 -14 -4 -12 -2 -10 0 -9 2 -9 3 -8 5 -8 7 -7 9 -7 0 0 0 0 0 0 0 0 0 0 0 0 0 0 0 0 0 0 0 0 0 0 -10 -2 -10 -5 -11 -7 -11 -9 -11 -11 -12 -12 -12 -13 -14 -14 -14 -15 -15 -16 -14 -16 -14 -16 -13 -15 -11 -15 -9 -15 -7 -16 -6 -18 -5 -20 -4 -22 -4 -26 -5 -29 -8 -32 -9 -33 -12 -34 -16 -34 -18 -34
CSI_META: ts=3186315957 rssi=-31 noise_floor=-98 channel=6 secondary_channel=0 sig_mode=0 mcs=0 rate=9 cwb=0 sgi=0 stbc=0 ant=0 len=128 rx_state=0 seq=-1 tx_mac=52:40:27:94:0a:bb
CSI_DATA: 28 -64 1 0 -38 -4 -36 -1 -32 0 -28 2 -25 2 -22 1 -18 -1 -17 -3 -16 -6 -16 -8 -18 -10 -19 -11 -20 -11 -20 -10 -20 -9 -20 -8 -18 -6 -16 -6 -14 -5 -12 -5 -10 -5 -8 -6 -5 -7 -4 -8 -1 -9 0 0 0 0 0 0 0 0 0 0 0 0 0 0 0 0 0 0 0 0 0 0 -6 12 -6 11 -7 9 -8 7 -9 5 -10 3 -11 1 -14 0 -16 -2 -19 -3 -22 -3 -24 -3 -26 -1 -26 0 -27 1 -25 2 -24 3 -23 3 -21 2 -20 -1 -20 -4 -21 -6 -22 -10 -26 -12 -31 -13 -34 -13
CSI_META: ts=3186316093 rssi=-30 noise_floor=-98 channel=6 secondary_channel=0 sig_mode=0 mcs=0 rate=9 cwb=0 sgi=0 stbc=0 ant=0 len=128 rx_state=0 seq=-1 tx_mac=52:40:27:94:0a:bb
CSI_DATA: 28 -64 1 0 22 -3 20 -4 19 -6 16 -6 14 -5 12 -5 10 -3 9 -2 9 0 10 1 10 2 11 3 11 3 12 3 12 3 12 2 11 1 10 1 8 0 7 1 6 1 5 1 4 2 3 3 2 4 0 0 0 0 0 0 0 0 0 0 0 0 0 0 0 0 0 0 0 0 0 0 0 -8 1 -7 2 -7 3 -6 4 -5 5 -4 6 -3 8 -3 9 -2 11 -3 13 -3 14 -4 14 -4 14 -5 14 -6 14 -6 12 -6 12 -6 11 -5 11 -3 11 -2 12 0 14 2 17 2 19 2 22 1
CSI_META: ts=3186316238 rssi=-30 noise_floor=-98 channel=6 secondary_channel=0 sig_mode=0 mcs=0 rate=9 cwb=0 sgi=0 stbc=0 ant=0 len=128 rx_state=0 seq=-1 tx_mac=52:40:27:94:0a:bb
CSI_DATA: 28 -64 1 0 21 8 20 5 19 4 17 2 15 1 13 1 11 2 9 2 8 3 7 5 7 6 8 7 8 8 8 8 8 8 9 8 8 7 8 7 7 6 7 5 6 5 5 5 3 4 2 4 1 4 0 0 0 0 0 0 0 0 0 0 0 0 0 0 0 0 0 0 0 0 0 0 3 -6 4 -5 5 -4 5 -2 6 -1 7 0 8 1 9 1 11 2 12 2 13 3 14 2 14 2 14 1 14 1 13 1 12 0 12 1 11 2 10 3 10 5 11 7 12 9 14 10 16 11 18 11
CSI_META: ts=3186319822 rssi=-30 noise_floor=-98 channel=6 secondary_channel=0 sig_mode=0 mcs=0 rate=9 cwb=0 sgi=0 stbc=0 ant=0 len=128 rx_state=0 seq=-1 tx_mac=52:40:27:94:0a:bb
CSI_DATA: 28 -64 1 0 7 -22 5 -21 3 -20 2 -18 1 -16 1 -14 1 -12 2 -11 3 -10 4 -9 5 -8 6 -8 7 -9 8 -10 7 -10 7 -10 7 -10 6 -9 5 -9 5 -8 4 -7 4 -6 4 -5 4 -4 4 -2 0 0 0 0 0 0 0 0 0 0 0 0 0 0 0 0 0 0 0 0 0 0 -6 -4 -4 -5 -3 -6 -2 -6 -1 -7 0 -8 1 -9 2 -10 2 -12 3 -13 3 -14 3 -15 2 -15 2 -15 1 -15 0 -15 1 -14 1 -13 2 -12 3 -11 5 -11 7 -12 8 -13 10 -14 11 -16 11 -19
CSI_META: ts=3186319931 rssi=-30 noise_floor=-98 channel=6 secondary_channel=0 sig_mode=0 mcs=0 rate=9 cwb=0 sgi=0 stbc=0 ant=0 len=128 rx_state=0 seq=-1 tx_mac=52:40:27:94:0a:bb
CSI_DATA: 28 -64 1 0 17 -16 15 -16 12 -15 10 -14 8 -13 7 -11 7 -8 7 -7 8 -6 9 -5 10 -4 11 -4 12 -4 12 -5 12 -5 11 -5 10 -5 9 -5 8 -4 7 -4 6 -3 5 -2 5 0 4 1 4 2 0 0 0 0 0 0 0 0 0 0 0 0 0 0 0 0 0 0 0 0 0 0 -4 -7 -3 -7 -2 -7 -1 -7 1 -6 2 -7 3 -6 5 -7 6 -8 8 -9 9 -10 10 -11 10 -12 9 -13 9 -13 8 -13 7 -12 7 -11 7 -10 7 -9 9 -8 11 -7 13 -7 16 -7 18 -9 19 -11
CSI_META: ts=3186320058 rssi=-30 noise_floor=-98 channel=6 secondary_channel=0 sig_mode=0 mcs=0 rate=9 cwb=0 sgi=0 stbc=0 ant=0 len=128 rx_state=0 seq=-1 tx_mac=52:40:27:94:0a:bb
CSI_DATA: 28 -64 1 0 -24 -4 -22 -2 -20 -1 -18 0 -16 1 -14 0 -12 0 -10 -1 -10 -3 -9 -4 -10 -5 -10 -6 -10 -7 -11 -7 -11 -7 -11 -7 -10 -6 -10 -6 -9 -5 -9 -5 -8 -5 -6 -4 -5 -5 -4 -5 -2 -5 0 0 0 0 0 0 0 0 0 0 0 0 0 0 0 0 0 0 0 0 0 0 -3 6 -4 4 -5 3 -6 2 -7 1 -8 0 -9 -1 -10 -1 -11 -2 -13 -2 -14 -2 -15 -1 -15 0 -16 0 -15 1 -15 1 -14 1 -13 0 -12 -1 -12 -2 -12 -4 -13 -5 -14 -7 -16 -8 -19 -9 -21 -9
CSI_META: ts=3186450610 rssi=-32 noise_floor=-98 channel=6 secondary_channel=0 sig_mode=0 mcs=0 rate=9 cwb=0 sgi=0 stbc=0 ant=0 len=128 rx_state=0 seq=-1 tx_mac=52:40:27:94:0a:bb
CSI_DATA: 28 -64 1 0 13 13 10 16 9 19 9 21 10 22 12 23 13 23 14 22 16 21 16 19 15 16 14 14 12 12 10 11 8 10 5 9 2 9 0 9 -2 9 -4 9 -5 10 -6 11 -7 11 -8 10 -9 10 0 0 0 0 0 0 0 0 0 0 0 0 0 0 0 0 0 0 0 0 0 0 10 -7 12 -7 13 -7 13 -6 15 -6 14 -5 14 -5 14 -4 13 -3 13 -2 12 1 11 3 11 6 11 9 12 11 13 14 15 16 18 18 21 17 25 18 26 16 28 14 27 13 27 12 25 10 23 9
CSI_META: ts=3186731626 rssi=-31 noise_floor=-98 channel=6 secondary_channel=0 sig_mode=0 mcs=0 rate=9 cwb=0 sgi=0 stbc=0 ant=0 len=128 rx_state=0 seq=-1 tx_mac=52:40:27:94:0a:bb
CSI_DATA: 28 -64 1 0 -31 23 -27 24 -22 23 -19 21 -16 19 -14 16 -12 12 -13 9 -13 6 -15 4 -17 2 -19 2 -21 2 -21 3 -21 4 -21 4 -19 4 -18 4 -15 4 -14 3 -12 2 -11 1 -9 -1 -8 -3 -6 -5 0 0 0 0 0 0 0 0 0 0 0 0 0 0 0 0 0 0 0 0 0 0 7 9 4 9 2 8 -1 8 -3 8 -5 9 -8 9 -10 11 -12 13 -15 14 -16 17 -16 18 -16 19 -15 20 -14 20 -12 19 -11 18 -11 16 -11 14 -13 12 -15 9 -19 9 -23 8 -27 9 -31 11 -33 15
CSI_META: ts=3186731780 rssi=-31 noise_floor=-98 channel=6 secondary_channel=0 sig_mode=0 mcs=0 rate=9 cwb=0 sgi=0 stbc=0 ant=0 len=128 rx_state=0 seq=-1 tx_mac=52:40:27:94:0a:bb
CSI_DATA: 28 -64 1 0 -20 12 -18 13 -15 13 -13 11 -11 11 -10 9 -8 6 -8 5 -9 3 -9 2 -11 1 -12 0 -12 0 -13 0 -13 0 -13 1 -12 1 -11 1 -10 1 -9 1 -8 0 -7 0 -6 -1 -5 -2 -4 -3 0 0 0 0 0 0 0 0 0 0 0 0 0 0 0 0 0 0 0 0 0 0 3 5 2 5 0 5 -1 5 -3 5 -4 5 -5 5 -7 6 -8 7 -9 8 -10 10 -10 11 -10 11 -10 11 -9 11 -8 11 -8 10 -7 9 -8 7 -9 6 -10 5 -12 4 -15 4 -17 5 -19 6 -20 8
CSI_META: ts=3186736917 rssi=-30 noise_floor=-98 channel=6 secondary_channel=0 sig_mode=0 mcs=0 rate=9 cwb=0 sgi=0 stbc=0 ant=0 len=128 rx_state=0 seq=-1 tx_mac=52:40:27:94:0a:bb
CSI_DATA: 28 -64 1 0 22 -10 20 -11 17 -11 15 -11 12 -10 11 -8 9 -6 9 -5 9 -3 10 -1 11 0 11 1 12 1 13 0 13 0 13 0 12 -1 11 -1 9 -1 8 -1 7 0 6 0 5 1 4 2 3 3 0 0 0 0 0 0 0 0 0 0 0 0 0 0 0 0 0 0 0 0 0 0 -2 -7 -1 -7 0 -7 1 -6 3 -6 4 -5 6 -5 7 -6 9 -6 11 -7 12 -8 13 -8 13 -9 12 -10 11 -10 10 -10 10 -9 9 -9 9 -7 10 -6 11 -4 13 -3 15 -2 18 -2 20 -3 22 -4
CSI_META: ts=3186737071 rssi=-30 noise_floor=-98 channel=6 secondary_channel=0 sig_mode=0 mcs=0 rate=9 cwb=0 sgi=0 stbc=0 ant=0 len=128 rx_state=0 seq=-1 tx_mac=52:40:27:94:0a:bb
CSI_DATA: 28 -64 1 0 14 -19 12 -19 9 -18 8 -16 6 -14 5 -12 6 -10 6 -8 7 -7 8 -6 9 -6 11 -6 11 -6 11 -7 11 -7 11 -7 10 -7 9 -7 8 -6 7 -5 6 -4 5 -3 5 -2 5 0 4 1 0 0 0 0 0 0 0 0 0 0 0 0 0 0 0 0 0 0 0 0 0 0 -6 -6 -4 -6 -3 -6 -1 -6 0 -7 1 -7 2 -7 4 -9 5 -10 6 -11 7 -13 7 -14 7 -14 6 -15 6 -15 5 -15 4 -14 4 -13 5 -11 6 -10 8 -9 10 -9 12 -10 15 -11 16 -13 17 -15
CSI_META: ts=3186737207 rssi=-30 noise_floor=-98 channel=6 secondary_channel=0 sig_mode=0 mcs=0 rate=9 cwb=0 sgi=0 stbc=0 ant=0 len=128 rx_state=0 seq=-1 tx_mac=52:40:27:94:0a:bb
CSI_DATA: 28 -64 1 0 0 24 2 21 3 20 4 17 4 14 3 12 2 11 0 10 -2 9 -3 9 -4 9 -5 10 -6 11 -6 12 -5 12 -5 12 -4 11 -3 10 -3 9 -3 8 -3 7 -3 6 -4 4 -4 3 -5 2 0 0 0 0 0 0 0 0 0 0 0 0 0 0 0 0 0 0 0 0 0 0 6 1 5 2 4 3 3 4 3 5 2 6 1 8 1 9 1 11 1 13 1 14 2 15 3 15 3 15 4 14 4 13 4 12 3 12 2 10 1 11 -1 11 -2 13 -5 15 -6 17 -5 19 -5 22
CSI_META: ts=3187168897 rssi=-31 noise_floor=-98 channel=6 secondary_channel=0 sig_mode=0 mcs=0 rate=9 cwb=0 sgi=0 stbc=0 ant=0 len=128 rx_state=0 seq=-1 tx_mac=52:40:27:94:0a:bb
CSI_DATA: 28 -64 1 0 -3 -29 -2 -25 0 -22 2 -19 4 -17 6 -17 9 -18 10 -19 11 -21 11 -22 10 -23 9 -23 7 -23 6 -22 5 -21 4 -18 4 -15 4 -13 4 -10 5 -8 6 -6 7 -4 9 -2 10 -1 11 1 0 0 0 0 0 0 0 0 0 0 0 0 0 0 0 0 0 0 0 0 0 0 -7 -5 -7 -8 -5 -10 -5 -12 -4 -14 -5 -15 -4 -16 -6 -18 -6 -20 -6 -20 -6 -21 -6 -20 -5 -19 -4 -17 -3 -16 -1 -16 2 -17 5 -18 7 -19 9 -22 10 -25 10 -30 9 -33 7 -36 4 -37 2 -38
CSI_META: ts=3187382296 rssi=-31 noise_floor=-98 channel=6 secondary_channel=0 sig_mode=0 mcs=0 rate=9 cwb=0 sgi=0 stbc=0 ant=0 len=128 rx_state=0 seq=-1 tx_mac=52:40:27:94:0a:bb
CSI_DATA: 28 -64 1 0 17 -6 15 -5 13 -4 12 -2 11 0 12 1 12 3 12 3 13 3 14 3 15 2 15 2 14 1 14 0 12 -1 11 -1 10 -1 8 0 6 1 5 1 4 2 3 4 3 5 2 6 1 7 0 0 0 0 0 0 0 0 0 0 0 0 0 0 0 0 0 0 0 0 0 0 2 -5 4 -5 5 -5 6 -5 7 -5 8 -5 9 -5 10 -6 11 -6 11 -6 12 -6 11 -6 10 -6 10 -5 10 -4 9 -3 10 -1 11 0 13 1 15 2 17 2 19 1 21 1 23 -1 24 -3 23 -4
CSI_META: ts=3188326298 rssi=-32 noise_floor=-98 channel=6 secondary_channel=0 sig_mode=0 mcs=0 rate=9 cwb=0 sgi=0 stbc=0 ant=0 len=128 rx_state=0 seq=-1 tx_mac=52:40:27:94:0a:bb
CSI_DATA: 28 -64 1 0 9 28 10 29 11 30 14 28 16 26 17 24 17 21 16 18 14 16 12 14 10 12 7 11 4 11 2 12 0 13 -2 14 -3 14 -3 14 -4 14 -4 14 -4 14 -4 14 -5 13 -5 11 -6 10 0 0 0 0 0 0 0 0 0 0 0 0 0 0 0 0 0 0 0 0 0 0 13 -7 13 -6 13 -5 13 -4 12 -2 11 -1 10 1 10 3 10 5 10 8 10 12 10 14 11 17 13 19 15 19 17 21 18 20 20 19 21 16 22 15 20 14 19 13 16 14 14 15 12 17 10 20
CSI_META: ts=3188533480 rssi=-32 noise_floor=-98 channel=6 secondary_channel=0 sig_mode=0 mcs=0 rate=9 cwb=0 sgi=0 stbc=0 ant=0 len=128 rx_state=0 seq=-1 tx_mac=52:40:27:94:0a:bb
CSI_DATA: 28 -64 1 0 6 29 7 30 9 30 11 29 13 27 14 25 14 22 13 19 12 16 10 14 8 13 6 12 3 12 1 13 -1 14 -2 15 -3 15 -4 15 -3 15 -3 15 -3 14 -3 14 -4 13 -4 11 -5 9 0 0 0 0 0 0 0 0 0 0 0 0 0 0 0 0 0 0 0 0 0 0 14 -2 14 -1 14 0 13 0 12 1 11 3 10 4 9 6 8 8 8 10 7 13 7 16 7 17 8 20 10 21 11 23 13 23 16 22 17 21 18 19 17 18 16 17 13 17 12 17 9 19 7 21
CSI_META: ts=3188533663 rssi=-31 noise_floor=-98 channel=6 secondary_channel=0 sig_mode=0 mcs=0 rate=9 cwb=0 sgi=0 stbc=0 ant=0 len=128 rx_state=0 seq=-1 tx_mac=52:40:27:94:0a:bb
CSI_DATA: 28 -64 1 0 -16 9 -17 10 -16 11 -15 12 -14 12 -12 13 -10 13 -9 12 -7 11 -6 10 -6 8 -6 7 -7 5 -7 3 -8 3 -8 2 -9 1 -9 1 -9 1 -10 0 -9 0 -9 1 -9 0 -9 0 -8 -1 0 0 0 0 0 0 0 0 0 0 0 0 0 0 0 0 0 0 0 0 0 0 4 6 4 7 2 7 2 7 1 6 0 7 -1 6 -2 6 -4 6 -5 7 -7 8 -8 8 -9 9 -10 10 -11 11 -10 12 -10 13 -9 13 -8 14 -8 14 -7 13 -7 12 -7 11 -8 10 -9 9 -11 9
CSI_META: ts=3188533799 rssi=-31 noise_floor=-98 channel=6 secondary_channel=0 sig_mode=0 mcs=0 rate=9 cwb=0 sgi=0 stbc=0 ant=0 len=128 rx_state=0 seq=-1 tx_mac=52:40:27:94:0a:bb
CSI_DATA: 28 -64 1 0 -6 -18 -7 -19 -8 -18 -9 -18 -11 -16 -11 -15 -11 -13 -11 -12 -9 -10 -8 -9 -7 -8 -5 -8 -3 -9 -2 -9 -1 -10 0 -9 0 -10 0 -10 0 -10 0 -10 0 -10 0 -9 0 -8 1 -8 2 -7 0 0 0 0 0 0 0 0 0 0 0 0 0 0 0 0 0 0 0 0 0 0 -9 1 -10 1 -9 0 -9 0 -8 0 -8 -1 -7 -2 -7 -3 -6 -5 -6 -5 -6 -8 -6 -9 -7 -10 -7 -12 -9 -13 -9 -13 -11 -14 -11 -13 -13 -12 -13 -11 -13 -10 -11 -10 -10 -10 -9 -10 -8 -11 -7 -14
CSI_META: ts=3188537439 rssi=-31 noise_floor=-98 channel=6 secondary_channel=0 sig_mode=0 mcs=0 rate=9 cwb=0 sgi=0 stbc=0 ant=0 len=128 rx_state=0 seq=-1 tx_mac=52:40:27:94:0a:bb
CSI_DATA: 28 -64 1 0 18 2 18 2 19 0 19 -1 18 -2 17 -3 16 -4 13 -4 12 -4 10 -4 9 -2 8 -1 8 1 8 2 8 3 8 4 8 4 8 4 8 4 7 4 7 4 7 4 6 4 5 4 4 4 0 0 0 0 0 0 0 0 0 0 0 0 0 0 0 0 0 0 0 0 0 0 1 -9 2 -9 3 -9 3 -8 3 -7 3 -7 4 -6 4 -5 6 -4 7 -3 8 -2 10 -2 12 -1 13 -2 14 -2 15 -3 15 -4 16 -5 15 -6 15 -6 14 -7 13 -6 12 -5 12 -3 13 -2 14 0
CSI_META: ts=3188537593 rssi=-31 noise_floor=-98 channel=6 secondary_channel=0 sig_mode=0 mcs=0 rate=9 cwb=0 sgi=0 stbc=0 ant=0 len=128 rx_state=0 seq=-1 tx_mac=52:40:27:94:0a:bb
CSI_DATA: 28 -64 1 0 16 -8 16 -9 17 -10 15 -11 14 -12 13 -12 11 -12 9 -12 8 -11 7 -10 6 -8 6 -6 6 -5 7 -3 7 -2 8 -1 9 -1 9 -1 9 -1 9 0 8 0 8 0 8 0 7 0 6 1 0 0 0 0 0 0 0 0 0 0 0 0 0 0 0 0 0 0 0 0 0 0 -4 -8 -3 -9 -3 -9 -2 -8 -1 -8 -1 -8 0 -7 2 -7 3 -6 5 -7 6 -7 8 -7 9 -8 10 -9 11 -10 11 -12 11 -13 10 -14 9 -14 9 -14 8 -13 8 -12 8 -11 9 -10 10 -9 12 -8
CSI_META: ts=3188537756 rssi=-31 noise_floor=-98 channel=6 secondary_channel=0 sig_mode=0 mcs=0 rate=9 cwb=0 sgi=0 stbc=0 ant=0 len=128 rx_state=0 seq=-1 tx_mac=52:40:27:94:0a:bb
CSI_DATA: 28 -64 1 0 -16 -11 -17 -11 -18 -10 -18 -9 -18 -7 -18 -6 -16 -4 -14 -3 -13 -3 -11 -3 -10 -3 -8 -4 -7 -5 -7 -7 -6 -7 -6 -9 -6 -9 -6 -9 -6 -8 -6 -8 -6 -8 -5 -8 -4 -7 -4 -7 -2 -6 0 0 0 0 0 0 0 0 0 0 0 0 0 0 0 0 0 0 0 0 0 0 -6 6 -7 5 -8 5 -8 5 -8 4 -7 3 -7 2 -7 2 -8 1 -8 -1 -9 -3 -10 -4 -11 -5 -12 -6 -14 -6 -15 -6 -16 -5 -17 -4 -17 -3 -17 -2 -16 -2 -15 -1 -14 -2 -13 -3 -13 -5 -13 -7
CSI_META: ts=3190162959 rssi=-32 noise_floor=-98 channel=6 secondary_channel=0 sig_mode=0 mcs=0 rate=9 cwb=0 sgi=0 stbc=0 ant=0 len=128 rx_state=0 seq=-1 tx_mac=52:40:27:94:0a:bb
CSI_DATA: 28 -64 1 0 19 -20 19 -22 19 -25 17 -25 15 -26 12 -26 10 -25 8 -22 6 -19 5 -16 5 -12 6 -8 7 -5 9 -3 11 -1 13 1 14 2 14 3 14 2 14 3 14 3 13 2 12 3 11 4 8 4 0 0 0 0 0 0 0 0 0 0 0 0 0 0 0 0 0 0 0 0 0 0 -14 4 -15 3 -14 2 -14 1 -13 0 -11 0 -9 -2 -8 -3 -7 -6 -4 -8 -3 -12 -1 -15 -1 -18 0 -21 -1 -24 -3 -26 -4 -27 -6 -27 -8 -26 -9 -24 -9 -22 -8 -20 -6 -18 -2 -15 2 -14 7 -15
CSI_META: ts=3190163086 rssi=-32 noise_floor=-98 channel=6 secondary_channel=0 sig_mode=0 mcs=0 rate=9 cwb=0 sgi=0 stbc=0 ant=0 len=128 rx_state=0 seq=-1 tx_mac=52:40:27:94:0a:bb
CSI_DATA: 28 -64 1 0 -17 6 -19 7 -19 8 -19 10 -18 11 -16 11 -14 11 -12 11 -10 9 -8 8 -8 6 -7 3 -7 1 -6 -1 -7 -2 -8 -4 -8 -5 -8 -6 -8 -6 -8 -6 -8 -6 -8 -7 -7 -6 -6 -7 -5 -7 0 0 0 0 0 0 0 0 0 0 0 0 0 0 0 0 0 0 0 0 0 0 9 1 9 1 8 2 7 2 6 2 5 3 3 3 2 4 1 5 -2 6 -3 7 -5 9 -6 11 -7 13 -7 15 -6 16 -5 17 -4 17 -3 17 -2 16 -2 15 -2 13 -2 11 -4 9 -7 7 -9 6
CSI_META: ts=3190163258 rssi=-32 noise_floor=-98 channel=6 secondary_channel=0 sig_mode=0 mcs=0 rate=9 cwb=0 sgi=0 stbc=0 ant=0 len=128 rx_state=0 seq=-1 tx_mac=52:40:27:94:0a:bb
CSI_DATA: 28 -64 1 0 16 -7 19 -8 17 -9 18 -11 16 -11 15 -12 12 -12 10 -11 7 -9 6 -8 6 -5 5 -3 6 0 6 2 8 4 8 5 9 5 8 5 8 5 8 5 7 5 6 4 6 4 5 4 3 4 0 0 0 0 0 0 0 0 0 0 0 0 0 0 0 0 0 0 0 0 0 0 -10 -2 -10 -3 -9 -4 -10 -4 -8 -4 -8 -4 -7 -4 -6 -5 -3 -5 -2 -6 0 -7 2 -9 4 -10 5 -13 6 -15 5 -15 5 -18 3 -18 3 -20 2 -18 1 -17 1 -15 1 -12 2 -11 5 -9 8 -7
CSI_META: ts=3190166895 rssi=-33 noise_floor=-98 channel=6 secondary_channel=0 sig_mode=0 mcs=0 rate=9 cwb=0 sgi=0 stbc=0 ant=0 len=128 rx_state=0 seq=-1 tx_mac=52:40:27:94:0a:bb
CSI_DATA: 28 -64 1 0 -14 -23 -16 -25 -17 -26 -18 -25 -20 -23 -21 -21 -21 -18 -20 -15 -18 -13 -15 -11 -12 -9 -9 -9 -6 -8 -2 -9 1 -10 3 -11 5 -11 6 -12 6 -12 7 -13 8 -13 7 -13 8 -12 8 -11 8 -9 0 0 0 0 0 0 0 0 0 0 0 0 0 0 0 0 0 0 0 0 0 0 1 13 0 13 -1 12 -2 11 -3 9 -4 7 -5 5 -7 3 -8 1 -11 -1 -14 -3 -17 -5 -19 -5 -22 -6 -24 -5 -26 -5 -27 -3 -28 -1 -27 1 -25 2 -23 2 -20 1 -18 -1 -15 -3 -13 -7 -11 -12
CSI_META: ts=3190167013 rssi=-32 noise_floor=-98 channel=6 secondary_channel=0 sig_mode=0 mcs=0 rate=9 cwb=0 sgi=0 stbc=0 ant=0 len=128 rx_state=0 seq=-1 tx_mac=52:40:27:94:0a:bb
CSI_DATA: 28 -64 1 0 -19 -3 -20 -2 -21 -1 -21 0 -21 2 -19 3 -17 4 -15 5 -13 4 -10 2 -9 1 -7 -1 -7 -3 -6 -5 -5 -7 -5 -8 -5 -9 -5 -9 -5 -9 -5 -10 -5 -9 -5 -9 -4 -8 -3 -7 -2 -7 0 0 0 0 0 0 0 0 0 0 0 0 0 0 0 0 0 0 0 0 0 0 7 5 7 6 7 6 6 6 5 6 4 5 3 5 1 5 0 5 -2 5 -5 5 -7 6 -9 7 -11 8 -12 9 -13 11 -13 12 -12 14 -11 14 -10 14 -9 14 -8 12 -7 9 -8 7 -9 4 -11 1
CSI_META: ts=3190167131 rssi=-32 noise_floor=-98 channel=6 secondary_channel=0 sig_mode=0 mcs=0 rate=9 cwb=0 sgi=0 stbc=0 ant=0 len=128 rx_state=0 seq=-1 tx_mac=52:40:27:94:0a:bb
CSI_DATA: 28 -64 1 0 -16 10 -17 11 -17 13 -16 14 -14 15 -13 15 -11 14 -9 13 -7 11 -6 9 -6 6 -6 4 -6 2 -7 0 -8 -2 -9 -3 -9 -4 -10 -4 -9 -4 -10 -5 -9 -5 -9 -5 -8 -5 -7 -5 -6 -5 0 0 0 0 0 0 0 0 0 0 0 0 0 0 0 0 0 0 0 0 0 0 9 -2 9 -1 9 -1 8 0 7 0 6 1 5 2 4 2 3 4 1 5 -1 7 -2 9 -2 11 -3 13 -3 15 -2 17 -1 18 0 18 1 17 2 16 3 15 2 13 1 11 -2 10 -5 9 -7 8
CSI_META: ts=3190386461 rssi=-31 noise_floor=-98 channel=6 secondary_channel=0 sig_mode=0 mcs=0 rate=9 cwb=0 sgi=0 stbc=0 ant=0 len=128 rx_state=0 seq=-1 tx_mac=52:40:27:94:0a:bb
CSI_DATA: 28 -64 1 0 -18 29 -15 30 -12 30 -9 28 -6 26 -5 23 -5 20 -5 18 -6 15 -8 14 -9 13 -11 12 -12 13 -13 13 -13 14 -13 14 -12 13 -11 12 -10 11 -9 10 -9 9 -8 7 -8 5 -9 3 -9 1 0 0 0 0 0 0 0 0 0 0 0 0 0 0 0 0 0 0 0 0 0 0 9 10 8 11 6 10 5 10 4 9 2 10 -1 10 -3 11 -5 12 -7 13 -9 16 -10 18 -11 20 -11 22 -10 23 -9 24 -7 24 -6 24 -5 22 -5 21 -6 19 -7 18 -10 18 -13 18 -16 20 -18 23
CSI_META: ts=3190451117 rssi=-30 noise_floor=-98 channel=6 secondary_channel=0 sig_mode=0 mcs=0 rate=9 cwb=0 sgi=0 stbc=0 ant=0 len=128 rx_state=0 seq=-1 tx_mac=52:40:27:94:0a:bb
CSI_DATA: 28 -64 1 0 -23 -3 -22 -1 -21 0 -19 1 -18 2 -17 2 -15 2 -14 2 -13 1 -12 0 -12 0 -12 -1 -12 -2 -12 -2 -12 -2 -12 -2 -11 -2 -11 -2 -10 -2 -9 -2 -9 -3 -9 -2 -8 -3 -7 -3 -6 -4 0 0 0 0 0 0 0 0 0 0 0 0 0 0 0 0 0 0 0 0 0 0 -7 5 -7 4 -7 4 -7 2 -8 2 -8 1 -9 -1 -10 -2 -11 -2 -12 -3 -13 -3 -14 -4 -15 -3 -16 -3 -16 -3 -16 -2 -16 -2 -16 -1 -15 -1 -16 -1 -15 -2 -16 -3 -16 -3 -18 -4 -19 -5 -20 -5
CSI_META: ts=3190759484 rssi=-31 noise_floor=-98 channel=6 secondary_channel=0 sig_mode=0 mcs=0 rate=9 cwb=0 sgi=0 stbc=0 ant=0 len=128 rx_state=0 seq=-1 tx_mac=52:40:27:94:0a:bb
CSI_DATA: 28 -64 1 0 1 11 -1 11 -3 12 -4 12 -4 13 -4 14 -4 15 -3 16 -2 16 -1 15 -1 14 0 13 0 11 0 10 0 9 -1 7 -2 5 -3 4 -4 3 -5 3 -6 2 -7 2 -8 1 -9 1 -9 0 0 0 0 0 0 0 0 0 0 0 0 0 0 0 0 0 0 0 0 0 0 0 7 1 8 2 8 3 8 3 8 3 8 4 8 4 8 4 7 4 6 4 5 5 4 6 2 7 1 8 0 10 0 12 -1 14 0 15 1 16 3 18 4 18 6 18 7 18 7 17 7 16 7 14
CSI_META: ts=3190759725 rssi=-31 noise_floor=-98 channel=6 secondary_channel=0 sig_mode=0 mcs=0 rate=9 cwb=0 sgi=0 stbc=0 ant=0 len=128 rx_state=0 seq=-1 tx_mac=52:40:27:94:0a:bb
CSI_DATA: 28 -64 1 0 11 -2 10 0 12 2 12 3 14 3 15 2 16 2 16 0 16 -1 15 -1 13 -2 12 -2 10 -2 9 -2 7 -1 6 0 5 1 4 3 4 3 3 4 3 5 3 7 3 7 3 7 2 7 0 0 0 0 0 0 0 0 0 0 0 0 0 0 0 0 0 0 0 0 0 0 2 -7 3 -7 4 -8 4 -8 5 -9 4 -9 4 -9 5 -9 5 -9 5 -8 6 -6 6 -5 7 -4 8 -2 9 -1 11 -1 12 -1 15 -1 16 -2 18 -3 18 -5 18 -7 18 -8 17 -8 15 -8 15 -7
CSI_META: ts=3190759852 rssi=-31 noise_floor=-98 channel=6 secondary_channel=0 sig_mode=0 mcs=0 rate=9 cwb=0 sgi=0 stbc=0 ant=0 len=128 rx_state=0 seq=-1 tx_mac=52:40:27:94:0a:bb
CSI_DATA: 28 -64 1 0 -12 1 -12 -1 -13 -3 -14 -4 -15 -4 -16 -4 -17 -3 -17 -2 -17 -1 -16 0 -15 1 -13 1 -11 1 -10 0 -8 -1 -7 -2 -6 -3 -5 -5 -4 -5 -4 -6 -4 -7 -4 -8 -4 -8 -4 -8 -3 -9 0 0 0 0 0 0 0 0 0 0 0 0 0 0 0 0 0 0 0 0 0 0 -2 6 -3 6 -4 7 -5 8 -5 8 -5 8 -5 8 -5 9 -5 8 -6 8 -6 7 -6 6 -7 4 -8 2 -9 1 -12 0 -13 0 -15 1 -17 1 -19 3 -19 4 -19 6 -19 7 -18 8 -17 8 -15 7
CSI_META: ts=3190763164 rssi=-31 noise_floor=-98 channel=6 secondary_channel=0 sig_mode=0 mcs=0 rate=9 cwb=0 sgi=0 stbc=0 ant=0 len=128 rx_state=0 seq=-1 tx_mac=52:40:27:94:0a:bb
CSI_DATA: 28 -64 1 0 5 -10 7 -9 9 -9 10 -9 11 -9 12 -10 12 -12 11 -13 10 -13 8 -13 7 -12 6 -11 5 -9 5 -8 4 -6 5 -4 5 -3 5 -1 6 -1 7 0 7 1 8 1 8 2 8 2 7 3 0 0 0 0 0 0 0 0 0 0 0 0 0 0 0 0 0 0 0 0 0 0 -5 -6 -5 -7 -4 -8 -4 -9 -4 -9 -4 -10 -4 -10 -4 -10 -4 -10 -4 -10 -3 -9 -1 -9 0 -8 2 -8 4 -8 6 -9 7 -11 8 -13 8 -14 8 -16 7 -18 6 -19 5 -20 4 -19 3 -18 3 -17
CSI_META: ts=3190763336 rssi=-31 noise_floor=-98 channel=6 secondary_channel=0 sig_mode=0 mcs=0 rate=9 cwb=0 sgi=0 stbc=0 ant=0 len=128 rx_state=0 seq=-1 tx_mac=52:40:27:94:0a:bb
CSI_DATA: 28 -64 1 0 0 11 -1 11 -3 12 -4 12 -5 13 -5 14 -4 15 -4 16 -3 16 -2 15 -1 14 0 13 0 11 0 10 0 8 -1 7 -2 5 -3 4 -4 3 -5 3 -6 2 -7 2 -8 1 -8 1 -9 0 0 0 0 0 0 0 0 0 0 0 0 0 0 0 0 0 0 0 0 0 0 0 7 1 8 2 8 3 8 3 8 4 8 4 8 4 8 4 7 4 6 5 5 5 4 6 2 7 1 8 0 10 -1 12 -1 13 0 15 1 16 2 18 4 18 5 18 6 18 7 17 7 16 7 14
CSI_META: ts=3190763454 rssi=-31 noise_floor=-98 channel=6 secondary_channel=0 sig_mode=0 mcs=0 rate=9 cwb=0 sgi=0 stbc=0 ant=0 len=128 rx_state=0 seq=-1 tx_mac=52:40:27:94:0a:bb
CSI_DATA: 28 -64 1 0 7 8 5 9 3 11 3 12 3 14 3 14 5 15 5 15 6 14 7 13 7 12 7 10 6 9 5 8 4 7 2 6 0 5 -1 5 -2 5 -4 5 -4 5 -5 5 -6 5 -7 5 -7 5 0 0 0 0 0 0 0 0 0 0 0 0 0 0 0 0 0 0 0 0 0 0 6 -3 7 -3 8 -2 9 -2 9 -2 9 -2 9 -1 9 -1 9 -1 8 0 8 1 7 2 6 4 6 6 6 7 6 10 7 11 8 12 10 13 12 13 13 13 15 12 15 12 15 10 15 9 13 8
CSI_META: ts=3191232391 rssi=-31 noise_floor=-98 channel=6 secondary_channel=0 sig_mode=0 mcs=0 rate=9 cwb=0 sgi=0 stbc=0 ant=0 len=128 rx_state=0 seq=-1 tx_mac=52:40:27:94:0a:bb
CSI_DATA: 28 -64 1 0 5 -18 8 -18 12 -20 13 -20 14 -22 14 -24 13 -26 11 -27 9 -27 7 -26 5 -23 4 -21 3 -18 4 -16 5 -12 6 -9 7 -6 8 -5 10 -3 11 -2 12 -1 14 0 14 1 14 1 14 2 0 0 0 0 0 0 0 0 0 0 0 0 0 0 0 0 0 0 0 0 0 0 -13 -5 -13 -6 -14 -8 -13 -8 -13 -9 -13 -9 -13 -9 -12 -9 -11 -10 -9 -10 -7 -11 -5 -12 -2 -13 0 -15 2 -17 4 -21 4 -24 3 -27 2 -29 0 -31 -2 -32 -4 -32 -6 -32 -7 -29 -7 -27 -5 -25
CSI_META: ts=3191232518 rssi=-30 noise_floor=-98 channel=6 secondary_channel=0 sig_mode=0 mcs=0 rate=9 cwb=0 sgi=0 stbc=0 ant=0 len=128 rx_state=0 seq=-1 tx_mac=52:40:27:94:0a:bb
CSI_DATA: 28 -64 1 0 -11 5 -13 3 -14 2 -16 2 -17 2 -18 3 -18 5 -17 6 -15 7 -14 7 -12 8 -11 6 -9 5 -8 3 -7 2 -6 0 -6 -2 -6 -3 -6 -4 -6 -6 -7 -6 -7 -6 -7 -7 -7 -7 -6 -8 0 0 0 0 0 0 0 0 0 0 0 0 0 0 0 0 0 0 0 0 0 0 3 6 2 7 2 8 2 9 1 9 2 9 1 9 1 9 1 9 0 8 -1 8 -2 7 -4 6 -6 6 -9 6 -10 7 -12 8 -13 9 -14 11 -14 12 -14 14 -13 15 -11 16 -10 15 -9 15 -8 13
CSI_META: ts=3191232663 rssi=-30 noise_floor=-98 channel=6 secondary_channel=0 sig_mode=0 mcs=0 rate=9 cwb=0 sgi=0 stbc=0 ant=0 len=128 rx_state=0 seq=-1 tx_mac=52:40:27:94:0a:bb
CSI_DATA: 28 -64 1 0 -8 -10 -6 -11 -5 -13 -5 -14 -5 -16 -7 -17 -7 -17 -8 -16 -10 -15 -10 -14 -10 -12 -9 -10 -8 -9 -6 -8 -5 -7 -3 -7 -1 -6 0 -6 2 -6 3 -6 4 -6 5 -7 5 -7 6 -7 6 -6 0 0 0 0 0 0 0 0 0 0 0 0 0 0 0 0 0 0 0 0 0 0 -7 4 -8 4 -9 3 -9 3 -9 3 -9 3 -9 2 -9 2 -9 1 -8 0 -8 -1 -8 -3 -8 -5 -8 -6 -8 -8 -9 -10 -10 -11 -12 -13 -14 -12 -15 -12 -17 -11 -17 -10 -18 -9 -17 -7 -16 -7 -14 -7
CSI_META: ts=3191236228 rssi=-30 noise_floor=-98 channel=6 secondary_channel=0 sig_mode=0 mcs=0 rate=9 cwb=0 sgi=0 stbc=0 ant=0 len=128 rx_state=0 seq=-1 tx_mac=52:40:27:94:0a:bb
CSI_DATA: 28 -64 1 0 0 11 -2 12 -4 13 -5 14 -5 15 -5 16 -4 17 -3 17 -1 16 0 16 1 14 1 12 0 10 0 9 -1 7 -3 6 -4 4 -5 3 -6 3 -7 2 -8 2 -9 2 -9 2 -10 1 -10 1 0 0 0 0 0 0 0 0 0 0 0 0 0 0 0 0 0 0 0 0 0 0 7 0 8 1 8 1 9 2 9 2 9 2 9 3 9 3 8 3 7 3 6 4 4 5 3 6 2 8 1 10 1 12 1 14 2 16 3 17 5 18 6 18 8 17 8 17 9 16 8 15 7 13
CSI_META: ts=3191236391 rssi=-30 noise_floor=-98 channel=6 secondary_channel=0 sig_mode=0 mcs=0 rate=9 cwb=0 sgi=0 stbc=0 ant=0 len=128 rx_state=0 seq=-1 tx_mac=52:40:27:94:0a:bb
CSI_DATA: 28 -64 1 0 11 -4 12 -2 13 -1 15 0 16 0 17 -1 17 -2 17 -4 16 -5 15 -6 13 -6 11 -5 10 -4 8 -4 7 -2 6 0 5 1 5 3 4 4 4 5 4 6 4 7 4 7 4 8 3 8 0 0 0 0 0 0 0 0 0 0 0 0 0 0 0 0 0 0 0 0 0 0 -3 -8 -2 -9 -2 -10 -1 -10 -1 -10 -1 -10 0 -10 0 -10 0 -10 1 -9 2 -8 4 -7 5 -6 7 -6 9 -5 11 -5 12 -6 14 -8 15 -9 16 -11 15 -12 15 -14 13 -14 12 -14 11 -13 10 -12
CSI_META: ts=3191236500 rssi=-30 noise_floor=-98 channel=6 secondary_channel=0 sig_mode=0 mcs=0 rate=9 cwb=0 sgi=0 stbc=0 ant=0 len=128 rx_state=0 seq=-1 tx_mac=52:40:27:94:0a:bb
CSI_DATA: 28 -64 1 0 10 4 10 6 10 9 11 10 12 10 14 10 14 10 15 8 15 7 14 6 13 4 12 4 10 3 8 3 6 3 4 4 2 4 1 5 0 6 0 7 -1 8 -2 8 -2 9 -3 8 -3 8 0 0 0 0 0 0 0 0 0 0 0 0 0 0 0 0 0 0 0 0 0 0 3 -7 4 -7 5 -8 5 -8 6 -8 6 -8 6 -8 6 -7 6 -7 6 -6 7 -4 7 -3 7 -1 9 1 10 2 11 3 13 4 15 4 17 3 19 2 19 1 20 -1 19 -1 18 -2 17 -2 15 -2
CSI_META: ts=3191475131 rssi=-31 noise_floor=-98 channel=6 secondary_channel=0 sig_mode=0 mcs=0 rate=9 cwb=0 sgi=0 stbc=0 ant=0 len=128 rx_state=0 seq=-1 tx_mac=52:40:27:94:0a:bb
CSI_DATA: 28 -64 1 0 -20 19 -20 20 -20 22 -18 23 -16 24 -13 23 -11 23 -9 22 -7 19 -6 17 -6 14 -7 11 -8 9 -9 8 -10 7 -12 5 -13 5 -13 4 -13 4 -14 4 -13 3 -13 4 -13 3 -12 2 -12 1 0 0 0 0 0 0 0 0 0 0 0 0 0 0 0 0 0 0 0 0 0 0 10 9 9 10 8 10 7 10 6 10 5 10 3 10 1 10 -1 10 -4 11 -6 13 -9 14 -10 16 -11 18 -11 20 -11 22 -11 24 -9 25 -7 24 -6 25 -5 23 -4 22 -5 21 -7 19 -9 17 -12 17
CSI_META: ts=3191769766 rssi=-31 noise_floor=-98 channel=6 secondary_channel=0 sig_mode=0 mcs=0 rate=9 cwb=0 sgi=0 stbc=0 ant=0 len=128 rx_state=0 seq=-1 tx_mac=52:40:27:94:0a:bb
CSI_DATA: 28 -64 1 0 -19 -15 -19 -12 -18 -11 -17 -9 -15 -7 -14 -6 -11 -6 -10 -7 -9 -8 -8 -9 -8 -10 -9 -10 -9 -10 -9 -11 -10 -10 -9 -10 -9 -8 -8 -8 -7 -7 -6 -6 -5 -6 -4 -6 -3 -6 -1 -6 1 -6 0 0 0 0 0 0 0 0 0 0 0 0 0 0 0 0 0 0 0 0 0 0 -9 3 -9 2 -8 1 -8 0 -7 -1 -7 -2 -7 -4 -7 -5 -8 -7 -9 -9 -10 -10 -10 -11 -12 -11 -13 -11 -14 -10 -14 -10 -14 -9 -14 -8 -13 -8 -12 -8 -11 -9 -10 -10 -10 -12 -11 -14 -12 -16 -14 -18
CSI_META: ts=3191987144 rssi=-30 noise_floor=-98 channel=6 secondary_channel=0 sig_mode=0 mcs=0 rate=9 cwb=0 sgi=0 stbc=0 ant=0 len=128 rx_state=0 seq=-1 tx_mac=52:40:27:94:0a:bb
CSI_DATA: 28 -64 1 0 -23 -1 -23 1 -20 2 -18 3 -16 3 -14 3 -12 1 -11 0 -10 -1 -10 -2 -10 -4 -11 -5 -11 -5 -11 -5 -12 -5 -12 -5 -11 -4 -11 -4 -10 -3 -9 -3 -8 -3 -7 -3 -6 -4 -4 -4 -3 -5 0 0 0 0 0 0 0 0 0 0 0 0 0 0 0 0 0 0 0 0 0 0 -2 7 -3 5 -4 4 -5 3 -6 2 -7 1 -8 1 -9 0 -11 0 -13 0 -14 0 -15 0 -16 1 -16 2 -15 3 -15 3 -14 3 -13 3 -12 2 -12 0 -12 -1 -13 -3 -14 -5 -17 -5 -19 -6 -21 -6
CSI_META: ts=3192194123 rssi=-31 noise_floor=-98 channel=6 secondary_channel=0 sig_mode=0 mcs=0 rate=9 cwb=0 sgi=0 stbc=0 ant=0 len=128 rx_state=0 seq=-1 tx_mac=52:40:27:94:0a:bb
CSI_DATA: 28 -64 1 0 -14 -14 -12 -11 -8 -11 -6 -10 -4 -11 -3 -12 -2 -13 -2 -15 -2 -16 -3 -16 -5 -16 -5 -16 -6 -14 -6 -14 -6 -12 -5 -10 -3 -8 -2 -7 -1 -6 1 -6 2 -6 3 -5 4 -5 6 -5 7 -5 0 0 0 0 0 0 0 0 0 0 0 0 0 0 0 0 0 0 0 0 0 0 -6 1 -6 0 -6 -2 -7 -3 -7 -5 -7 -6 -8 -7 -9 -8 -11 -8 -12 -8 -12 -9 -12 -8 -12 -8 -10 -7 -9 -7 -8 -8 -6 -9 -5 -10 -4 -12 -4 -14 -5 -16 -7 -19 -8 -21 -11 -21 -13 -21 -15 -21
CSI_META: ts=3192194294 rssi=-31 noise_floor=-98 channel=6 secondary_channel=0 sig_mode=0 mcs=0 rate=9 cwb=0 sgi=0 stbc=0 ant=0 len=128 rx_state=0 seq=-1 tx_mac=52:40:27:94:0a:bb
CSI_DATA: 28 -64 1 0 15 9 12 8 10 8 8 8 6 9 5 10 4 11 4 12 4 13 5 14 6 14 7 13 8 12 8 11 7 10 7 8 5 7 4 6 2 5 0 5 -1 5 -2 5 -4 5 -5 5 -6 5 0 0 0 0 0 0 0 0 0 0 0 0 0 0 0 0 0 0 0 0 0 0 4 -2 5 -1 6 0 6 1 7 2 8 3 9 4 10 5 12 5 12 5 12 6 12 5 11 5 10 5 9 5 7 5 6 7 6 9 6 10 7 12 8 14 10 16 11 18 13 18 15 17 17 16
CSI_META: ts=3192396711 rssi=-32 noise_floor=-98 channel=6 secondary_channel=0 sig_mode=0 mcs=0 rate=9 cwb=0 sgi=0 stbc=0 ant=0 len=128 rx_state=0 seq=-1 tx_mac=52:40:27:94:0a:bb
CSI_DATA: 28 -64 1 0 21 -22 21 -24 21 -26 19 -26 16 -27 14 -27 11 -25 8 -24 7 -21 6 -18 6 -15 7 -12 8 -10 10 -9 12 -7 13 -6 14 -6 14 -6 14 -6 14 -5 14 -5 13 -5 13 -4 12 -3 11 -1 0 0 0 0 0 0 0 0 0 0 0 0 0 0 0 0 0 0 0 0 0 0 -11 -11 -10 -11 -9 -12 -8 -12 -7 -12 -5 -11 -4 -11 -1 -12 1 -12 4 -13 6 -15 8 -16 11 -18 12 -20 12 -22 11 -25 10 -26 8 -28 7 -27 6 -26 5 -25 5 -23 6 -22 8 -20 11 -19 14 -19
CSI_META: ts=3192396847 rssi=-31 noise_floor=-98 channel=6 secondary_channel=0 sig_mode=0 mcs=0 rate=9 cwb=0 sgi=0 stbc=0 ant=0 len=128 rx_state=0 seq=-1 tx_mac=52:40:27:94:0a:bb
CSI_DATA: 28 -64 1 0 5 17 6 18 8 17 9 16 11 15 11 13 11 11 10 10 9 8 7 8 5 7 3 7 3 7 1 7 0 8 -1 8 -1 9 -1 9 -1 9 -1 9 -1 8 -1 8 -2 7 -3 7 -3 6 0 0 0 0 0 0 0 0 0 0 0 0 0 0 0 0 0 0 0 0 0 0 8 -3 8 -3 8 -2 8 -2 7 -1 7 0 6 0 6 1 6 3 6 5 5 7 5 9 6 10 7 12 9 12 9 12 11 12 12 11 12 10 13 9 13 7 11 8 10 8 8 9 6 10 5 13
CSI_META: ts=3192732015 rssi=-31 noise_floor=-98 channel=6 secondary_channel=0 sig_mode=0 mcs=0 rate=9 cwb=0 sgi=0 stbc=0 ant=0 len=128 rx_state=0 seq=-1 tx_mac=52:40:27:94:0a:bb
CSI_DATA: 28 -64 1 0 12 14 10 12 7 11 5 10 3 11 2 12 1 13 1 14 1 15 2 15 3 16 4 15 5 14 5 13 5 11 4 10 3 8 2 7 0 6 -1 5 -2 5 -4 4 -5 4 -6 5 -8 4 0 0 0 0 0 0 0 0 0 0 0 0 0 0 0 0 0 0 0 0 0 0 5 -1 5 0 5 2 6 4 6 5 7 6 7 7 8 8 9 9 10 9 10 9 10 9 9 8 9 8 8 7 6 8 4 9 4 10 3 12 3 14 4 17 5 19 6 21 9 22 11 22 13 21
CSI_META: ts=3192732178 rssi=-31 noise_floor=-98 channel=6 secondary_channel=0 sig_mode=0 mcs=0 rate=9 cwb=0 sgi=0 stbc=0 ant=0 len=128 rx_state=0 seq=-1 tx_mac=52:40:27:94:0a:bb
CSI_DATA: 28 -64 1 0 11 -13 10 -12 8 -9 9 -7 9 -5 10 -4 11 -4 12 -3 12 -4 13 -5 13 -6 13 -6 13 -7 11 -6 11 -6 9 -5 8 -5 7 -4 5 -3 5 -1 4 0 4 1 4 2 4 3 4 5 0 0 0 0 0 0 0 0 0 0 0 0 0 0 0 0 0 0 0 0 0 0 -2 -6 0 -6 1 -7 2 -8 3 -8 4 -9 5 -9 5 -10 6 -10 5 -11 5 -12 4 -11 4 -11 5 -9 5 -8 6 -7 8 -6 9 -5 12 -5 13 -5 15 -7 16 -7 16 -10 17 -13 16 -15 16 -16
CSI_META: ts=3192732314 rssi=-31 noise_floor=-98 channel=6 secondary_channel=0 sig_mode=0 mcs=0 rate=9 cwb=0 sgi=0 stbc=0 ant=0 len=128 rx_state=0 seq=-1 tx_mac=52:40:27:94:0a:bb
CSI_DATA: 28 -64 1 0 3 16 2 14 1 12 0 10 -2 10 -4 10 -5 11 -5 12 -5 13 -5 13 -4 14 -3 14 -2 14 -1 12 -1 11 -1 9 -1 8 -2 6 -2 5 -3 4 -4 3 -5 2 -7 2 -8 1 -8 1 0 0 0 0 0 0 0 0 0 0 0 0 0 0 0 0 0 0 0 0 0 0 5 1 4 2 3 4 3 5 2 6 2 7 3 9 3 10 3 11 3 11 4 12 4 12 3 11 3 10 3 10 1 9 0 9 -2 10 -3 11 -4 13 -4 15 -4 17 -4 19 -3 20 -1 22 1 22
CSI_META: ts=3192735952 rssi=-31 noise_floor=-98 channel=6 secondary_channel=0 sig_mode=0 mcs=0 rate=9 cwb=0 sgi=0 stbc=0 ant=0 len=128 rx_state=0 seq=-1 tx_mac=52:40:27:94:0a:bb
CSI_DATA: 28 -64 1 0 15 -8 13 -6 12 -5 11 -3 10 -2 10 0 11 1 11 1 12 1 14 1 14 1 14 0 14 0 13 -1 12 -1 11 -1 9 -1 7 -1 6 0 5 1 4 2 3 3 3 3 2 4 1 5 0 0 0 0 0 0 0 0 0 0 0 0 0 0 0 0 0 0 0 0 0 0 1 -5 3 -5 4 -6 5 -6 6 -6 7 -6 8 -7 8 -7 9 -7 9 -8 9 -8 9 -8 8 -7 8 -6 8 -5 8 -3 9 -2 11 -1 12 0 14 0 16 0 18 -1 19 -2 21 -3 22 -5 21 -8
CSI_META: ts=3192736097 rssi=-31 noise_floor=-98 channel=6 secondary_channel=0 sig_mode=0 mcs=0 rate=9 cwb=0 sgi=0 stbc=0 ant=0 len=128 rx_state=0 seq=-1 tx_mac=52:40:27:94:0a:bb
CSI_DATA: 28 -64 1 0 14 8 12 7 10 7 8 7 6 7 5 9 5 10 4 11 5 12 6 12 6 12 7 12 8 11 7 10 7 9 6 8 5 7 4 6 3 5 1 5 0 4 -1 4 -2 4 -4 5 -5 5 0 0 0 0 0 0 0 0 0 0 0 0 0 0 0 0 0 0 0 0 0 0 5 -2 5 0 6 1 7 2 8 2 8 3 9 3 10 3 11 4 11 4 11 4 11 4 10 4 9 4 8 4 7 5 6 7 6 9 6 10 7 12 8 13 10 15 11 15 14 16 16 15 17 14
CSI_META: ts=3192736215 rssi=-31 noise_floor=-98 channel=6 secondary_channel=0 sig_mode=0 mcs=0 rate=9 cwb=0 sgi=0 stbc=0 ant=0 len=128 rx_state=0 seq=-1 tx_mac=52:40:27:94:0a:bb
CSI_DATA: 28 -64 1 0 16 -6 13 -5 12 -3 11 -1 10 1 11 2 12 3 12 3 14 3 14 2 14 1 14 0 13 0 12 -1 11 -1 9 -1 7 0 6 0 5 1 4 2 3 3 3 5 2 6 2 7 1 7 0 0 0 0 0 0 0 0 0 0 0 0 0 0 0 0 0 0 0 0 0 0 1 -6 2 -5 3 -5 4 -4 6 -4 7 -4 8 -4 9 -5 10 -5 11 -6 11 -6 11 -6 11 -6 10 -6 9 -5 9 -4 9 -2 10 -1 11 1 13 2 15 2 18 1 20 1 21 -1 22 -2 22 -5
CSI_META: ts=3192826451 rssi=-32 noise_floor=-98 channel=6 secondary_channel=0 sig_mode=0 mcs=0 rate=9 cwb=0 sgi=0 stbc=0 ant=0 len=128 rx_state=0 seq=-1 tx_mac=52:40:27:94:0a:bb
CSI_DATA: 28 -64 1 0 29 1 31 0 31 -2 31 -4 30 -6 29 -8 26 -9 23 -10 20 -9 17 -8 15 -6 14 -4 13 -1 12 1 13 3 13 5 13 6 13 7 12 7 13 7 13 7 12 7 11 8 10 8 8 8 0 0 0 0 0 0 0 0 0 0 0 0 0 0 0 0 0 0 0 0 0 0 -1 -15 0 -15 2 -14 3 -14 3 -12 4 -11 5 -9 7 -9 9 -7 12 -7 15 -5 17 -5 20 -5 22 -5 24 -7 25 -8 25 -10 25 -12 24 -13 23 -14 21 -14 20 -13 19 -10 20 -8 21 -5 22 -3
CSI_META: ts=3193234510 rssi=-31 noise_floor=-98 channel=6 secondary_channel=0 sig_mode=0 mcs=0 rate=9 cwb=0 sgi=0 stbc=0 ant=0 len=128 rx_state=0 seq=-1 tx_mac=52:40:27:94:0a:bb
CSI_DATA: 28 -64 1 0 -14 5 -14 4 -15 3 -16 2 -16 3 -17 4 -16 4 -16 6 -15 6 -14 7 -13 7 -12 6 -10 6 -9 5 -8 3 -8 2 -8 1 -7 -1 -7 -1 -7 -3 -7 -4 -8 -4 -8 -4 -8 -5 -7 -5 0 0 0 0 0 0 0 0 0 0 0 0 0 0 0 0 0 0 0 0 0 0 -2 7 -3 8 -4 8 -5 8 -5 8 -5 8 -5 8 -6 8 -6 8 -7 7 -7 7 -8 6 -9 4 -10 4 -11 3 -13 3 -14 3 -16 4 -17 5 -18 7 -18 9 -17 10 -17 11 -16 11 -15 11 -13 11
CSI_META: ts=3193439637 rssi=-32 noise_floor=-98 channel=6 secondary_channel=0 sig_mode=0 mcs=0 rate=9 cwb=0 sgi=0 stbc=0 ant=0 len=128 rx_state=0 seq=-1 tx_mac=52:40:27:94:0a:bb
CSI_DATA: 28 -64 1 0 18 -1 19 -2 20 -3 20 -4 19 -5 18 -6 16 -7 14 -8 12 -7 10 -6 9 -5 8 -3 7 -1 7 0 7 2 7 3 7 4 7 5 7 5 7 5 7 5 7 6 7 5 6 5 5 6 0 0 0 0 0 0 0 0 0 0 0 0 0 0 0 0 0 0 0 0 0 0 -4 -9 -3 -9 -3 -9 -2 -9 -1 -8 0 -7 1 -7 2 -6 4 -6 6 -5 8 -5 10 -6 12 -6 13 -7 14 -8 15 -10 14 -10 14 -12 13 -12 12 -12 11 -12 10 -11 10 -9 11 -7 12 -5 13 -3
CSI_META: ts=3193523133 rssi=-31 noise_floor=-98 channel=6 secondary_channel=0 sig_mode=0 mcs=0 rate=9 cwb=0 sgi=0 stbc=0 ant=0 len=128 rx_state=0 seq=-1 tx_mac=52:40:27:94:0a:bb
CSI_DATA: 28 -64 1 0 9 15 10 16 11 16 12 14 13 13 13 11 13 9 11 8 10 6 8 6 7 5 5 5 4 6 3 7 1 8 1 8 0 9 0 9 0 9 0 9 0 9 0 8 -1 8 -1 7 -2 6 0 0 0 0 0 0 0 0 0 0 0 0 0 0 0 0 0 0 0 0 0 0 6 -6 7 -5 7 -4 7 -4 6 -3 6 -2 6 -1 6 1 6 3 7 4 7 6 8 7 9 8 10 9 11 9 12 9 13 9 14 8 14 6 14 6 13 5 12 5 10 6 9 7 9 9 8 11
CSI_META: ts=3193729937 rssi=-32 noise_floor=-98 channel=6 secondary_channel=0 sig_mode=0 mcs=0 rate=9 cwb=0 sgi=0 stbc=0 ant=0 len=128 rx_state=0 seq=-1 tx_mac=52:40:27:94:0a:bb
CSI_DATA: 28 -64 1 0 -30 -4 -31 -3 -32 -1 -32 1 -31 3 -28 5 -25 6 -22 7 -20 6 -17 4 -15 2 -14 0 -13 -3 -13 -5 -13 -7 -13 -8 -14 -9 -14 -9 -13 -8 -14 -8 -13 -8 -12 -8 -10 -8 -9 -8 -7 -8 0 0 0 0 0 0 0 0 0 0 0 0 0 0 0 0 0 0 0 0 0 0 -1 14 -3 14 -3 14 -4 13 -4 12 -5 11 -6 10 -7 9 -8 7 -11 6 -13 4 -16 3 -19 3 -21 3 -24 4 -25 5 -26 7 -26 10 -25 11 -24 12 -22 12 -21 11 -19 9 -20 7 -20 4 -22 1
CSI_META: ts=3193731584 rssi=-32 noise_floor=-98 channel=6 secondary_channel=0 sig_mode=0 mcs=0 rate=9 cwb=0 sgi=0 stbc=0 ant=0 len=128 rx_state=0 seq=-1 tx_mac=52:40:27:94:0a:bb
CSI_DATA: 28 -64 1 0 28 -7 29 -8 29 -10 28 -12 26 -14 24 -15 21 -15 18 -15 16 -14 13 -12 12 -9 12 -6 11 -4 12 -2 13 0 13 2 14 2 14 3 14 3 14 3 13 3 13 3 12 4 11 4 9 5 0 0 0 0 0 0 0 0 0 0 0 0 0 0 0 0 0 0 0 0 0 0 -5 -14 -3 -15 -3 -14 -2 -14 -1 -13 0 -12 1 -11 3 -11 5 -9 9 -9 11 -9 14 -9 17 -10 19 -11 20 -12 21 -14 21 -16 20 -19 19 -19 18 -20 16 -19 15 -18 14 -15 16 -13 17 -10 20 -9
CSI_META: ts=3193731711 rssi=-31 noise_floor=-98 channel=6 secondary_channel=0 sig_mode=0 mcs=0 rate=9 cwb=0 sgi=0 stbc=0 ant=0 len=128 rx_state=0 seq=-1 tx_mac=52:40:27:94:0a:bb
CSI_DATA: 28 -64 1 0 -15 -12 -16 -12 -17 -12 -17 -10 -18 -8 -17 -7 -16 -5 -14 -4 -13 -4 -11 -3 -10 -4 -8 -4 -7 -5 -6 -7 -5 -8 -5 -9 -5 -9 -5 -9 -5 -9 -5 -9 -5 -9 -4 -8 -4 -8 -3 -7 -2 -6 0 0 0 0 0 0 0 0 0 0 0 0 0 0 0 0 0 0 0 0 0 0 -6 6 -7 6 -7 6 -7 5 -7 5 -7 4 -7 3 -7 2 -7 1 -8 -1 -9 -3 -10 -4 -11 -5 -13 -6 -14 -6 -15 -6 -16 -5 -17 -5 -17 -3 -17 -2 -17 -1 -15 -1 -14 -2 -13 -3 -12 -5 -12 -7
CSI_META: ts=3193735340 rssi=-31 noise_floor=-98 channel=6 secondary_channel=0 sig_mode=0 mcs=0 rate=9 cwb=0 sgi=0 stbc=0 ant=0 len=128 rx_state=0 seq=-1 tx_mac=52:40:27:94:0a:bb
CSI_DATA: 28 -64 1 0 -15 10 -15 11 -15 13 -14 13 -12 14 -10 14 -9 13 -7 13 -6 11 -6 10 -6 8 -6 6 -6 5 -7 4 -8 3 -9 2 -9 2 -9 1 -9 1 -10 1 -9 1 -9 1 -9 0 -8 0 -7 -1 0 0 0 0 0 0 0 0 0 0 0 0 0 0 0 0 0 0 0 0 0 0 6 6 5 7 4 6 4 6 3 6 2 6 1 6 0 6 -1 6 -4 7 -5 8 -6 8 -8 9 -9 10 -9 12 -9 14 -8 14 -8 15 -6 15 -5 15 -5 14 -4 13 -5 12 -6 11 -8 10 -10 10
CSI_META: ts=3193735485 rssi=-31 noise_floor=-98 channel=6 secondary_channel=0 sig_mode=0 mcs=0 rate=9 cwb=0 sgi=0 stbc=0 ant=0 len=128 rx_state=0 seq=-1 tx_mac=52:40:27:94:0a:bb
CSI_DATA: 28 -64 1 0 -19 -4 -20 -4 -20 -3 -20 -1 -19 0 -18 1 -16 2 -14 3 -12 2 -11 1 -10 0 -9 -1 -8 -2 -8 -4 -8 -5 -9 -6 -9 -6 -9 -6 -8 -6 -8 -6 -8 -6 -7 -5 -6 -5 -5 -5 -4 -5 0 0 0 0 0 0 0 0 0 0 0 0 0 0 0 0 0 0 0 0 0 0 -3 8 -4 8 -4 8 -5 8 -4 7 -5 7 -5 6 -5 5 -6 4 -7 3 -9 2 -10 1 -12 0 -13 0 -15 0 -16 1 -17 2 -17 3 -17 4 -17 5 -15 6 -15 5 -13 4 -13 3 -13 1 -14 -1
CSI_META: ts=3193735603 rssi=-31 noise_floor=-98 channel=6 secondary_channel=0 sig_mode=0 mcs=0 rate=9 cwb=0 sgi=0 stbc=0 ant=0 len=128 rx_state=0 seq=-1 tx_mac=52:40:27:94:0a:bb
CSI_DATA: 28 -64 1 0 -15 10 -16 11 -15 12 -14 13 -13 13 -11 13 -9 13 -8 12 -7 10 -6 9 -6 7 -7 5 -7 4 -8 3 -9 2 -9 2 -10 1 -10 1 -10 1 -10 1 -9 1 -9 1 -8 0 -7 0 -7 -1 0 0 0 0 0 0 0 0 0 0 0 0 0 0 0 0 0 0 0 0 0 0 5 7 4 8 3 8 3 8 3 7 2 7 1 7 0 6 -1 7 -3 7 -5 7 -6 7 -8 8 -9 9 -10 11 -10 12 -10 14 -9 14 -8 15 -7 15 -6 15 -6 14 -6 12 -7 11 -8 10 -10 9
CSI_META: ts=3194239927 rssi=-31 noise_floor=-98 channel=6 secondary_channel=0 sig_mode=0 mcs=0 rate=9 cwb=0 sgi=0 stbc=0 ant=0 len=128 rx_state=0 seq=-1 tx_mac=52:40:27:94:0a:bb
CSI_DATA: 28 -64 1 0 -17 7 -15 6 -13 4 -12 2 -12 1 -12 0 -13 -1 -13 -1 -14 -1 -15 -1 -15 0 -15 1 -15 1 -14 2 -13 2 -11 2 -10 1 -8 1 -7 0 -6 -1 -6 -2 -5 -3 -5 -4 -4 -5 -4 -6 0 0 0 0 0 0 0 0 0 0 0 0 0 0 0 0 0 0 0 0 0 0 -3 4 -5 4 -6 4 -7 3 -8 3 -9 3 -10 4 -11 4 -11 5 -12 5 -12 5 -11 5 -11 4 -11 4 -10 3 -10 2 -11 0 -12 -1 -14 -2 -15 -2 -17 -2 -19 -1 -21 0 -22 2 -23 4 -22 5
CSI_META: ts=3194448447 rssi=-31 noise_floor=-98 channel=6 secondary_channel=0 sig_mode=0 mcs=0 rate=9 cwb=0 sgi=0 stbc=0 ant=0 len=128 rx_state=0 seq=-1 tx_mac=52:40:27:94:0a:bb
CSI_DATA: 28 -64 1 0 -13 -19 -14 -16 -13 -15 -13 -12 -11 -10 -10 -9 -8 -9 -6 -9 -5 -10 -4 -10 -4 -11 -4 -12 -5 -12 -5 -13 -5 -13 -5 -12 -5 -11 -5 -9 -4 -8 -4 -7 -3 -7 -2 -6 0 -5 1 -5 2 -5 0 0 0 0 0 0 0 0 0 0 0 0 0 0 0 0 0 0 0 0 0 0 -8 1 -7 0 -7 -1 -7 -2 -6 -3 -6 -5 -5 -6 -5 -7 -6 -9 -6 -10 -7 -12 -8 -12 -9 -12 -10 -13 -10 -12 -11 -11 -10 -10 -9 -10 -8 -10 -7 -10 -6 -11 -6 -12 -5 -15 -6 -17 -7 -19 -8 -21
CSI_META: ts=3195692825 rssi=-32 noise_floor=-98 channel=6 secondary_channel=0 sig_mode=0 mcs=0 rate=9 cwb=0 sgi=0 stbc=0 ant=0 len=128 rx_state=0 seq=-1 tx_mac=52:40:27:94:0a:bb
CSI_DATA: 28 -64 1 0 -30 13 -31 15 -31 17 -29 18 -27 20 -23 20 -20 20 -16 19 -14 16 -12 13 -11 9 -11 5 -11 2 -12 -1 -13 -3 -14 -5 -15 -6 -15 -6 -15 -7 -15 -7 -15 -7 -14 -7 -13 -7 -12 -7 -10 -7 0 0 0 0 0 0 0 0 0 0 0 0 0 0 0 0 0 0 0 0 0 0 14 5 13 5 11 6 9 6 8 7 6 7 3 8 1 9 -2 10 -5 13 -8 15 -10 17 -12 19 -12 22 -12 24 -12 26 -10 27 -9 28 -7 26 -6 25 -5 22 -6 19 -7 17 -11 13 -15 12 -19 11
CSI_META: ts=3196038400 rssi=-31 noise_floor=-98 channel=6 secondary_channel=0 sig_mode=0 mcs=0 rate=9 cwb=0 sgi=0 stbc=0 ant=0 len=128 rx_state=0 seq=-1 tx_mac=52:40:27:94:0a:bb
CSI_DATA: 28 -64 1 0 11 -5 12 -3 13 -2 14 -2 15 -2 16 -3 16 -4 15 -5 15 -6 14 -7 12 -7 10 -6 9 -6 8 -5 7 -3 6 -2 6 0 5 1 5 2 5 3 6 4 6 5 6 5 6 5 5 6 0 0 0 0 0 0 0 0 0 0 0 0 0 0 0 0 0 0 0 0 0 0 0 -8 1 -9 1 -9 2 -10 2 -10 2 -10 2 -9 2 -10 3 -9 4 -9 4 -8 5 -6 7 -5 8 -5 10 -4 11 -5 13 -5 14 -6 15 -7 16 -9 16 -11 15 -12 14 -13 14 -13 12 -12 11 -11
CSI_META: ts=3196038562 rssi=-31 noise_floor=-98 channel=6 secondary_channel=0 sig_mode=0 mcs=0 rate=9 cwb=0 sgi=0 stbc=0 ant=0 len=128 rx_state=0 seq=-1 tx_mac=52:40:27:94:0a:bb
CSI_DATA: 28 -64 1 0 -3 -13 -1 -13 1 -14 1 -16 1 -16 0 -17 -1 -18 -2 -17 -4 -16 -5 -15 -5 -13 -5 -12 -4 -10 -2 -9 0 -8 1 -7 3 -6 4 -6 5 -6 5 -6 6 -6 6 -6 6 -6 6 -6 6 -5 0 0 0 0 0 0 0 0 0 0 0 0 0 0 0 0 0 0 0 0 0 0 -7 -1 -8 -2 -8 -3 -9 -4 -9 -4 -10 -5 -9 -5 -10 -5 -9 -5 -9 -5 -9 -5 -7 -6 -6 -7 -5 -8 -4 -10 -3 -12 -3 -14 -3 -15 -5 -17 -6 -18 -8 -18 -9 -18 -10 -17 -11 -16 -11 -14 -10 -13
CSI_META: ts=3196038734 rssi=-31 noise_floor=-98 channel=6 secondary_channel=0 sig_mode=0 mcs=0 rate=9 cwb=0 sgi=0 stbc=0 ant=0 len=128 rx_state=0 seq=-1 tx_mac=52:40:27:94:0a:bb
CSI_DATA: 28 -64 1 0 9 9 6 9 7 12 6 12 7 13 8 14 9 13 9 13 11 11 10 9 9 8 8 7 6 6 5 6 3 5 2 6 0 5 -1 6 -2 6 -3 7 -3 7 -3 8 -3 7 -4 7 -4 6 0 0 0 0 0 0 0 0 0 0 0 0 0 0 0 0 0 0 0 0 0 0 5 -4 6 -3 8 -4 7 -3 9 -4 8 -3 9 -2 9 -3 9 -2 9 -2 9 -1 8 0 8 2 7 3 7 5 9 8 8 8 11 10 11 9 14 10 16 10 16 9 18 8 16 6 16 5 14 5
CSI_META: ts=3196042410 rssi=-32 noise_floor=-98 channel=6 secondary_channel=0 sig_mode=0 mcs=0 rate=9 cwb=0 sgi=0 stbc=0 ant=0 len=128 rx_state=0 seq=-1 tx_mac=52:40:27:94:0a:bb
CSI_DATA: 28 -64 1 0 -21 -5 -21 -8 -20 -11 -22 -12 -24 -12 -26 -12 -27 -10 -27 -8 -26 -6 -25 -5 -23 -3 -21 -2 -18 -3 -15 -3 -12 -4 -10 -6 -8 -7 -7 -9 -6 -10 -5 -11 -5 -13 -5 -14 -5 -14 -4 -14 -3 -14 0 0 0 0 0 0 0 0 0 0 0 0 0 0 0 0 0 0 0 0 0 0 -7 9 -9 9 -11 9 -12 9 -13 9 -13 9 -13 9 -14 9 -14 9 -14 8 -14 6 -14 3 -14 1 -15 -2 -17 -4 -19 -6 -22 -7 -25 -7 -28 -6 -31 -4 -32 -2 -33 1 -32 2 -31 3 -29 4 -26 3
CSI_META: ts=3196042555 rssi=-31 noise_floor=-98 channel=6 secondary_channel=0 sig_mode=0 mcs=0 rate=9 cwb=0 sgi=0 stbc=0 ant=0 len=128 rx_state=0 seq=-1 tx_mac=52:40:27:94:0a:bb
CSI_DATA: 28 -64 1 0 -7 -11 -5 -12 -4 -14 -4 -15 -4 -15 -5 -16 -6 -16 -7 -16 -8 -15 -8 -14 -8 -12 -8 -11 -7 -9 -6 -8 -4 -7 -3 -7 -1 -7 0 -7 2 -6 2 -7 3 -7 4 -7 4 -7 5 -7 5 -6 0 0 0 0 0 0 0 0 0 0 0 0 0 0 0 0 0 0 0 0 0 0 -8 1 -9 0 -10 0 -10 -1 -10 -1 -10 -1 -10 -1 -10 -2 -9 -2 -9 -3 -8 -4 -7 -5 -7 -7 -6 -8 -6 -10 -6 -12 -7 -13 -8 -15 -10 -15 -12 -15 -13 -15 -14 -14 -15 -14 -15 -13 -14 -11 -13 -11
CSI_META: ts=3196042673 rssi=-32 noise_floor=-98 channel=6 secondary_channel=0 sig_mode=0 mcs=0 rate=9 cwb=0 sgi=0 stbc=0 ant=0 len=128 rx_state=0 seq=-1 tx_mac=52:40:27:94:0a:bb
CSI_DATA: 28 -64 1 0 -21 -6 -20 -9 -20 -12 -22 -13 -24 -13 -26 -13 -27 -11 -26 -9 -27 -7 -25 -5 -23 -4 -20 -3 -17 -2 -15 -3 -12 -5 -10 -6 -8 -8 -7 -9 -5 -10 -5 -11 -5 -13 -5 -14 -4 -14 -4 -14 -2 -14 0 0 0 0 0 0 0 0 0 0 0 0 0 0 0 0 0 0 0 0 0 0 -7 9 -9 9 -11 9 -12 9 -13 9 -13 9 -14 9 -14 9 -14 9 -14 8 -14 6 -14 3 -14 1 -16 -2 -17 -4 -19 -6 -21 -7 -25 -7 -28 -6 -31 -5 -32 -2 -33 0 -32 1 -31 2 -29 3 -26 2
CSI_META: ts=3196185657 rssi=-31 noise_floor=-98 channel=6 secondary_channel=0 sig_mode=0 mcs=0 rate=9 cwb=0 sgi=0 stbc=0 ant=0 len=128 rx_state=0 seq=-1 tx_mac=52:40:27:94:0a:bb
CSI_DATA: 28 -64 1 0 -20 12 -17 13 -15 13 -13 12 -11 12 -9 10 -8 8 -8 6 -8 4 -9 3 -10 2 -11 1 -12 1 -12 1 -12 1 -13 1 -12 2 -11 2 -10 2 -9 1 -8 1 -8 1 -6 0 -6 -1 -5 -3 0 0 0 0 0 0 0 0 0 0 0 0 0 0 0 0 0 0 0 0 0 0 3 5 2 5 1 5 -1 5 -2 5 -3 5 -5 5 -7 6 -8 7 -9 8 -10 9 -11 10 -10 11 -10 11 -9 11 -9 11 -8 11 -8 10 -7 8 -8 7 -9 6 -11 5 -13 5 -16 5 -18 6 -20 7
CSI_META: ts=3196712898 rssi=-32 noise_floor=-98 channel=6 secondary_channel=0 sig_mode=0 mcs=0 rate=9 cwb=0 sgi=0 stbc=0 ant=0 len=128 rx_state=0 seq=-1 tx_mac=52:40:27:94:0a:bb
CSI_DATA: 28 -64 1 0 -2 21 -5 20 -8 20 -9 20 -10 22 -10 23 -9 25 -7 25 -6 26 -4 24 -2 23 -1 21 -1 19 -1 17 -2 14 -3 12 -4 10 -6 8 -7 7 -9 6 -10 6 -11 5 -12 5 -13 4 -14 3 0 0 0 0 0 0 0 0 0 0 0 0 0 0 0 0 0 0 0 0 0 0 9 8 8 9 8 11 8 12 8 13 8 13 8 13 8 14 7 14 6 14 5 14 2 14 0 14 -2 15 -4 16 -5 19 -7 21 -7 24 -6 25 -5 29 -3 30 -1 31 1 33 3 31 4 30 4 28
CSI_META: ts=3197208779 rssi=-31 noise_floor=-98 channel=6 secondary_channel=0 sig_mode=0 mcs=0 rate=9 cwb=0 sgi=0 stbc=0 ant=0 len=128 rx_state=0 seq=-1 tx_mac=52:40:27:94:0a:bb
CSI_DATA: 28 -64 1 0 -14 -4 -14 -6 -14 -7 -15 -7 -16 -7 -17 -6 -16 -6 -16 -4 -16 -3 -15 -2 -15 -1 -13 -1 -12 -1 -10 -1 -9 -2 -8 -3 -6 -3 -6 -4 -5 -5 -5 -6 -5 -7 -5 -7 -4 -8 -4 -8 -3 -8 0 0 0 0 0 0 0 0 0 0 0 0 0 0 0 0 0 0 0 0 0 0 -7 5 -8 5 -8 4 -9 4 -9 4 -9 3 -9 3 -9 3 -9 2 -9 1 -10 0 -10 -2 -10 -3 -11 -4 -12 -5 -13 -6 -15 -6 -16 -6 -18 -5 -19 -4 -19 -3 -19 -1 -19 -1 -18 0 -17 0 -16 -1
CSI_META: ts=3199667132 rssi=-30 noise_floor=-98 channel=6 secondary_channel=0 sig_mode=0 mcs=0 rate=9 cwb=0 sgi=0 stbc=0 ant=0 len=128 rx_state=0 seq=-1 tx_mac=52:40:27:94:0a:bb
CSI_DATA: 28 -64 1 0 2 14 2 15 1 17 2 17 2 17 4 17 5 16 5 15 6 14 6 12 5 10 4 9 3 9 2 8 0 8 -1 8 -2 7 -3 8 -3 7 -4 8 -3 8 -4 8 -4 7 -4 7 -5 6 0 0 0 0 0 0 0 0 0 0 0 0 0 0 0 0 0 0 0 0 0 0 7 2 7 3 7 3 7 4 7 5 7 5 7 5 7 5 7 6 6 6 5 8 4 8 3 9 3 10 2 12 2 13 3 15 4 16 5 16 7 17 7 16 9 16 8 16 9 15 8 14 7 14
CSI_META: ts=3199875267 rssi=-31 noise_floor=-98 channel=6 secondary_channel=0 sig_mode=0 mcs=0 rate=9 cwb=0 sgi=0 stbc=0 ant=0 len=128 rx_state=0 seq=-1 tx_mac=52:40:27:94:0a:bb
CSI_DATA: 28 -64 1 0 17 0 19 0 20 -1 21 -2 20 -4 19 -5 18 -6 15 -7 13 -7 11 -6 10 -5 8 -3 7 -1 7 1 6 3 6 4 6 6 6 6 6 6 6 7 6 7 6 7 5 7 5 7 3 7 0 0 0 0 0 0 0 0 0 0 0 0 0 0 0 0 0 0 0 0 0 0 -5 -9 -5 -9 -4 -10 -4 -10 -3 -9 -2 -8 -1 -8 0 -7 1 -7 3 -7 5 -6 8 -6 10 -6 12 -7 13 -8 14 -10 14 -11 14 -13 14 -14 13 -14 12 -14 11 -13 9 -11 10 -9 10 -7 11 -5
CSI_META: ts=3199875439 rssi=-30 noise_floor=-98 channel=6 secondary_channel=0 sig_mode=0 mcs=0 rate=9 cwb=0 sgi=0 stbc=0 ant=0 len=128 rx_state=0 seq=-1 tx_mac=52:40:27:94:0a:bb
CSI_DATA: 28 -64 1 0 -18 -5 -18 -6 -22 -6 -20 -4 -21 -4 -20 -2 -19 -1 -17 2 -16 1 -13 1 -11 0 -9 -1 -7 -3 -7 -4 -6 -5 -7 -8 -6 -8 -6 -9 -5 -9 -5 -9 -5 -9 -6 -10 -5 -9 -4 -8 -2 -7 0 0 0 0 0 0 0 0 0 0 0 0 0 0 0 0 0 0 0 0 0 0 1 9 -1 9 -1 10 -1 8 -2 9 -1 8 -3 7 -3 6 -4 6 -7 4 -8 3 -10 2 -12 1 -14 1 -14 1 -18 4 -17 4 -19 6 -17 7 -18 8 -16 8 -14 8 -14 7 -13 5 -13 2 -13 -1
CSI_META: ts=3200691141 rssi=-31 noise_floor=-98 channel=6 secondary_channel=0 sig_mode=0 mcs=0 rate=9 cwb=0 sgi=0 stbc=0 ant=0 len=128 rx_state=0 seq=-1 tx_mac=52:40:27:94:0a:bb
CSI_DATA: 28 -64 1 0 5 -24 3 -22 1 -21 0 -19 -1 -16 -1 -14 0 -12 1 -10 2 -9 4 -8 5 -8 7 -8 7 -9 8 -9 8 -10 8 -10 8 -10 7 -9 6 -8 5 -8 5 -7 4 -6 4 -4 4 -3 4 -1 0 0 0 0 0 0 0 0 0 0 0 0 0 0 0 0 0 0 0 0 0 0 -7 -1 -6 -3 -5 -3 -4 -5 -3 -6 -2 -7 -1 -8 -1 -10 0 -12 0 -13 -1 -15 -1 -16 -2 -16 -2 -16 -3 -16 -4 -15 -3 -14 -3 -13 -2 -11 0 -11 2 -11 5 -11 6 -13 8 -15 9 -18 10 -21
CSI_META: ts=3201045198 rssi=-32 noise_floor=-98 channel=6 secondary_channel=0 sig_mode=0 mcs=0 rate=9 cwb=0 sgi=0 stbc=0 ant=0 len=128 rx_state=0 seq=-1 tx_mac=52:40:27:94:0a:bb
CSI_DATA: 28 -64 1 0 11 -35 8 -34 5 -32 3 -28 1 -24 1 -21 2 -17 4 -15 6 -14 8 -13 10 -13 12 -13 13 -14 13 -15 13 -16 13 -15 11 -14 10 -14 8 -12 8 -11 7 -9 6 -8 7 -5 7 -3 7 0 0 0 0 0 0 0 0 0 0 0 0 0 0 0 0 0 0 0 0 0 0 0 -11 -5 -10 -6 -8 -7 -6 -8 -3 -9 -2 -10 0 -12 1 -15 3 -17 4 -20 3 -22 3 -24 2 -25 1 -25 0 -25 -1 -24 -1 -22 -1 -21 0 -19 3 -17 5 -17 9 -18 12 -20 15 -22 17 -26 17 -31
CSI_META: ts=3201553253 rssi=-31 noise_floor=-98 channel=6 secondary_channel=0 sig_mode=0 mcs=0 rate=9 cwb=0 sgi=0 stbc=0 ant=0 len=128 rx_state=0 seq=-1 tx_mac=52:40:27:94:0a:bb
CSI_DATA: 28 -64 1 0 16 -7 17 -8 17 -9 16 -10 15 -11 13 -11 12 -11 10 -11 8 -10 7 -9 6 -7 6 -5 6 -4 7 -2 7 -1 8 0 8 0 8 1 8 1 8 1 8 1 8 1 7 1 7 2 6 2 0 0 0 0 0 0 0 0 0 0 0 0 0 0 0 0 0 0 0 0 0 0 -4 -8 -4 -8 -3 -8 -3 -8 -2 -8 -1 -7 0 -6 1 -6 3 -6 5 -7 6 -7 8 -7 9 -8 10 -9 11 -10 11 -11 11 -12 10 -13 9 -14 8 -13 7 -13 7 -12 7 -10 8 -9 10 -8 11 -7
CSI_META: ts=3201553403 rssi=-31 noise_floor=-98 channel=6 secondary_channel=0 sig_mode=0 mcs=0 rate=9 cwb=0 sgi=0 stbc=0 ant=0 len=128 rx_state=0 seq=-1 tx_mac=52:40:27:94:0a:bb
CSI_DATA: 28 -64 1 0 14 -12 13 -12 14 -14 12 -14 11 -15 9 -15 8 -14 5 -13 5 -11 4 -10 5 -7 5 -6 6 -4 7 -4 7 -3 9 -2 9 -2 9 -2 8 -3 9 -2 8 -2 8 -2 7 -2 6 -1 5 0 0 0 0 0 0 0 0 0 0 0 0 0 0 0 0 0 0 0 0 0 0 0 -6 -7 -6 -7 -5 -8 -5 -8 -4 -8 -3 -7 -3 -7 -1 -7 0 -7 2 -8 3 -8 5 -8 7 -9 8 -11 8 -12 8 -14 7 -14 7 -16 5 -15 5 -16 4 -15 4 -14 4 -13 6 -11 7 -10 9 -10
CSI_META: ts=3201553511 rssi=-31 noise_floor=-98 channel=6 secondary_channel=0 sig_mode=0 mcs=0 rate=9 cwb=0 sgi=0 stbc=0 ant=0 len=128 rx_state=0 seq=-1 tx_mac=52:40:27:94:0a:bb
CSI_DATA: 28 -64 1 0 17 -1 19 -2 18 -3 19 -4 17 -5 16 -6 14 -6 12 -6 10 -6 8 -5 8 -3 7 -1 7 1 7 2 8 3 8 3 8 4 8 4 8 3 8 3 7 3 7 3 6 3 5 3 3 3 0 0 0 0 0 0 0 0 0 0 0 0 0 0 0 0 0 0 0 0 0 0 -1 -9 0 -9 0 -9 1 -9 1 -8 1 -8 2 -7 2 -7 3 -5 5 -5 6 -5 8 -4 10 -4 11 -4 13 -5 13 -6 15 -7 14 -8 14 -10 13 -10 12 -10 11 -9 10 -7 10 -6 11 -5 13 -3
CSI_META: ts=3201758396 rssi=-32 noise_floor=-98 channel=6 secondary_channel=0 sig_mode=0 mcs=0 rate=9 cwb=0 sgi=0 stbc=0 ant=0 len=128 rx_state=0 seq=-1 tx_mac=52:40:27:94:0a:bb
CSI_DATA: 28 -64 1 0 22 17 19 15 15 15 12 14 9 15 8 16 7 18 7 20 7 21 8 21 10 21 11 20 12 19 12 17 11 15 10 13 8 11 5 10 3 9 1 8 -1 8 -3 9 -4 8 -6 9 -8 9 0 0 0 0 0 0 0 0 0 0 0 0 0 0 0 0 0 0 0 0 0 0 8 -1 8 1 9 3 10 5 11 6 12 8 12 9 14 9 15 10 16 11 17 11 16 11 16 10 14 10 13 10 10 11 9 13 8 15 8 17 9 21 10 23 13 26 15 28 19 29 23 28 24 26
CSI_META: ts=3202594342 rssi=-32 noise_floor=-98 channel=6 secondary_channel=0 sig_mode=0 mcs=0 rate=9 cwb=0 sgi=0 stbc=0 ant=0 len=128 rx_state=0 seq=-1 tx_mac=52:40:27:94:0a:bb
CSI_DATA: 28 -64 1 0 0 30 1 30 3 32 5 30 7 29 9 27 10 25 10 22 9 19 7 16 6 14 3 13 1 12 -1 13 -3 13 -5 13 -5 13 -7 13 -6 13 -7 13 -6 13 -6 13 -6 12 -7 11 -7 9 0 0 0 0 0 0 0 0 0 0 0 0 0 0 0 0 0 0 0 0 0 0 15 0 14 1 13 2 12 2 12 3 10 4 9 6 8 7 6 10 5 12 4 15 4 18 4 20 5 22 6 23 8 25 9 25 11 25 13 23 14 22 13 21 12 19 10 20 8 19 5 20 3 22
CSI_META: ts=3202841603 rssi=-32 noise_floor=-98 channel=6 secondary_channel=0 sig_mode=0 mcs=0 rate=9 cwb=0 sgi=0 stbc=0 ant=0 len=128 rx_state=0 seq=-1 tx_mac=52:40:27:94:0a:bb
CSI_DATA: 28 -64 1 0 29 2 30 0 31 -1 30 -2 29 -5 28 -7 25 -8 22 -9 19 -8 16 -7 15 -5 14 -3 13 0 12 2 12 3 12 5 12 6 12 7 12 7 12 7 12 7 12 7 10 7 9 7 7 8 0 0 0 0 0 0 0 0 0 0 0 0 0 0 0 0 0 0 0 0 0 0 0 -15 1 -14 2 -14 3 -13 4 -12 4 -10 5 -9 7 -8 9 -7 12 -6 14 -4 16 -4 19 -4 22 -4 23 -6 24 -7 24 -8 24 -11 23 -12 22 -12 21 -12 20 -12 18 -9 19 -7 21 -4 22 -2
CSI_META: ts=3205478493 rssi=-31 noise_floor=-98 channel=6 secondary_channel=0 sig_mode=0 mcs=0 rate=9 cwb=0 sgi=0 stbc=0 ant=0 len=128 rx_state=0 seq=-1 tx_mac=52:40:27:94:0a:bb
CSI_DATA: 28 -64 1 0 -30 -5 -26 -4 -22 -6 -19 -7 -17 -8 -17 -10 -16 -13 -17 -14 -18 -15 -19 -15 -21 -14 -21 -13 -21 -11 -20 -10 -19 -9 -18 -7 -14 -6 -12 -6 -9 -6 -8 -6 -6 -7 -4 -8 -2 -9 0 -11 1 -12 0 0 0 0 0 0 0 0 0 0 0 0 0 0 0 0 0 0 0 0 0 0 -8 4 -10 3 -12 1 -14 0 -15 -1 -16 -2 -17 -2 -19 -2 -20 -2 -21 -1 -21 -2 -21 -2 -20 -2 -18 -3 -17 -4 -16 -6 -15 -8 -16 -11 -18 -13 -20 -15 -23 -17 -27 -17 -30 -18 -33 -16 -36 -14 -36 -11
CSI_META: ts=3205478647 rssi=-30 noise_floor=-98 channel=6 secondary_channel=0 sig_mode=0 mcs=0 rate=9 cwb=0 sgi=0 stbc=0 ant=0 len=128 rx_state=0 seq=-1 tx_mac=52:40:27:94:0a:bb
CSI_DATA: 28 -64 1 0 -19 -4 -17 -3 -14 -4 -12 -5 -11 -6 -10 -7 -10 -8 -10 -9 -11 -9 -13 -9 -13 -8 -14 -8 -13 -7 -13 -7 -12 -6 -11 -5 -9 -4 -8 -4 -6 -4 -5 -4 -4 -5 -3 -5 -2 -6 -1 -7 0 -7 0 0 0 0 0 0 0 0 0 0 0 0 0 0 0 0 0 0 0 0 0 0 -6 2 -7 1 -8 0 -9 -1 -10 -1 -11 -2 -11 -2 -12 -2 -13 -2 -13 -1 -14 -1 -13 -1 -12 -1 -11 -2 -10 -3 -10 -5 -10 -6 -10 -7 -11 -9 -12 -10 -15 -11 -16 -12 -19 -11 -21 -10 -22 -8 -22 -7
CSI_META: ts=3205833328 rssi=-32 noise_floor=-98 channel=6 secondary_channel=0 sig_mode=0 mcs=0 rate=9 cwb=0 sgi=0 stbc=0 ant=0 len=128 rx_state=0 seq=-1 tx_mac=52:40:27:94:0a:bb
CSI_DATA: 28 -64 1 0 20 -1 20 1 21 4 22 5 24 5 25 5 26 3 26 1 25 0 24 -2 22 -3 20 -3 17 -3 15 -3 13 -1 11 1 9 3 8 4 8 6 7 8 7 9 7 10 6 11 6 11 5 12 0 0 0 0 0 0 0 0 0 0 0 0 0 0 0 0 0 0 0 0 0 0 5 -11 7 -12 8 -12 9 -13 10 -13 10 -13 9 -12 10 -12 10 -11 11 -10 11 -8 12 -7 13 -4 15 -2 17 0 19 0 22 1 25 0 27 -1 30 -3 30 -6 30 -8 30 -9 29 -11 27 -10 24 -10
CSI_META: ts=3205833455 rssi=-31 noise_floor=-98 channel=6 secondary_channel=0 sig_mode=0 mcs=0 rate=9 cwb=0 sgi=0 stbc=0 ant=0 len=128 rx_state=0 seq=-1 tx_mac=52:40:27:94:0a:bb
CSI_DATA: 28 -64 1 0 -11 -8 -9 -10 -8 -11 -9 -13 -9 -13 -10 -13 -11 -13 -11 -13 -12 -11 -12 -10 -12 -8 -11 -7 -10 -7 -7 -6 -6 -6 -4 -6 -3 -6 -2 -7 -1 -7 0 -7 0 -8 1 -8 1 -8 1 -9 2 -8 0 0 0 0 0 0 0 0 0 0 0 0 0 0 0 0 0 0 0 0 0 0 -7 3 -8 2 -9 1 -10 1 -10 1 -10 1 -10 0 -10 0 -10 0 -10 0 -9 -1 -9 -2 -8 -4 -8 -5 -8 -7 -9 -9 -10 -11 -11 -11 -14 -11 -14 -11 -17 -11 -17 -10 -18 -8 -18 -6 -17 -6 -15 -6
CSI_META: ts=3205833618 rssi=-31 noise_floor=-98 channel=6 secondary_channel=0 sig_mode=0 mcs=0 rate=9 cwb=0 sgi=0 stbc=0 ant=0 len=128 rx_state=0 seq=-1 tx_mac=52:40:27:94:0a:bb
CSI_DATA: 28 -64 1 0 -1 12 -3 12 -5 13 -5 13 -5 14 -5 15 -4 15 -3 16 -2 15 -1 15 0 13 0 12 0 10 0 9 -1 8 -2 6 -3 5 -4 5 -5 4 -6 4 -6 3 -7 3 -8 3 -8 3 -8 2 0 0 0 0 0 0 0 0 0 0 0 0 0 0 0 0 0 0 0 0 0 0 6 4 6 5 6 6 6 6 6 7 6 7 5 7 6 7 5 7 4 7 3 7 2 8 1 8 -1 9 -2 10 -3 12 -3 13 -3 15 -2 16 -1 18 0 18 2 19 3 19 4 18 4 16 3 15
CSI_META: ts=3205837293 rssi=-31 noise_floor=-98 channel=6 secondary_channel=0 sig_mode=0 mcs=0 rate=9 cwb=0 sgi=0 stbc=0 ant=0 len=128 rx_state=0 seq=-1 tx_mac=52:40:27:94:0a:bb
CSI_DATA: 28 -64 1 0 -10 9 -12 8 -12 7 -13 7 -14 8 -15 9 -14 9 -14 10 -12 11 -11 11 -10 10 -9 10 -8 9 -7 7 -7 6 -7 4 -7 3 -7 1 -7 0 -8 -1 -8 -2 -8 -2 -8 -3 -9 -3 -8 -4 0 0 0 0 0 0 0 0 0 0 0 0 0 0 0 0 0 0 0 0 0 0 2 7 1 8 1 9 0 9 0 9 0 10 0 9 0 10 -1 9 -2 9 -3 9 -4 8 -6 7 -7 7 -9 7 -10 8 -12 9 -12 11 -13 12 -13 14 -13 15 -11 17 -10 17 -9 17 -9 16 -8 15
CSI_META: ts=3205837401 rssi=-31 noise_floor=-98 channel=6 secondary_channel=0 sig_mode=0 mcs=0 rate=9 cwb=0 sgi=0 stbc=0 ant=0 len=128 rx_state=0 seq=-1 tx_mac=52:40:27:94:0a:bb
CSI_DATA: 28 -64 1 0 -14 2 -14 1 -15 0 -16 -1 -16 -1 -17 0 -18 0 -17 2 -17 2 -16 3 -15 4 -13 4 -12 3 -10 3 -9 2 -8 0 -7 -1 -7 -2 -6 -3 -6 -4 -6 -5 -6 -6 -6 -6 -6 -7 -6 -8 0 0 0 0 0 0 0 0 0 0 0 0 0 0 0 0 0 0 0 0 0 0 -3 7 -4 7 -5 8 -6 8 -6 8 -6 8 -6 8 -6 7 -6 7 -7 6 -8 5 -8 4 -9 3 -10 2 -12 1 -14 1 -15 1 -17 2 -18 3 -19 5 -19 6 -19 7 -18 8 -18 9 -17 8 -15 8
CSI_META: ts=3205837510 rssi=-30 noise_floor=-98 channel=6 secondary_channel=0 sig_mode=0 mcs=0 rate=9 cwb=0 sgi=0 stbc=0 ant=0 len=128 rx_state=0 seq=-1 tx_mac=52:40:27:94:0a:bb
CSI_DATA: 28 -64 1 0 -13 -7 -12 -8 -12 -10 -13 -11 -13 -11 -15 -11 -15 -11 -15 -9 -15 -8 -15 -6 -14 -5 -12 -5 -11 -4 -9 -4 -7 -5 -6 -6 -4 -6 -4 -7 -3 -8 -3 -8 -2 -9 -2 -9 -2 -9 -2 -9 -1 -9 0 0 0 0 0 0 0 0 0 0 0 0 0 0 0 0 0 0 0 0 0 0 -6 4 -7 3 -8 3 -9 2 -10 2 -11 2 -11 2 -11 2 -11 2 -11 2 -11 1 -10 0 -10 -1 -10 -3 -10 -5 -11 -7 -12 -8 -14 -8 -16 -8 -18 -8 -19 -7 -20 -6 -20 -5 -20 -4 -19 -3 -18 -3
CSI_META: ts=3206603803 rssi=-32 noise_floor=-98 channel=6 secondary_channel=0 sig_mode=0 mcs=0 rate=9 cwb=0 sgi=0 stbc=0 ant=0 len=128 rx_state=0 seq=-1 tx_mac=52:40:27:94:0a:bb
CSI_DATA: 28 -64 1 0 14 -35 11 -34 8 -33 5 -29 3 -26 3 -22 3 -18 4 -16 7 -13 9 -12 12 -11 13 -11 14 -12 16 -13 16 -14 16 -13 14 -14 12 -13 11 -12 10 -11 9 -9 8 -7 8 -5 7 -2 7 0 0 0 0 0 0 0 0 0 0 0 0 0 0 0 0 0 0 0 0 0 0 0 -12 -5 -10 -6 -8 -7 -6 -8 -4 -9 -2 -11 0 -12 1 -14 3 -17 4 -20 5 -23 4 -25 4 -25 2 -26 1 -26 -1 -25 -1 -23 -1 -22 0 -19 3 -18 6 -17 9 -18 14 -19 17 -21 20 -24 21 -30
CSI_META: ts=3206961276 rssi=-31 noise_floor=-98 channel=6 secondary_channel=0 sig_mode=0 mcs=0 rate=9 cwb=0 sgi=0 stbc=0 ant=0 len=128 rx_state=0 seq=-1 tx_mac=52:40:27:94:0a:bb
CSI_DATA: 28 -64 1 0 23 -5 21 -6 20 -7 17 -8 15 -8 13 -7 11 -6 10 -5 9 -3 9 -2 9 0 10 1 11 2 11 2 12 2 12 2 11 2 11 1 10 1 9 1 8 1 7 1 6 2 5 3 3 3 0 0 0 0 0 0 0 0 0 0 0 0 0 0 0 0 0 0 0 0 0 0 -2 -8 -1 -7 1 -7 2 -6 3 -5 4 -5 6 -4 7 -5 9 -4 11 -5 13 -6 13 -6 14 -7 14 -7 14 -9 13 -9 12 -8 11 -8 11 -7 11 -5 11 -4 12 -3 13 -1 16 0 19 0 21 -1
CSI_META: ts=3208726463 rssi=-32 noise_floor=-98 channel=6 secondary_channel=0 sig_mode=0 mcs=0 rate=9 cwb=0 sgi=0 stbc=0 ant=0 len=128 rx_state=0 seq=-1 tx_mac=52:40:27:94:0a:bb
CSI_DATA: 28 -64 1 0 3 28 4 29 7 30 9 27 11 26 12 23 12 20 11 18 10 15 8 13 6 11 3 10 0 10 -2 11 -4 12 -5 12 -6 12 -6 13 -6 12 -7 13 -6 12 -6 12 -6 11 -6 10 -7 8 0 0 0 0 0 0 0 0 0 0 0 0 0 0 0 0 0 0 0 0 0 0 12 -6 12 -4 11 -3 11 -2 10 -1 9 1 8 2 8 4 7 7 7 9 7 13 8 15 9 17 10 19 12 19 14 20 14 20 16 19 17 17 16 15 15 14 14 13 11 14 8 15 6 17 4 20
CSI_META: ts=3209087194 rssi=-30 noise_floor=-98 channel=6 secondary_channel=0 sig_mode=0 mcs=0 rate=9 cwb=0 sgi=0 stbc=0 ant=0 len=128 rx_state=0 seq=-1 tx_mac=52:40:27:94:0a:bb
CSI_DATA: 28 -64 1 0 22 14 23 15 25 16 27 14 28 12 28 9 27 7 24 5 22 3 19 3 17 3 14 3 11 5 10 6 8 8 7 10 6 11 5 12 5 12 5 13 5 13 4 13 4 13 3 12 1 12 0 0 0 0 0 0 0 0 0 0 0 0 0 0 0 0 0 0 0 0 0 0 6 -13 7 -13 8 -12 8 -11 8 -10 8 -9 8 -7 9 -6 10 -3 12 -1 14 1 15 4 17 5 20 6 23 6 24 6 26 5 27 3 28 1 28 -1 26 -2 25 -3 22 -1 21 1 20 3 20 6
CSI_META: ts=3209087302 rssi=-30 noise_floor=-98 channel=6 secondary_channel=0 sig_mode=0 mcs=0 rate=9 cwb=0 sgi=0 stbc=0 ant=0 len=128 rx_state=0 seq=-1 tx_mac=52:40:27:94:0a:bb
CSI_DATA: 28 -64 1 0 -2 16 -2 18 -2 19 0 19 1 19 3 18 4 17 4 15 4 13 4 11 3 9 1 8 0 7 -2 7 -3 7 -5 6 -6 6 -6 6 -6 6 -7 6 -7 6 -7 6 -7 6 -7 5 -7 4 0 0 0 0 0 0 0 0 0 0 0 0 0 0 0 0 0 0 0 0 0 0 9 -2 9 -1 9 -1 8 0 8 0 7 1 6 2 5 3 5 4 4 5 3 7 3 9 3 11 3 12 4 14 5 15 6 16 8 16 9 15 10 14 10 13 9 12 7 11 6 11 5 11 2 12
CSI_META: ts=3209090995 rssi=-30 noise_floor=-98 channel=6 secondary_channel=0 sig_mode=0 mcs=0 rate=9 cwb=0 sgi=0 stbc=0 ant=0 len=128 rx_state=0 seq=-1 tx_mac=52:40:27:94:0a:bb
CSI_DATA: 28 -64 1 0 17 0 18 0 19 -1 19 -2 19 -4 18 -5 16 -6 14 -7 13 -7 11 -6 9 -5 8 -3 7 -2 7 -1 7 1 7 3 6 4 6 4 6 4 7 5 7 5 7 5 6 5 6 5 4 6 0 0 0 0 0 0 0 0 0 0 0 0 0 0 0 0 0 0 0 0 0 0 -3 -10 -2 -10 -2 -10 -1 -9 -1 -9 0 -8 1 -7 2 -7 3 -6 5 -6 7 -5 9 -5 11 -5 13 -5 13 -6 14 -8 14 -8 15 -10 14 -11 13 -11 12 -11 11 -11 10 -10 10 -8 11 -6 12 -4
CSI_META: ts=3209091104 rssi=-30 noise_floor=-98 channel=6 secondary_channel=0 sig_mode=0 mcs=0 rate=9 cwb=0 sgi=0 stbc=0 ant=0 len=128 rx_state=0 seq=-1 tx_mac=52:40:27:94:0a:bb
CSI_DATA: 28 -64 1 0 13 10 15 10 16 10 17 9 17 8 17 6 16 4 14 3 12 2 10 2 8 2 7 3 5 4 4 6 4 7 3 8 3 8 2 9 3 9 3 9 2 8 2 8 1 8 1 7 -1 6 0 0 0 0 0 0 0 0 0 0 0 0 0 0 0 0 0 0 0 0 0 0 3 -9 4 -9 4 -9 5 -9 5 -8 5 -8 4 -7 5 -6 5 -5 6 -3 7 -1 8 0 10 1 12 3 13 3 15 3 16 2 17 1 18 -1 18 -2 17 -3 16 -3 14 -2 13 -1 12 1 12 4
CSI_META: ts=3209091222 rssi=-30 noise_floor=-98 channel=6 secondary_channel=0 sig_mode=0 mcs=0 rate=9 cwb=0 sgi=0 stbc=0 ant=0 len=128 rx_state=0 seq=-1 tx_mac=52:40:27:94:0a:bb
CSI_DATA: 28 -64 1 0 16 -4 17 -5 19 -6 18 -7 17 -8 16 -9 14 -10 12 -10 10 -9 9 -8 7 -6 7 -4 7 -2 7 -1 7 1 8 2 8 3 8 3 8 3 8 3 8 3 8 3 7 3 6 3 5 4 0 0 0 0 0 0 0 0 0 0 0 0 0 0 0 0 0 0 0 0 0 0 -4 -9 -4 -9 -4 -10 -3 -9 -2 -9 -2 -9 -2 -8 -1 -8 1 -7 3 -7 5 -7 6 -7 8 -7 10 -8 11 -9 12 -10 12 -12 12 -13 11 -14 11 -15 9 -14 8 -14 8 -12 8 -10 9 -8 11 -7
CSI_META: ts=3209190469 rssi=-31 noise_floor=-98 channel=6 secondary_channel=0 sig_mode=0 mcs=0 rate=9 cwb=0 sgi=0 stbc=0 ant=0 len=128 rx_state=0 seq=-1 tx_mac=52:40:27:94:0a:bb
CSI_DATA: 28 -64 1 0 -12 -21 -13 -19 -12 -17 -12 -13 -11 -11 -9 -10 -6 -8 -4 -8 -2 -9 0 -9 0 -10 1 -11 1 -12 2 -13 1 -14 1 -13 1 -13 0 -12 0 -10 0 -10 0 -8 1 -7 1 -6 2 -4 3 -3 0 0 0 0 0 0 0 0 0 0 0 0 0 0 0 0 0 0 0 0 0 0 -5 4 -5 2 -6 1 -5 -1 -6 -3 -6 -4 -6 -5 -7 -7 -8 -8 -10 -9 -11 -10 -12 -10 -12 -10 -12 -9 -12 -9 -12 -8 -11 -7 -9 -7 -8 -7 -6 -8 -5 -9 -4 -12 -3 -15 -4 -17 -5 -20 -6 -22
CSI_META: ts=3209190660 rssi=-31 noise_floor=-98 channel=6 secondary_channel=0 sig_mode=0 mcs=0 rate=9 cwb=0 sgi=0 stbc=0 ant=0 len=128 rx_state=0 seq=-1 tx_mac=52:40:27:94:0a:bb
CSI_DATA: 28 -64 1 0 -19 -15 -19 -13 -17 -11 -15 -8 -13 -7 -11 -6 -8 -6 -6 -7 -4 -8 -3 -10 -3 -11 -4 -13 -4 -13 -4 -14 -5 -14 -6 -13 -5 -11 -5 -10 -4 -9 -4 -7 -2 -6 -1 -6 0 -5 2 -4 3 -3 0 0 0 0 0 0 0 0 0 0 0 0 0 0 0 0 0 0 0 0 0 0 -4 6 -5 5 -5 4 -5 2 -5 1 -6 -1 -7 -2 -8 -4 -9 -5 -11 -6 -13 -7 -14 -7 -15 -6 -15 -6 -15 -4 -15 -4 -13 -3 -12 -3 -11 -4 -9 -5 -8 -7 -8 -9 -8 -12 -9 -15 -11 -17 -13 -19
CSI_META: ts=3209405243 rssi=-31 noise_floor=-98 channel=6 secondary_channel=0 sig_mode=0 mcs=0 rate=9 cwb=0 sgi=0 stbc=0 ant=0 len=128 rx_state=0 seq=-1 tx_mac=52:40:27:94:0a:bb
CSI_DATA: 28 -64 1 0 15 -25 13 -21 12 -17 13 -13 13 -9 15 -7 18 -6 20 -5 22 -6 24 -7 24 -9 24 -10 22 -11 21 -12 19 -11 16 -10 14 -9 11 -7 9 -4 8 -2 8 0 7 3 6 5 6 7 5 10 0 0 0 0 0 0 0 0 0 0 0 0 0 0 0 0 0 0 0 0 0 0 -4 -8 -2 -10 0 -12 2 -14 3 -15 3 -17 4 -18 4 -20 4 -21 4 -21 4 -21 4 -20 4 -19 5 -16 6 -14 8 -12 11 -10 15 -10 18 -10 22 -12 25 -14 27 -18 28 -22 28 -26 27 -29 25 -31
CSI_META: ts=3209405487 rssi=-31 noise_floor=-98 channel=6 secondary_channel=0 sig_mode=0 mcs=0 rate=9 cwb=0 sgi=0 stbc=0 ant=0 len=128 rx_state=0 seq=-1 tx_mac=52:40:27:94:0a:bb
CSI_DATA: 28 -64 1 0 -13 26 -12 22 -11 17 -12 13 -13 10 -16 8 -19 7 -21 8 -23 8 -24 9 -24 11 -23 12 -22 14 -18 14 -17 13 -15 11 -12 9 -10 7 -9 4 -9 2 -8 -1 -8 -3 -8 -6 -9 -8 -9 -10 0 0 0 0 0 0 0 0 0 0 0 0 0 0 0 0 0 0 0 0 0 0 4 7 1 9 -1 10 -3 12 -3 13 -4 15 -4 17 -4 18 -4 21 -5 21 -5 21 -4 20 -4 19 -5 17 -6 15 -7 12 -11 11 -14 10 -18 11 -21 13 -24 16 -26 20 -27 23 -27 26 -26 29 -23 32
CSI_META: ts=3209925129 rssi=-31 noise_floor=-98 channel=6 secondary_channel=0 sig_mode=0 mcs=0 rate=9 cwb=0 sgi=0 stbc=0 ant=0 len=128 rx_state=0 seq=-1 tx_mac=52:40:27:94:0a:bb
CSI_DATA: 28 -64 1 0 -11 19 -9 19 -6 17 -5 15 -4 14 -4 12 -4 10 -5 8 -6 7 -7 7 -8 6 -9 7 -10 7 -10 8 -10 8 -9 8 -9 8 -8 7 -6 6 -6 6 -6 5 -6 3 -5 2 -5 1 -5 0 0 0 0 0 0 0 0 0 0 0 0 0 0 0 0 0 0 0 0 0 0 0 4 4 3 4 1 5 0 5 -1 6 -2 6 -3 7 -4 8 -5 10 -6 11 -6 12 -6 13 -6 13 -5 13 -4 13 -4 13 -4 11 -4 11 -5 9 -6 9 -8 8 -9 9 -11 10 -13 12 -14 14 -14 16
CSI_META: ts=3210226481 rssi=-31 noise_floor=-98 channel=6 secondary_channel=0 sig_mode=0 mcs=0 rate=9 cwb=0 sgi=0 stbc=0 ant=0 len=128 rx_state=0 seq=-1 tx_mac=52:40:27:94:0a:bb
CSI_DATA: 28 -64 1 0 17 -10 17 -10 17 -12 16 -12 14 -13 12 -14 11 -13 8 -12 8 -11 7 -9 6 -7 7 -5 7 -4 8 -3 9 -2 10 -1 10 -1 10 -1 9 -1 9 -1 9 -1 8 -1 7 0 7 0 6 1 0 0 0 0 0 0 0 0 0 0 0 0 0 0 0 0 0 0 0 0 0 0 -5 -9 -4 -9 -4 -9 -3 -8 -2 -8 -2 -8 -1 -7 1 -7 2 -7 4 -7 6 -7 8 -8 9 -9 10 -10 11 -12 11 -13 10 -14 10 -15 8 -15 8 -15 7 -14 7 -13 7 -12 9 -10 10 -9 12 -9
CSI_META: ts=3212469158 rssi=-31 noise_floor=-98 channel=6 secondary_channel=0 sig_mode=0 mcs=0 rate=9 cwb=0 sgi=0 stbc=0 ant=0 len=128 rx_state=0 seq=-1 tx_mac=52:40:27:94:0a:bb
CSI_DATA: 28 -64 1 0 21 20 18 17 14 17 11 15 8 16 6 17 6 19 5 21 6 22 7 23 8 23 9 22 10 20 11 19 10 17 9 15 7 12 5 11 3 9 1 9 -1 8 -3 8 -5 8 -7 8 -9 8 0 0 0 0 0 0 0 0 0 0 0 0 0 0 0 0 0 0 0 0 0 0 9 0 9 2 9 4 10 6 10 8 11 9 12 10 14 11 15 12 16 12 16 13 15 12 14 12 13 11 11 11 10 13 7 14 7 17 6 19 8 23 8 25 12 28 13 31 17 31 20 31 23 29
CSI_META: ts=3212619131 rssi=-32 noise_floor=-98 channel=6 secondary_channel=0 sig_mode=0 mcs=0 rate=9 cwb=0 sgi=0 stbc=0 ant=0 len=128 rx_state=0 seq=-1 tx_mac=52:40:27:94:0a:bb
CSI_DATA: 28 -64 1 0 -16 11 -17 8 -20 7 -21 6 -23 5 -24 7 -25 8 -24 10 -23 11 -21 12 -19 12 -17 11 -15 10 -13 9 -12 6 -11 4 -10 1 -10 -1 -10 -3 -10 -4 -11 -6 -11 -7 -11 -8 -11 -8 -10 -9 0 0 0 0 0 0 0 0 0 0 0 0 0 0 0 0 0 0 0 0 0 0 1 10 0 11 -1 13 -2 13 -2 14 -3 14 -3 15 -3 15 -3 15 -5 14 -6 13 -7 11 -8 10 -10 9 -13 9 -16 8 -18 9 -21 11 -23 13 -24 16 -24 18 -22 21 -22 22 -20 23 -18 22 -16 20
CSI_META: ts=3212619257 rssi=-32 noise_floor=-98 channel=6 secondary_channel=0 sig_mode=0 mcs=0 rate=9 cwb=0 sgi=0 stbc=0 ant=0 len=128 rx_state=0 seq=-1 tx_mac=52:40:27:94:0a:bb
CSI_DATA: 28 -64 1 0 20 6 19 10 17 12 20 15 21 16 23 16 25 15 24 13 24 10 24 9 23 6 20 5 18 4 14 4 12 6 9 7 7 8 5 9 3 10 3 12 2 13 2 13 1 14 0 15 -1 14 0 0 0 0 0 0 0 0 0 0 0 0 0 0 0 0 0 0 0 0 0 0 7 -8 9 -8 11 -8 13 -8 14 -7 15 -8 15 -8 15 -8 16 -8 15 -7 16 -6 14 -4 14 -2 15 1 16 4 16 7 19 9 22 10 26 10 29 9 32 7 33 5 32 3 34 2 32 0 29 -1
CSI_META: ts=3212619406 rssi=-32 noise_floor=-98 channel=6 secondary_channel=0 sig_mode=0 mcs=0 rate=9 cwb=0 sgi=0 stbc=0 ant=0 len=128 rx_state=0 seq=-1 tx_mac=52:40:27:94:0a:bb
CSI_DATA: 28 -64 1 0 11 6 10 7 9 9 9 10 10 11 11 11 12 11 13 11 13 9 13 8 13 7 12 6 11 5 9 4 7 5 6 4 4 4 3 5 1 5 1 6 0 7 -1 7 -2 8 -2 8 -3 8 0 0 0 0 0 0 0 0 0 0 0 0 0 0 0 0 0 0 0 0 0 0 6 -5 7 -4 8 -4 9 -4 9 -4 9 -4 9 -3 9 -3 9 -3 9 -2 9 -1 8 1 8 2 8 3 9 5 9 7 10 8 12 9 14 9 17 9 18 8 19 7 19 6 19 4 18 3 17 3
CSI_META: ts=3212671939 rssi=-32 noise_floor=-98 channel=6 secondary_channel=0 sig_mode=0 mcs=0 rate=9 cwb=0 sgi=0 stbc=0 ant=0 len=128 rx_state=0 seq=-1 tx_mac=52:40:27:94:0a:bb
CSI_DATA: 28 -64 1 0 0 -18 0 -16 1 -14 2 -11 3 -10 5 -10 6 -10 7 -11 8 -12 8 -13 8 -13 7 -13 6 -13 5 -13 4 -13 3 -11 3 -9 3 -8 3 -6 3 -5 3 -4 4 -2 5 -1 6 0 6 1 0 0 0 0 0 0 0 0 0 0 0 0 0 0 0 0 0 0 0 0 0 0 -4 -4 -4 -6 -3 -7 -2 -8 -2 -9 -2 -10 -2 -11 -2 -12 -2 -13 -2 -13 -2 -13 -2 -13 -2 -12 -1 -11 0 -10 1 -10 3 -10 4 -11 6 -11 7 -13 8 -15 8 -18 8 -19 7 -21 6 -22 4 -23
CSI_META: ts=3212979135 rssi=-30 noise_floor=-98 channel=6 secondary_channel=0 sig_mode=0 mcs=0 rate=9 cwb=0 sgi=0 stbc=0 ant=0 len=128 rx_state=0 seq=-1 tx_mac=52:40:27:94:0a:bb
CSI_DATA: 28 -64 1 0 -3 -19 -2 -17 0 -15 1 -13 3 -12 4 -13 6 -13 6 -14 6 -16 6 -16 5 -16 3 -16 2 -15 1 -15 1 -13 1 -11 1 -10 2 -8 3 -6 3 -5 4 -4 6 -3 6 -3 7 -2 8 -1 0 0 0 0 0 0 0 0 0 0 0 0 0 0 0 0 0 0 0 0 0 0 -6 -4 -5 -5 -4 -6 -3 -8 -3 -9 -2 -10 -2 -11 -2 -12 -3 -13 -3 -14 -3 -15 -3 -14 -3 -14 -3 -13 -2 -12 -1 -12 1 -12 2 -13 4 -13 5 -15 6 -17 6 -20 5 -23 4 -24 2 -25 0 -25
CSI_META: ts=3212979307 rssi=-30 noise_floor=-98 channel=6 secondary_channel=0 sig_mode=0 mcs=0 rate=9 cwb=0 sgi=0 stbc=0 ant=0 len=128 rx_state=0 seq=-1 tx_mac=52:40:27:94:0a:bb
CSI_DATA: 28 -64 1 0 -4 17 -3 13 -4 13 -5 9 -6 9 -8 8 -9 9 -10 9 -11 11 -10 11 -9 11 -8 12 -7 11 -7 12 -5 9 -5 9 -4 6 -5 5 -5 4 -5 2 -5 1 -7 0 -7 -1 -7 -2 -8 -2 0 0 0 0 0 0 0 0 0 0 0 0 0 0 0 0 0 0 0 0 0 0 3 4 2 4 1 6 0 6 -1 8 -1 8 -2 9 -2 10 -2 11 -2 13 -1 12 -1 12 -1 11 -2 11 -2 9 -3 10 -4 8 -6 10 -7 8 -9 10 -11 12 -11 14 -12 18 -10 19 -9 20 -7 20
CSI_META: ts=3212979443 rssi=-30 noise_floor=-98 channel=6 secondary_channel=0 sig_mode=0 mcs=0 rate=9 cwb=0 sgi=0 stbc=0 ant=0 len=128 rx_state=0 seq=-1 tx_mac=52:40:27:94:0a:bb
CSI_DATA: 28 -64 1 0 -14 -14 -11 -11 -8 -12 -6 -11 -5 -11 -4 -12 -3 -14 -3 -15 -4 -16 -4 -16 -6 -16 -6 -15 -7 -13 -7 -13 -6 -11 -6 -10 -4 -8 -3 -7 -1 -6 0 -6 1 -6 3 -6 4 -6 5 -6 5 -6 0 0 0 0 0 0 0 0 0 0 0 0 0 0 0 0 0 0 0 0 0 0 -6 0 -6 -2 -6 -3 -6 -5 -7 -6 -7 -7 -8 -8 -8 -9 -9 -9 -11 -10 -11 -10 -10 -9 -10 -8 -9 -8 -8 -8 -7 -9 -5 -10 -4 -11 -4 -12 -4 -15 -5 -17 -6 -19 -8 -21 -10 -21 -13 -21 -13 -20
CSI_META: ts=3212982990 rssi=-30 noise_floor=-98 channel=6 secondary_channel=0 sig_mode=0 mcs=0 rate=9 cwb=0 sgi=0 stbc=0 ant=0 len=128 rx_state=0 seq=-1 tx_mac=52:40:27:94:0a:bb
CSI_DATA: 28 -64 1 0 14 10 12 9 9 9 8 9 6 9 5 10 4 11 4 12 5 13 6 14 6 13 7 13 8 12 8 11 7 10 6 8 5 7 3 6 2 5 1 5 -1 5 -2 5 -3 5 -4 5 -6 5 0 0 0 0 0 0 0 0 0 0 0 0 0 0 0 0 0 0 0 0 0 0 5 -1 6 0 6 1 7 2 7 3 8 4 9 5 10 5 11 6 11 5 11 5 11 5 10 5 9 5 8 5 7 7 6 8 5 9 6 11 6 14 8 15 10 16 11 18 14 18 16 17 17 16
CSI_META: ts=3212983126 rssi=-30 noise_floor=-98 channel=6 secondary_channel=0 sig_mode=0 mcs=0 rate=9 cwb=0 sgi=0 stbc=0 ant=0 len=128 rx_state=0 seq=-1 tx_mac=52:40:27:94:0a:bb
CSI_DATA: 28 -64 1 0 -19 1 -16 0 -14 -2 -12 -3 -12 -4 -12 -6 -12 -7 -13 -8 -14 -8 -15 -7 -15 -7 -15 -6 -15 -5 -14 -4 -13 -3 -11 -3 -9 -3 -7 -3 -6 -3 -5 -4 -4 -5 -3 -6 -2 -7 -1 -8 0 -8 0 0 0 0 0 0 0 0 0 0 0 0 0 0 0 0 0 0 0 0 0 0 -4 4 -5 3 -7 2 -8 2 -9 1 -10 1 -11 1 -12 2 -13 2 -13 2 -14 2 -13 2 -12 2 -12 1 -11 1 -11 -1 -10 -3 -11 -4 -13 -6 -15 -7 -17 -8 -19 -8 -21 -7 -23 -6 -24 -4 -24 -2
CSI_META: ts=3212983289 rssi=-30 noise_floor=-98 channel=6 secondary_channel=0 sig_mode=0 mcs=0 rate=9 cwb=0 sgi=0 stbc=0 ant=0 len=128 rx_state=0 seq=-1 tx_mac=52:40:27:94:0a:bb
CSI_DATA: 28 -64 1 0 8 15 7 13 5 12 3 11 1 11 0 12 -1 13 -2 13 -1 15 -1 15 0 15 1 15 2 14 2 13 2 12 2 10 1 9 1 7 -1 6 -2 5 -3 4 -4 4 -5 4 -7 3 -8 3 0 0 0 0 0 0 0 0 0 0 0 0 0 0 0 0 0 0 0 0 0 0 5 1 5 3 5 4 5 5 5 6 5 7 6 8 6 9 7 10 8 10 8 10 7 10 7 9 6 8 4 8 3 9 2 10 1 11 0 12 0 15 0 17 2 19 2 21 5 22 7 22 9 22
CSI_META: ts=3214817882 rssi=-32 noise_floor=-98 channel=6 secondary_channel=0 sig_mode=0 mcs=0 rate=9 cwb=0 sgi=0 stbc=0 ant=0 len=128 rx_state=0 seq=-1 tx_mac=52:40:27:94:0a:bb
CSI_DATA: 28 -64 1 0 -29 -8 -31 -7 -31 -7 -32 -5 -32 -2 -30 0 -28 1 -25 3 -22 3 -19 2 -17 1 -15 -1 -14 -3 -13 -5 -13 -8 -12 -9 -12 -10 -12 -10 -11 -10 -12 -11 -11 -11 -11 -11 -10 -11 -8 -10 -7 -10 0 0 0 0 0 0 0 0 0 0 0 0 0 0 0 0 0 0 0 0 0 0 -4 14 -6 13 -6 13 -7 12 -7 11 -8 10 -8 8 -9 7 -11 5 -13 3 -15 1 -18 0 -20 -1 -23 -1 -25 -1 -27 0 -28 3 -28 4 -28 6 -27 7 -25 8 -24 8 -22 5 -22 3 -23 0 -23 -3
CSI_META: ts=3215061757 rssi=-31 noise_floor=-98 channel=6 secondary_channel=0 sig_mode=0 mcs=0 rate=9 cwb=0 sgi=0 stbc=0 ant=0 len=128 rx_state=0 seq=-1 tx_mac=52:40:27:94:0a:bb
CSI_DATA: 28 -64 1 0 1 16 1 18 2 18 4 18 5 17 6 16 6 14 6 12 6 11 5 9 3 8 2 7 0 6 -1 7 -3 7 -4 7 -5 7 -5 7 -5 7 -5 7 -5 7 -5 7 -5 6 -5 6 -5 4 0 0 0 0 0 0 0 0 0 0 0 0 0 0 0 0 0 0 0 0 0 0 8 -4 8 -3 8 -3 7 -2 7 -1 6 0 5 1 5 2 5 3 4 5 4 7 4 9 5 10 5 11 6 12 7 13 8 13 10 13 10 11 11 11 10 10 9 9 7 9 6 9 4 10 3 12
CSI_META: ts=3215061853 rssi=-31 noise_floor=-98 channel=6 secondary_channel=0 sig_mode=0 mcs=0 rate=9 cwb=0 sgi=0 stbc=0 ant=0 len=128 rx_state=0 seq=-1 tx_mac=52:40:27:94:0a:bb
CSI_DATA: 28 -64 1 0 -14 -11 -16 -11 -15 -11 -17 -10 -17 -8 -17 -7 -16 -5 -15 -4 -12 -3 -12 -3 -10 -3 -8 -3 -7 -4 -5 -5 -5 -7 -4 -7 -3 -8 -3 -9 -3 -9 -3 -9 -3 -9 -3 -9 -2 -9 -2 -9 -1 -8 0 0 0 0 0 0 0 0 0 0 0 0 0 0 0 0 0 0 0 0 0 0 -3 8 -4 7 -4 6 -5 6 -5 5 -5 4 -5 3 -6 2 -7 0 -8 -1 -10 -2 -11 -3 -12 -4 -14 -4 -15 -4 -16 -3 -17 -3 -16 -2 -17 -1 -16 0 -15 1 -14 0 -12 -1 -12 -2 -12 -4 -12 -6
CSI_META: ts=3215285188 rssi=-31 noise_floor=-98 channel=6 secondary_channel=0 sig_mode=0 mcs=0 rate=9 cwb=0 sgi=0 stbc=0 ant=0 len=128 rx_state=0 seq=-1 tx_mac=52:40:27:94:0a:bb
CSI_DATA: 28 -64 1 0 -17 -18 -16 -15 -16 -14 -15 -11 -14 -9 -12 -9 -10 -8 -8 -8 -7 -9 -6 -10 -6 -11 -6 -11 -6 -12 -7 -13 -7 -12 -7 -11 -6 -10 -6 -9 -5 -8 -5 -8 -4 -7 -3 -6 -1 -6 0 -6 1 -6 0 0 0 0 0 0 0 0 0 0 0 0 0 0 0 0 0 0 0 0 0 0 -8 2 -8 1 -8 0 -7 -1 -7 -2 -6 -3 -6 -4 -7 -6 -7 -8 -8 -10 -9 -11 -10 -12 -11 -12 -12 -12 -12 -11 -13 -10 -12 -9 -12 -9 -11 -8 -10 -9 -9 -10 -8 -11 -7 -14 -8 -16 -10 -18 -11 -20
CSI_META: ts=3215696855 rssi=-32 noise_floor=-98 channel=6 secondary_channel=0 sig_mode=0 mcs=0 rate=9 cwb=0 sgi=0 stbc=0 ant=0 len=128 rx_state=0 seq=-1 tx_mac=52:40:27:94:0a:bb
CSI_DATA: 28 -64 1 0 27 10 23 8 19 9 16 9 14 10 13 12 12 14 12 15 14 16 14 16 16 16 17 15 17 13 17 12 16 11 15 10 11 8 9 7 7 6 5 7 3 7 1 7 -1 8 -2 9 -4 10 0 0 0 0 0 0 0 0 0 0 0 0 0 0 0 0 0 0 0 0 0 0 8 -3 9 -2 10 0 12 1 13 3 14 4 15 4 17 4 18 5 19 5 20 5 19 5 18 5 16 5 15 6 13 8 12 10 12 12 13 14 16 18 18 19 21 20 24 22 27 21 30 20 32 17
CSI_META: ts=3216131680 rssi=-31 noise_floor=-98 channel=6 secondary_channel=0 sig_mode=0 mcs=0 rate=9 cwb=0 sgi=0 stbc=0 ant=0 len=128 rx_state=0 seq=-1 tx_mac=52:40:27:94:0a:bb
CSI_DATA: 28 -64 1 0 -4 21 -2 19 -1 18 0 16 1 14 0 11 0 10 -2 9 -4 8 -5 8 -6 8 -7 9 -7 10 -7 10 -7 11 -6 10 -5 10 -4 8 -4 7 -3 6 -3 5 -4 4 -4 2 -5 1 -6 0 0 0 0 0 0 0 0 0 0 0 0 0 0 0 0 0 0 0 0 0 0 0 7 2 6 3 5 3 4 4 3 4 2 5 1 6 0 7 -1 8 -2 10 -3 12 -2 13 -2 14 -1 14 0 14 1 14 1 13 1 12 1 11 0 11 -2 10 -3 11 -6 12 -7 13 -8 15 -8 18
CSI_META: ts=3217592647 rssi=-31 noise_floor=-98 channel=6 secondary_channel=0 sig_mode=0 mcs=0 rate=9 cwb=0 sgi=0 stbc=0 ant=0 len=128 rx_state=0 seq=-1 tx_mac=52:40:27:94:0a:bb
CSI_DATA: 28 -64 1 0 -21 -18 -19 -16 -15 -15 -12 -14 -10 -14 -8 -16 -6 -17 -6 -19 -6 -20 -7 -21 -9 -21 -10 -21 -11 -20 -11 -19 -10 -17 -10 -15 -8 -13 -7 -11 -4 -9 -3 -9 -1 -9 1 -8 3 -8 5 -8 7 -8 0 0 0 0 0 0 0 0 0 0 0 0 0 0 0 0 0 0 0 0 0 0 -9 0 -9 -3 -10 -5 -11 -6 -12 -8 -12 -9 -13 -10 -15 -10 -16 -11 -17 -11 -17 -12 -16 -11 -15 -10 -14 -10 -12 -10 -10 -12 -9 -13 -8 -16 -8 -18 -8 -21 -10 -24 -12 -26 -14 -28 -17 -29 -20 -29 -22 -28
CSI_META: ts=3217592819 rssi=-30 noise_floor=-98 channel=6 secondary_channel=0 sig_mode=0 mcs=0 rate=9 cwb=0 sgi=0 stbc=0 ant=0 len=128 rx_state=0 seq=-1 tx_mac=52:40:27:94:0a:bb
CSI_DATA: 28 -64 1 0 11 16 8 11 7 12 4 10 3 10 2 11 1 12 0 13 0 15 0 14 1 15 2 14 2 13 4 14 3 11 3 11 2 8 1 7 0 6 -1 5 -2 5 -4 5 -5 4 -6 3 -7 3 0 0 0 0 0 0 0 0 0 0 0 0 0 0 0 0 0 0 0 0 0 0 5 0 5 1 5 3 5 4 6 6 5 6 7 7 7 8 8 9 9 11 8 10 8 10 8 9 7 8 6 7 5 9 3 9 2 11 1 10 2 14 2 16 4 18 4 22 6 21 8 22 9 20
CSI_META: ts=3217592973 rssi=-30 noise_floor=-98 channel=6 secondary_channel=0 sig_mode=0 mcs=0 rate=9 cwb=0 sgi=0 stbc=0 ant=0 len=128 rx_state=0 seq=-1 tx_mac=52:40:27:94:0a:bb
CSI_DATA: 28 -64 1 0 17 -5 15 -5 12 -2 12 -1 11 1 11 3 12 4 13 4 13 4 15 3 15 2 15 2 15 1 12 0 12 0 9 0 8 0 6 1 5 2 4 3 3 4 2 5 2 6 2 7 1 8 0 0 0 0 0 0 0 0 0 0 0 0 0 0 0 0 0 0 0 0 0 0 1 -6 2 -5 4 -5 5 -4 6 -4 8 -3 9 -3 10 -3 12 -4 12 -5 13 -6 13 -5 12 -6 11 -5 11 -5 10 -3 10 -1 10 0 12 1 13 3 16 4 18 3 19 3 22 1 23 -1 24 -3
CSI_META: ts=3217864410 rssi=-30 noise_floor=-98 channel=6 secondary_channel=0 sig_mode=0 mcs=0 rate=9 cwb=0 sgi=0 stbc=0 ant=0 len=128 rx_state=0 seq=-1 tx_mac=52:40:27:94:0a:bb
CSI_DATA: 28 -64 1 0 -17 11 -17 12 -16 14 -15 14 -13 15 -11 15 -9 14 -8 13 -7 11 -6 8 -7 6 -7 5 -8 3 -9 2 -10 2 -11 1 -11 1 -11 1 -11 1 -11 1 -10 1 -9 1 -8 0 -7 -1 -6 -2 0 0 0 0 0 0 0 0 0 0 0 0 0 0 0 0 0 0 0 0 0 0 6 7 5 7 5 8 4 7 4 8 3 7 2 7 1 7 0 7 -3 7 -5 8 -6 8 -8 9 -9 11 -10 12 -10 14 -9 15 -8 17 -7 16 -6 16 -5 15 -5 14 -5 13 -7 11 -9 10 -11 9
CSI_META: ts=3218654631 rssi=-31 noise_floor=-98 channel=6 secondary_channel=0 sig_mode=0 mcs=0 rate=9 cwb=0 sgi=0 stbc=0 ant=0 len=128 rx_state=0 seq=-1 tx_mac=52:40:27:94:0a:bb
CSI_DATA: 28 -64 1 0 -13 15 -11 13 -10 12 -9 9 -9 8 -10 6 -10 6 -11 5 -12 5 -13 6 -13 7 -13 7 -12 8 -11 8 -10 8 -10 7 -8 6 -7 5 -6 3 -6 2 -6 1 -6 0 -6 -1 -7 -3 -6 -4 0 0 0 0 0 0 0 0 0 0 0 0 0 0 0 0 0 0 0 0 0 0 0 5 -1 5 -3 6 -4 6 -5 7 -6 7 -7 8 -7 9 -8 10 -8 10 -8 11 -8 11 -7 10 -7 10 -7 8 -8 8 -9 7 -10 6 -12 6 -14 6 -15 7 -17 8 -18 10 -19 12 -18 14 -17 16
CSI_META: ts=3218654776 rssi=-31 noise_floor=-98 channel=6 secondary_channel=0 sig_mode=0 mcs=0 rate=9 cwb=0 sgi=0 stbc=0 ant=0 len=128 rx_state=0 seq=-1 tx_mac=52:40:27:94:0a:bb
CSI_DATA: 28 -64 1 0 -18 -11 -14 -9 -13 -10 -10 -8 -8 -9 -8 -10 -6 -11 -7 -11 -7 -13 -8 -12 -8 -12 -9 -12 -8 -11 -10 -11 -8 -9 -9 -9 -6 -7 -5 -7 -4 -6 -3 -6 -2 -6 -1 -6 0 -6 1 -6 2 -6 0 0 0 0 0 0 0 0 0 0 0 0 0 0 0 0 0 0 0 0 0 0 -6 1 -6 -1 -7 -2 -7 -4 -8 -4 -8 -5 -9 -6 -9 -7 -11 -7 -13 -8 -12 -7 -12 -7 -12 -7 -11 -7 -9 -7 -9 -8 -7 -8 -8 -10 -6 -10 -8 -13 -7 -15 -10 -16 -12 -18 -14 -17 -16 -17 -16 -16
CSI_META: ts=3218654903 rssi=-31 noise_floor=-98 channel=6 secondary_channel=0 sig_mode=0 mcs=0 rate=9 cwb=0 sgi=0 stbc=0 ant=0 len=128 rx_state=0 seq=-1 tx_mac=52:40:27:94:0a:bb
CSI_DATA: 28 -64 1 0 5 16 6 16 4 12 3 12 1 11 0 11 -1 12 -2 12 -2 12 -1 14 -1 14 0 14 1 15 1 12 2 13 2 9 1 9 0 7 -1 6 -2 5 -3 5 -3 4 -5 4 -6 4 -7 4 0 0 0 0 0 0 0 0 0 0 0 0 0 0 0 0 0 0 0 0 0 0 5 2 4 3 3 4 3 6 2 6 2 9 2 9 2 11 2 12 3 12 4 13 4 13 4 12 4 11 4 11 2 10 1 11 0 10 -2 13 -3 13 -3 16 -3 17 -2 18 0 21 2 22 3 24
CSI_META: ts=3219217495 rssi=-33 noise_floor=-98 channel=6 secondary_channel=0 sig_mode=0 mcs=0 rate=9 cwb=0 sgi=0 stbc=0 ant=0 len=128 rx_state=0 seq=-1 tx_mac=52:40:27:94:0a:bb
CSI_DATA: 28 -64 1 0 -22 -20 -19 -17 -16 -18 -14 -16 -11 -16 -11 -18 -9 -19 -10 -20 -10 -21 -11 -21 -12 -20 -13 -19 -13 -18 -13 -17 -13 -15 -11 -13 -9 -12 -7 -10 -5 -10 -3 -9 -2 -9 0 -10 2 -10 3 -11 5 -11 0 0 0 0 0 0 0 0 0 0 0 0 0 0 0 0 0 0 0 0 0 0 -10 -1 -10 -3 -10 -5 -10 -7 -11 -9 -11 -11 -12 -12 -13 -13 -14 -14 -15 -15 -16 -15 -15 -15 -15 -14 -14 -14 -12 -14 -12 -15 -10 -16 -9 -18 -9 -19 -9 -22 -10 -25 -12 -27 -14 -30 -18 -30 -21 -29 -23 -29
CSI_META: ts=3220659145 rssi=-30 noise_floor=-98 channel=6 secondary_channel=0 sig_mode=0 mcs=0 rate=9 cwb=0 sgi=0 stbc=0 ant=0 len=128 rx_state=0 seq=-1 tx_mac=52:40:27:94:0a:bb
CSI_DATA: 28 -64 1 0 -17 8 -15 8 -12 5 -11 3 -11 1 -11 -1 -12 -2 -13 -3 -14 -3 -15 -3 -16 -3 -16 -2 -16 -1 -15 0 -14 0 -12 0 -10 0 -9 0 -7 -1 -6 -2 -5 -3 -4 -4 -3 -5 -2 -6 -2 -7 0 0 0 0 0 0 0 0 0 0 0 0 0 0 0 0 0 0 0 0 0 0 -1 5 -3 5 -4 5 -6 6 -6 6 -7 7 -8 7 -9 8 -9 9 -9 9 -9 10 -9 9 -8 8 -8 7 -8 6 -9 4 -10 2 -11 1 -13 0 -16 0 -18 0 -20 1 -22 3 -23 5 -24 7 -23 9
CSI_META: ts=3221284779 rssi=-32 noise_floor=-98 channel=6 secondary_channel=0 sig_mode=0 mcs=0 rate=9 cwb=0 sgi=0 stbc=0 ant=0 len=128 rx_state=0 seq=-1 tx_mac=52:40:27:94:0a:bb
CSI_DATA: 28 -64 1 0 -17 12 -14 10 -12 7 -11 4 -11 2 -12 0 -12 -1 -14 -2 -15 -2 -16 -2 -17 -1 -17 0 -17 1 -16 2 -14 2 -13 2 -10 1 -9 1 -7 0 -6 -2 -5 -3 -4 -4 -3 -5 -3 -7 -2 -8 0 0 0 0 0 0 0 0 0 0 0 0 0 0 0 0 0 0 0 0 0 0 0 5 -2 5 -3 6 -5 7 -6 8 -7 8 -8 9 -8 10 -9 11 -9 11 -9 12 -8 12 -8 10 -8 9 -8 7 -8 6 -9 4 -11 2 -13 2 -16 1 -19 2 -21 4 -23 5 -24 8 -25 10 -23 12
CSI_META: ts=3221478348 rssi=-33 noise_floor=-98 channel=6 secondary_channel=0 sig_mode=0 mcs=0 rate=9 cwb=0 sgi=0 stbc=0 ant=0 len=128 rx_state=0 seq=-1 tx_mac=52:40:27:94:0a:bb
CSI_DATA: 28 -64 1 0 -18 -3 -17 -7 -15 -11 -17 -14 -18 -15 -20 -17 -21 -17 -22 -15 -23 -14 -23 -12 -23 -10 -21 -9 -19 -7 -16 -6 -13 -6 -10 -6 -7 -7 -5 -8 -2 -9 -1 -9 1 -11 2 -11 3 -12 4 -13 5 -12 0 0 0 0 0 0 0 0 0 0 0 0 0 0 0 0 0 0 0 0 0 0 -4 11 -6 12 -8 13 -9 13 -9 13 -9 13 -9 13 -10 13 -10 12 -10 11 -10 9 -11 6 -12 3 -14 0 -16 -2 -19 -4 -21 -6 -25 -6 -28 -5 -31 -4 -33 -2 -33 1 -33 3 -33 4 -30 6 -27 5
CSI_META: ts=3221940042 rssi=-31 noise_floor=-98 channel=6 secondary_channel=0 sig_mode=0 mcs=0 rate=9 cwb=0 sgi=0 stbc=0 ant=0 len=128 rx_state=0 seq=-1 tx_mac=52:40:27:94:0a:bb
CSI_DATA: 28 -64 1 0 17 -1 19 3 21 5 24 6 27 6 28 5 29 3 27 1 26 -2 24 -3 21 -3 17 -3 14 -1 11 0 9 2 7 5 5 7 4 9 3 10 3 12 3 13 3 14 2 14 1 14 0 13 0 0 0 0 0 0 0 0 0 0 0 0 0 0 0 0 0 0 0 0 0 0 -5 -11 -4 -13 -3 -15 -3 -16 -2 -17 -2 -17 -2 -16 -2 -16 -1 -15 0 -15 2 -13 4 -11 7 -9 11 -7 14 -7 18 -7 21 -8 24 -10 26 -13 27 -16 26 -18 25 -20 23 -21 21 -20 18 -18 16 -15
CSI_META: ts=3222297522 rssi=-31 noise_floor=-98 channel=6 secondary_channel=0 sig_mode=0 mcs=0 rate=9 cwb=0 sgi=0 stbc=0 ant=0 len=128 rx_state=0 seq=-1 tx_mac=52:40:27:94:0a:bb
CSI_DATA: 28 -64 1 0 -6 11 -7 11 -8 10 -9 10 -10 10 -11 11 -10 12 -10 13 -9 13 -8 13 -7 13 -6 12 -5 11 -4 10 -4 8 -4 7 -5 5 -5 4 -6 2 -7 2 -7 1 -8 0 -8 0 -9 -1 -9 -1 0 0 0 0 0 0 0 0 0 0 0 0 0 0 0 0 0 0 0 0 0 0 3 6 2 7 2 8 2 8 2 9 2 9 2 9 2 9 2 9 1 9 0 9 -1 8 -3 8 -4 8 -6 8 -7 9 -8 10 -9 12 -9 13 -9 16 -8 17 -7 18 -6 19 -5 18 -4 18 -4 17
CSI_META: ts=3222297630 rssi=-31 noise_floor=-98 channel=6 secondary_channel=0 sig_mode=0 mcs=0 rate=9 cwb=0 sgi=0 stbc=0 ant=0 len=128 rx_state=0 seq=-1 tx_mac=52:40:27:94:0a:bb
CSI_DATA: 28 -64 1 0 -12 -8 -9 -8 -9 -11 -9 -11 -9 -12 -11 -13 -11 -13 -12 -11 -13 -13 -13 -11 -12 -9 -11 -8 -10 -7 -10 -6 -7 -5 -7 -6 -5 -6 -4 -6 -3 -6 -1 -7 -1 -7 0 -9 1 -8 1 -8 2 -8 0 0 0 0 0 0 0 0 0 0 0 0 0 0 0 0 0 0 0 0 0 0 -7 1 -8 0 -9 0 -9 -1 -11 0 -9 0 -11 -1 -10 -1 -11 0 -10 -2 -10 -3 -9 -4 -8 -5 -8 -6 -7 -7 -9 -9 -8 -10 -11 -12 -11 -11 -15 -12 -15 -12 -17 -10 -19 -11 -18 -10 -17 -8 -16 -7
CSI_META: ts=3222297775 rssi=-31 noise_floor=-98 channel=6 secondary_channel=0 sig_mode=0 mcs=0 rate=9 cwb=0 sgi=0 stbc=0 ant=0 len=128 rx_state=0 seq=-1 tx_mac=52:40:27:94:0a:bb
CSI_DATA: 28 -64 1 0 -11 -6 -10 -7 -9 -9 -9 -10 -9 -11 -10 -11 -11 -11 -11 -10 -12 -10 -12 -9 -12 -7 -11 -6 -10 -5 -9 -5 -7 -5 -6 -5 -4 -5 -3 -6 -2 -6 -2 -7 -1 -7 -1 -8 0 -8 0 -8 1 -8 0 0 0 0 0 0 0 0 0 0 0 0 0 0 0 0 0 0 0 0 0 0 -6 2 -7 1 -8 0 -9 0 -9 0 -9 0 -10 0 -10 0 -10 0 -10 -1 -9 -1 -9 -2 -8 -3 -8 -4 -7 -5 -8 -7 -9 -9 -10 -10 -12 -10 -13 -10 -15 -10 -16 -9 -17 -9 -17 -7 -16 -6 -15 -5
CSI_META: ts=3222744608 rssi=-31 noise_floor=-98 channel=6 secondary_channel=0 sig_mode=0 mcs=0 rate=9 cwb=0 sgi=0 stbc=0 ant=0 len=128 rx_state=0 seq=-1 tx_mac=52:40:27:94:0a:bb
CSI_DATA: 28 -64 1 0 -6 -30 -6 -26 -4 -24 -3 -21 -1 -19 1 -18 3 -19 4 -20 4 -21 4 -22 3 -23 3 -22 1 -22 1 -22 0 -21 -1 -18 0 -15 0 -14 1 -11 2 -10 3 -9 5 -7 6 -6 8 -6 9 -4 0 0 0 0 0 0 0 0 0 0 0 0 0 0 0 0 0 0 0 0 0 0 -8 -6 -6 -8 -5 -9 -4 -11 -3 -13 -3 -14 -2 -15 -3 -18 -3 -19 -3 -20 -4 -21 -4 -21 -4 -20 -4 -19 -3 -18 -2 -18 0 -18 2 -18 4 -19 5 -21 6 -24 6 -27 6 -31 5 -33 2 -35 -1 -37
CSI_META: ts=3223219147 rssi=-32 noise_floor=-98 channel=6 secondary_channel=0 sig_mode=0 mcs=0 rate=9 cwb=0 sgi=0 stbc=0 ant=0 len=128 rx_state=0 seq=-1 tx_mac=52:40:27:94:0a:bb
CSI_DATA: 28 -64 1 0 9 -35 6 -35 4 -34 1 -31 -1 -27 -1 -24 -1 -19 1 -16 3 -14 5 -12 8 -11 10 -11 12 -11 14 -13 14 -14 14 -13 13 -13 12 -13 11 -11 10 -10 8 -9 8 -7 7 -5 7 -2 7 0 0 0 0 0 0 0 0 0 0 0 0 0 0 0 0 0 0 0 0 0 0 0 -14 1 -13 -1 -12 -2 -11 -3 -9 -4 -7 -5 -5 -8 -4 -10 -3 -13 -2 -15 -2 -19 -2 -22 -3 -23 -4 -25 -5 -26 -7 -26 -8 -24 -9 -22 -8 -20 -6 -18 -3 -17 0 -17 4 -18 7 -20 11 -23 12 -28
CSI_META: ts=3223478290 rssi=-33 noise_floor=-98 channel=6 secondary_channel=0 sig_mode=0 mcs=0 rate=9 cwb=0 sgi=0 stbc=0 ant=0 len=128 rx_state=0 seq=-1 tx_mac=52:40:27:94:0a:bb
CSI_DATA: 28 -64 1 0 -29 -19 -26 -15 -21 -14 -17 -11 -12 -10 -9 -12 -5 -13 -3 -16 -1 -19 -1 -21 -2 -23 -2 -23 -4 -24 -5 -24 -5 -22 -6 -21 -5 -18 -4 -15 -3 -13 -2 -11 0 -9 1 -7 4 -6 6 -4 8 -2 0 0 0 0 0 0 0 0 0 0 0 0 0 0 0 0 0 0 0 0 0 0 -4 5 -6 4 -9 2 -11 0 -13 -1 -15 -2 -16 -3 -19 -3 -20 -3 -23 -3 -23 -3 -23 -2 -22 -1 -20 -1 -17 -2 -15 -3 -12 -5 -11 -9 -10 -12 -10 -16 -11 -20 -14 -24 -16 -28 -20 -30 -25 -30 -28 -30
CSI_META: ts=3224140737 rssi=-31 noise_floor=-98 channel=6 secondary_channel=0 sig_mode=0 mcs=0 rate=9 cwb=0 sgi=0 stbc=0 ant=0 len=128 rx_state=0 seq=-1 tx_mac=52:40:27:94:0a:bb
CSI_DATA: 28 -64 1 0 -38 -7 -36 -4 -33 -2 -29 1 -26 2 -22 1 -19 0 -16 -1 -14 -5 -13 -7 -13 -9 -14 -11 -15 -12 -16 -13 -16 -13 -17 -13 -16 -11 -15 -11 -13 -9 -13 -9 -11 -8 -9 -8 -7 -7 -5 -7 -2 -8 0 0 0 0 0 0 0 0 0 0 0 0 0 0 0 0 0 0 0 0 0 0 -2 10 -4 9 -6 7 -7 5 -9 4 -10 3 -13 1 -15 1 -18 0 -21 0 -23 0 -24 1 -25 2 -25 3 -24 4 -23 5 -21 4 -20 3 -19 2 -18 -1 -18 -4 -19 -7 -21 -10 -25 -12 -29 -14 -33 -14
CSI_META: ts=3224347342 rssi=-32 noise_floor=-98 channel=6 secondary_channel=0 sig_mode=0 mcs=0 rate=9 cwb=0 sgi=0 stbc=0 ant=0 len=128 rx_state=0 seq=-1 tx_mac=52:40:27:94:0a:bb
CSI_DATA: 28 -64 1 0 29 6 23 5 18 6 14 7 10 10 8 13 8 17 7 19 8 22 9 23 11 23 12 22 13 21 14 19 13 16 12 15 9 11 7 9 4 8 2 7 -1 6 -4 6 -6 6 -9 5 -11 5 0 0 0 0 0 0 0 0 0 0 0 0 0 0 0 0 0 0 0 0 0 0 4 -7 7 -6 9 -5 11 -4 13 -4 15 -4 17 -4 19 -5 20 -6 22 -6 21 -5 20 -5 18 -5 16 -3 14 -2 13 2 12 5 12 9 14 13 18 17 21 19 26 20 29 22 33 21 36 19 37 15
CSI_META: ts=3224935403 rssi=-32 noise_floor=-98 channel=6 secondary_channel=0 sig_mode=0 mcs=0 rate=9 cwb=0 sgi=0 stbc=0 ant=0 len=128 rx_state=0 seq=-1 tx_mac=52:40:27:94:0a:bb
CSI_DATA: 28 -64 1 0 25 -6 23 -8 20 -9 18 -9 15 -8 11 -7 9 -5 7 -3 6 0 5 3 5 6 5 8 5 10 6 10 7 11 7 11 7 10 7 10 6 8 5 7 4 6 3 6 2 4 0 4 -1 2 0 0 0 0 0 0 0 0 0 0 0 0 0 0 0 0 0 0 0 0 0 0 -8 1 -7 0 -5 -2 -4 -3 -2 -4 -1 -6 1 -7 2 -9 3 -11 4 -13 5 -15 5 -16 5 -17 5 -17 4 -17 2 -16 2 -15 2 -13 3 -10 4 -8 6 -5 9 -3 11 -1 15 0 19 0 23 -1
CSI_META: ts=3225226698 rssi=-33 noise_floor=-98 channel=6 secondary_channel=0 sig_mode=0 mcs=0 rate=9 cwb=0 sgi=0 stbc=0 ant=0 len=128 rx_state=0 seq=-1 tx_mac=52:40:27:94:0a:bb
CSI_DATA: 28 -64 1 0 30 -11 24 -9 19 -7 14 -3 11 1 9 6 8 10 8 13 9 17 10 19 11 21 13 21 14 21 15 19 14 17 13 16 12 13 9 11 7 9 4 7 2 6 -1 5 -4 3 -6 2 -8 1 0 0 0 0 0 0 0 0 0 0 0 0 0 0 0 0 0 0 0 0 0 0 -4 -7 -2 -9 -1 -13 1 -14 2 -16 3 -18 3 -19 4 -21 4 -22 4 -23 4 -22 4 -20 4 -18 5 -15 6 -12 7 -8 10 -4 13 -2 17 1 23 3 27 3 33 2 36 1 40 -1 41 -5 41 -8
CSI_META: ts=3225983941 rssi=-31 noise_floor=-98 channel=6 secondary_channel=0 sig_mode=0 mcs=0 rate=9 cwb=0 sgi=0 stbc=0 ant=0 len=128 rx_state=0 seq=-1 tx_mac=52:40:27:94:0a:bb
CSI_DATA: 28 -64 1 0 -15 16 -15 18 -13 19 -11 19 -8 18 -6 17 -5 14 -4 13 -4 10 -5 8 -6 5 -7 4 -9 3 -10 2 -11 2 -12 2 -12 2 -12 2 -11 2 -10 2 -9 2 -9 2 -8 1 -7 0 -5 -2 0 0 0 0 0 0 0 0 0 0 0 0 0 0 0 0 0 0 0 0 0 0 9 1 9 2 8 2 8 3 7 3 6 3 4 4 3 5 1 6 -1 8 -2 10 -3 12 -4 13 -3 15 -3 17 -2 18 -1 18 0 18 2 17 2 15 1 14 0 12 -2 11 -5 10 -8 10 -11 11
CSI_META: ts=3226194357 rssi=-32 noise_floor=-98 channel=6 secondary_channel=0 sig_mode=0 mcs=0 rate=9 cwb=0 sgi=0 stbc=0 ant=0 len=128 rx_state=0 seq=-1 tx_mac=52:40:27:94:0a:bb
CSI_DATA: 28 -64 1 0 2 21 0 22 -2 26 0 27 1 28 2 29 4 28 6 27 7 26 8 23 8 19 7 17 5 14 3 13 0 11 -2 10 -4 9 -6 9 -8 8 -10 9 -10 9 -11 9 -12 9 -12 8 -12 7 0 0 0 0 0 0 0 0 0 0 0 0 0 0 0 0 0 0 0 0 0 0 14 -2 14 -1 15 0 15 0 15 1 14 2 14 2 13 3 12 4 11 6 9 8 7 10 6 13 5 16 6 19 7 22 8 24 11 26 13 26 16 26 17 25 19 23 18 23 18 21 16 19 13 19
CSI_META: ts=3226194520 rssi=-31 noise_floor=-98 channel=6 secondary_channel=0 sig_mode=0 mcs=0 rate=9 cwb=0 sgi=0 stbc=0 ant=0 len=128 rx_state=0 seq=-1 tx_mac=52:40:27:94:0a:bb
CSI_DATA: 28 -64 1 0 11 -6 12 -4 15 -5 15 -5 16 -6 16 -7 16 -8 14 -10 14 -10 12 -10 10 -9 8 -7 7 -6 7 -5 6 -3 6 -1 6 0 6 2 6 2 7 3 7 3 7 4 7 5 6 5 6 5 0 0 0 0 0 0 0 0 0 0 0 0 0 0 0 0 0 0 0 0 0 0 -4 -8 -4 -9 -3 -10 -3 -9 -3 -10 -2 -9 -2 -9 -2 -9 -1 -9 1 -8 3 -8 4 -7 6 -7 8 -7 9 -8 11 -9 11 -10 13 -12 12 -13 12 -15 11 -16 10 -16 9 -16 9 -15 8 -13 8 -12
CSI_META: ts=3226198357 rssi=-32 noise_floor=-98 channel=6 secondary_channel=0 sig_mode=0 mcs=0 rate=9 cwb=0 sgi=0 stbc=0 ant=0 len=128 rx_state=0 seq=-1 tx_mac=52:40:27:94:0a:bb
CSI_DATA: 28 -64 1 0 14 -17 16 -17 19 -18 20 -19 21 -21 19 -23 17 -24 14 -25 12 -24 10 -22 8 -19 7 -16 7 -13 7 -11 9 -8 9 -5 11 -3 12 -2 12 -1 14 -1 14 0 14 0 14 1 14 1 12 2 0 0 0 0 0 0 0 0 0 0 0 0 0 0 0 0 0 0 0 0 0 0 -10 -9 -10 -11 -10 -12 -10 -13 -10 -13 -10 -14 -9 -14 -9 -14 -7 -14 -5 -14 -3 -14 0 -14 3 -14 6 -16 8 -18 10 -20 11 -23 11 -26 11 -28 9 -31 7 -31 4 -32 3 -31 2 -28 3 -26 4 -23
CSI_META: ts=3226198520 rssi=-31 noise_floor=-98 channel=6 secondary_channel=0 sig_mode=0 mcs=0 rate=9 cwb=0 sgi=0 stbc=0 ant=0 len=128 rx_state=0 seq=-1 tx_mac=52:40:27:94:0a:bb
CSI_DATA: 28 -64 1 0 -14 1 -14 0 -16 -1 -17 -1 -18 0 -19 1 -18 2 -17 3 -16 4 -15 5 -13 5 -12 4 -10 3 -9 2 -7 0 -7 -1 -6 -2 -6 -4 -5 -5 -6 -6 -6 -7 -6 -7 -6 -7 -5 -8 -5 -8 0 0 0 0 0 0 0 0 0 0 0 0 0 0 0 0 0 0 0 0 0 0 1 8 0 9 0 9 -1 9 -1 9 -1 8 -2 8 -2 8 -3 7 -4 6 -6 5 -7 4 -9 4 -11 4 -13 4 -14 4 -15 5 -16 7 -17 8 -17 10 -16 11 -15 12 -14 11 -13 11 -12 9 -11 8
CSI_META: ts=3226198665 rssi=-31 noise_floor=-98 channel=6 secondary_channel=0 sig_mode=0 mcs=0 rate=9 cwb=0 sgi=0 stbc=0 ant=0 len=128 rx_state=0 seq=-1 tx_mac=52:40:27:94:0a:bb
CSI_DATA: 28 -64 1 0 -9 -11 -8 -13 -8 -15 -9 -15 -10 -15 -11 -15 -12 -14 -12 -13 -13 -12 -12 -10 -11 -8 -10 -7 -8 -6 -6 -6 -4 -6 -3 -7 -1 -7 0 -7 1 -8 1 -8 2 -9 2 -9 2 -9 3 -9 3 -8 0 0 0 0 0 0 0 0 0 0 0 0 0 0 0 0 0 0 0 0 0 0 -7 5 -8 4 -9 4 -9 4 -9 3 -9 3 -9 3 -9 2 -9 1 -8 0 -8 -2 -8 -3 -8 -5 -9 -7 -10 -8 -11 -10 -12 -11 -14 -11 -16 -10 -17 -9 -18 -8 -18 -7 -18 -7 -17 -6 -15 -6 -13 -6
CSI_META: ts=3226291266 rssi=-32 noise_floor=-98 channel=6 secondary_channel=0 sig_mode=0 mcs=0 rate=9 cwb=0 sgi=0 stbc=0 ant=0 len=128 rx_state=0 seq=-1 tx_mac=52:40:27:94:0a:bb
CSI_DATA: 28 -64 1 0 -12 -22 -9 -19 -5 -18 -2 -17 0 -17 1 -19 3 -20 3 -22 2 -24 1 -24 -1 -24 -2 -23 -3 -22 -3 -20 -3 -18 -3 -15 -2 -13 0 -11 1 -9 3 -8 4 -7 6 -6 8 -5 9 -5 11 -4 0 0 0 0 0 0 0 0 0 0 0 0 0 0 0 0 0 0 0 0 0 0 -9 -3 -9 -5 -10 -7 -10 -9 -11 -10 -12 -11 -12 -12 -13 -12 -13 -13 -14 -13 -13 -13 -12 -13 -10 -13 -8 -13 -6 -13 -4 -15 -2 -17 -1 -19 -1 -22 -1 -25 -3 -28 -5 -31 -7 -33 -9 -33 -13 -33 -14 -32
CSI_META: ts=3226291654 rssi=-32 noise_floor=-98 channel=6 secondary_channel=0 sig_mode=0 mcs=0 rate=9 cwb=0 sgi=0 stbc=0 ant=0 len=128 rx_state=0 seq=-1 tx_mac=52:40:27:94:0a:bb
CSI_DATA: 28 -64 1 0 -13 10 -12 7 -11 5 -12 3 -13 2 -14 1 -15 0 -16 1 -17 2 -16 3 -16 4 -15 5 -13 5 -12 5 -10 4 -9 3 -7 2 -7 0 -6 -2 -6 -3 -6 -4 -6 -5 -6 -6 -6 -7 -5 -8 0 0 0 0 0 0 0 0 0 0 0 0 0 0 0 0 0 0 0 0 0 0 0 5 -1 6 -3 6 -4 6 -6 7 -6 7 -7 8 -7 9 -8 10 -8 10 -8 11 -8 10 -7 9 -8 8 -8 6 -9 5 -10 4 -12 3 -14 3 -17 3 -18 5 -20 7 -21 9 -21 10 -20 12 -18 14
CSI_META: ts=3226291996 rssi=-32 noise_floor=-98 channel=6 secondary_channel=0 sig_mode=0 mcs=0 rate=9 cwb=0 sgi=0 stbc=0 ant=0 len=128 rx_state=0 seq=-1 tx_mac=52:40:27:94:0a:bb
CSI_DATA: 28 -64 1 0 -6 23 -6 19 -8 16 -9 13 -12 12 -14 12 -16 12 -17 14 -18 15 -17 16 -16 17 -14 17 -13 17 -12 17 -10 15 -9 13 -8 10 -7 8 -7 5 -7 3 -8 1 -9 -1 -10 -2 -10 -4 -10 -5 0 0 0 0 0 0 0 0 0 0 0 0 0 0 0 0 0 0 0 0 0 0 5 7 4 9 3 11 2 12 2 14 2 15 2 16 2 17 2 18 2 17 1 17 1 16 0 15 -2 13 -4 13 -7 13 -9 13 -12 15 -14 16 -16 19 -17 22 -17 26 -16 29 -14 31 -11 32 -9 32
CSI_META: ts=3226692424 rssi=-31 noise_floor=-98 channel=6 secondary_channel=0 sig_mode=0 mcs=0 rate=9 cwb=0 sgi=0 stbc=0 ant=0 len=128 rx_state=0 seq=-1 tx_mac=52:40:27:94:0a:bb
CSI_DATA: 28 -64 1 0 12 -10 11 -8 10 -6 10 -4 11 -2 12 -2 13 -1 13 -2 14 -2 14 -3 14 -4 14 -4 12 -5 12 -5 10 -5 9 -4 8 -3 6 -2 5 -1 5 0 4 1 4 2 4 4 4 5 3 6 0 0 0 0 0 0 0 0 0 0 0 0 0 0 0 0 0 0 0 0 0 0 1 -6 2 -7 4 -7 5 -8 5 -8 6 -8 6 -9 6 -9 7 -9 7 -10 7 -9 7 -9 7 -8 7 -6 8 -5 9 -4 10 -3 12 -3 14 -3 16 -3 17 -5 19 -6 19 -8 19 -9 19 -11 18 -13
CSI_META: ts=3226692596 rssi=-31 noise_floor=-98 channel=6 secondary_channel=0 sig_mode=0 mcs=0 rate=9 cwb=0 sgi=0 stbc=0 ant=0 len=128 rx_state=0 seq=-1 tx_mac=52:40:27:94:0a:bb
CSI_DATA: 28 -64 1 0 -43 5 -36 2 -33 -3 -30 -8 -30 -14 -31 -16 -33 -18 -37 -18 -39 -15 -41 -12 -40 -9 -39 -7 -36 -5 -33 -3 -28 -3 -23 -5 -18 -5 -15 -8 -12 -10 -9 -13 -7 -15 -6 -17 -7 -19 -5 -21 -4 -22 0 0 0 0 0 0 0 0 0 0 0 0 0 0 0 0 0 0 0 0 0 0 -6 14 -10 11 -15 10 -18 9 -22 8 -24 9 -27 8 -29 8 -32 10 -33 11 -32 13 -31 13 -30 11 -28 9 -27 4 -27 0 -28 -4 -32 -8 -35 -12 -40 -14 -46 -15 -51 -13 -57 -8 -59 -2 -59 3 -57 6
CSI_META: ts=3226692759 rssi=-31 noise_floor=-98 channel=6 secondary_channel=0 sig_mode=0 mcs=0 rate=9 cwb=0 sgi=0 stbc=0 ant=0 len=128 rx_state=0 seq=-1 tx_mac=52:40:27:94:0a:bb
CSI_DATA: 28 -64 1 0 15 -3 13 -2 12 0 11 2 11 3 11 4 12 5 12 5 13 5 14 5 14 4 14 3 13 2 12 1 11 1 9 1 7 1 6 1 5 2 4 3 3 4 2 5 1 6 1 6 0 7 0 0 0 0 0 0 0 0 0 0 0 0 0 0 0 0 0 0 0 0 0 0 3 -5 4 -5 6 -5 7 -5 8 -4 8 -5 9 -5 10 -5 10 -5 11 -5 11 -5 10 -4 10 -3 9 -3 9 -1 9 0 9 2 11 3 13 4 15 4 17 4 19 3 20 3 22 1 22 0 21 -2
CSI_META: ts=3227037969 rssi=-32 noise_floor=-98 channel=6 secondary_channel=0 sig_mode=0 mcs=0 rate=9 cwb=0 sgi=0 stbc=0 ant=0 len=128 rx_state=0 seq=-1 tx_mac=52:40:27:94:0a:bb
CSI_DATA: 28 -64 1 0 8 19 7 22 6 25 8 26 10 27 11 27 13 25 14 23 14 20 14 18 13 15 11 13 8 12 5 10 2 11 0 10 -3 11 -4 11 -6 11 -6 12 -7 13 -7 12 -7 12 -8 11 -8 10 0 0 0 0 0 0 0 0 0 0 0 0 0 0 0 0 0 0 0 0 0 0 12 -5 13 -4 14 -4 15 -3 15 -3 15 -2 14 -1 14 -1 14 0 12 2 11 4 10 7 10 9 10 12 11 15 12 18 14 21 17 21 20 21 22 21 24 19 25 17 24 16 23 14 21 13 17 14
CSI_META: ts=3227417547 rssi=-30 noise_floor=-98 channel=6 secondary_channel=0 sig_mode=0 mcs=0 rate=9 cwb=0 sgi=0 stbc=0 ant=0 len=128 rx_state=0 seq=-1 tx_mac=52:40:27:94:0a:bb
CSI_DATA: 28 -64 1 0 8 -22 5 -20 4 -19 3 -16 2 -14 2 -12 3 -10 4 -9 5 -9 7 -8 8 -8 8 -9 8 -9 9 -10 8 -11 8 -10 7 -9 6 -9 5 -7 5 -7 4 -6 4 -5 4 -3 4 -2 4 0 0 0 0 0 0 0 0 0 0 0 0 0 0 0 0 0 0 0 0 0 0 0 -5 -5 -4 -5 -3 -6 -1 -6 0 -7 1 -8 2 -9 2 -10 3 -12 3 -13 3 -14 3 -15 3 -15 2 -14 2 -14 1 -14 1 -12 2 -12 3 -10 5 -10 7 -11 9 -11 10 -13 12 -15 13 -17 12 -20
CSI_META: ts=3227540842 rssi=-31 noise_floor=-98 channel=6 secondary_channel=0 sig_mode=0 mcs=0 rate=9 cwb=0 sgi=0 stbc=0 ant=0 len=128 rx_state=0 seq=-1 tx_mac=52:40:27:94:0a:bb
CSI_DATA: 28 -64 1 0 23 -13 20 -9 18 -6 18 -2 19 0 20 2 22 3 23 2 25 2 25 0 25 -1 24 -3 22 -4 20 -5 18 -4 15 -3 12 -2 10 -1 9 1 7 3 6 5 6 7 5 9 5 10 4 12 0 0 0 0 0 0 0 0 0 0 0 0 0 0 0 0 0 0 0 0 0 0 2 -9 4 -10 7 -10 9 -11 10 -11 11 -12 12 -13 13 -13 13 -14 14 -14 14 -14 14 -13 13 -12 13 -9 14 -7 15 -5 16 -2 19 -1 23 -1 27 -1 29 -2 32 -6 34 -7 35 -10 35 -13 32 -15
CSI_META: ts=3227699191 rssi=-31 noise_floor=-98 channel=6 secondary_channel=0 sig_mode=0 mcs=0 rate=9 cwb=0 sgi=0 stbc=0 ant=0 len=128 rx_state=0 seq=-1 tx_mac=52:40:27:94:0a:bb
CSI_DATA: 28 -64 1 0 -13 31 -12 32 -9 33 -6 33 -4 31 -1 29 1 26 1 23 0 19 -1 16 -2 13 -5 11 -7 10 -10 10 -12 10 -13 9 -14 9 -14 9 -13 9 -13 9 -12 8 -12 8 -12 7 -11 6 -10 3 0 0 0 0 0 0 0 0 0 0 0 0 0 0 0 0 0 0 0 0 0 0 14 0 13 2 12 2 10 3 9 4 7 6 5 7 4 9 2 12 1 15 0 18 -1 21 0 23 0 25 2 26 3 27 5 27 6 26 7 24 7 23 6 20 4 19 1 19 -3 19 -6 20 -10 23
CSI_META: ts=3228053951 rssi=-31 noise_floor=-98 channel=6 secondary_channel=0 sig_mode=0 mcs=0 rate=9 cwb=0 sgi=0 stbc=0 ant=0 len=128 rx_state=0 seq=-1 tx_mac=52:40:27:94:0a:bb
CSI_DATA: 28 -64 1 0 -13 -12 -10 -10 -7 -11 -5 -11 -3 -11 -2 -13 -1 -15 -1 -16 -2 -17 -3 -17 -4 -17 -5 -16 -6 -15 -5 -14 -5 -12 -5 -10 -3 -9 -2 -7 0 -6 1 -5 2 -5 4 -4 5 -4 6 -4 7 -3 0 0 0 0 0 0 0 0 0 0 0 0 0 0 0 0 0 0 0 0 0 0 -6 1 -7 -1 -9 -2 -9 -3 -10 -4 -11 -4 -11 -4 -12 -4 -13 -4 -13 -4 -13 -5 -12 -5 -10 -5 -9 -5 -7 -6 -6 -9 -5 -10 -5 -12 -6 -14 -7 -17 -8 -19 -11 -20 -13 -21 -15 -21 -16 -19 -17 -18
CSI_META: ts=3230678223 rssi=-32 noise_floor=-98 channel=6 secondary_channel=0 sig_mode=0 mcs=0 rate=9 cwb=0 sgi=0 stbc=0 ant=0 len=128 rx_state=0 seq=-1 tx_mac=52:40:27:94:0a:bb
CSI_DATA: 28 -64 1 0 -40 -10 -38 -7 -35 -4 -31 -1 -27 0 -23 0 -18 -1 -14 -2 -11 -5 -9 -8 -8 -11 -7 -14 -7 -17 -8 -18 -8 -19 -9 -20 -9 -19 -9 -17 -8 -15 -7 -14 -6 -13 -5 -11 -3 -10 -1 -8 1 -6 0 0 0 0 0 0 0 0 0 0 0 0 0 0 0 0 0 0 0 0 0 0 7 8 4 8 1 7 -1 6 -4 6 -7 6 -10 5 -13 5 -16 6 -20 7 -22 8 -24 10 -24 12 -24 13 -22 13 -21 13 -19 12 -17 11 -15 8 -15 4 -15 0 -16 -4 -19 -9 -23 -12 -28 -15 -32 -16
CSI_META: ts=3230892614 rssi=-31 noise_floor=-98 channel=6 secondary_channel=0 sig_mode=0 mcs=0 rate=9 cwb=0 sgi=0 stbc=0 ant=0 len=128 rx_state=0 seq=-1 tx_mac=52:40:27:94:0a:bb
CSI_DATA: 28 -64 1 0 12 -4 13 -2 14 -1 15 -1 16 -1 16 -2 17 -3 16 -4 15 -5 14 -6 13 -6 11 -6 10 -5 8 -4 8 -3 7 -1 6 0 6 2 6 2 5 3 6 4 6 5 6 5 5 6 5 6 0 0 0 0 0 0 0 0 0 0 0 0 0 0 0 0 0 0 0 0 0 0 1 -9 2 -9 3 -9 3 -9 4 -10 4 -9 4 -9 4 -9 5 -9 5 -8 6 -7 7 -5 8 -5 10 -4 11 -3 13 -3 14 -4 15 -4 17 -6 18 -7 17 -9 17 -10 16 -10 15 -11 14 -10 13 -10
CSI_META: ts=3231001541 rssi=-32 noise_floor=-98 channel=6 secondary_channel=0 sig_mode=0 mcs=0 rate=9 cwb=0 sgi=0 stbc=0 ant=0 len=128 rx_state=0 seq=-1 tx_mac=52:40:27:94:0a:bb
CSI_DATA: 28 -64 1 0 -13 17 -16 16 -17 17 -19 17 -20 19 -19 20 -18 22 -16 23 -13 23 -11 22 -10 20 -8 18 -7 16 -7 13 -8 10 -8 8 -9 5 -10 3 -11 2 -12 1 -13 0 -14 0 -14 -1 -15 -2 -14 -3 0 0 0 0 0 0 0 0 0 0 0 0 0 0 0 0 0 0 0 0 0 0 9 10 8 11 8 12 8 13 7 13 7 13 6 13 5 13 3 13 2 13 -1 13 -3 13 -6 13 -9 14 -11 16 -13 19 -14 21 -13 24 -13 27 -11 28 -9 29 -7 29 -5 29 -4 28 -4 26 -5 23
CSI_META: ts=3231371273 rssi=-31 noise_floor=-98 channel=6 secondary_channel=0 sig_mode=0 mcs=0 rate=9 cwb=0 sgi=0 stbc=0 ant=0 len=128 rx_state=0 seq=-1 tx_mac=52:40:27:94:0a:bb
CSI_DATA: 28 -64 1 0 16 -15 14 -15 12 -15 10 -13 8 -12 7 -10 6 -8 6 -7 7 -5 8 -4 9 -3 10 -3 11 -3 11 -4 11 -4 11 -4 10 -4 9 -4 8 -4 7 -3 6 -2 5 -2 4 0 4 1 3 2 0 0 0 0 0 0 0 0 0 0 0 0 0 0 0 0 0 0 0 0 0 0 -5 -6 -3 -6 -2 -6 -1 -6 1 -6 2 -6 3 -6 5 -7 6 -8 8 -9 8 -10 9 -11 9 -12 8 -12 7 -12 7 -13 6 -12 6 -11 6 -9 7 -8 8 -7 10 -6 13 -6 15 -7 17 -8 18 -10
CSI_META: ts=3231554521 rssi=-32 noise_floor=-98 channel=6 secondary_channel=0 sig_mode=0 mcs=0 rate=9 cwb=0 sgi=0 stbc=0 ant=0 len=128 rx_state=0 seq=-1 tx_mac=52:40:27:94:0a:bb
CSI_DATA: 28 -64 1 0 17 22 12 18 8 18 4 16 0 16 -3 17 -5 19 -6 22 -6 24 -6 25 -3 26 -2 25 -1 24 0 23 1 21 0 18 -1 15 -1 12 -2 9 -4 7 -5 5 -8 4 -10 2 -11 1 -13 -1 0 0 0 0 0 0 0 0 0 0 0 0 0 0 0 0 0 0 0 0 0 0 9 -1 10 1 11 3 12 4 14 6 15 7 16 8 17 8 18 9 18 8 17 8 16 8 14 8 12 9 9 9 7 12 4 15 3 18 3 21 3 26 5 29 8 32 11 35 14 36 18 34 20 33
CSI_META: ts=3231791657 rssi=-31 noise_floor=-98 channel=6 secondary_channel=0 sig_mode=0 mcs=0 rate=9 cwb=0 sgi=0 stbc=0 ant=0 len=128 rx_state=0 seq=-1 tx_mac=52:40:27:94:0a:bb
CSI_DATA: 28 -64 1 0 0 -13 1 -13 3 -14 3 -15 3 -15 2 -16 2 -16 0 -16 0 -16 -2 -15 -2 -14 -2 -12 -2 -10 -1 -9 0 -8 1 -7 2 -7 3 -6 4 -5 5 -6 5 -6 5 -5 6 -5 6 -5 6 -4 0 0 0 0 0 0 0 0 0 0 0 0 0 0 0 0 0 0 0 0 0 0 -7 -5 -6 -6 -6 -7 -6 -7 -6 -8 -6 -8 -6 -8 -6 -8 -5 -8 -5 -9 -4 -9 -2 -9 -1 -9 0 -10 1 -11 1 -13 2 -14 1 -16 1 -17 0 -18 -2 -19 -3 -19 -4 -18 -4 -18 -4 -16 -3 -16
CSI_META: ts=3235690183 rssi=-32 noise_floor=-98 channel=6 secondary_channel=0 sig_mode=0 mcs=0 rate=9 cwb=0 sgi=0 stbc=0 ant=0 len=128 rx_state=0 seq=-1 tx_mac=52:40:27:94:0a:bb
CSI_DATA: 28 -64 1 0 16 12 14 14 14 17 15 19 16 20 17 21 18 20 19 19 20 17 20 14 19 12 18 10 15 9 13 8 10 8 7 8 5 8 2 9 1 9 -1 10 -1 12 -3 12 -3 13 -4 13 -5 12 0 0 0 0 0 0 0 0 0 0 0 0 0 0 0 0 0 0 0 0 0 0 11 -8 12 -7 14 -6 14 -6 15 -6 14 -5 14 -4 14 -4 14 -3 14 -2 14 1 13 3 13 5 13 8 14 11 15 13 17 15 21 16 23 15 26 15 28 14 30 11 29 11 29 8 27 8 25 7
CSI_META: ts=3236051770 rssi=-31 noise_floor=-98 channel=6 secondary_channel=0 sig_mode=0 mcs=0 rate=9 cwb=0 sgi=0 stbc=0 ant=0 len=128 rx_state=0 seq=-1 tx_mac=52:40:27:94:0a:bb
CSI_DATA: 28 -64 1 0 14 -12 12 -10 11 -8 10 -6 10 -4 11 -2 11 -1 12 -1 14 -1 14 -1 15 -2 14 -3 14 -3 13 -4 12 -4 11 -4 9 -3 7 -3 6 -1 5 0 4 1 4 2 3 4 3 5 2 6 0 0 0 0 0 0 0 0 0 0 0 0 0 0 0 0 0 0 0 0 0 0 -1 -6 1 -6 2 -6 4 -7 5 -7 6 -8 7 -8 7 -10 8 -10 8 -11 8 -11 8 -11 7 -10 7 -9 7 -8 7 -7 8 -5 10 -4 12 -3 14 -3 16 -4 19 -5 20 -6 21 -8 22 -10 21 -13
CSI_META: ts=3236994205 rssi=-32 noise_floor=-98 channel=6 secondary_channel=0 sig_mode=0 mcs=0 rate=9 cwb=0 sgi=0 stbc=0 ant=0 len=128 rx_state=0 seq=-1 tx_mac=52:40:27:94:0a:bb
CSI_DATA: 28 -64 1 0 -16 23 -14 20 -13 17 -14 14 -14 11 -16 9 -17 9 -19 9 -20 9 -20 10 -20 12 -20 12 -18 13 -17 14 -15 13 -14 11 -12 10 -10 8 -9 5 -9 4 -9 1 -9 -1 -9 -2 -10 -4 -10 -6 0 0 0 0 0 0 0 0 0 0 0 0 0 0 0 0 0 0 0 0 0 0 1 8 -2 9 -4 10 -5 11 -7 12 -7 13 -8 14 -9 16 -9 17 -10 17 -10 18 -9 18 -9 16 -9 15 -10 13 -11 12 -13 10 -16 9 -18 10 -22 11 -24 13 -25 16 -27 19 -27 22 -26 24 -24 27
CSI_META: ts=3237256367 rssi=-31 noise_floor=-98 channel=6 secondary_channel=0 sig_mode=0 mcs=0 rate=9 cwb=0 sgi=0 stbc=0 ant=0 len=128 rx_state=0 seq=-1 tx_mac=52:40:27:94:0a:bb
CSI_DATA: 28 -64 1 0 -5 17 -5 15 -5 13 -6 10 -7 9 -8 8 -10 8 -11 8 -11 9 -11 10 -11 11 -10 11 -9 11 -8 11 -7 10 -6 9 -6 7 -5 6 -5 4 -5 3 -5 1 -6 0 -6 -1 -7 -2 -7 -3 0 0 0 0 0 0 0 0 0 0 0 0 0 0 0 0 0 0 0 0 0 0 3 4 2 5 1 6 0 7 -1 8 -1 9 -2 10 -2 11 -2 12 -2 13 -1 13 -1 13 -1 12 -1 11 -2 10 -4 9 -5 9 -7 9 -9 9 -11 10 -12 12 -12 14 -13 17 -12 19 -11 21 -9 22
CSI_META: ts=3237452763 rssi=-32 noise_floor=-98 channel=6 secondary_channel=0 sig_mode=0 mcs=0 rate=9 cwb=0 sgi=0 stbc=0 ant=0 len=128 rx_state=0 seq=-1 tx_mac=52:40:27:94:0a:bb
CSI_DATA: 28 -64 1 0 -14 27 -13 28 -12 30 -9 30 -6 30 -4 29 -1 27 0 24 0 21 -1 18 -1 15 -3 13 -5 11 -7 11 -9 10 -11 9 -11 10 -12 9 -12 9 -13 9 -12 9 -12 9 -11 7 -11 6 -11 5 0 0 0 0 0 0 0 0 0 0 0 0 0 0 0 0 0 0 0 0 0 0 13 5 12 6 11 7 10 7 9 7 7 8 5 9 4 10 2 11 -1 13 -3 16 -4 18 -5 20 -5 22 -4 24 -3 27 -2 27 1 28 2 26 3 26 4 24 3 22 1 21 -2 20 -5 20 -8 21
CSI_META: ts=3237738562 rssi=-31 noise_floor=-98 channel=6 secondary_channel=0 sig_mode=0 mcs=0 rate=9 cwb=0 sgi=0 stbc=0 ant=0 len=128 rx_state=0 seq=-1 tx_mac=52:40:27:94:0a:bb
CSI_DATA: 28 -64 1 0 14 11 15 11 16 11 17 9 17 8 16 6 15 5 13 3 12 3 9 3 8 3 6 4 5 5 4 7 4 8 4 8 3 9 3 9 4 8 3 8 3 8 3 7 2 7 1 6 0 5 0 0 0 0 0 0 0 0 0 0 0 0 0 0 0 0 0 0 0 0 0 0 5 -8 5 -8 6 -7 6 -7 6 -6 6 -5 6 -4 6 -3 7 -2 7 -1 8 1 9 3 11 4 12 5 14 5 15 5 15 4 16 3 17 1 16 1 15 0 15 0 13 1 12 3 12 5 12 6
CSI_META: ts=3237738657 rssi=-31 noise_floor=-98 channel=6 secondary_channel=0 sig_mode=0 mcs=0 rate=9 cwb=0 sgi=0 stbc=0 ant=0 len=128 rx_state=0 seq=-1 tx_mac=52:40:27:94:0a:bb
CSI_DATA: 28 -64 1 0 -8 -18 -8 -17 -9 -19 -10 -17 -11 -16 -12 -15 -12 -13 -11 -11 -10 -10 -9 -8 -7 -8 -6 -7 -4 -7 -3 -8 -1 -8 -1 -9 0 -9 0 -10 1 -9 1 -9 0 -10 1 -9 1 -9 1 -8 2 -7 0 0 0 0 0 0 0 0 0 0 0 0 0 0 0 0 0 0 0 0 0 0 -9 4 -8 3 -9 2 -8 1 -8 1 -7 0 -7 -1 -6 -3 -7 -4 -7 -6 -7 -8 -7 -10 -8 -11 -9 -12 -10 -12 -12 -13 -12 -11 -14 -12 -14 -10 -14 -10 -13 -9 -13 -8 -11 -9 -9 -9 -8 -11 -7 -13
CSI_META: ts=3238996411 rssi=-31 noise_floor=-98 channel=6 secondary_channel=0 sig_mode=0 mcs=0 rate=9 cwb=0 sgi=0 stbc=0 ant=0 len=128 rx_state=0 seq=-1 tx_mac=52:40:27:94:0a:bb
CSI_DATA: 28 -64 1 0 21 -10 19 -11 17 -12 14 -11 12 -10 10 -9 9 -7 8 -5 9 -3 10 -2 11 -1 12 0 12 0 13 -1 13 -1 13 -1 12 -1 10 -2 9 -2 8 -1 6 -1 5 0 4 1 3 3 2 4 0 0 0 0 0 0 0 0 0 0 0 0 0 0 0 0 0 0 0 0 0 0 -4 -8 -3 -8 -2 -8 0 -7 1 -6 2 -6 4 -5 6 -5 8 -6 10 -7 11 -8 12 -8 13 -9 13 -10 12 -11 11 -12 10 -11 9 -11 9 -9 9 -8 10 -6 11 -5 13 -3 16 -3 19 -4 21 -5
CSI_META: ts=3239065569 rssi=-31 noise_floor=-98 channel=6 secondary_channel=0 sig_mode=0 mcs=0 rate=9 cwb=0 sgi=0 stbc=0 ant=0 len=128 rx_state=0 seq=-1 tx_mac=52:40:27:94:0a:bb
CSI_DATA: 28 -64 1 0 -18 2 -19 2 -19 3 -19 4 -18 6 -17 7 -15 7 -13 7 -11 6 -10 5 -9 4 -8 3 -8 1 -7 -1 -8 -2 -8 -3 -8 -4 -8 -4 -8 -4 -8 -5 -8 -5 -8 -4 -8 -5 -7 -5 -6 -5 0 0 0 0 0 0 0 0 0 0 0 0 0 0 0 0 0 0 0 0 0 0 3 7 2 8 2 7 1 7 0 7 0 6 -1 6 -2 5 -4 5 -6 4 -8 5 -9 5 -11 5 -12 6 -13 7 -14 8 -14 9 -13 10 -12 11 -11 11 -10 11 -10 10 -9 8 -10 7 -11 5 -13 3
CSI_META: ts=3240226788 rssi=-31 noise_floor=-98 channel=6 secondary_channel=0 sig_mode=0 mcs=0 rate=9 cwb=0 sgi=0 stbc=0 ant=0 len=128 rx_state=0 seq=-1 tx_mac=52:40:27:94:0a:bb
CSI_DATA: 28 -64 1 0 13 11 11 9 9 9 7 9 5 9 4 10 4 11 3 12 4 13 4 13 5 13 6 13 7 12 7 11 6 10 6 9 5 7 4 6 2 5 1 5 -1 5 -2 5 -3 5 -4 5 -5 5 0 0 0 0 0 0 0 0 0 0 0 0 0 0 0 0 0 0 0 0 0 0 5 -1 5 1 6 2 6 3 7 4 7 5 7 6 9 6 10 7 10 7 11 7 10 7 10 6 9 6 8 6 6 7 5 8 4 10 4 11 5 13 6 15 7 17 9 19 11 19 14 18 15 17
CSI_META: ts=3240832107 rssi=-32 noise_floor=-98 channel=6 secondary_channel=0 sig_mode=0 mcs=0 rate=9 cwb=0 sgi=0 stbc=0 ant=0 len=128 rx_state=0 seq=-1 tx_mac=52:40:27:94:0a:bb
CSI_DATA: 28 -64 1 0 -30 -4 -30 -3 -31 -1 -31 1 -30 4 -28 6 -25 6 -22 8 -19 7 -17 6 -15 3 -13 1 -12 -1 -12 -3 -12 -5 -13 -7 -12 -8 -13 -9 -12 -8 -13 -9 -12 -9 -12 -9 -11 -9 -10 -8 -8 -9 0 0 0 0 0 0 0 0 0 0 0 0 0 0 0 0 0 0 0 0 0 0 -1 13 -2 13 -3 12 -4 11 -5 10 -5 9 -6 8 -8 6 -10 5 -13 4 -15 3 -18 2 -20 3 -22 3 -23 4 -25 6 -24 8 -25 10 -24 11 -22 11 -21 11 -19 10 -18 8 -19 5 -20 2 -22 -1
CSI_META: ts=3241091530 rssi=-31 noise_floor=-98 channel=6 secondary_channel=0 sig_mode=0 mcs=0 rate=9 cwb=0 sgi=0 stbc=0 ant=0 len=128 rx_state=0 seq=-1 tx_mac=52:40:27:94:0a:bb
CSI_DATA: 28 -64 1 0 16 -16 13 -16 12 -16 9 -14 8 -13 7 -11 7 -9 7 -8 8 -7 9 -7 9 -6 10 -6 10 -7 11 -7 10 -7 10 -7 8 -7 7 -6 6 -5 6 -5 5 -4 5 -2 5 -1 5 0 5 2 0 0 0 0 0 0 0 0 0 0 0 0 0 0 0 0 0 0 0 0 0 0 -3 -9 -2 -8 -1 -8 0 -7 1 -7 2 -6 4 -6 5 -6 7 -7 9 -8 9 -8 10 -9 11 -10 11 -11 10 -12 9 -12 8 -12 8 -12 7 -11 8 -10 9 -9 10 -8 12 -8 15 -8 16 -10 17 -12
CSI_META: ts=3241139136 rssi=-31 noise_floor=-98 channel=6 secondary_channel=0 sig_mode=0 mcs=0 rate=9 cwb=0 sgi=0 stbc=0 ant=0 len=128 rx_state=0 seq=-1 tx_mac=52:40:27:94:0a:bb
CSI_DATA: 28 -64 1 0 -18 -7 -19 -6 -19 -6 -20 -5 -20 -3 -19 -2 -18 0 -16 1 -14 1 -13 1 -11 0 -10 -1 -8 -2 -8 -4 -7 -5 -7 -6 -6 -7 -6 -7 -6 -8 -6 -8 -6 -8 -6 -8 -5 -8 -5 -8 -4 -7 0 0 0 0 0 0 0 0 0 0 0 0 0 0 0 0 0 0 0 0 0 0 -2 9 -3 8 -3 8 -4 7 -4 6 -4 5 -5 5 -6 3 -7 3 -9 1 -10 0 -12 -1 -13 -1 -15 -1 -16 0 -17 0 -18 2 -18 3 -17 4 -17 4 -16 5 -14 4 -13 3 -13 1 -13 -1 -14 -3
CSI_META: ts=3241392928 rssi=-31 noise_floor=-98 channel=6 secondary_channel=0 sig_mode=0 mcs=0 rate=9 cwb=0 sgi=0 stbc=0 ant=0 len=128 rx_state=0 seq=-1 tx_mac=52:40:27:94:0a:bb
CSI_DATA: 28 -64 1 0 -2 -19 -3 -20 -3 -20 -5 -19 -6 -18 -8 -16 -8 -15 -7 -13 -6 -11 -5 -10 -4 -9 -2 -9 0 -9 1 -9 2 -10 2 -10 3 -10 2 -10 2 -10 2 -10 2 -9 2 -8 2 -7 3 -6 3 -5 0 0 0 0 0 0 0 0 0 0 0 0 0 0 0 0 0 0 0 0 0 0 -9 -1 -9 -2 -9 -2 -9 -3 -8 -3 -8 -3 -7 -4 -6 -5 -6 -6 -4 -7 -4 -9 -3 -11 -3 -12 -4 -13 -4 -15 -6 -16 -7 -16 -8 -16 -9 -15 -10 -14 -9 -13 -9 -12 -7 -12 -5 -12 -4 -13 -2 -15
CSI_META: ts=3242163176 rssi=-31 noise_floor=-98 channel=6 secondary_channel=0 sig_mode=0 mcs=0 rate=9 cwb=0 sgi=0 stbc=0 ant=0 len=128 rx_state=0 seq=-1 tx_mac=52:40:27:94:0a:bb
CSI_DATA: 28 -64 1 0 27 9 24 7 20 7 18 7 16 7 14 9 14 10 13 12 14 13 14 13 16 13 16 12 16 11 16 11 16 9 15 8 12 7 10 6 8 6 7 6 5 6 3 7 2 7 0 8 -2 9 0 0 0 0 0 0 0 0 0 0 0 0 0 0 0 0 0 0 0 0 0 0 8 -3 8 -1 9 0 10 2 11 3 12 4 13 5 15 5 16 6 18 6 18 6 17 6 17 5 16 5 15 5 14 7 12 8 13 10 13 12 15 15 16 16 19 18 21 19 25 19 28 18 29 16
CSI_META: ts=3242515333 rssi=-30 noise_floor=-98 channel=6 secondary_channel=0 sig_mode=0 mcs=0 rate=9 cwb=0 sgi=0 stbc=0 ant=0 len=128 rx_state=0 seq=-1 tx_mac=52:40:27:94:0a:bb
CSI_DATA: 28 -64 1 0 11 -3 10 -1 10 2 11 3 12 4 13 5 14 4 14 4 15 2 15 1 14 0 13 0 11 -1 10 -1 8 0 7 1 5 2 4 2 3 3 2 4 2 5 2 6 1 7 1 7 0 8 0 0 0 0 0 0 0 0 0 0 0 0 0 0 0 0 0 0 0 0 0 0 2 -6 3 -6 4 -7 5 -8 5 -8 6 -8 6 -8 6 -8 6 -8 6 -8 6 -7 6 -6 6 -5 7 -3 8 -1 9 -1 11 0 13 0 15 0 17 0 18 -2 19 -3 19 -5 18 -6 18 -7 16 -7
CSI_META: ts=3242879936 rssi=-31 noise_floor=-98 channel=6 secondary_channel=0 sig_mode=0 mcs=0 rate=9 cwb=0 sgi=0 stbc=0 ant=0 len=128 rx_state=0 seq=-1 tx_mac=52:40:27:94:0a:bb
CSI_DATA: 28 -64 1 0 -4 -13 -2 -13 0 -15 0 -15 0 -16 -1 -17 -1 -18 -3 -18 -4 -18 -5 -16 -5 -14 -5 -13 -5 -11 -4 -10 -2 -8 -1 -7 1 -6 2 -6 3 -6 4 -6 4 -6 6 -6 6 -6 7 -5 7 -5 0 0 0 0 0 0 0 0 0 0 0 0 0 0 0 0 0 0 0 0 0 0 -9 -1 -9 -2 -10 -3 -10 -3 -10 -3 -10 -4 -9 -4 -9 -4 -9 -5 -8 -5 -7 -6 -5 -7 -5 -8 -4 -10 -3 -12 -3 -14 -4 -15 -5 -17 -6 -18 -8 -18 -9 -18 -11 -18 -12 -18 -12 -15 -11 -14 -10 -14
CSI_META: ts=3243025068 rssi=-31 noise_floor=-98 channel=6 secondary_channel=0 sig_mode=0 mcs=0 rate=9 cwb=0 sgi=0 stbc=0 ant=0 len=128 rx_state=0 seq=-1 tx_mac=52:40:27:94:0a:bb
CSI_DATA: 28 -64 1 0 -14 27 -12 23 -11 20 -11 16 -12 14 -14 13 -15 12 -16 12 -18 13 -18 14 -18 15 -17 16 -16 16 -14 17 -12 16 -12 14 -10 11 -9 9 -8 7 -8 5 -9 3 -9 1 -10 0 -11 -2 -11 -4 0 0 0 0 0 0 0 0 0 0 0 0 0 0 0 0 0 0 0 0 0 0 3 8 1 9 -2 10 -3 11 -5 12 -6 13 -7 14 -8 16 -8 17 -9 18 -8 19 -8 19 -8 18 -8 17 -8 15 -9 14 -11 12 -13 12 -16 12 -19 14 -21 15 -23 19 -24 22 -24 25 -23 28 -21 30
CSI_META: ts=3243084430 rssi=-31 noise_floor=-98 channel=6 secondary_channel=0 sig_mode=0 mcs=0 rate=9 cwb=0 sgi=0 stbc=0 ant=0 len=128 rx_state=0 seq=-1 tx_mac=52:40:27:94:0a:bb
CSI_DATA: 28 -64 1 0 6 12 4 12 4 14 3 14 4 14 5 15 5 15 7 15 7 14 7 14 7 12 7 10 6 9 6 8 4 7 3 7 2 6 0 6 -1 6 -2 6 -2 6 -3 7 -4 7 -5 7 -5 6 0 0 0 0 0 0 0 0 0 0 0 0 0 0 0 0 0 0 0 0 0 0 7 2 7 2 8 3 8 3 8 4 8 4 8 4 8 4 8 5 7 5 6 6 5 7 4 8 3 9 3 10 3 12 3 13 5 15 6 15 8 16 9 16 11 16 11 16 11 15 11 13 10 13
CSI_META: ts=3243084880 rssi=-31 noise_floor=-98 channel=6 secondary_channel=0 sig_mode=0 mcs=0 rate=9 cwb=0 sgi=0 stbc=0 ant=0 len=128 rx_state=0 seq=-1 tx_mac=52:40:27:94:0a:bb
CSI_DATA: 28 -64 1 0 -7 12 -8 11 -9 11 -10 11 -10 12 -11 13 -10 14 -9 14 -8 14 -7 14 -5 13 -5 12 -4 11 -4 9 -4 7 -5 6 -5 5 -6 4 -6 3 -7 2 -8 2 -8 1 -9 1 -9 1 -9 0 0 0 0 0 0 0 0 0 0 0 0 0 0 0 0 0 0 0 0 0 0 0 3 6 2 7 2 8 1 9 1 9 1 9 1 9 1 10 1 10 0 9 -1 9 -2 9 -3 8 -5 8 -6 9 -8 10 -9 11 -10 13 -10 14 -9 16 -8 17 -7 18 -6 19 -5 19 -4 18 -4 17
CSI_META: ts=3243084989 rssi=-31 noise_floor=-98 channel=6 secondary_channel=0 sig_mode=0 mcs=0 rate=9 cwb=0 sgi=0 stbc=0 ant=0 len=128 rx_state=0 seq=-1 tx_mac=52:40:27:94:0a:bb
CSI_DATA: 28 -64 1 0 -13 6 -14 5 -14 3 -15 3 -16 4 -17 4 -16 5 -16 7 -15 7 -14 7 -13 8 -12 7 -11 7 -9 5 -9 4 -7 2 -7 1 -7 0 -7 -1 -7 -2 -8 -3 -8 -4 -8 -4 -8 -5 -8 -6 0 0 0 0 0 0 0 0 0 0 0 0 0 0 0 0 0 0 0 0 0 0 -1 7 -2 8 -3 8 -4 9 -4 8 -4 9 -4 9 -5 9 -5 8 -5 8 -6 7 -7 6 -8 5 -9 4 -11 4 -12 3 -14 4 -15 5 -17 7 -17 9 -17 10 -17 12 -15 12 -15 12 -14 12 -13 12
CSI_META: ts=3243321585 rssi=-32 noise_floor=-98 channel=6 secondary_channel=0 sig_mode=0 mcs=0 rate=9 cwb=0 sgi=0 stbc=0 ant=0 len=128 rx_state=0 seq=-1 tx_mac=52:40:27:94:0a:bb
CSI_DATA: 28 -64 1 0 -23 18 -23 19 -23 21 -21 23 -19 24 -16 24 -14 23 -11 22 -10 20 -9 17 -8 14 -9 11 -10 9 -11 7 -13 6 -14 4 -14 4 -15 4 -15 3 -15 3 -15 3 -14 3 -14 2 -13 1 -12 -1 0 0 0 0 0 0 0 0 0 0 0 0 0 0 0 0 0 0 0 0 0 0 9 11 8 12 7 11 6 12 5 11 4 11 2 11 0 11 -2 11 -5 12 -7 13 -9 14 -12 15 -14 17 -14 19 -14 21 -14 23 -12 25 -10 25 -9 25 -7 24 -7 22 -8 21 -9 19 -11 18 -14 17
CSI_META: ts=3243391950 rssi=-31 noise_floor=-98 channel=6 secondary_channel=0 sig_mode=0 mcs=0 rate=9 cwb=0 sgi=0 stbc=0 ant=0 len=128 rx_state=0 seq=-1 tx_mac=52:40:27:94:0a:bb
CSI_DATA: 28 -64 1 0 18 8 15 6 13 7 11 6 9 7 8 8 8 9 7 10 8 11 8 11 9 11 9 11 10 10 10 10 9 9 9 8 7 7 6 6 4 5 3 5 2 5 0 5 -1 6 -2 6 -3 6 0 0 0 0 0 0 0 0 0 0 0 0 0 0 0 0 0 0 0 0 0 0 5 -3 6 -1 6 0 7 1 8 2 9 2 9 3 10 4 11 4 12 4 13 4 12 4 12 3 11 3 10 4 9 5 8 6 8 8 8 9 9 11 10 12 12 14 14 15 17 15 18 14 20 13
CSI_META: ts=3243392122 rssi=-31 noise_floor=-98 channel=6 secondary_channel=0 sig_mode=0 mcs=0 rate=9 cwb=0 sgi=0 stbc=0 ant=0 len=128 rx_state=0 seq=-1 tx_mac=52:40:27:94:0a:bb
CSI_DATA: 28 -64 1 0 -13 -16 -12 -15 -9 -13 -8 -12 -6 -11 -4 -12 -3 -12 -2 -13 -3 -14 -3 -15 -4 -15 -5 -15 -5 -15 -5 -14 -5 -13 -5 -12 -4 -10 -3 -9 -2 -8 -2 -7 0 -7 1 -6 2 -6 3 -6 4 -5 0 0 0 0 0 0 0 0 0 0 0 0 0 0 0 0 0 0 0 0 0 0 -6 -1 -6 -3 -6 -4 -7 -6 -6 -7 -7 -8 -7 -8 -8 -10 -8 -10 -10 -10 -10 -10 -10 -10 -9 -9 -9 -9 -7 -9 -6 -10 -5 -11 -4 -12 -3 -13 -3 -15 -4 -17 -4 -19 -6 -20 -9 -21 -11 -21 -12 -22
CSI_META: ts=3243392285 rssi=-31 noise_floor=-98 channel=6 secondary_channel=0 sig_mode=0 mcs=0 rate=9 cwb=0 sgi=0 stbc=0 ant=0 len=128 rx_state=0 seq=-1 tx_mac=52:40:27:94:0a:bb
CSI_DATA: 28 -64 1 0 -9 15 -8 13 -7 12 -7 10 -7 8 -8 7 -9 7 -10 7 -10 7 -11 8 -11 8 -11 9 -10 9 -9 9 -8 9 -7 8 -6 7 -6 6 -5 4 -5 3 -5 2 -5 1 -6 0 -6 -1 -7 -2 0 0 0 0 0 0 0 0 0 0 0 0 0 0 0 0 0 0 0 0 0 0 0 5 -1 5 -2 5 -3 6 -4 6 -5 7 -5 8 -6 9 -6 9 -6 10 -6 10 -6 10 -6 10 -5 9 -6 8 -6 8 -7 7 -8 6 -10 6 -12 7 -13 8 -14 9 -14 12 -15 13 -14 15 -13 17
CSI_META: ts=3243828395 rssi=-30 noise_floor=-98 channel=6 secondary_channel=0 sig_mode=0 mcs=0 rate=9 cwb=0 sgi=0 stbc=0 ant=0 len=128 rx_state=0 seq=-1 tx_mac=52:40:27:94:0a:bb
CSI_DATA: 28 -64 1 0 11 -7 12 -5 14 -4 15 -4 17 -4 17 -6 17 -7 16 -8 14 -9 13 -10 11 -9 9 -8 8 -7 7 -5 7 -3 6 -1 6 0 6 1 7 2 7 3 7 4 7 4 7 4 7 5 6 5 0 0 0 0 0 0 0 0 0 0 0 0 0 0 0 0 0 0 0 0 0 0 -2 -7 -1 -8 0 -9 1 -10 1 -10 1 -10 1 -11 1 -11 2 -11 2 -11 3 -10 4 -9 5 -8 7 -7 9 -6 10 -7 12 -7 14 -9 14 -10 15 -11 15 -13 14 -15 13 -16 12 -16 11 -15 10 -14
CSI_META: ts=3243829969 rssi=-31 noise_floor=-98 channel=6 secondary_channel=0 sig_mode=0 mcs=0 rate=9 cwb=0 sgi=0 stbc=0 ant=0 len=128 rx_state=0 seq=-1 tx_mac=52:40:27:94:0a:bb
CSI_DATA: 28 -64 1 0 -10 16 -12 15 -15 15 -16 16 -17 17 -17 19 -16 20 -15 21 -13 22 -11 21 -9 19 -8 17 -7 15 -6 13 -7 10 -7 7 -9 5 -10 3 -10 2 -11 1 -12 0 -13 -1 -14 -1 -14 -2 -14 -3 0 0 0 0 0 0 0 0 0 0 0 0 0 0 0 0 0 0 0 0 0 0 7 8 7 9 7 10 6 12 6 13 7 13 6 13 6 13 5 13 4 13 2 13 0 13 -3 12 -5 13 -8 14 -10 16 -11 19 -12 21 -12 23 -11 26 -9 28 -7 29 -6 29 -4 28 -3 26 -3 25
CSI_META: ts=3244084938 rssi=-31 noise_floor=-98 channel=6 secondary_channel=0 sig_mode=0 mcs=0 rate=9 cwb=0 sgi=0 stbc=0 ant=0 len=128 rx_state=0 seq=-1 tx_mac=52:40:27:94:0a:bb
CSI_DATA: 28 -64 1 0 26 -24 23 -25 20 -25 16 -23 14 -21 12 -19 11 -16 11 -14 12 -11 13 -10 14 -9 16 -9 17 -8 17 -9 17 -9 17 -10 16 -10 14 -9 13 -8 11 -7 10 -6 9 -5 9 -3 8 -1 8 2 0 0 0 0 0 0 0 0 0 0 0 0 0 0 0 0 0 0 0 0 0 0 -5 -12 -3 -11 -1 -11 0 -10 3 -10 4 -10 7 -9 9 -11 11 -11 14 -13 15 -15 16 -16 16 -17 16 -18 15 -19 14 -19 12 -19 12 -18 12 -16 13 -14 15 -13 17 -12 19 -12 23 -13 26 -15 28 -18
CSI_META: ts=3244211156 rssi=-31 noise_floor=-98 channel=6 secondary_channel=0 sig_mode=0 mcs=0 rate=9 cwb=0 sgi=0 stbc=0 ant=0 len=128 rx_state=0 seq=-1 tx_mac=52:40:27:94:0a:bb
CSI_DATA: 28 -64 1 0 -6 10 -7 9 -9 9 -10 9 -11 10 -11 11 -11 12 -10 13 -9 13 -8 13 -6 12 -5 11 -5 10 -4 9 -4 7 -4 5 -5 4 -5 3 -6 1 -6 1 -7 0 -8 0 -8 -1 -9 -1 -8 -2 0 0 0 0 0 0 0 0 0 0 0 0 0 0 0 0 0 0 0 0 0 0 4 6 3 7 3 7 3 8 3 8 3 8 3 8 3 8 2 8 1 8 0 8 -1 8 -3 7 -4 8 -6 8 -7 9 -8 11 -9 13 -8 14 -8 16 -7 17 -6 18 -5 18 -4 18 -3 17 -3 16
CSI_META: ts=3244474411 rssi=-32 noise_floor=-98 channel=6 secondary_channel=0 sig_mode=0 mcs=0 rate=9 cwb=0 sgi=0 stbc=0 ant=0 len=128 rx_state=0 seq=-1 tx_mac=52:40:27:94:0a:bb
CSI_DATA: 28 -64 1 0 25 12 27 12 28 11 29 8 28 6 27 3 25 1 21 0 18 0 16 1 13 2 12 4 10 6 9 8 10 11 9 12 9 12 10 12 9 11 9 11 8 11 7 10 6 9 4 8 2 8 0 0 0 0 0 0 0 0 0 0 0 0 0 0 0 0 0 0 0 0 0 0 5 -12 6 -13 7 -12 8 -12 8 -11 8 -10 8 -9 9 -8 9 -6 11 -4 12 -1 14 1 17 2 19 3 22 3 23 3 26 1 26 -1 27 -3 26 -4 24 -5 23 -5 20 -3 20 -1 20 1 20 5
CSI_META: ts=3244620758 rssi=-31 noise_floor=-98 channel=6 secondary_channel=0 sig_mode=0 mcs=0 rate=9 cwb=0 sgi=0 stbc=0 ant=0 len=128 rx_state=0 seq=-1 tx_mac=52:40:27:94:0a:bb
CSI_DATA: 28 -64 1 0 9 -35 6 -33 4 -32 2 -28 0 -25 0 -22 1 -19 2 -17 4 -16 6 -15 7 -15 9 -15 10 -15 10 -17 10 -18 10 -17 9 -16 8 -16 7 -14 6 -13 6 -11 6 -9 6 -8 7 -6 7 -3 0 0 0 0 0 0 0 0 0 0 0 0 0 0 0 0 0 0 0 0 0 0 -9 -7 -8 -8 -6 -9 -4 -9 -2 -10 0 -11 1 -13 3 -15 4 -17 5 -19 5 -21 5 -23 4 -24 3 -24 2 -24 1 -24 1 -22 1 -21 2 -19 4 -19 6 -18 8 -20 12 -22 14 -24 15 -27 15 -31
CSI_META: ts=3245142764 rssi=-31 noise_floor=-98 channel=6 secondary_channel=0 sig_mode=0 mcs=0 rate=9 cwb=0 sgi=0 stbc=0 ant=0 len=128 rx_state=0 seq=-1 tx_mac=52:40:27:94:0a:bb
CSI_DATA: 28 -64 1 0 -18 -6 -16 -5 -13 -6 -12 -6 -10 -7 -10 -8 -9 -9 -10 -10 -10 -10 -11 -10 -12 -10 -12 -9 -12 -8 -12 -8 -11 -7 -10 -6 -8 -5 -7 -5 -5 -5 -4 -5 -3 -5 -2 -6 -1 -6 0 -7 1 -7 0 0 0 0 0 0 0 0 0 0 0 0 0 0 0 0 0 0 0 0 0 0 -6 2 -6 1 -7 0 -8 -1 -9 -2 -10 -2 -10 -3 -12 -3 -12 -3 -13 -3 -13 -3 -13 -3 -12 -3 -12 -3 -11 -4 -10 -5 -9 -6 -10 -8 -10 -9 -11 -10 -13 -12 -15 -12 -17 -13 -19 -12 -21 -11 -21 -10
CSI_META: ts=3245143072 rssi=-31 noise_floor=-98 channel=6 secondary_channel=0 sig_mode=0 mcs=0 rate=9 cwb=0 sgi=0 stbc=0 ant=0 len=128 rx_state=0 seq=-1 tx_mac=52:40:27:94:0a:bb
CSI_DATA: 28 -64 1 0 4 17 4 15 2 13 1 12 0 11 -1 11 -2 12 -2 12 -3 13 -3 14 -3 14 -1 14 0 13 1 13 1 11 1 10 0 8 0 7 -1 6 -2 5 -3 4 -4 4 -6 3 -6 3 -7 2 0 0 0 0 0 0 0 0 0 0 0 0 0 0 0 0 0 0 0 0 0 0 4 3 3 4 2 5 2 6 2 7 2 8 2 9 3 10 3 11 2 12 2 12 2 12 2 11 2 11 1 10 0 10 -1 10 -2 11 -3 12 -3 14 -4 16 -3 18 -3 20 -3 21 -1 22 2 22
CSI_META: ts=3245146724 rssi=-31 noise_floor=-98 channel=6 secondary_channel=0 sig_mode=0 mcs=0 rate=9 cwb=0 sgi=0 stbc=0 ant=0 len=128 rx_state=0 seq=-1 tx_mac=52:40:27:94:0a:bb
CSI_DATA: 28 -64 1 0 1 -19 1 -16 2 -15 2 -12 4 -11 5 -11 6 -11 6 -12 7 -12 7 -13 6 -13 6 -13 5 -13 4 -13 3 -12 3 -11 3 -9 2 -8 3 -7 3 -5 3 -4 4 -3 5 -2 6 -2 6 -1 0 0 0 0 0 0 0 0 0 0 0 0 0 0 0 0 0 0 0 0 0 0 -3 -6 -2 -6 -1 -7 -1 -8 0 -9 0 -10 1 -10 0 -12 1 -13 1 -13 1 -13 1 -13 1 -12 1 -11 2 -10 2 -11 4 -10 5 -11 6 -11 8 -12 9 -14 9 -17 10 -19 9 -20 7 -22 5 -23
CSI_META: ts=3245146878 rssi=-31 noise_floor=-98 channel=6 secondary_channel=0 sig_mode=0 mcs=0 rate=9 cwb=0 sgi=0 stbc=0 ant=0 len=128 rx_state=0 seq=-1 tx_mac=52:40:27:94:0a:bb
CSI_DATA: 28 -64 1 0 -6 -18 -5 -15 -4 -14 -3 -12 -1 -12 0 -12 1 -13 2 -13 2 -15 1 -15 0 -15 -1 -15 -1 -14 -2 -14 -2 -13 -2 -11 -1 -10 -1 -8 0 -7 1 -6 2 -6 3 -5 4 -4 5 -4 6 -4 0 0 0 0 0 0 0 0 0 0 0 0 0 0 0 0 0 0 0 0 0 0 -5 -4 -5 -5 -4 -6 -4 -7 -4 -8 -4 -9 -4 -10 -4 -11 -5 -12 -5 -12 -5 -13 -5 -12 -5 -12 -4 -11 -3 -10 -2 -11 -1 -11 1 -12 1 -13 2 -15 2 -17 2 -19 1 -21 -1 -22 -3 -23 -4 -23
CSI_META: ts=3245147014 rssi=-31 noise_floor=-98 channel=6 secondary_channel=0 sig_mode=0 mcs=0 rate=9 cwb=0 sgi=0 stbc=0 ant=0 len=128 rx_state=0 seq=-1 tx_mac=52:40:27:94:0a:bb
CSI_DATA: 28 -64 1 0 13 12 11 10 9 10 7 9 6 9 5 10 4 11 4 12 4 13 5 13 6 13 7 12 7 12 7 10 6 9 6 8 4 7 3 6 2 5 1 5 -1 5 -2 5 -3 5 -4 5 -5 6 0 0 0 0 0 0 0 0 0 0 0 0 0 0 0 0 0 0 0 0 0 0 5 -1 5 1 5 2 6 3 6 5 6 5 7 6 8 7 9 8 9 8 9 8 9 8 9 8 8 7 7 7 6 8 5 9 4 10 4 11 5 13 5 15 7 16 8 18 10 18 12 18 14 17
CSI_META: ts=3245337691 rssi=-32 noise_floor=-98 channel=6 secondary_channel=0 sig_mode=0 mcs=0 rate=9 cwb=0 sgi=0 stbc=0 ant=0 len=128 rx_state=0 seq=-1 tx_mac=52:40:27:94:0a:bb
CSI_DATA: 28 -64 1 0 -26 -17 -22 -14 -17 -15 -14 -14 -11 -15 -10 -17 -8 -19 -8 -20 -9 -22 -9 -23 -11 -23 -12 -22 -13 -21 -13 -19 -13 -17 -12 -15 -9 -13 -7 -11 -5 -10 -2 -9 -1 -9 2 -9 4 -9 6 -9 7 -9 0 0 0 0 0 0 0 0 0 0 0 0 0 0 0 0 0 0 0 0 0 0 -9 2 -10 -1 -11 -3 -12 -4 -14 -6 -14 -7 -16 -8 -17 -9 -19 -9 -20 -9 -20 -9 -19 -9 -18 -8 -16 -9 -15 -9 -13 -11 -11 -13 -10 -16 -10 -18 -11 -22 -13 -24 -17 -27 -19 -29 -23 -30 -26 -28 -28 -27
CSI_META: ts=3246138991 rssi=-32 noise_floor=-98 channel=6 secondary_channel=0 sig_mode=0 mcs=0 rate=9 cwb=0 sgi=0 stbc=0 ant=0 len=128 rx_state=0 seq=-1 tx_mac=52:40:27:94:0a:bb
CSI_DATA: 28 -64 1 0 -4 -13 -2 -14 0 -15 0 -16 0 -17 -1 -18 -2 -18 -3 -18 -4 -18 -5 -16 -5 -15 -5 -13 -5 -11 -4 -10 -2 -9 -1 -8 0 -7 2 -7 3 -6 4 -6 5 -6 5 -6 6 -6 6 -6 7 -5 0 0 0 0 0 0 0 0 0 0 0 0 0 0 0 0 0 0 0 0 0 0 -9 -2 -9 -2 -10 -3 -10 -3 -10 -4 -10 -4 -10 -4 -10 -5 -9 -5 -8 -5 -7 -6 -6 -7 -5 -8 -4 -10 -3 -11 -3 -14 -3 -15 -5 -17 -6 -18 -7 -19 -9 -19 -11 -18 -11 -18 -12 -16 -11 -15 -10 -14
CSI_META: ts=3246421039 rssi=-31 noise_floor=-98 channel=6 secondary_channel=0 sig_mode=0 mcs=0 rate=9 cwb=0 sgi=0 stbc=0 ant=0 len=128 rx_state=0 seq=-1 tx_mac=52:40:27:94:0a:bb
CSI_DATA: 28 -64 1 0 -1 24 1 22 3 21 4 17 3 15 3 13 2 11 0 10 -2 10 -3 10 -4 10 -5 11 -5 12 -5 13 -5 13 -4 12 -4 11 -3 10 -3 9 -3 8 -3 6 -3 5 -4 4 -5 3 -5 1 0 0 0 0 0 0 0 0 0 0 0 0 0 0 0 0 0 0 0 0 0 0 8 1 7 2 6 2 4 4 3 4 2 6 2 7 1 9 1 10 0 12 1 14 1 15 2 15 3 15 3 15 4 15 4 14 4 13 3 12 1 12 0 12 -2 13 -4 15 -5 17 -5 20 -4 22
CSI_META: ts=3246421166 rssi=-31 noise_floor=-98 channel=6 secondary_channel=0 sig_mode=0 mcs=0 rate=9 cwb=0 sgi=0 stbc=0 ant=0 len=128 rx_state=0 seq=-1 tx_mac=52:40:27:94:0a:bb
CSI_DATA: 28 -64 1 0 20 -11 20 -12 16 -12 15 -12 12 -11 10 -10 9 -8 8 -6 8 -4 10 -3 10 -2 11 -2 12 -1 12 -2 13 -2 12 -2 12 -3 11 -3 9 -3 8 -2 7 -1 6 -1 6 0 5 1 4 3 0 0 0 0 0 0 0 0 0 0 0 0 0 0 0 0 0 0 0 0 0 0 -2 -8 -1 -8 0 -7 1 -7 3 -6 4 -6 6 -5 7 -6 9 -6 11 -7 12 -8 12 -9 13 -10 12 -10 12 -11 11 -10 10 -10 9 -9 10 -9 10 -7 11 -5 13 -5 14 -4 17 -4 20 -5 22 -7
CSI_META: ts=3246421284 rssi=-31 noise_floor=-98 channel=6 secondary_channel=0 sig_mode=0 mcs=0 rate=9 cwb=0 sgi=0 stbc=0 ant=0 len=128 rx_state=0 seq=-1 tx_mac=52:40:27:94:0a:bb
CSI_DATA: 28 -64 1 0 10 -18 9 -20 5 -17 5 -17 3 -14 3 -13 3 -11 4 -9 4 -8 5 -8 6 -8 7 -8 8 -9 8 -8 9 -9 7 -8 7 -9 6 -8 5 -7 5 -7 5 -5 4 -5 4 -4 4 -3 4 -1 0 0 0 0 0 0 0 0 0 0 0 0 0 0 0 0 0 0 0 0 0 0 -5 -6 -4 -6 -2 -6 -1 -7 0 -6 2 -7 2 -7 3 -9 5 -8 5 -10 5 -12 5 -13 5 -14 5 -14 5 -15 4 -13 4 -14 3 -11 4 -11 4 -10 6 -10 8 -9 8 -11 11 -12 12 -13 13 -17
CSI_META: ts=3246424859 rssi=-31 noise_floor=-98 channel=6 secondary_channel=0 sig_mode=0 mcs=0 rate=9 cwb=0 sgi=0 stbc=0 ant=0 len=128 rx_state=0 seq=-1 tx_mac=52:40:27:94:0a:bb
CSI_DATA: 28 -64 1 0 21 -1 20 -3 18 -4 16 -4 14 -4 12 -4 11 -3 9 -2 9 0 9 1 9 2 10 3 10 3 11 4 11 4 11 3 10 3 9 2 8 2 8 2 7 2 6 2 4 2 3 3 2 3 0 0 0 0 0 0 0 0 0 0 0 0 0 0 0 0 0 0 0 0 0 0 1 -7 2 -6 3 -5 4 -5 4 -4 6 -3 7 -2 8 -2 10 -2 11 -1 12 -2 13 -2 14 -3 14 -3 13 -4 13 -4 12 -4 11 -4 11 -3 11 -1 11 0 12 1 13 3 16 4 18 4 20 3
CSI_META: ts=3246424977 rssi=-31 noise_floor=-98 channel=6 secondary_channel=0 sig_mode=0 mcs=0 rate=9 cwb=0 sgi=0 stbc=0 ant=0 len=128 rx_state=0 seq=-1 tx_mac=52:40:27:94:0a:bb
CSI_DATA: 28 -64 1 0 14 -20 11 -20 9 -19 7 -17 6 -16 5 -13 5 -11 5 -10 7 -9 7 -8 9 -7 10 -7 10 -7 11 -8 11 -8 10 -8 9 -8 8 -7 7 -7 6 -6 6 -5 6 -4 5 -2 5 -1 4 1 0 0 0 0 0 0 0 0 0 0 0 0 0 0 0 0 0 0 0 0 0 0 -6 -7 -5 -6 -3 -7 -2 -7 0 -7 1 -7 3 -8 4 -9 5 -10 6 -11 7 -13 7 -14 7 -15 7 -15 6 -15 5 -16 4 -14 4 -13 5 -12 6 -11 7 -10 9 -10 11 -11 14 -12 15 -14 16 -16
CSI_META: ts=3246425095 rssi=-31 noise_floor=-98 channel=6 secondary_channel=0 sig_mode=0 mcs=0 rate=9 cwb=0 sgi=0 stbc=0 ant=0 len=128 rx_state=0 seq=-1 tx_mac=52:40:27:94:0a:bb
CSI_DATA: 28 -64 1 0 0 -22 -2 -21 -3 -19 -3 -16 -3 -15 -3 -13 -1 -11 0 -11 1 -10 3 -10 4 -11 4 -11 4 -11 4 -13 4 -12 3 -12 3 -11 2 -10 2 -9 2 -8 2 -7 2 -5 3 -4 4 -3 4 -2 0 0 0 0 0 0 0 0 0 0 0 0 0 0 0 0 0 0 0 0 0 0 -8 -3 -7 -3 -6 -4 -5 -4 -4 -5 -3 -6 -2 -7 -2 -8 -1 -10 0 -11 0 -13 -1 -14 -1 -15 -2 -15 -3 -15 -4 -15 -4 -14 -3 -13 -3 -12 -2 -12 0 -12 1 -13 3 -14 5 -16 5 -18 5 -21
CSI_META: ts=3247641198 rssi=-32 noise_floor=-98 channel=6 secondary_channel=0 sig_mode=0 mcs=0 rate=9 cwb=0 sgi=0 stbc=0 ant=0 len=128 rx_state=0 seq=-1 tx_mac=52:40:27:94:0a:bb
CSI_DATA: 28 -64 1 0 3 -31 2 -31 1 -33 -2 -32 -4 -31 -6 -29 -7 -26 -7 -23 -7 -21 -5 -18 -4 -15 -2 -14 1 -13 3 -13 5 -13 7 -13 8 -13 8 -13 9 -13 8 -13 8 -13 8 -12 8 -11 8 -9 8 -7 0 0 0 0 0 0 0 0 0 0 0 0 0 0 0 0 0 0 0 0 0 0 -15 -1 -15 -2 -15 -2 -13 -3 -12 -4 -11 -5 -10 -6 -9 -8 -7 -10 -6 -12 -5 -16 -4 -18 -4 -21 -5 -23 -6 -24 -8 -26 -9 -26 -11 -27 -13 -24 -13 -24 -13 -22 -12 -20 -9 -20 -6 -20 -3 -21 -1 -23
CSI_META: ts=3248029613 rssi=-31 noise_floor=-98 channel=6 secondary_channel=0 sig_mode=0 mcs=0 rate=9 cwb=0 sgi=0 stbc=0 ant=0 len=128 rx_state=0 seq=-1 tx_mac=52:40:27:94:0a:bb
CSI_DATA: 28 -64 1 0 -20 -2 -21 -1 -21 0 -20 1 -19 3 -18 4 -16 4 -14 4 -12 3 -11 2 -10 0 -9 -1 -9 -2 -9 -3 -10 -5 -10 -5 -9 -5 -10 -5 -9 -5 -9 -5 -8 -5 -8 -4 -7 -5 -6 -5 -4 -5 0 0 0 0 0 0 0 0 0 0 0 0 0 0 0 0 0 0 0 0 0 0 -2 8 -3 8 -3 8 -4 8 -4 7 -4 7 -5 6 -5 5 -6 4 -7 3 -9 2 -10 2 -12 1 -14 1 -15 2 -16 3 -16 4 -17 5 -16 6 -16 7 -15 7 -14 6 -13 5 -13 3 -14 2 -15 0
CSI_META: ts=3248029731 rssi=-31 noise_floor=-98 channel=6 secondary_channel=0 sig_mode=0 mcs=0 rate=9 cwb=0 sgi=0 stbc=0 ant=0 len=128 rx_state=0 seq=-1 tx_mac=52:40:27:94:0a:bb
CSI_DATA: 28 -64 1 0 -14 -15 -14 -14 -16 -14 -15 -12 -16 -11 -16 -9 -15 -8 -14 -6 -13 -6 -10 -5 -9 -5 -7 -6 -6 -7 -5 -8 -5 -9 -5 -10 -4 -10 -4 -10 -4 -10 -4 -10 -4 -9 -3 -9 -3 -8 -2 -8 -1 -7 0 0 0 0 0 0 0 0 0 0 0 0 0 0 0 0 0 0 0 0 0 0 -7 5 -8 4 -8 4 -8 3 -8 3 -7 2 -8 1 -8 0 -8 -1 -9 -3 -9 -4 -10 -6 -11 -7 -12 -8 -13 -8 -15 -9 -15 -8 -17 -7 -16 -6 -16 -5 -15 -5 -14 -4 -14 -5 -12 -6 -12 -8 -11 -10
CSI_META: ts=3248029876 rssi=-32 noise_floor=-98 channel=6 secondary_channel=0 sig_mode=0 mcs=0 rate=9 cwb=0 sgi=0 stbc=0 ant=0 len=128 rx_state=0 seq=-1 tx_mac=52:40:27:94:0a:bb
CSI_DATA: 28 -64 1 0 -29 -18 -27 -16 -31 -16 -28 -13 -30 -11 -29 -10 -27 -8 -24 -5 -23 -4 -19 -3 -17 -4 -15 -5 -12 -6 -12 -9 -10 -10 -11 -12 -9 -12 -9 -14 -9 -14 -9 -14 -8 -14 -9 -14 -8 -12 -6 -12 -5 -11 0 0 0 0 0 0 0 0 0 0 0 0 0 0 0 0 0 0 0 0 0 0 -9 11 -9 9 -11 9 -10 7 -11 6 -10 4 -10 3 -12 0 -12 -2 -15 -4 -16 -5 -18 -7 -20 -8 -22 -8 -23 -8 -27 -8 -25 -7 -29 -5 -26 -3 -27 -3 -25 -3 -24 -3 -23 -5 -22 -5 -21 -8 -21 -12
CSI_META: ts=3248035819 rssi=-31 noise_floor=-98 channel=6 secondary_channel=0 sig_mode=0 mcs=0 rate=9 cwb=0 sgi=0 stbc=0 ant=0 len=128 rx_state=0 seq=-1 tx_mac=52:40:27:94:0a:bb
CSI_DATA: 28 -64 1 0 0 -19 -1 -20 -2 -21 -3 -20 -5 -19 -6 -18 -6 -16 -6 -14 -6 -13 -5 -11 -4 -10 -2 -9 -1 -9 1 -9 2 -9 3 -9 3 -9 4 -9 4 -9 4 -9 3 -9 3 -9 3 -8 4 -7 4 -6 0 0 0 0 0 0 0 0 0 0 0 0 0 0 0 0 0 0 0 0 0 0 -9 -1 -9 -2 -9 -3 -8 -3 -7 -3 -7 -4 -6 -4 -5 -6 -4 -7 -4 -8 -3 -10 -3 -11 -3 -13 -3 -14 -4 -15 -5 -16 -6 -16 -7 -16 -8 -15 -9 -14 -8 -13 -7 -13 -6 -13 -5 -13 -3 -14 -2 -15
CSI_META: ts=3248035964 rssi=-31 noise_floor=-98 channel=6 secondary_channel=0 sig_mode=0 mcs=0 rate=9 cwb=0 sgi=0 stbc=0 ant=0 len=128 rx_state=0 seq=-1 tx_mac=52:40:27:94:0a:bb
CSI_DATA: 28 -64 1 0 15 -13 14 -13 14 -15 13 -15 12 -15 10 -16 8 -15 7 -14 6 -13 5 -11 5 -9 5 -7 6 -6 7 -6 8 -5 9 -4 9 -4 9 -4 9 -3 9 -3 9 -3 8 -3 8 -2 7 -2 7 -1 0 0 0 0 0 0 0 0 0 0 0 0 0 0 0 0 0 0 0 0 0 0 -5 -8 -5 -8 -4 -8 -3 -8 -2 -8 -2 -8 -1 -7 0 -7 2 -7 4 -8 5 -9 7 -9 8 -10 9 -11 9 -12 9 -14 8 -15 8 -16 7 -16 6 -15 5 -15 5 -14 6 -13 7 -12 9 -11 11 -11
CSI_META: ts=3248511942 rssi=-30 noise_floor=-98 channel=6 secondary_channel=0 sig_mode=0 mcs=0 rate=9 cwb=0 sgi=0 stbc=0 ant=0 len=128 rx_state=0 seq=-1 tx_mac=52:40:27:94:0a:bb
CSI_DATA: 28 -64 1 0 -18 1 -16 1 -14 0 -13 -1 -12 -2 -12 -3 -12 -4 -13 -4 -13 -5 -14 -4 -14 -4 -15 -3 -14 -2 -13 -1 -12 -1 -11 -1 -9 -1 -8 -1 -6 -2 -6 -3 -5 -4 -4 -4 -4 -5 -4 -6 -3 -7 0 0 0 0 0 0 0 0 0 0 0 0 0 0 0 0 0 0 0 0 0 0 -5 3 -6 2 -7 1 -8 1 -9 0 -10 0 -10 0 -11 0 -12 0 -13 0 -13 0 -12 0 -12 0 -12 0 -11 -1 -11 -2 -11 -3 -11 -4 -13 -5 -14 -6 -16 -7 -18 -6 -19 -6 -21 -5 -22 -3 -22 -2
CSI_META: ts=3248512068 rssi=-30 noise_floor=-98 channel=6 secondary_channel=0 sig_mode=0 mcs=0 rate=9 cwb=0 sgi=0 stbc=0 ant=0 len=128 rx_state=0 seq=-1 tx_mac=52:40:27:94:0a:bb
CSI_DATA: 28 -64 1 0 8 -17 6 -13 8 -13 7 -10 7 -9 8 -9 10 -8 9 -8 12 -9 12 -9 12 -9 10 -9 9 -9 9 -12 7 -10 7 -10 6 -8 5 -8 5 -6 4 -4 4 -4 5 -2 5 -1 6 1 6 2 0 0 0 0 0 0 0 0 0 0 0 0 0 0 0 0 0 0 0 0 0 0 0 -7 1 -7 3 -8 3 -7 4 -9 5 -8 5 -10 5 -10 5 -11 7 -11 7 -11 7 -10 7 -9 7 -8 6 -8 8 -8 8 -6 10 -7 11 -6 13 -9 14 -9 14 -12 18 -13 17 -14 16 -15 15 -16
CSI_META: ts=3248512240 rssi=-30 noise_floor=-98 channel=6 secondary_channel=0 sig_mode=0 mcs=0 rate=9 cwb=0 sgi=0 stbc=0 ant=0 len=128 rx_state=0 seq=-1 tx_mac=52:40:27:94:0a:bb
CSI_DATA: 28 -64 1 0 -16 -10 -15 -10 -11 -9 -10 -9 -8 -9 -8 -10 -7 -11 -7 -12 -8 -12 -9 -12 -10 -12 -11 -12 -11 -11 -10 -10 -10 -9 -8 -7 -7 -7 -6 -7 -4 -6 -3 -6 -2 -6 -1 -6 0 -7 1 -7 2 -7 0 0 0 0 0 0 0 0 0 0 0 0 0 0 0 0 0 0 0 0 0 0 -6 0 -7 -1 -7 -3 -8 -4 -8 -5 -9 -6 -9 -6 -10 -6 -11 -7 -11 -6 -12 -6 -12 -6 -11 -6 -10 -6 -9 -7 -8 -8 -8 -9 -7 -10 -8 -12 -8 -14 -10 -15 -11 -16 -13 -16 -16 -16 -18 -16 -19 -15
CSI_META: ts=3248863688 rssi=-32 noise_floor=-98 channel=6 secondary_channel=0 sig_mode=0 mcs=0 rate=9 cwb=0 sgi=0 stbc=0 ant=0 len=128 rx_state=0 seq=-1 tx_mac=52:40:27:94:0a:bb
CSI_DATA: 28 -64 1 0 16 -9 17 -5 19 -2 21 0 23 1 25 0 26 -1 26 -3 26 -5 24 -6 22 -7 20 -8 17 -7 15 -6 13 -4 11 -2 9 0 7 3 7 4 6 6 6 8 6 10 5 11 5 11 4 12 0 0 0 0 0 0 0 0 0 0 0 0 0 0 0 0 0 0 0 0 0 0 -2 -12 -1 -14 0 -15 1 -16 1 -17 1 -17 1 -17 2 -17 2 -16 3 -15 4 -14 6 -12 8 -10 10 -8 14 -7 16 -7 20 -8 23 -9 25 -11 27 -14 27 -17 26 -20 24 -21 23 -22 21 -22 19 -20
CSI_META: ts=3248863833 rssi=-31 noise_floor=-98 channel=6 secondary_channel=0 sig_mode=0 mcs=0 rate=9 cwb=0 sgi=0 stbc=0 ant=0 len=128 rx_state=0 seq=-1 tx_mac=52:40:27:94:0a:bb
CSI_DATA: 28 -64 1 0 6 -9 7 -7 10 -6 12 -6 13 -6 13 -8 14 -8 13 -9 13 -10 12 -10 10 -10 8 -10 7 -8 6 -7 5 -6 5 -4 5 -2 5 -1 5 0 5 1 6 2 6 3 6 4 6 4 6 5 0 0 0 0 0 0 0 0 0 0 0 0 0 0 0 0 0 0 0 0 0 0 -4 -7 -3 -8 -3 -9 -3 -9 -3 -10 -2 -10 -3 -10 -3 -10 -2 -10 -2 -10 0 -9 1 -8 2 -8 4 -7 5 -7 7 -8 9 -9 10 -10 11 -12 11 -15 10 -16 9 -18 10 -18 9 -18 7 -17 6 -16
CSI_META: ts=3248863996 rssi=-32 noise_floor=-98 channel=6 secondary_channel=0 sig_mode=0 mcs=0 rate=9 cwb=0 sgi=0 stbc=0 ant=0 len=128 rx_state=0 seq=-1 tx_mac=52:40:27:94:0a:bb
CSI_DATA: 28 -64 1 0 4 -18 8 -17 11 -16 14 -16 16 -17 17 -19 17 -21 16 -22 13 -23 10 -23 9 -22 7 -21 6 -19 6 -15 6 -13 5 -9 7 -7 7 -5 8 -2 9 -1 10 1 11 2 12 2 12 3 12 4 0 0 0 0 0 0 0 0 0 0 0 0 0 0 0 0 0 0 0 0 0 0 -11 -6 -12 -8 -11 -10 -12 -11 -11 -11 -13 -12 -12 -12 -12 -12 -11 -12 -10 -12 -8 -12 -6 -13 -3 -13 0 -14 3 -16 5 -18 7 -21 7 -24 7 -28 7 -30 5 -31 3 -33 0 -32 -3 -32 -4 -31 -4 -28
CSI_META: ts=3248867617 rssi=-31 noise_floor=-98 channel=6 secondary_channel=0 sig_mode=0 mcs=0 rate=9 cwb=0 sgi=0 stbc=0 ant=0 len=128 rx_state=0 seq=-1 tx_mac=52:40:27:94:0a:bb
CSI_DATA: 28 -64 1 0 -6 -10 -4 -11 -1 -13 -1 -14 -1 -15 -2 -16 -3 -17 -4 -17 -5 -17 -5 -15 -6 -14 -5 -12 -5 -11 -4 -9 -3 -8 -1 -7 0 -6 2 -6 3 -5 4 -5 5 -5 5 -5 6 -5 7 -5 7 -5 0 0 0 0 0 0 0 0 0 0 0 0 0 0 0 0 0 0 0 0 0 0 -7 0 -8 0 -9 -1 -10 -1 -10 -2 -10 -2 -10 -2 -11 -2 -11 -2 -10 -3 -9 -3 -8 -4 -7 -5 -6 -7 -5 -8 -5 -11 -5 -12 -6 -14 -7 -15 -10 -16 -11 -17 -13 -16 -14 -16 -14 -15 -14 -13 -13 -12
CSI_META: ts=3248867780 rssi=-31 noise_floor=-98 channel=6 secondary_channel=0 sig_mode=0 mcs=0 rate=9 cwb=0 sgi=0 stbc=0 ant=0 len=128 rx_state=0 seq=-1 tx_mac=52:40:27:94:0a:bb
CSI_DATA: 28 -64 1 0 -7 9 -9 7 -11 7 -12 6 -13 6 -14 7 -14 9 -14 10 -13 10 -11 11 -10 10 -8 9 -7 8 -6 7 -6 5 -6 3 -6 1 -6 0 -6 -1 -7 -2 -7 -3 -8 -4 -8 -4 -8 -4 -7 -5 0 0 0 0 0 0 0 0 0 0 0 0 0 0 0 0 0 0 0 0 0 0 4 5 3 6 3 7 3 8 3 9 3 9 3 9 3 9 3 10 2 9 2 9 0 8 -1 7 -3 7 -5 7 -7 8 -9 9 -10 11 -11 12 -11 15 -10 16 -9 17 -7 19 -6 18 -5 17 -5 15
CSI_META: ts=3248867925 rssi=-31 noise_floor=-98 channel=6 secondary_channel=0 sig_mode=0 mcs=0 rate=9 cwb=0 sgi=0 stbc=0 ant=0 len=128 rx_state=0 seq=-1 tx_mac=52:40:27:94:0a:bb
CSI_DATA: 28 -64 1 0 -12 -3 -11 -5 -10 -7 -11 -9 -12 -9 -13 -10 -14 -10 -15 -9 -15 -8 -15 -6 -14 -5 -13 -4 -11 -3 -9 -3 -8 -3 -6 -4 -4 -4 -3 -5 -2 -6 -1 -7 -1 -8 0 -8 0 -9 0 -9 1 -9 0 0 0 0 0 0 0 0 0 0 0 0 0 0 0 0 0 0 0 0 0 0 -4 5 -5 6 -6 6 -7 6 -7 6 -8 7 -8 7 -8 7 -8 7 -8 6 -8 5 -8 3 -8 2 -9 0 -10 -2 -11 -3 -13 -4 -15 -5 -17 -4 -18 -3 -20 -2 -21 -1 -20 0 -20 1 -19 2 -17 2
CSI_META: ts=3249316659 rssi=-31 noise_floor=-98 channel=6 secondary_channel=0 sig_mode=0 mcs=0 rate=9 cwb=0 sgi=0 stbc=0 ant=0 len=128 rx_state=0 seq=-1 tx_mac=52:40:27:94:0a:bb
CSI_DATA: 28 -64 1 0 2 -18 1 -15 2 -13 3 -10 5 -8 6 -8 8 -8 9 -8 10 -10 10 -10 10 -12 9 -12 8 -12 7 -12 6 -11 5 -10 4 -8 4 -7 4 -5 4 -4 4 -2 4 -1 4 0 5 2 6 3 0 0 0 0 0 0 0 0 0 0 0 0 0 0 0 0 0 0 0 0 0 0 -4 -4 -3 -5 -3 -7 -2 -8 -1 -9 -1 -10 -1 -11 -1 -12 -2 -13 -2 -14 -2 -14 -2 -13 -2 -12 -1 -11 0 -10 1 -9 3 -9 5 -9 7 -10 9 -12 10 -14 11 -16 10 -19 10 -20 8 -21 7 -23
CSI_META: ts=3249934114 rssi=-31 noise_floor=-98 channel=6 secondary_channel=0 sig_mode=0 mcs=0 rate=9 cwb=0 sgi=0 stbc=0 ant=0 len=128 rx_state=0 seq=-1 tx_mac=52:40:27:94:0a:bb
CSI_DATA: 28 -64 1 0 14 12 12 13 11 16 12 18 12 19 14 19 15 19 16 17 17 16 17 14 16 12 15 10 13 9 12 8 9 8 7 8 4 8 2 8 1 8 -1 9 -2 10 -3 11 -4 11 -4 11 -5 11 0 0 0 0 0 0 0 0 0 0 0 0 0 0 0 0 0 0 0 0 0 0 10 -5 11 -4 12 -4 13 -4 13 -3 13 -3 13 -2 13 -2 13 -1 13 0 12 1 12 4 11 5 11 8 11 11 12 13 14 14 17 16 19 16 22 16 23 15 25 13 25 12 25 10 24 9 22 9
CSI_META: ts=3250163641 rssi=-31 noise_floor=-98 channel=6 secondary_channel=0 sig_mode=0 mcs=0 rate=9 cwb=0 sgi=0 stbc=0 ant=0 len=128 rx_state=0 seq=-1 tx_mac=52:40:27:94:0a:bb
CSI_DATA: 28 -64 1 0 -18 -9 -16 -7 -13 -8 -11 -8 -10 -8 -9 -9 -8 -11 -8 -11 -9 -12 -10 -13 -11 -12 -11 -12 -12 -10 -12 -10 -11 -9 -10 -7 -8 -6 -7 -6 -5 -6 -3 -6 -2 -6 -1 -6 0 -7 1 -7 2 -8 0 0 0 0 0 0 0 0 0 0 0 0 0 0 0 0 0 0 0 0 0 0 -6 2 -6 0 -7 -1 -8 -3 -8 -4 -9 -5 -10 -5 -11 -6 -12 -6 -13 -7 -13 -6 -13 -6 -13 -6 -12 -5 -11 -6 -10 -7 -9 -7 -9 -9 -9 -11 -9 -13 -11 -14 -12 -16 -14 -17 -17 -17 -19 -16 -20 -15
CSI_META: ts=3250559959 rssi=-31 noise_floor=-98 channel=6 secondary_channel=0 sig_mode=0 mcs=0 rate=9 cwb=0 sgi=0 stbc=0 ant=0 len=128 rx_state=0 seq=-1 tx_mac=52:40:27:94:0a:bb
CSI_DATA: 28 -64 1 0 8 11 7 11 6 13 6 14 7 14 8 14 9 14 9 14 10 12 10 11 10 10 9 8 8 7 6 7 5 6 3 6 2 6 0 6 0 6 -1 7 -1 7 -2 8 -3 8 -3 8 -4 7 0 0 0 0 0 0 0 0 0 0 0 0 0 0 0 0 0 0 0 0 0 0 7 -1 8 0 8 0 9 1 9 1 9 2 9 2 10 2 9 3 9 3 8 4 7 5 7 6 6 7 6 9 6 11 7 12 8 13 10 13 12 14 13 14 14 13 15 13 15 12 15 10 14 10
CSI_META: ts=3251289035 rssi=-31 noise_floor=-98 channel=6 secondary_channel=0 sig_mode=0 mcs=0 rate=9 cwb=0 sgi=0 stbc=0 ant=0 len=128 rx_state=0 seq=-1 tx_mac=52:40:27:94:0a:bb
CSI_DATA: 28 -64 1 0 10 -17 12 -15 15 -16 15 -16 17 -16 17 -18 16 -20 14 -21 13 -22 10 -21 8 -20 7 -18 6 -16 6 -14 6 -11 7 -9 7 -6 8 -5 9 -3 10 -2 10 -2 11 -1 12 0 12 0 12 1 0 0 0 0 0 0 0 0 0 0 0 0 0 0 0 0 0 0 0 0 0 0 -6 -11 -5 -12 -5 -13 -4 -14 -4 -14 -4 -14 -4 -14 -3 -14 -2 -14 -1 -14 1 -14 3 -13 5 -13 8 -13 10 -14 12 -16 13 -17 13 -21 13 -22 13 -25 11 -26 10 -27 8 -28 7 -27 6 -25 6 -23
CSI_META: ts=3251289162 rssi=-31 noise_floor=-98 channel=6 secondary_channel=0 sig_mode=0 mcs=0 rate=9 cwb=0 sgi=0 stbc=0 ant=0 len=128 rx_state=0 seq=-1 tx_mac=52:40:27:94:0a:bb
CSI_DATA: 28 -64 1 0 2 13 1 12 0 15 -1 15 0 16 1 17 1 17 3 15 3 17 4 15 3 13 3 11 3 9 4 9 2 7 0 7 -1 6 -2 6 -3 6 -5 6 -4 6 -6 7 -7 6 -7 5 -7 5 0 0 0 0 0 0 0 0 0 0 0 0 0 0 0 0 0 0 0 0 0 0 6 3 6 3 7 5 6 5 8 6 7 6 8 6 7 6 7 6 6 8 4 8 2 8 1 9 1 9 0 9 0 13 0 13 1 16 1 16 5 19 5 18 8 17 7 19 7 17 6 15 6 14
CSI_META: ts=3251289280 rssi=-31 noise_floor=-98 channel=6 secondary_channel=0 sig_mode=0 mcs=0 rate=9 cwb=0 sgi=0 stbc=0 ant=0 len=128 rx_state=0 seq=-1 tx_mac=52:40:27:94:0a:bb
CSI_DATA: 28 -64 1 0 -14 4 -13 2 -15 1 -15 1 -17 1 -17 2 -17 3 -16 4 -16 6 -15 6 -13 6 -12 5 -10 5 -10 4 -8 2 -8 1 -7 -1 -7 -2 -7 -3 -7 -4 -7 -5 -7 -5 -7 -6 -7 -6 -7 -6 0 0 0 0 0 0 0 0 0 0 0 0 0 0 0 0 0 0 0 0 0 0 -1 7 -2 7 -3 8 -4 8 -4 9 -4 8 -4 8 -5 8 -5 8 -6 7 -7 6 -7 5 -8 4 -10 3 -11 2 -13 3 -14 3 -17 4 -17 5 -18 7 -17 9 -17 10 -17 12 -15 11 -14 11 -13 10
CSI_META: ts=3251291113 rssi=-31 noise_floor=-98 channel=6 secondary_channel=0 sig_mode=0 mcs=0 rate=9 cwb=0 sgi=0 stbc=0 ant=0 len=128 rx_state=0 seq=-1 tx_mac=52:40:27:94:0a:bb
CSI_DATA: 28 -64 1 0 7 -11 9 -11 10 -10 11 -10 12 -11 12 -13 11 -13 10 -14 9 -15 8 -15 6 -13 5 -12 4 -11 4 -9 4 -8 4 -6 5 -4 5 -3 6 -2 6 -2 7 -1 8 0 8 0 8 1 8 1 0 0 0 0 0 0 0 0 0 0 0 0 0 0 0 0 0 0 0 0 0 0 -4 -8 -4 -9 -3 -10 -3 -10 -3 -10 -3 -10 -2 -10 -2 -10 -1 -10 -1 -10 0 -9 2 -9 3 -9 5 -9 7 -9 8 -11 9 -12 10 -14 10 -15 9 -16 8 -18 7 -19 6 -19 5 -18 4 -17 5 -16
CSI_META: ts=3251291240 rssi=-31 noise_floor=-98 channel=6 secondary_channel=0 sig_mode=0 mcs=0 rate=9 cwb=0 sgi=0 stbc=0 ant=0 len=128 rx_state=0 seq=-1 tx_mac=52:40:27:94:0a:bb
CSI_DATA: 28 -64 1 0 -14 3 -14 1 -15 0 -16 0 -17 0 -17 1 -18 2 -17 3 -16 4 -15 5 -14 5 -12 5 -11 4 -10 4 -8 2 -8 0 -7 -1 -7 -2 -7 -3 -7 -4 -7 -5 -7 -6 -7 -6 -7 -7 -6 -7 0 0 0 0 0 0 0 0 0 0 0 0 0 0 0 0 0 0 0 0 0 0 -2 7 -3 8 -4 8 -4 8 -5 9 -5 8 -5 8 -5 8 -5 8 -6 7 -7 6 -8 5 -9 4 -10 3 -12 2 -13 2 -15 2 -16 4 -17 5 -18 6 -18 8 -18 9 -17 10 -16 10 -15 10 -14 9
CSI_META: ts=3251446800 rssi=-31 noise_floor=-98 channel=6 secondary_channel=0 sig_mode=0 mcs=0 rate=9 cwb=0 sgi=0 stbc=0 ant=0 len=128 rx_state=0 seq=-1 tx_mac=52:40:27:94:0a:bb
CSI_DATA: 28 -64 1 0 -6 -13 -4 -14 -3 -15 -3 -16 -3 -16 -4 -17 -5 -17 -6 -17 -7 -16 -8 -15 -8 -13 -7 -11 -6 -10 -5 -9 -3 -8 -2 -7 0 -7 1 -7 2 -7 3 -7 3 -7 4 -8 4 -7 5 -7 6 -7 0 0 0 0 0 0 0 0 0 0 0 0 0 0 0 0 0 0 0 0 0 0 -8 -1 -9 -2 -9 -3 -10 -3 -10 -3 -10 -4 -10 -4 -10 -4 -9 -4 -9 -5 -8 -6 -7 -7 -6 -8 -5 -9 -5 -11 -5 -13 -5 -15 -6 -16 -8 -16 -9 -17 -10 -17 -12 -17 -12 -16 -13 -15 -13 -14 -12 -13
CSI_META: ts=3251447725 rssi=-31 noise_floor=-98 channel=6 secondary_channel=0 sig_mode=0 mcs=0 rate=9 cwb=0 sgi=0 stbc=0 ant=0 len=128 rx_state=0 seq=-1 tx_mac=52:40:27:94:0a:bb
CSI_DATA: 28 -64 1 0 5 11 4 12 3 14 3 14 3 15 4 16 6 16 6 15 7 14 8 13 8 11 7 9 6 8 4 8 3 7 1 6 0 6 -2 6 -3 6 -4 6 -4 6 -5 7 -5 7 -6 7 -6 6 0 0 0 0 0 0 0 0 0 0 0 0 0 0 0 0 0 0 0 0 0 0 7 -1 8 0 8 0 9 1 9 1 9 2 9 2 9 2 9 2 8 3 8 4 7 5 6 6 5 8 5 9 5 11 5 13 7 14 8 14 10 15 11 15 13 14 13 14 14 12 13 11 12 10
CSI_META: ts=3251447907 rssi=-31 noise_floor=-98 channel=6 secondary_channel=0 sig_mode=0 mcs=0 rate=9 cwb=0 sgi=0 stbc=0 ant=0 len=128 rx_state=0 seq=-1 tx_mac=52:40:27:94:0a:bb
CSI_DATA: 28 -64 1 0 -11 8 -12 7 -13 6 -15 6 -15 7 -16 8 -15 9 -14 10 -13 10 -11 11 -10 10 -9 9 -8 8 -7 6 -7 5 -7 3 -7 2 -7 0 -7 -1 -8 -1 -8 -2 -9 -3 -9 -3 -9 -3 -9 -4 0 0 0 0 0 0 0 0 0 0 0 0 0 0 0 0 0 0 0 0 0 0 1 7 0 8 0 8 -1 9 -1 9 -1 9 -2 9 -2 9 -2 9 -3 9 -4 8 -5 7 -6 7 -8 6 -9 6 -11 7 -12 8 -13 9 -14 11 -14 12 -14 14 -13 15 -11 16 -10 15 -10 15 -9 14
CSI_META: ts=3252267663 rssi=-31 noise_floor=-98 channel=6 secondary_channel=0 sig_mode=0 mcs=0 rate=9 cwb=0 sgi=0 stbc=0 ant=0 len=128 rx_state=0 seq=-1 tx_mac=52:40:27:94:0a:bb
CSI_DATA: 28 -64 1 0 -8 8 -10 7 -12 6 -13 6 -14 7 -15 8 -14 9 -14 10 -13 11 -12 11 -10 10 -9 10 -7 9 -7 7 -6 5 -6 3 -6 2 -6 0 -6 -1 -7 -3 -7 -3 -7 -4 -8 -5 -7 -5 -7 -6 0 0 0 0 0 0 0 0 0 0 0 0 0 0 0 0 0 0 0 0 0 0 5 5 5 6 5 7 4 8 4 8 4 8 4 8 4 8 3 8 1 7 0 8 -1 7 -4 7 -5 7 -7 8 -9 9 -10 11 -10 13 -10 14 -10 16 -9 17 -7 18 -6 18 -6 17 -5 16 -5 15
CSI_META: ts=3253317937 rssi=-32 noise_floor=-98 channel=6 secondary_channel=0 sig_mode=0 mcs=0 rate=9 cwb=0 sgi=0 stbc=0 ant=0 len=128 rx_state=0 seq=-1 tx_mac=52:40:27:94:0a:bb
CSI_DATA: 28 -64 1 0 -12 13 -15 10 -17 8 -20 7 -23 7 -25 8 -25 9 -25 12 -24 13 -22 15 -20 15 -18 14 -16 13 -13 11 -12 8 -10 5 -9 2 -9 -1 -9 -3 -9 -5 -9 -7 -10 -8 -10 -9 -10 -10 -9 -12 0 0 0 0 0 0 0 0 0 0 0 0 0 0 0 0 0 0 0 0 0 0 7 9 6 11 6 12 6 14 5 14 6 15 5 15 5 14 4 14 3 14 2 13 -1 12 -4 11 -7 11 -10 11 -13 13 -16 14 -18 17 -19 20 -20 23 -19 26 -17 28 -15 29 -13 29 -11 28 -9 26
CSI_META: ts=3253529217 rssi=-31 noise_floor=-98 channel=6 secondary_channel=0 sig_mode=0 mcs=0 rate=9 cwb=0 sgi=0 stbc=0 ant=0 len=128 rx_state=0 seq=-1 tx_mac=52:40:27:94:0a:bb
CSI_DATA: 28 -64 1 0 1 -12 4 -11 6 -12 7 -12 8 -13 8 -14 8 -15 7 -16 6 -16 4 -16 3 -15 2 -14 2 -12 2 -11 2 -9 3 -7 3 -5 4 -4 5 -3 6 -2 6 -2 7 -1 7 -1 8 0 8 0 0 0 0 0 0 0 0 0 0 0 0 0 0 0 0 0 0 0 0 0 0 0 -7 -5 -7 -6 -7 -7 -7 -8 -7 -8 -7 -8 -7 -8 -6 -8 -6 -8 -5 -8 -4 -8 -2 -9 -1 -9 1 -9 2 -10 3 -12 4 -14 4 -16 4 -17 3 -19 2 -20 0 -21 -1 -21 -2 -20 -2 -19 -2 -17
CSI_META: ts=3254143954 rssi=-31 noise_floor=-98 channel=6 secondary_channel=0 sig_mode=0 mcs=0 rate=9 cwb=0 sgi=0 stbc=0 ant=0 len=128 rx_state=0 seq=-1 tx_mac=52:40:27:94:0a:bb
CSI_DATA: 28 -64 1 0 8 -15 7 -13 7 -11 7 -9 8 -7 9 -7 10 -6 11 -6 12 -7 12 -8 12 -8 11 -9 10 -9 9 -9 8 -9 7 -8 6 -6 6 -5 5 -4 5 -3 5 -1 5 0 5 1 5 2 5 3 0 0 0 0 0 0 0 0 0 0 0 0 0 0 0 0 0 0 0 0 0 0 -2 -6 0 -6 1 -7 2 -7 3 -8 3 -9 3 -9 4 -11 4 -11 4 -12 4 -12 4 -12 4 -11 4 -10 5 -9 5 -8 7 -7 9 -7 10 -7 12 -8 13 -9 15 -11 15 -13 15 -14 15 -16 14 -18
CSI_META: ts=3254390113 rssi=-30 noise_floor=-98 channel=6 secondary_channel=0 sig_mode=0 mcs=0 rate=9 cwb=0 sgi=0 stbc=0 ant=0 len=128 rx_state=0 seq=-1 tx_mac=52:40:27:94:0a:bb
CSI_DATA: 28 -64 1 0 -22 -1 -21 1 -19 1 -17 2 -15 2 -14 1 -12 1 -12 0 -12 -1 -11 -2 -12 -2 -12 -2 -12 -3 -13 -3 -12 -2 -12 -2 -11 -2 -10 -2 -9 -2 -9 -2 -8 -2 -7 -3 -6 -3 -5 -4 -4 -5 0 0 0 0 0 0 0 0 0 0 0 0 0 0 0 0 0 0 0 0 0 0 -5 5 -5 4 -6 3 -6 2 -7 1 -8 0 -9 0 -10 -1 -11 -1 -12 -2 -13 -2 -14 -1 -14 -1 -15 -1 -14 0 -14 0 -13 0 -13 0 -13 -1 -13 -2 -14 -3 -15 -4 -16 -5 -18 -5 -20 -5 -21 -4
CSI_META: ts=3254390222 rssi=-30 noise_floor=-98 channel=6 secondary_channel=0 sig_mode=0 mcs=0 rate=9 cwb=0 sgi=0 stbc=0 ant=0 len=128 rx_state=0 seq=-1 tx_mac=52:40:27:94:0a:bb
CSI_DATA: 28 -64 1 0 -1 -22 -2 -18 -1 -21 -3 -17 -3 -15 -3 -14 -1 -13 -1 -11 1 -12 2 -12 2 -11 2 -11 2 -11 2 -14 2 -12 2 -13 1 -11 1 -10 1 -10 1 -8 1 -8 2 -7 3 -6 3 -5 4 -3 0 0 0 0 0 0 0 0 0 0 0 0 0 0 0 0 0 0 0 0 0 0 -6 -5 -5 -5 -4 -6 -3 -6 -2 -7 -2 -7 -1 -9 0 -9 0 -11 2 -13 2 -14 2 -14 1 -14 1 -14 0 -13 -1 -15 -1 -12 0 -14 0 -12 1 -14 2 -13 2 -14 5 -17 5 -18 5 -19 5 -20
CSI_META: ts=3254390358 rssi=-30 noise_floor=-98 channel=6 secondary_channel=0 sig_mode=0 mcs=0 rate=9 cwb=0 sgi=0 stbc=0 ant=0 len=128 rx_state=0 seq=-1 tx_mac=52:40:27:94:0a:bb
CSI_DATA: 28 -64 1 0 21 -4 18 -4 18 -5 15 -5 14 -5 12 -4 11 -3 10 -2 11 -1 11 -1 11 0 12 0 12 0 12 0 11 0 12 -1 10 -1 9 -1 8 -1 7 0 6 0 6 1 5 2 4 3 3 4 0 0 0 0 0 0 0 0 0 0 0 0 0 0 0 0 0 0 0 0 0 0 3 -7 4 -6 4 -5 5 -4 6 -3 6 -2 7 -2 8 -1 10 -1 11 0 12 0 13 0 14 -1 14 -2 13 -2 13 -2 12 -2 13 -2 12 -2 13 -1 13 0 14 1 15 2 17 3 19 2 20 1
CSI_META: ts=3254393950 rssi=-29 noise_floor=-98 channel=6 secondary_channel=0 sig_mode=0 mcs=0 rate=9 cwb=0 sgi=0 stbc=0 ant=0 len=128 rx_state=0 seq=-1 tx_mac=52:40:27:94:0a:bb
CSI_DATA: 28 -64 1 0 -23 -2 -21 -1 -19 0 -17 1 -16 1 -14 1 -13 0 -12 -1 -12 -2 -12 -3 -13 -3 -13 -4 -13 -3 -13 -3 -13 -3 -13 -2 -11 -2 -10 -2 -9 -2 -9 -2 -8 -2 -7 -3 -6 -3 -5 -4 -4 -5 0 0 0 0 0 0 0 0 0 0 0 0 0 0 0 0 0 0 0 0 0 0 -6 4 -6 3 -7 2 -7 1 -8 0 -8 -1 -9 -1 -10 -2 -11 -3 -12 -4 -13 -4 -14 -4 -15 -4 -15 -3 -15 -3 -15 -2 -14 -2 -14 -2 -13 -3 -14 -3 -14 -4 -15 -5 -16 -7 -18 -7 -20 -7 -21 -7
CSI_META: ts=3254394122 rssi=-29 noise_floor=-98 channel=6 secondary_channel=0 sig_mode=0 mcs=0 rate=9 cwb=0 sgi=0 stbc=0 ant=0 len=128 rx_state=0 seq=-1 tx_mac=52:40:27:94:0a:bb
CSI_DATA: 28 -64 1 0 19 -10 17 -11 15 -11 13 -10 12 -9 11 -8 10 -7 10 -6 11 -5 11 -5 12 -4 12 -5 12 -5 12 -6 11 -6 11 -5 9 -5 8 -5 7 -4 7 -3 6 -2 6 -1 5 0 5 1 5 2 0 0 0 0 0 0 0 0 0 0 0 0 0 0 0 0 0 0 0 0 0 0 2 -8 3 -7 3 -6 4 -6 5 -5 6 -4 7 -4 8 -3 10 -3 11 -3 12 -4 13 -4 14 -5 14 -5 13 -6 13 -6 12 -6 12 -6 12 -6 12 -5 13 -4 14 -4 16 -3 18 -3 20 -4 21 -6
CSI_META: ts=3254394294 rssi=-29 noise_floor=-98 channel=6 secondary_channel=0 sig_mode=0 mcs=0 rate=9 cwb=0 sgi=0 stbc=0 ant=0 len=128 rx_state=0 seq=-1 tx_mac=52:40:27:94:0a:bb
CSI_DATA: 28 -64 1 0 -15 16 -13 16 -11 15 -10 14 -8 13 -8 11 -8 10 -8 9 -8 8 -9 8 -9 7 -10 7 -10 7 -10 8 -10 8 -10 8 -9 8 -8 6 -7 6 -7 5 -6 4 -6 3 -6 2 -6 1 -6 0 0 0 0 0 0 0 0 0 0 0 0 0 0 0 0 0 0 0 0 0 0 0 0 6 -1 6 -2 6 -3 6 -4 6 -5 6 -6 6 -7 6 -8 7 -9 8 -10 9 -10 9 -10 10 -10 10 -10 10 -9 10 -9 10 -9 9 -10 9 -11 8 -12 8 -13 8 -15 9 -16 10 -17 12 -17 14
CSI_META: ts=3257411488 rssi=-32 noise_floor=-98 channel=6 secondary_channel=0 sig_mode=0 mcs=0 rate=9 cwb=0 sgi=0 stbc=0 ant=0 len=128 rx_state=0 seq=-1 tx_mac=52:40:27:94:0a:bb
CSI_DATA: 28 -64 1 0 -19 -21 -21 -21 -23 -22 -24 -20 -26 -18 -26 -16 -25 -13 -23 -10 -21 -9 -18 -7 -16 -7 -12 -7 -9 -8 -6 -9 -4 -11 -3 -13 -1 -13 -1 -14 0 -14 -1 -15 0 -15 0 -15 0 -15 1 -13 2 -12 0 0 0 0 0 0 0 0 0 0 0 0 0 0 0 0 0 0 0 0 0 0 -5 13 -6 12 -7 12 -7 11 -7 10 -8 8 -8 6 -9 4 -10 2 -12 -1 -14 -3 -16 -5 -18 -7 -21 -8 -23 -7 -26 -7 -27 -6 -28 -4 -28 -2 -28 0 -26 0 -24 0 -21 -1 -19 -3 -18 -6 -17 -11
CSI_META: ts=3258689288 rssi=-30 noise_floor=-98 channel=6 secondary_channel=0 sig_mode=0 mcs=0 rate=9 cwb=0 sgi=0 stbc=0 ant=0 len=128 rx_state=0 seq=-1 tx_mac=52:40:27:94:0a:bb
CSI_DATA: 28 -64 1 0 5 -13 6 -12 8 -14 8 -14 8 -15 7 -16 6 -16 5 -16 4 -16 3 -15 2 -13 1 -12 1 -10 2 -9 3 -7 4 -6 5 -5 6 -4 6 -4 7 -3 7 -3 8 -3 8 -3 8 -2 8 -2 0 0 0 0 0 0 0 0 0 0 0 0 0 0 0 0 0 0 0 0 0 0 -7 -6 -6 -7 -6 -7 -6 -8 -6 -8 -6 -8 -5 -8 -5 -9 -4 -9 -3 -9 -2 -9 0 -9 1 -10 3 -10 4 -11 4 -14 5 -15 5 -17 4 -17 3 -18 2 -19 1 -19 0 -19 -1 -17 0 -16 1 -16
CSI_META: ts=3258693701 rssi=-30 noise_floor=-98 channel=6 secondary_channel=0 sig_mode=0 mcs=0 rate=9 cwb=0 sgi=0 stbc=0 ant=0 len=128 rx_state=0 seq=-1 tx_mac=52:40:27:94:0a:bb
CSI_DATA: 28 -64 1 0 -5 -13 -3 -14 -2 -16 -3 -16 -4 -17 -5 -17 -6 -17 -7 -16 -8 -15 -8 -14 -8 -12 -7 -10 -6 -9 -4 -8 -2 -8 -1 -7 1 -7 2 -7 3 -7 3 -7 4 -8 4 -8 5 -7 5 -7 5 -7 0 0 0 0 0 0 0 0 0 0 0 0 0 0 0 0 0 0 0 0 0 0 -9 0 -9 -1 -10 -2 -10 -2 -10 -2 -10 -2 -9 -3 -9 -3 -9 -4 -8 -4 -7 -6 -6 -7 -5 -8 -5 -10 -5 -11 -6 -14 -6 -15 -7 -16 -9 -16 -11 -16 -12 -15 -13 -14 -13 -14 -13 -13 -12 -12 -10 -12
CSI_META: ts=3259180308 rssi=-31 noise_floor=-98 channel=6 secondary_channel=0 sig_mode=0 mcs=0 rate=9 cwb=0 sgi=0 stbc=0 ant=0 len=128 rx_state=0 seq=-1 tx_mac=52:40:27:94:0a:bb
CSI_DATA: 28 -64 1 0 -18 -15 -19 -13 -18 -12 -16 -9 -15 -7 -14 -6 -12 -6 -10 -6 -9 -6 -7 -7 -7 -8 -7 -9 -7 -10 -7 -11 -7 -11 -7 -11 -7 -10 -7 -10 -6 -9 -6 -8 -5 -8 -5 -7 -3 -6 -2 -6 -1 -6 0 0 0 0 0 0 0 0 0 0 0 0 0 0 0 0 0 0 0 0 0 0 -6 3 -6 2 -7 0 -7 -1 -7 -2 -7 -4 -7 -5 -8 -6 -9 -7 -11 -8 -12 -9 -13 -9 -13 -9 -14 -8 -14 -8 -14 -7 -13 -6 -12 -6 -11 -6 -10 -7 -10 -9 -9 -10 -9 -13 -11 -15 -12 -16 -14 -17
CSI_META: ts=3259180435 rssi=-31 noise_floor=-98 channel=6 secondary_channel=0 sig_mode=0 mcs=0 rate=9 cwb=0 sgi=0 stbc=0 ant=0 len=128 rx_state=0 seq=-1 tx_mac=52:40:27:94:0a:bb
CSI_DATA: 28 -64 1 0 -3 22 -1 22 1 19 2 18 2 15 1 13 1 11 -1 10 -2 9 -4 9 -5 10 -5 10 -6 11 -5 11 -5 12 -4 11 -4 11 -4 10 -3 8 -3 8 -3 6 -3 5 -4 4 -5 3 -6 1 0 0 0 0 0 0 0 0 0 0 0 0 0 0 0 0 0 0 0 0 0 0 7 3 6 3 5 4 4 4 3 5 2 6 0 7 0 8 -1 10 -2 11 -2 13 -2 14 -1 15 0 15 1 15 1 14 2 14 1 13 1 12 0 12 -2 11 -3 12 -5 13 -6 15 -7 17 -7 21
CSI_META: ts=3259180598 rssi=-31 noise_floor=-98 channel=6 secondary_channel=0 sig_mode=0 mcs=0 rate=9 cwb=0 sgi=0 stbc=0 ant=0 len=128 rx_state=0 seq=-1 tx_mac=52:40:27:94:0a:bb
CSI_DATA: 28 -64 1 0 21 -5 22 -7 16 -8 16 -8 14 -8 12 -6 10 -5 9 -3 9 -3 10 -2 10 -1 12 -1 13 0 11 0 13 0 11 -1 12 -1 10 -1 9 -1 8 -1 7 0 6 0 5 1 4 2 3 3 0 0 0 0 0 0 0 0 0 0 0 0 0 0 0 0 0 0 0 0 0 0 0 -8 1 -8 2 -6 3 -6 4 -5 5 -4 6 -3 8 -3 9 -2 10 -4 12 -4 13 -5 14 -6 14 -6 15 -7 13 -6 13 -7 11 -6 11 -6 11 -4 11 -3 13 -1 13 -1 16 -1 19 -1 22 -2
CSI_META: ts=3259184239 rssi=-31 noise_floor=-98 channel=6 secondary_channel=0 sig_mode=0 mcs=0 rate=9 cwb=0 sgi=0 stbc=0 ant=0 len=128 rx_state=0 seq=-1 tx_mac=52:40:27:94:0a:bb
CSI_DATA: 28 -64 1 0 -23 8 -20 9 -18 9 -15 9 -13 9 -12 7 -11 5 -10 4 -10 2 -11 1 -11 0 -13 0 -13 0 -14 1 -13 1 -13 1 -12 2 -11 1 -9 1 -9 1 -8 0 -7 -1 -6 -2 -5 -3 -4 -4 0 0 0 0 0 0 0 0 0 0 0 0 0 0 0 0 0 0 0 0 0 0 0 7 -1 7 -2 6 -3 5 -4 5 -5 4 -6 3 -8 3 -10 3 -12 3 -13 4 -14 5 -15 6 -15 7 -14 7 -14 8 -12 8 -12 8 -11 7 -11 5 -12 4 -13 3 -15 2 -17 1 -20 2 -22 3
CSI_META: ts=3259184411 rssi=-31 noise_floor=-98 channel=6 secondary_channel=0 sig_mode=0 mcs=0 rate=9 cwb=0 sgi=0 stbc=0 ant=0 len=128 rx_state=0 seq=-1 tx_mac=52:40:27:94:0a:bb
CSI_DATA: 28 -64 1 0 15 -18 13 -18 11 -18 9 -16 7 -15 6 -13 6 -11 6 -9 7 -8 8 -7 9 -6 10 -6 10 -6 11 -7 11 -7 11 -7 9 -7 9 -7 7 -6 7 -5 6 -4 5 -3 5 -2 5 0 4 1 0 0 0 0 0 0 0 0 0 0 0 0 0 0 0 0 0 0 0 0 0 0 -5 -7 -4 -7 -3 -7 -1 -7 0 -7 1 -7 3 -7 4 -8 6 -9 7 -10 8 -11 8 -12 8 -13 8 -13 8 -14 6 -14 6 -13 5 -13 6 -12 6 -10 7 -10 9 -10 11 -9 13 -10 16 -11 17 -14
CSI_META: ts=3259184583 rssi=-31 noise_floor=-98 channel=6 secondary_channel=0 sig_mode=0 mcs=0 rate=9 cwb=0 sgi=0 stbc=0 ant=0 len=128 rx_state=0 seq=-1 tx_mac=52:40:27:94:0a:bb
CSI_DATA: 28 -64 1 0 -12 20 -10 20 -8 19 -6 17 -5 15 -4 13 -4 12 -4 10 -5 8 -6 8 -7 7 -8 7 -9 7 -9 8 -10 8 -10 8 -9 8 -8 8 -7 7 -7 6 -6 5 -6 5 -6 3 -6 2 -6 1 0 0 0 0 0 0 0 0 0 0 0 0 0 0 0 0 0 0 0 0 0 0 4 5 3 5 2 5 0 6 -1 5 -2 6 -3 7 -4 8 -6 9 -6 10 -7 12 -7 13 -7 14 -6 14 -5 14 -5 14 -4 13 -4 12 -5 11 -5 10 -7 10 -9 10 -10 11 -12 12 -14 13 -14 16
CSI_META: ts=3259436791 rssi=-32 noise_floor=-98 channel=6 secondary_channel=0 sig_mode=0 mcs=0 rate=9 cwb=0 sgi=0 stbc=0 ant=0 len=128 rx_state=0 seq=-1 tx_mac=52:40:27:94:0a:bb
CSI_DATA: 28 -64 1 0 21 31 22 28 23 25 22 20 20 17 18 15 15 13 11 13 8 12 6 14 5 15 4 16 3 19 3 20 3 20 4 20 4 19 3 18 3 15 3 14 2 13 1 11 0 10 -2 9 -4 7 0 0 0 0 0 0 0 0 0 0 0 0 0 0 0 0 0 0 0 0 0 0 10 -7 10 -4 9 -2 9 0 9 2 9 5 9 7 10 10 12 13 13 14 15 16 17 17 19 17 19 16 20 15 20 14 18 13 17 12 15 11 13 13 11 14 10 17 8 22 9 25 11 29 13 32
CSI_META: ts=3259436972 rssi=-31 noise_floor=-98 channel=6 secondary_channel=0 sig_mode=0 mcs=0 rate=9 cwb=0 sgi=0 stbc=0 ant=0 len=128 rx_state=0 seq=-1 tx_mac=52:40:27:94:0a:bb
CSI_DATA: 28 -64 1 0 -15 18 -13 18 -11 18 -8 16 -7 14 -6 12 -5 10 -6 8 -7 6 -9 6 -10 5 -11 5 -12 5 -12 6 -12 7 -12 7 -10 6 -9 6 -8 5 -7 4 -6 3 -6 2 -6 1 -6 -1 -5 -2 0 0 0 0 0 0 0 0 0 0 0 0 0 0 0 0 0 0 0 0 0 0 6 5 4 5 3 6 2 5 0 5 -1 5 -2 6 -4 7 -5 8 -7 9 -8 10 -8 12 -8 13 -8 14 -7 14 -6 15 -5 14 -5 13 -5 12 -5 10 -6 9 -9 8 -11 9 -13 9 -15 11 -17 13
CSI_META: ts=3259437240 rssi=-31 noise_floor=-98 channel=6 secondary_channel=0 sig_mode=0 mcs=0 rate=9 cwb=0 sgi=0 stbc=0 ant=0 len=128 rx_state=0 seq=-1 tx_mac=52:40:27:94:0a:bb
CSI_DATA: 28 -64 1 0 0 23 1 22 3 20 4 17 4 15 3 13 2 11 0 10 -2 9 -3 9 -4 9 -5 10 -6 11 -6 12 -6 12 -5 12 -4 11 -4 10 -3 8 -3 7 -3 6 -3 5 -4 4 -5 2 -6 1 0 0 0 0 0 0 0 0 0 0 0 0 0 0 0 0 0 0 0 0 0 0 8 0 7 1 6 2 5 2 4 3 3 4 2 6 2 7 1 9 1 11 1 13 2 14 2 15 3 15 4 15 5 15 5 13 5 13 4 11 2 11 1 11 -1 12 -3 13 -4 15 -5 18 -5 21
CSI_META: ts=3260717102 rssi=-31 noise_floor=-98 channel=6 secondary_channel=0 sig_mode=0 mcs=0 rate=9 cwb=0 sgi=0 stbc=0 ant=0 len=128 rx_state=0 seq=-1 tx_mac=52:40:27:94:0a:bb
CSI_DATA: 28 -64 1 0 6 -16 6 -17 5 -17 4 -16 3 -16 2 -16 1 -14 0 -14 0 -12 0 -12 1 -10 1 -10 2 -9 2 -9 3 -9 3 -9 4 -8 3 -9 3 -8 3 -8 3 -7 3 -7 3 -6 4 -5 4 -4 0 0 0 0 0 0 0 0 0 0 0 0 0 0 0 0 0 0 0 0 0 0 -4 -8 -3 -8 -2 -8 -2 -8 -1 -8 -1 -8 0 -8 1 -8 2 -8 3 -9 4 -9 5 -10 5 -10 6 -11 6 -12 6 -13 5 -14 5 -15 4 -15 4 -15 3 -14 3 -14 3 -14 4 -14 5 -14 6 -15
CSI_META: ts=3260799964 rssi=-31 noise_floor=-98 channel=6 secondary_channel=0 sig_mode=0 mcs=0 rate=9 cwb=0 sgi=0 stbc=0 ant=0 len=128 rx_state=0 seq=-1 tx_mac=52:40:27:94:0a:bb
CSI_DATA: 28 -64 1 0 -19 -11 -20 -10 -20 -9 -20 -7 -19 -5 -18 -4 -16 -3 -14 -2 -13 -2 -11 -3 -10 -3 -9 -5 -8 -6 -7 -7 -7 -8 -7 -8 -7 -9 -7 -9 -7 -8 -7 -8 -7 -8 -6 -7 -5 -7 -4 -7 -3 -6 0 0 0 0 0 0 0 0 0 0 0 0 0 0 0 0 0 0 0 0 0 0 -6 7 -6 6 -6 5 -7 4 -6 3 -7 2 -7 1 -8 0 -9 -2 -10 -3 -11 -4 -13 -5 -14 -5 -15 -5 -16 -5 -17 -4 -17 -4 -17 -3 -17 -2 -16 -1 -15 -2 -14 -2 -13 -4 -14 -6 -14 -7 -15 -9
CSI_META: ts=3262043756 rssi=-31 noise_floor=-98 channel=6 secondary_channel=0 sig_mode=0 mcs=0 rate=9 cwb=0 sgi=0 stbc=0 ant=0 len=128 rx_state=0 seq=-1 tx_mac=52:40:27:94:0a:bb
CSI_DATA: 28 -64 1 0 19 3 18 5 18 7 20 9 21 9 22 8 23 7 23 5 23 3 21 2 20 1 18 0 15 1 13 1 11 2 9 4 7 5 6 7 5 7 5 9 5 10 5 10 4 11 4 11 3 11 0 0 0 0 0 0 0 0 0 0 0 0 0 0 0 0 0 0 0 0 0 0 6 -9 8 -9 9 -9 10 -9 11 -9 12 -9 11 -9 12 -9 12 -8 13 -7 13 -6 12 -4 13 -2 13 0 15 2 17 4 19 5 22 5 24 4 26 3 28 1 29 -1 28 -2 27 -4 26 -4 24 -4
CSI_META: ts=3262540450 rssi=-31 noise_floor=-98 channel=6 secondary_channel=0 sig_mode=0 mcs=0 rate=9 cwb=0 sgi=0 stbc=0 ant=0 len=128 rx_state=0 seq=-1 tx_mac=52:40:27:94:0a:bb
CSI_DATA: 28 -64 1 0 1 17 1 15 0 13 -1 12 -2 11 -3 11 -4 11 -5 12 -5 12 -5 13 -4 13 -3 13 -3 13 -2 13 -1 12 -1 10 -1 9 -1 7 -2 6 -2 5 -3 4 -4 3 -5 3 -6 2 -7 2 0 0 0 0 0 0 0 0 0 0 0 0 0 0 0 0 0 0 0 0 0 0 3 4 2 5 1 6 1 7 0 8 0 9 0 10 0 11 1 12 0 12 0 13 0 12 0 11 -1 11 -1 10 -2 10 -3 10 -4 11 -6 11 -6 13 -7 15 -6 17 -6 19 -5 20 -4 21 -3 22
CSI_META: ts=3262912428 rssi=-32 noise_floor=-98 channel=6 secondary_channel=0 sig_mode=0 mcs=0 rate=9 cwb=0 sgi=0 stbc=0 ant=0 len=128 rx_state=0 seq=-1 tx_mac=52:40:27:94:0a:bb
CSI_DATA: 28 -64 1 0 17 -23 14 -19 14 -18 14 -13 15 -11 16 -10 18 -9 19 -9 21 -10 21 -11 20 -12 19 -13 17 -13 16 -14 13 -13 12 -11 10 -9 9 -7 8 -5 8 -2 8 0 9 2 9 3 9 5 10 6 0 0 0 0 0 0 0 0 0 0 0 0 0 0 0 0 0 0 0 0 0 0 -2 -9 0 -9 2 -10 4 -10 6 -12 7 -12 8 -13 10 -15 10 -17 11 -18 11 -18 10 -18 10 -17 10 -16 10 -14 10 -13 12 -11 14 -10 17 -10 20 -10 23 -12 25 -15 27 -18 28 -20 27 -23 25 -26
CSI_META: ts=3262979350 rssi=-32 noise_floor=-98 channel=6 secondary_channel=0 sig_mode=0 mcs=0 rate=9 cwb=0 sgi=0 stbc=0 ant=0 len=128 rx_state=0 seq=-1 tx_mac=52:40:27:94:0a:bb
CSI_DATA: 28 -64 1 0 -17 22 -15 19 -14 16 -14 12 -15 10 -17 9 -18 7 -20 8 -21 9 -21 10 -21 11 -20 12 -19 12 -17 13 -15 12 -13 10 -12 9 -10 7 -9 4 -9 2 -9 0 -9 -2 -9 -3 -10 -5 -10 -7 0 0 0 0 0 0 0 0 0 0 0 0 0 0 0 0 0 0 0 0 0 0 1 8 -2 9 -4 10 -6 11 -7 12 -8 13 -9 14 -10 15 -11 17 -11 17 -11 17 -10 17 -10 16 -11 14 -11 13 -12 11 -14 10 -16 9 -19 8 -22 10 -25 12 -27 15 -28 18 -28 21 -28 23 -26 26
CSI_META: ts=3263184466 rssi=-32 noise_floor=-98 channel=6 secondary_channel=0 sig_mode=0 mcs=0 rate=9 cwb=0 sgi=0 stbc=0 ant=0 len=128 rx_state=0 seq=-1 tx_mac=52:40:27:94:0a:bb
CSI_DATA: 28 -64 1 0 26 22 26 18 26 17 24 13 22 10 19 9 16 8 13 8 11 10 9 11 9 13 9 14 9 15 10 16 10 16 11 16 10 14 10 13 8 11 8 10 6 9 5 9 3 8 1 8 -1 7 0 0 0 0 0 0 0 0 0 0 0 0 0 0 0 0 0 0 0 0 0 0 9 -6 9 -4 9 -2 9 0 9 2 9 4 10 6 11 8 12 10 15 12 16 14 17 14 19 13 19 12 20 11 20 10 18 9 18 9 15 9 14 11 13 13 13 16 12 19 15 22 17 25 20 27
CSI_META: ts=3266457943 rssi=-32 noise_floor=-98 channel=6 secondary_channel=0 sig_mode=0 mcs=0 rate=9 cwb=0 sgi=0 stbc=0 ant=0 len=128 rx_state=0 seq=-1 tx_mac=52:40:27:94:0a:bb
CSI_DATA: 28 -64 1 0 8 -21 10 -19 13 -20 14 -19 15 -20 15 -22 15 -24 13 -25 11 -26 9 -25 7 -23 6 -21 5 -18 5 -16 6 -13 6 -11 7 -8 8 -6 10 -5 11 -4 11 -3 13 -2 13 -2 14 -1 13 0 0 0 0 0 0 0 0 0 0 0 0 0 0 0 0 0 0 0 0 0 0 0 -9 -10 -8 -12 -8 -13 -8 -14 -8 -15 -8 -15 -7 -15 -7 -15 -6 -16 -5 -15 -3 -15 -1 -15 2 -15 4 -16 7 -16 9 -19 10 -21 11 -25 10 -26 10 -29 8 -31 6 -32 4 -33 3 -32 2 -30 1 -28
CSI_META: ts=3266458096 rssi=-31 noise_floor=-98 channel=6 secondary_channel=0 sig_mode=0 mcs=0 rate=9 cwb=0 sgi=0 stbc=0 ant=0 len=128 rx_state=0 seq=-1 tx_mac=52:40:27:94:0a:bb
CSI_DATA: 28 -64 1 0 6 -12 7 -10 10 -11 9 -10 11 -11 11 -12 11 -13 10 -14 9 -15 7 -14 6 -13 4 -12 4 -10 4 -10 4 -7 5 -6 5 -4 5 -3 6 -2 6 -1 7 -1 8 -1 8 0 8 0 8 1 0 0 0 0 0 0 0 0 0 0 0 0 0 0 0 0 0 0 0 0 0 0 -4 -7 -4 -8 -4 -9 -3 -9 -3 -10 -3 -10 -3 -10 -3 -10 -2 -10 -1 -10 0 -9 1 -9 2 -9 4 -9 5 -9 7 -11 8 -11 9 -14 8 -14 8 -16 8 -18 7 -19 6 -20 4 -19 4 -18 4 -17
CSI_META: ts=3266458250 rssi=-31 noise_floor=-98 channel=6 secondary_channel=0 sig_mode=0 mcs=0 rate=9 cwb=0 sgi=0 stbc=0 ant=0 len=128 rx_state=0 seq=-1 tx_mac=52:40:27:94:0a:bb
CSI_DATA: 28 -64 1 0 -7 -11 -5 -11 -4 -13 -4 -13 -4 -14 -5 -15 -5 -15 -6 -14 -7 -13 -8 -13 -8 -11 -8 -10 -7 -9 -6 -8 -4 -7 -3 -7 -2 -6 0 -6 1 -6 2 -6 2 -7 3 -7 3 -7 4 -7 4 -6 0 0 0 0 0 0 0 0 0 0 0 0 0 0 0 0 0 0 0 0 0 0 -7 -1 -8 -1 -9 -2 -9 -2 -9 -3 -9 -3 -9 -3 -9 -3 -8 -4 -8 -4 -7 -4 -6 -5 -6 -6 -5 -8 -5 -9 -5 -11 -5 -12 -7 -14 -8 -14 -9 -15 -10 -15 -11 -14 -12 -13 -13 -12 -13 -11 -11 -11
CSI_META: ts=3266859267 rssi=-31 noise_floor=-98 channel=6 secondary_channel=0 sig_mode=0 mcs=0 rate=9 cwb=0 sgi=0 stbc=0 ant=0 len=128 rx_state=0 seq=-1 tx_mac=52:40:27:94:0a:bb
CSI_DATA: 28 -64 1 0 -12 -16 -13 -16 -13 -16 -14 -15 -15 -12 -15 -11 -14 -10 -13 -8 -12 -7 -10 -6 -9 -6 -7 -6 -6 -7 -5 -8 -4 -9 -4 -10 -3 -10 -3 -10 -3 -9 -3 -10 -3 -9 -3 -9 -2 -8 -1 -8 0 -7 0 0 0 0 0 0 0 0 0 0 0 0 0 0 0 0 0 0 0 0 0 0 -9 4 -9 3 -9 3 -9 2 -9 2 -8 1 -8 0 -8 -2 -8 -3 -8 -4 -8 -6 -8 -8 -9 -9 -10 -10 -12 -11 -13 -11 -14 -11 -15 -10 -16 -9 -16 -8 -15 -7 -14 -6 -13 -7 -12 -8 -11 -9 -10 -12
CSI_META: ts=3268703431 rssi=-31 noise_floor=-98 channel=6 secondary_channel=0 sig_mode=0 mcs=0 rate=9 cwb=0 sgi=0 stbc=0 ant=0 len=128 rx_state=0 seq=-1 tx_mac=52:40:27:94:0a:bb
CSI_DATA: 28 -64 1 0 3 -30 3 -27 4 -24 4 -21 6 -19 7 -19 9 -19 9 -20 10 -21 9 -22 8 -22 7 -22 6 -22 5 -21 4 -20 3 -17 3 -16 4 -13 4 -11 5 -9 6 -8 7 -7 8 -6 10 -5 11 -3 0 0 0 0 0 0 0 0 0 0 0 0 0 0 0 0 0 0 0 0 0 0 -5 -9 -3 -11 -1 -12 0 -13 1 -14 2 -16 3 -17 3 -18 3 -20 3 -20 3 -21 3 -21 3 -20 4 -19 4 -18 6 -18 7 -17 9 -17 12 -19 13 -20 15 -23 15 -26 15 -30 14 -32 12 -34 10 -36
CSI_META: ts=3269799577 rssi=-30 noise_floor=-98 channel=6 secondary_channel=0 sig_mode=0 mcs=0 rate=9 cwb=0 sgi=0 stbc=0 ant=0 len=128 rx_state=0 seq=-1 tx_mac=52:40:27:94:0a:bb
CSI_DATA: 28 -64 1 0 1 17 0 14 -1 12 -2 10 -4 10 -5 9 -6 10 -7 11 -7 11 -7 12 -6 13 -5 13 -5 13 -3 12 -3 11 -3 9 -3 8 -3 6 -3 4 -4 3 -5 2 -6 2 -6 1 -7 0 -8 -1 0 0 0 0 0 0 0 0 0 0 0 0 0 0 0 0 0 0 0 0 0 0 4 2 3 3 2 4 2 6 2 7 1 8 1 9 1 10 2 11 2 12 2 12 3 12 2 11 2 11 1 10 0 9 -2 9 -3 10 -5 10 -6 12 -7 14 -7 16 -6 18 -5 20 -3 21 -2 22
CSI_META: ts=3270728141 rssi=-33 noise_floor=-98 channel=6 secondary_channel=0 sig_mode=0 mcs=0 rate=9 cwb=0 sgi=0 stbc=0 ant=0 len=128 rx_state=0 seq=-1 tx_mac=52:40:27:94:0a:bb
CSI_DATA: 28 -64 1 0 23 -14 17 -10 13 -6 11 -1 9 5 9 9 10 13 11 17 13 19 15 20 17 20 18 19 18 18 18 16 16 14 14 12 11 9 8 8 5 6 2 5 -1 4 -4 4 -7 3 -10 2 -12 1 0 0 0 0 0 0 0 0 0 0 0 0 0 0 0 0 0 0 0 0 0 0 -5 -6 -4 -9 -4 -12 -3 -14 -3 -16 -2 -18 -3 -19 -3 -21 -2 -22 -3 -22 -3 -21 -2 -19 -1 -16 1 -13 3 -10 6 -7 10 -4 15 -2 20 -2 25 -2 29 -4 33 -6 36 -8 38 -12 38 -15 36 -17
CSI_META: ts=3271126821 rssi=-31 noise_floor=-98 channel=6 secondary_channel=0 sig_mode=0 mcs=0 rate=9 cwb=0 sgi=0 stbc=0 ant=0 len=128 rx_state=0 seq=-1 tx_mac=52:40:27:94:0a:bb
CSI_DATA: 28 -64 1 0 -33 -3 -28 -2 -22 -4 -18 -5 -15 -7 -14 -10 -12 -13 -13 -16 -15 -18 -16 -19 -18 -19 -19 -18 -19 -16 -19 -14 -18 -12 -16 -11 -12 -9 -10 -8 -7 -8 -4 -8 -2 -8 0 -9 3 -10 5 -10 7 -11 0 0 0 0 0 0 0 0 0 0 0 0 0 0 0 0 0 0 0 0 0 0 -2 8 -4 6 -7 5 -9 4 -11 2 -14 2 -16 2 -19 2 -21 2 -23 3 -24 4 -24 5 -23 6 -21 5 -19 4 -18 2 -15 0 -15 -4 -16 -7 -18 -11 -21 -14 -25 -16 -29 -18 -34 -17 -37 -15 -39 -12
CSI_META: ts=3271425902 rssi=-32 noise_floor=-98 channel=6 secondary_channel=0 sig_mode=0 mcs=0 rate=9 cwb=0 sgi=0 stbc=0 ant=0 len=128 rx_state=0 seq=-1 tx_mac=52:40:27:94:0a:bb
CSI_DATA: 28 -64 1 0 -27 11 -28 12 -27 14 -27 16 -25 17 -23 18 -19 18 -16 17 -14 16 -12 13 -11 11 -11 8 -11 5 -12 3 -13 2 -14 0 -15 -1 -15 -1 -15 -1 -15 -2 -15 -2 -15 -2 -14 -2 -13 -3 -11 -4 0 0 0 0 0 0 0 0 0 0 0 0 0 0 0 0 0 0 0 0 0 0 6 12 5 13 4 12 3 12 2 11 1 11 -1 10 -3 9 -5 10 -8 10 -11 10 -14 10 -16 12 -18 13 -19 15 -19 17 -18 19 -18 21 -16 21 -15 21 -13 20 -13 19 -12 17 -14 15 -16 13 -18 11
CSI_META: ts=3272552989 rssi=-31 noise_floor=-98 channel=6 secondary_channel=0 sig_mode=0 mcs=0 rate=9 cwb=0 sgi=0 stbc=0 ant=0 len=128 rx_state=0 seq=-1 tx_mac=52:40:27:94:0a:bb
CSI_DATA: 28 -64 1 0 -10 -10 -8 -11 -7 -13 -7 -13 -8 -14 -9 -14 -10 -14 -10 -13 -11 -12 -11 -11 -11 -9 -10 -8 -9 -7 -7 -7 -6 -7 -4 -6 -3 -6 -2 -7 -1 -7 0 -8 0 -8 1 -8 1 -8 1 -9 2 -8 0 0 0 0 0 0 0 0 0 0 0 0 0 0 0 0 0 0 0 0 0 0 -8 0 -8 0 -9 -1 -10 -1 -10 -2 -10 -2 -10 -2 -10 -2 -10 -2 -9 -3 -9 -4 -8 -5 -7 -6 -7 -7 -7 -9 -7 -10 -8 -12 -9 -13 -11 -13 -13 -13 -14 -13 -15 -12 -15 -11 -15 -10 -15 -9 -14 -9
CSI_META: ts=3273292768 rssi=-32 noise_floor=-98 channel=6 secondary_channel=0 sig_mode=0 mcs=0 rate=9 cwb=0 sgi=0 stbc=0 ant=0 len=128 rx_state=0 seq=-1 tx_mac=52:40:27:94:0a:bb
CSI_DATA: 28 -64 1 0 17 11 15 14 15 18 16 19 17 20 19 20 20 19 21 17 22 15 21 13 19 10 17 9 14 8 12 8 9 8 6 9 3 10 1 10 0 11 -1 12 -1 13 -2 14 -2 14 -3 14 -4 13 0 0 0 0 0 0 0 0 0 0 0 0 0 0 0 0 0 0 0 0 0 0 9 -7 11 -7 12 -7 14 -7 15 -6 15 -6 15 -6 15 -6 15 -5 15 -4 14 -2 13 0 13 2 14 6 14 8 16 11 18 13 21 14 24 14 28 14 29 12 31 10 31 9 30 7 28 5 25 6
CSI_META: ts=3273716921 rssi=-31 noise_floor=-98 channel=6 secondary_channel=0 sig_mode=0 mcs=0 rate=9 cwb=0 sgi=0 stbc=0 ant=0 len=128 rx_state=0 seq=-1 tx_mac=52:40:27:94:0a:bb
CSI_DATA: 28 -64 1 0 12 0 12 2 13 4 13 5 15 5 15 5 16 4 16 2 16 1 15 0 14 -1 13 -1 11 -1 10 -1 8 0 7 1 5 2 4 3 4 3 3 5 3 6 3 7 3 7 2 8 2 8 0 0 0 0 0 0 0 0 0 0 0 0 0 0 0 0 0 0 0 0 0 0 3 -8 4 -8 5 -8 5 -8 6 -8 6 -7 6 -7 6 -6 6 -6 7 -5 7 -4 8 -2 9 -1 10 0 11 1 13 2 14 2 16 1 17 0 18 -1 18 -2 18 -4 18 -4 17 -5 16 -5 15 -4
CSI_META: ts=3273866715 rssi=-31 noise_floor=-98 channel=6 secondary_channel=0 sig_mode=0 mcs=0 rate=9 cwb=0 sgi=0 stbc=0 ant=0 len=128 rx_state=0 seq=-1 tx_mac=52:40:27:94:0a:bb
CSI_DATA: 28 -64 1 0 -7 -23 -8 -22 -8 -20 -9 -17 -8 -14 -7 -12 -6 -11 -4 -10 -2 -10 -1 -10 0 -11 1 -11 1 -12 2 -13 2 -14 1 -13 1 -12 1 -12 0 -11 0 -10 0 -9 1 -7 1 -7 2 -5 3 -4 0 0 0 0 0 0 0 0 0 0 0 0 0 0 0 0 0 0 0 0 0 0 -8 1 -7 -1 -6 -2 -6 -3 -5 -4 -5 -6 -4 -7 -5 -9 -5 -11 -5 -12 -6 -14 -7 -14 -8 -14 -8 -14 -9 -13 -9 -13 -9 -12 -8 -11 -6 -11 -5 -11 -4 -12 -2 -13 0 -16 -1 -18 -1 -20 -2 -23
CSI_META: ts=3274016943 rssi=-31 noise_floor=-98 channel=6 secondary_channel=0 sig_mode=0 mcs=0 rate=9 cwb=0 sgi=0 stbc=0 ant=0 len=128 rx_state=0 seq=-1 tx_mac=52:40:27:94:0a:bb
CSI_DATA: 28 -64 1 0 13 -12 14 -14 13 -15 12 -15 10 -16 9 -16 7 -15 6 -14 5 -12 4 -11 4 -9 4 -7 5 -6 6 -5 7 -4 8 -3 8 -3 8 -3 9 -3 9 -2 8 -2 8 -2 8 -1 7 -1 7 0 0 0 0 0 0 0 0 0 0 0 0 0 0 0 0 0 0 0 0 0 0 0 -7 -6 -7 -7 -6 -7 -5 -7 -4 -7 -3 -7 -2 -7 -1 -7 1 -7 2 -8 4 -9 5 -10 6 -11 7 -12 7 -14 7 -15 6 -16 5 -17 4 -17 4 -16 3 -15 3 -14 4 -13 5 -12 7 -11 10 -11
CSI_META: ts=3274345634 rssi=-31 noise_floor=-98 channel=6 secondary_channel=0 sig_mode=0 mcs=0 rate=9 cwb=0 sgi=0 stbc=0 ant=0 len=128 rx_state=0 seq=-1 tx_mac=52:40:27:94:0a:bb
CSI_DATA: 28 -64 1 0 21 5 20 3 19 1 17 0 14 0 12 0 10 0 9 1 8 2 8 4 8 5 8 6 8 7 9 7 9 7 10 7 9 6 8 5 7 5 7 4 6 4 5 4 3 4 2 4 1 4 0 0 0 0 0 0 0 0 0 0 0 0 0 0 0 0 0 0 0 0 0 0 2 -7 3 -6 3 -5 4 -3 5 -3 6 -2 7 0 8 0 10 1 12 1 13 1 13 1 14 0 14 -1 14 -1 13 -1 12 -1 12 -1 11 0 10 2 10 3 11 5 12 6 14 8 17 8 19 8
CSI_META: ts=3274345761 rssi=-31 noise_floor=-98 channel=6 secondary_channel=0 sig_mode=0 mcs=0 rate=9 cwb=0 sgi=0 stbc=0 ant=0 len=128 rx_state=0 seq=-1 tx_mac=52:40:27:94:0a:bb
CSI_DATA: 28 -64 1 0 -16 -15 -17 -14 -15 -12 -15 -10 -13 -7 -12 -7 -9 -7 -7 -7 -6 -8 -5 -9 -5 -10 -5 -11 -6 -12 -6 -12 -6 -12 -6 -11 -6 -10 -6 -9 -5 -8 -4 -7 -4 -7 -3 -6 -2 -5 0 -5 1 -5 0 0 0 0 0 0 0 0 0 0 0 0 0 0 0 0 0 0 0 0 0 0 -7 3 -7 2 -6 1 -6 -1 -6 -2 -6 -3 -6 -4 -7 -6 -8 -7 -8 -9 -9 -10 -10 -10 -12 -10 -12 -10 -13 -9 -12 -8 -12 -7 -11 -7 -10 -7 -9 -8 -8 -8 -8 -11 -7 -12 -8 -15 -9 -17 -11 -19
CSI_META: ts=3274346002 rssi=-31 noise_floor=-98 channel=6 secondary_channel=0 sig_mode=0 mcs=0 rate=9 cwb=0 sgi=0 stbc=0 ant=0 len=128 rx_state=0 seq=-1 tx_mac=52:40:27:94:0a:bb
CSI_DATA: 28 -64 1 0 -6 21 -4 20 -2 19 -1 16 -1 14 -1 12 -1 10 -3 9 -4 8 -5 8 -6 8 -7 8 -8 9 -8 10 -8 10 -7 10 -6 9 -6 9 -5 7 -5 7 -5 6 -4 5 -4 3 -5 2 -5 1 0 0 0 0 0 0 0 0 0 0 0 0 0 0 0 0 0 0 0 0 0 0 6 3 4 3 3 4 2 5 1 5 0 6 -1 7 -2 8 -2 10 -3 11 -3 13 -3 14 -2 14 -2 14 -1 14 -1 14 0 13 -1 12 -1 10 -3 10 -4 10 -6 11 -8 12 -9 14 -10 16 -10 18
CSI_META: ts=3274726944 rssi=-32 noise_floor=-98 channel=6 secondary_channel=0 sig_mode=0 mcs=0 rate=9 cwb=0 sgi=0 stbc=0 ant=0 len=128 rx_state=0 seq=-1 tx_mac=52:40:27:94:0a:bb
CSI_DATA: 28 -64 1 0 -3 -29 -5 -31 -6 -32 -9 -31 -11 -29 -13 -27 -13 -23 -12 -20 -10 -18 -8 -15 -6 -14 -3 -13 0 -13 2 -14 4 -15 5 -15 6 -16 5 -15 5 -15 5 -15 5 -14 4 -13 5 -11 5 -10 5 -8 0 0 0 0 0 0 0 0 0 0 0 0 0 0 0 0 0 0 0 0 0 0 -15 2 -15 1 -15 0 -15 -1 -14 -1 -14 -2 -12 -3 -11 -4 -10 -6 -10 -8 -8 -11 -8 -14 -8 -17 -8 -20 -10 -22 -12 -24 -14 -24 -16 -24 -18 -22 -19 -20 -18 -19 -17 -17 -14 -17 -12 -17 -9 -18 -6 -22
CSI_META: ts=3276165283 rssi=-31 noise_floor=-98 channel=6 secondary_channel=0 sig_mode=0 mcs=0 rate=9 cwb=0 sgi=0 stbc=0 ant=0 len=128 rx_state=0 seq=-1 tx_mac=52:40:27:94:0a:bb
CSI_DATA: 28 -64 1 0 -12 14 -10 12 -9 10 -10 7 -10 6 -11 5 -11 5 -12 5 -13 5 -14 6 -14 6 -13 7 -12 7 -11 8 -10 7 -9 6 -8 5 -7 4 -6 3 -6 2 -6 0 -6 -1 -6 -2 -6 -3 -6 -4 0 0 0 0 0 0 0 0 0 0 0 0 0 0 0 0 0 0 0 0 0 0 0 5 -2 6 -3 6 -4 6 -5 7 -6 8 -6 8 -7 9 -7 10 -8 10 -8 10 -8 10 -8 9 -7 8 -7 7 -8 6 -9 5 -11 5 -12 5 -14 5 -16 6 -17 8 -18 10 -18 12 -18 14 -17 15
CSI_META: ts=3276593689 rssi=-31 noise_floor=-98 channel=6 secondary_channel=0 sig_mode=0 mcs=0 rate=9 cwb=0 sgi=0 stbc=0 ant=0 len=128 rx_state=0 seq=-1 tx_mac=52:40:27:94:0a:bb
CSI_DATA: 28 -64 1 0 -9 20 -7 19 -6 19 -4 16 -3 15 -3 13 -3 11 -3 10 -5 8 -6 8 -7 7 -8 8 -8 8 -8 9 -8 9 -8 9 -7 8 -6 8 -6 7 -5 6 -5 5 -5 4 -5 3 -5 2 -5 0 0 0 0 0 0 0 0 0 0 0 0 0 0 0 0 0 0 0 0 0 0 0 5 5 4 5 2 5 1 5 0 5 -1 6 -2 7 -4 8 -4 9 -6 10 -6 12 -6 13 -5 13 -5 14 -4 14 -4 14 -3 13 -3 12 -3 11 -4 10 -6 10 -7 10 -9 11 -11 12 -12 14 -13 16
CSI_META: ts=3276593842 rssi=-31 noise_floor=-98 channel=6 secondary_channel=0 sig_mode=0 mcs=0 rate=9 cwb=0 sgi=0 stbc=0 ant=0 len=128 rx_state=0 seq=-1 tx_mac=52:40:27:94:0a:bb
CSI_DATA: 28 -64 1 0 8 21 8 17 9 17 9 13 8 11 7 10 6 9 4 9 2 9 1 9 0 10 0 11 0 11 1 12 2 12 2 12 2 10 2 9 2 8 1 7 1 6 0 6 -1 5 -3 4 -4 3 0 0 0 0 0 0 0 0 0 0 0 0 0 0 0 0 0 0 0 0 0 0 7 0 7 1 6 1 5 2 4 3 4 4 3 6 3 7 3 9 3 11 3 12 4 13 5 13 5 14 6 13 7 13 6 11 7 11 6 9 5 10 3 10 3 12 1 14 1 16 1 18 2 20
CSI_META: ts=3276593987 rssi=-31 noise_floor=-98 channel=6 secondary_channel=0 sig_mode=0 mcs=0 rate=9 cwb=0 sgi=0 stbc=0 ant=0 len=128 rx_state=0 seq=-1 tx_mac=52:40:27:94:0a:bb
CSI_DATA: 28 -64 1 0 -23 -2 -21 -1 -20 1 -18 1 -16 3 -14 2 -12 1 -11 1 -10 -1 -10 -3 -10 -4 -10 -5 -10 -5 -11 -5 -11 -5 -12 -5 -11 -5 -10 -4 -9 -3 -9 -3 -8 -3 -7 -4 -6 -4 -4 -4 -3 -4 0 0 0 0 0 0 0 0 0 0 0 0 0 0 0 0 0 0 0 0 0 0 -3 6 -4 4 -5 3 -6 2 -7 2 -7 1 -9 0 -10 0 -11 0 -13 -1 -14 -1 -15 -1 -15 0 -15 0 -14 1 -15 1 -13 1 -13 1 -12 0 -12 -1 -12 -2 -13 -3 -15 -5 -16 -7 -18 -7 -20 -7
CSI_META: ts=3276597611 rssi=-31 noise_floor=-98 channel=6 secondary_channel=0 sig_mode=0 mcs=0 rate=9 cwb=0 sgi=0 stbc=0 ant=0 len=128 rx_state=0 seq=-1 tx_mac=52:40:27:94:0a:bb
CSI_DATA: 28 -64 1 0 19 9 19 7 18 6 16 4 15 3 13 2 11 2 9 3 8 4 7 5 7 6 7 7 7 7 8 8 8 8 8 8 8 7 7 7 6 6 6 5 5 5 4 5 3 4 2 4 0 4 0 0 0 0 0 0 0 0 0 0 0 0 0 0 0 0 0 0 0 0 0 0 4 -6 5 -4 5 -3 5 -2 6 0 6 1 7 2 8 3 9 4 11 5 12 5 13 5 13 5 14 4 14 3 13 3 12 3 12 3 11 3 10 4 10 5 11 7 10 9 12 11 14 12 16 13
CSI_META: ts=3276597756 rssi=-31 noise_floor=-98 channel=6 secondary_channel=0 sig_mode=0 mcs=0 rate=9 cwb=0 sgi=0 stbc=0 ant=0 len=128 rx_state=0 seq=-1 tx_mac=52:40:27:94:0a:bb
CSI_DATA: 28 -64 1 0 2 22 4 20 5 18 5 16 5 13 4 12 3 10 1 10 0 9 -2 10 -2 10 -3 11 -3 11 -3 12 -2 12 -2 12 -2 11 -1 10 -1 8 -1 8 -1 6 -2 5 -3 4 -4 3 -5 2 0 0 0 0 0 0 0 0 0 0 0 0 0 0 0 0 0 0 0 0 0 0 7 1 7 2 6 2 5 3 4 4 3 5 2 6 2 8 2 9 1 11 1 13 1 14 2 14 3 14 4 14 5 14 4 13 4 12 4 11 3 11 1 11 0 12 -2 14 -3 16 -3 18 -2 21
CSI_META: ts=3276597910 rssi=-31 noise_floor=-98 channel=6 secondary_channel=0 sig_mode=0 mcs=0 rate=9 cwb=0 sgi=0 stbc=0 ant=0 len=128 rx_state=0 seq=-1 tx_mac=52:40:27:94:0a:bb
CSI_DATA: 28 -64 1 0 15 16 15 13 15 12 14 10 13 8 11 7 9 6 7 6 6 7 5 7 4 8 4 9 4 10 4 10 5 10 5 10 5 9 5 9 4 8 4 7 3 6 2 6 1 5 0 5 -1 4 0 0 0 0 0 0 0 0 0 0 0 0 0 0 0 0 0 0 0 0 0 0 6 -3 6 -2 5 -1 5 1 5 2 5 3 5 5 6 6 7 7 8 8 9 9 10 10 10 9 11 9 11 8 11 8 10 7 10 7 9 7 8 8 7 9 7 10 6 13 7 14 9 16 10 18
CSI_META: ts=3280977481 rssi=-31 noise_floor=-98 channel=6 secondary_channel=0 sig_mode=0 mcs=0 rate=9 cwb=0 sgi=0 stbc=0 ant=0 len=128 rx_state=0 seq=-1 tx_mac=52:40:27:94:0a:bb
CSI_DATA: 28 -64 1 0 25 25 26 21 24 19 22 15 20 12 17 11 13 11 10 11 8 12 7 14 7 15 6 17 7 18 7 19 8 19 9 18 8 16 8 14 7 13 6 12 5 10 3 9 1 9 -1 8 -3 7 0 0 0 0 0 0 0 0 0 0 0 0 0 0 0 0 0 0 0 0 0 0 9 -5 10 -3 9 -1 9 1 9 3 10 6 10 8 12 10 13 12 15 14 16 15 18 15 19 15 19 13 19 13 18 12 16 11 15 11 14 12 12 14 10 16 11 19 10 23 13 26 16 29 19 31
CSI_META: ts=3281706294 rssi=-30 noise_floor=-98 channel=6 secondary_channel=0 sig_mode=0 mcs=0 rate=9 cwb=0 sgi=0 stbc=0 ant=0 len=128 rx_state=0 seq=-1 tx_mac=52:40:27:94:0a:bb
CSI_DATA: 28 -64 1 0 32 0 31 -1 31 -3 29 -4 27 -6 25 -6 22 -6 19 -6 19 -5 17 -4 17 -2 17 -1 16 0 17 1 17 1 18 2 17 1 15 1 14 1 13 1 12 1 11 2 10 3 8 4 7 5 0 0 0 0 0 0 0 0 0 0 0 0 0 0 0 0 0 0 0 0 0 0 8 -11 9 -10 10 -9 10 -8 11 -7 11 -6 12 -4 13 -3 14 -2 16 0 18 1 19 2 21 2 22 2 23 1 24 0 24 -1 25 -2 24 -3 24 -3 23 -2 24 -2 24 0 26 1 27 2 29 2
CSI_META: ts=3282303972 rssi=-30 noise_floor=-98 channel=6 secondary_channel=0 sig_mode=0 mcs=0 rate=9 cwb=0 sgi=0 stbc=0 ant=0 len=128 rx_state=0 seq=-1 tx_mac=52:40:27:94:0a:bb
CSI_DATA: 28 -64 1 0 3 -20 2 -19 1 -18 1 -16 0 -15 0 -14 1 -14 0 -13 1 -13 1 -13 1 -13 1 -12 1 -12 1 -13 1 -12 1 -12 1 -11 1 -10 0 -9 1 -8 1 -7 2 -7 2 -6 3 -6 4 -5 0 0 0 0 0 0 0 0 0 0 0 0 0 0 0 0 0 0 0 0 0 0 -3 -7 -2 -8 -1 -8 0 -8 1 -8 2 -8 2 -9 3 -9 4 -10 4 -11 5 -12 5 -12 5 -12 5 -13 5 -13 4 -13 4 -13 5 -13 5 -13 5 -14 6 -14 6 -15 7 -16 7 -17 7 -19 6 -20
CSI_META: ts=3282526784 rssi=-31 noise_floor=-98 channel=6 secondary_channel=0 sig_mode=0 mcs=0 rate=9 cwb=0 sgi=0 stbc=0 ant=0 len=128 rx_state=0 seq=-1 tx_mac=52:40:27:94:0a:bb
CSI_DATA: 28 -64 1 0 -23 -21 -24 -19 -24 -18 -24 -16 -23 -13 -23 -12 -21 -10 -19 -9 -17 -8 -16 -8 -14 -8 -13 -9 -12 -10 -12 -11 -12 -12 -11 -12 -11 -12 -10 -11 -9 -11 -9 -10 -9 -10 -8 -10 -7 -9 -5 -10 -4 -9 0 0 0 0 0 0 0 0 0 0 0 0 0 0 0 0 0 0 0 0 0 0 -12 1 -12 0 -12 -2 -12 -3 -11 -4 -11 -5 -11 -6 -11 -8 -11 -10 -12 -12 -12 -13 -13 -15 -14 -15 -15 -16 -16 -16 -17 -16 -18 -15 -19 -15 -19 -14 -19 -13 -18 -13 -18 -14 -17 -16 -17 -17 -18 -18 -18 -21
CSI_META: ts=3282526929 rssi=-30 noise_floor=-98 channel=6 secondary_channel=0 sig_mode=0 mcs=0 rate=9 cwb=0 sgi=0 stbc=0 ant=0 len=128 rx_state=0 seq=-1 tx_mac=52:40:27:94:0a:bb
CSI_DATA: 28 -64 1 0 19 -6 19 -7 17 -8 17 -8 15 -8 14 -9 12 -9 11 -8 9 -7 9 -7 9 -6 9 -5 10 -3 10 -3 11 -3 10 -2 10 -2 10 -2 9 -2 8 -2 8 -1 7 -1 7 -1 6 0 6 1 0 0 0 0 0 0 0 0 0 0 0 0 0 0 0 0 0 0 0 0 0 0 2 -8 3 -8 4 -8 5 -7 5 -6 6 -6 6 -5 7 -5 8 -4 9 -4 10 -4 12 -4 13 -4 14 -4 15 -5 14 -5 15 -6 14 -6 14 -7 14 -6 13 -6 14 -6 13 -6 15 -5 16 -5 18 -6
CSI_META: ts=3282527074 rssi=-30 noise_floor=-98 channel=6 secondary_channel=0 sig_mode=0 mcs=0 rate=9 cwb=0 sgi=0 stbc=0 ant=0 len=128 rx_state=0 seq=-1 tx_mac=52:40:27:94:0a:bb
CSI_DATA: 28 -64 1 0 15 -15 13 -14 14 -15 11 -15 10 -15 9 -15 8 -13 6 -12 7 -12 6 -10 6 -9 7 -8 7 -7 8 -8 8 -7 9 -7 8 -6 8 -6 8 -6 7 -5 7 -5 7 -4 6 -4 6 -3 6 -2 0 0 0 0 0 0 0 0 0 0 0 0 0 0 0 0 0 0 0 0 0 0 -1 -9 0 -8 0 -9 1 -8 2 -8 3 -7 4 -7 5 -7 6 -8 8 -8 9 -8 10 -8 11 -9 11 -9 11 -10 11 -11 10 -11 11 -13 9 -12 10 -12 9 -12 10 -12 11 -11 12 -11 13 -11 14 -12
CSI_META: ts=3282535158 rssi=-31 noise_floor=-98 channel=6 secondary_channel=0 sig_mode=0 mcs=0 rate=9 cwb=0 sgi=0 stbc=0 ant=0 len=128 rx_state=0 seq=-1 tx_mac=52:40:27:94:0a:bb
CSI_DATA: 28 -64 1 0 25 15 26 13 26 11 26 9 25 7 24 5 21 4 19 3 18 3 16 4 15 4 14 5 13 6 13 7 13 8 13 8 12 8 12 8 11 7 11 7 10 7 9 7 7 7 7 7 5 7 0 0 0 0 0 0 0 0 0 0 0 0 0 0 0 0 0 0 0 0 0 0 11 -5 11 -4 11 -3 11 -1 11 0 11 2 10 3 11 4 12 6 13 7 14 9 15 10 16 11 17 11 19 11 19 11 20 10 20 9 20 8 20 8 20 8 20 9 19 10 20 11 22 13 23 14
CSI_META: ts=3282535339 rssi=-30 noise_floor=-98 channel=6 secondary_channel=0 sig_mode=0 mcs=0 rate=9 cwb=0 sgi=0 stbc=0 ant=0 len=128 rx_state=0 seq=-1 tx_mac=52:40:27:94:0a:bb
CSI_DATA: 28 -64 1 0 -5 20 -3 20 -2 20 -1 18 1 17 1 16 2 14 1 13 1 12 0 11 -1 10 -1 10 -2 10 -3 10 -3 11 -3 10 -3 10 -3 10 -3 9 -3 8 -2 8 -3 7 -3 6 -4 5 -5 4 0 0 0 0 0 0 0 0 0 0 0 0 0 0 0 0 0 0 0 0 0 0 5 6 4 7 3 7 3 7 2 7 1 7 0 8 -1 8 -1 9 -2 9 -3 11 -4 12 -4 13 -4 14 -4 14 -4 15 -3 16 -2 16 -2 15 -1 15 -1 15 -1 15 -3 15 -3 15 -4 16 -5 18
CSI_META: ts=3282535457 rssi=-29 noise_floor=-98 channel=6 secondary_channel=0 sig_mode=0 mcs=0 rate=9 cwb=0 sgi=0 stbc=0 ant=0 len=128 rx_state=0 seq=-1 tx_mac=52:40:27:94:0a:bb
CSI_DATA: 28 -64 1 0 13 14 14 13 14 13 14 12 14 10 13 9 13 8 11 6 10 6 10 6 8 5 8 5 7 6 7 7 6 7 6 8 5 8 5 8 5 7 4 7 4 7 4 7 3 6 2 6 1 6 0 0 0 0 0 0 0 0 0 0 0 0 0 0 0 0 0 0 0 0 0 0 7 -1 7 0 7 1 7 1 7 2 6 3 6 4 6 5 6 7 7 7 7 9 7 10 8 10 9 10 10 11 10 11 10 10 11 10 11 10 11 10 11 10 11 10 10 11 11 12 11 12 11 14
CSI_META: ts=3282918332 rssi=-29 noise_floor=-98 channel=6 secondary_channel=0 sig_mode=0 mcs=0 rate=9 cwb=0 sgi=0 stbc=0 ant=0 len=128 rx_state=0 seq=-1 tx_mac=52:40:27:94:0a:bb
CSI_DATA: 28 -64 1 0 -22 4 -21 5 -20 7 -18 8 -16 9 -15 8 -12 8 -11 7 -10 5 -10 4 -9 3 -10 2 -10 1 -11 0 -11 0 -11 -1 -11 0 -11 0 -10 0 -10 0 -9 -1 -9 -1 -8 -1 -7 -2 -6 -3 0 0 0 0 0 0 0 0 0 0 0 0 0 0 0 0 0 0 0 0 0 0 -1 8 -2 7 -3 7 -4 6 -5 5 -5 5 -6 4 -8 3 -9 3 -11 3 -12 3 -13 3 -14 4 -15 5 -15 6 -15 6 -15 7 -14 7 -13 7 -13 7 -13 6 -13 5 -14 4 -15 3 -17 2 -18 2
CSI_META: ts=3283163888 rssi=-31 noise_floor=-98 channel=6 secondary_channel=0 sig_mode=0 mcs=0 rate=9 cwb=0 sgi=0 stbc=0 ant=0 len=128 rx_state=0 seq=-1 tx_mac=52:40:27:94:0a:bb
CSI_DATA: 28 -64 1 0 -23 2 -20 2 -17 3 -15 2 -12 2 -11 0 -10 -2 -10 -3 -10 -5 -10 -6 -11 -7 -12 -7 -13 -6 -13 -5 -13 -5 -12 -4 -11 -3 -10 -3 -8 -2 -7 -2 -6 -3 -4 -3 -3 -4 -2 -5 -1 -6 0 0 0 0 0 0 0 0 0 0 0 0 0 0 0 0 0 0 0 0 0 0 -2 6 -3 5 -4 4 -6 3 -7 2 -8 2 -9 1 -11 1 -12 2 -14 2 -14 2 -15 2 -14 3 -14 3 -13 3 -12 3 -11 2 -11 1 -11 -1 -12 -3 -13 -4 -15 -5 -17 -7 -20 -7 -22 -6 -23 -4
CSI_META: ts=3283696167 rssi=-31 noise_floor=-98 channel=6 secondary_channel=0 sig_mode=0 mcs=0 rate=9 cwb=0 sgi=0 stbc=0 ant=0 len=128 rx_state=0 seq=-1 tx_mac=52:40:27:94:0a:bb
CSI_DATA: 28 -64 1 0 -16 -19 -15 -16 -14 -14 -12 -11 -9 -9 -7 -8 -4 -8 -1 -8 1 -9 3 -11 3 -12 4 -13 3 -14 3 -15 3 -15 2 -14 2 -13 1 -12 1 -10 1 -8 1 -7 1 -5 2 -4 3 -2 3 0 0 0 0 0 0 0 0 0 0 0 0 0 0 0 0 0 0 0 0 0 0 0 -3 4 -4 3 -5 1 -6 0 -7 -1 -8 -3 -10 -4 -11 -5 -13 -5 -14 -5 -16 -6 -16 -6 -16 -4 -15 -4 -14 -3 -13 -4 -10 -4 -8 -5 -7 -7 -6 -9 -5 -12 -5 -15 -5 -18 -7 -21 -9 -23 -11 -25
CSI_META: ts=3283696285 rssi=-31 noise_floor=-98 channel=6 secondary_channel=0 sig_mode=0 mcs=0 rate=9 cwb=0 sgi=0 stbc=0 ant=0 len=128 rx_state=0 seq=-1 tx_mac=52:40:27:94:0a:bb
CSI_DATA: 28 -64 1 0 -26 -5 -21 -3 -19 -3 -15 -1 -12 -2 -10 -3 -7 -5 -5 -7 -5 -10 -5 -11 -6 -13 -7 -14 -7 -14 -9 -14 -8 -12 -9 -12 -7 -9 -6 -9 -5 -7 -4 -6 -2 -5 0 -4 1 -4 3 -3 5 -3 0 0 0 0 0 0 0 0 0 0 0 0 0 0 0 0 0 0 0 0 0 0 3 6 1 5 -1 5 -3 4 -4 3 -6 3 -8 2 -10 2 -12 3 -15 4 -15 5 -16 5 -16 6 -15 6 -14 6 -13 6 -11 4 -10 3 -9 0 -10 -3 -10 -6 -12 -8 -15 -11 -19 -11 -22 -11 -24 -11
CSI_META: ts=3283903127 rssi=-32 noise_floor=-98 channel=6 secondary_channel=0 sig_mode=0 mcs=0 rate=9 cwb=0 sgi=0 stbc=0 ant=0 len=128 rx_state=0 seq=-1 tx_mac=52:40:27:94:0a:bb
CSI_DATA: 28 -64 1 0 34 -14 29 -15 24 -14 20 -12 15 -9 13 -5 11 -1 10 2 11 6 13 9 15 11 17 12 18 12 19 11 19 10 18 9 16 7 14 5 11 4 9 4 6 4 4 4 0 5 -2 5 -5 6 0 0 0 0 0 0 0 0 0 0 0 0 0 0 0 0 0 0 0 0 0 0 -10 -5 -7 -6 -5 -7 -2 -8 1 -9 3 -9 6 -11 8 -13 11 -15 13 -18 14 -20 13 -21 13 -22 12 -22 10 -21 9 -19 8 -16 8 -14 9 -10 12 -6 15 -3 21 -1 25 0 31 -1 35 -3 38 -7
CSI_META: ts=3284147172 rssi=-31 noise_floor=-98 channel=6 secondary_channel=0 sig_mode=0 mcs=0 rate=9 cwb=0 sgi=0 stbc=0 ant=0 len=128 rx_state=0 seq=-1 tx_mac=52:40:27:94:0a:bb
CSI_DATA: 28 -64 1 0 0 11 -2 13 -3 15 -3 16 -2 18 -1 18 0 19 1 18 2 17 3 15 3 13 3 11 2 9 1 7 -1 5 -3 4 -4 3 -6 2 -7 1 -8 1 -8 1 -9 1 -10 1 -10 0 -10 -1 0 0 0 0 0 0 0 0 0 0 0 0 0 0 0 0 0 0 0 0 0 0 5 -8 6 -8 7 -8 7 -7 7 -7 7 -6 7 -5 7 -4 7 -3 6 -1 6 1 6 3 6 5 6 8 7 10 9 12 10 13 12 14 14 13 15 13 16 12 16 10 15 9 14 8 12 7 9 7
CSI_META: ts=3284270464 rssi=-31 noise_floor=-98 channel=6 secondary_channel=0 sig_mode=0 mcs=0 rate=9 cwb=0 sgi=0 stbc=0 ant=0 len=128 rx_state=0 seq=-1 tx_mac=52:40:27:94:0a:bb
CSI_DATA: 28 -64 1 0 -17 -13 -18 -12 -19 -12 -19 -10 -19 -8 -18 -7 -16 -5 -14 -3 -12 -3 -9 -3 -7 -4 -5 -5 -3 -6 -2 -8 -1 -8 0 -10 0 -10 0 -11 0 -10 0 -10 0 -10 0 -10 1 -9 1 -8 1 -6 0 0 0 0 0 0 0 0 0 0 0 0 0 0 0 0 0 0 0 0 0 0 4 8 3 7 2 7 1 6 0 6 -1 5 -3 4 -4 3 -7 3 -9 2 -11 1 -13 1 -15 1 -16 2 -17 3 -18 4 -17 5 -17 6 -15 6 -14 6 -12 5 -11 3 -10 0 -9 -3 -10 -6 -11 -9
CSI_META: ts=3285226763 rssi=-32 noise_floor=-98 channel=6 secondary_channel=0 sig_mode=0 mcs=0 rate=9 cwb=0 sgi=0 stbc=0 ant=0 len=128 rx_state=0 seq=-1 tx_mac=52:40:27:94:0a:bb
CSI_DATA: 28 -64 1 0 -26 6 -22 5 -19 1 -18 -1 -17 -3 -18 -6 -18 -8 -19 -8 -21 -8 -22 -8 -23 -6 -23 -5 -22 -3 -21 -2 -19 -2 -17 -2 -13 -2 -11 -2 -9 -3 -7 -5 -6 -6 -5 -7 -4 -9 -2 -10 -1 -11 0 0 0 0 0 0 0 0 0 0 0 0 0 0 0 0 0 0 0 0 0 0 -5 7 -7 7 -9 7 -11 6 -13 7 -14 7 -15 7 -16 8 -16 9 -17 9 -17 9 -16 8 -16 7 -15 5 -15 3 -15 0 -16 -2 -18 -4 -21 -5 -24 -6 -27 -6 -30 -4 -32 -3 -34 0 -35 3 -34 5
CSI_META: ts=3285434967 rssi=-32 noise_floor=-98 channel=6 secondary_channel=0 sig_mode=0 mcs=0 rate=9 cwb=0 sgi=0 stbc=0 ant=0 len=128 rx_state=0 seq=-1 tx_mac=52:40:27:94:0a:bb
CSI_DATA: 28 -64 1 0 -2 -21 1 -20 5 -21 6 -22 8 -23 7 -25 7 -26 5 -27 3 -27 1 -26 0 -24 -1 -21 -1 -19 0 -16 1 -14 3 -11 5 -10 6 -8 8 -7 9 -7 10 -7 12 -7 12 -6 13 -6 12 -4 0 0 0 0 0 0 0 0 0 0 0 0 0 0 0 0 0 0 0 0 0 0 -10 -4 -10 -7 -10 -9 -11 -10 -11 -12 -12 -13 -12 -13 -13 -14 -13 -14 -12 -14 -11 -14 -9 -14 -7 -13 -5 -14 -2 -15 0 -18 1 -21 2 -24 2 -26 0 -29 -1 -31 -4 -33 -6 -34 -8 -33 -10 -31 -10 -29
CSI_META: ts=3286092440 rssi=-31 noise_floor=-98 channel=6 secondary_channel=0 sig_mode=0 mcs=0 rate=9 cwb=0 sgi=0 stbc=0 ant=0 len=128 rx_state=0 seq=-1 tx_mac=52:40:27:94:0a:bb
CSI_DATA: 28 -64 1 0 -13 -6 -12 -7 -11 -9 -12 -10 -12 -10 -13 -10 -14 -10 -14 -9 -15 -8 -14 -7 -14 -6 -13 -5 -11 -4 -10 -4 -8 -4 -7 -5 -5 -5 -4 -6 -3 -6 -3 -7 -2 -8 -2 -8 -1 -9 -1 -9 0 -9 0 0 0 0 0 0 0 0 0 0 0 0 0 0 0 0 0 0 0 0 0 0 -7 4 -8 3 -9 3 -9 3 -10 3 -10 2 -10 2 -10 2 -10 2 -10 1 -10 0 -9 -1 -9 -2 -9 -4 -10 -6 -11 -7 -12 -8 -14 -9 -16 -9 -17 -8 -19 -7 -19 -6 -20 -5 -20 -4 -19 -3 -17 -3
CSI_META: ts=3286300818 rssi=-30 noise_floor=-98 channel=6 secondary_channel=0 sig_mode=0 mcs=0 rate=9 cwb=0 sgi=0 stbc=0 ant=0 len=128 rx_state=0 seq=-1 tx_mac=52:40:27:94:0a:bb
CSI_DATA: 28 -64 1 0 7 -8 9 -8 11 -8 12 -9 13 -9 13 -11 13 -12 11 -13 10 -13 8 -13 7 -12 6 -10 5 -8 4 -7 4 -5 4 -3 5 -1 5 1 6 1 6 2 6 2 7 3 7 4 7 4 6 4 0 0 0 0 0 0 0 0 0 0 0 0 0 0 0 0 0 0 0 0 0 0 -8 -4 -8 -5 -8 -6 -8 -7 -8 -7 -8 -7 -7 -7 -7 -7 -6 -7 -5 -7 -3 -8 -1 -8 1 -8 3 -9 4 -10 5 -12 6 -14 6 -16 6 -17 5 -19 3 -19 2 -20 1 -19 1 -18 0 -16 1 -14
CSI_META: ts=3286463125 rssi=-33 noise_floor=-98 channel=6 secondary_channel=0 sig_mode=0 mcs=0 rate=9 cwb=0 sgi=0 stbc=0 ant=0 len=128 rx_state=0 seq=-1 tx_mac=52:40:27:94:0a:bb
CSI_DATA: 28 -64 1 0 25 -8 28 -9 29 -11 29 -13 28 -15 26 -17 23 -17 20 -18 17 -16 14 -15 12 -12 10 -9 9 -5 9 -2 9 2 9 4 10 6 10 8 10 8 10 9 10 9 11 10 10 10 9 10 8 9 0 0 0 0 0 0 0 0 0 0 0 0 0 0 0 0 0 0 0 0 0 0 -16 -5 -15 -6 -14 -7 -13 -7 -12 -7 -10 -7 -7 -7 -5 -8 -2 -10 1 -11 4 -13 7 -15 10 -17 11 -20 12 -23 12 -25 11 -28 10 -29 8 -29 6 -28 5 -27 4 -24 4 -21 6 -18 9 -14 12 -12
CSI_META: ts=3286463270 rssi=-33 noise_floor=-98 channel=6 secondary_channel=0 sig_mode=0 mcs=0 rate=9 cwb=0 sgi=0 stbc=0 ant=0 len=128 rx_state=0 seq=-1 tx_mac=52:40:27:94:0a:bb
CSI_DATA: 28 -64 1 0 27 -6 27 -6 32 -8 30 -11 29 -13 28 -15 25 -15 20 -15 18 -14 15 -11 12 -9 10 -5 9 -1 9 1 8 4 10 7 10 8 10 9 10 9 10 10 11 10 10 11 9 10 7 10 5 9 0 0 0 0 0 0 0 0 0 0 0 0 0 0 0 0 0 0 0 0 0 0 -15 -8 -14 -8 -14 -9 -13 -9 -12 -9 -10 -9 -8 -9 -6 -9 -4 -9 1 -11 5 -11 9 -13 11 -15 13 -17 14 -20 15 -24 14 -24 14 -28 11 -28 9 -29 8 -27 6 -25 7 -21 9 -17 10 -13 14 -9
CSI_META: ts=3286473639 rssi=-32 noise_floor=-98 channel=6 secondary_channel=0 sig_mode=0 mcs=0 rate=9 cwb=0 sgi=0 stbc=0 ant=0 len=128 rx_state=0 seq=-1 tx_mac=52:40:27:94:0a:bb
CSI_DATA: 28 -64 1 0 -25 -11 -28 -11 -30 -10 -31 -8 -31 -6 -30 -4 -28 -1 -25 1 -22 1 -18 1 -15 -1 -11 -2 -9 -4 -6 -6 -4 -9 -3 -11 -2 -13 -2 -14 -2 -14 -2 -15 -1 -15 -2 -15 -1 -14 0 -13 1 -12 0 0 0 0 0 0 0 0 0 0 0 0 0 0 0 0 0 0 0 0 0 0 11 9 10 10 9 10 8 10 6 10 5 9 2 8 0 8 -3 7 -6 7 -10 7 -14 7 -17 8 -20 10 -22 12 -23 14 -23 16 -23 18 -21 18 -19 19 -17 18 -15 16 -14 12 -13 8 -15 4 -16 -1
CSI_META: ts=3286759198 rssi=-32 noise_floor=-98 channel=6 secondary_channel=0 sig_mode=0 mcs=0 rate=9 cwb=0 sgi=0 stbc=0 ant=0 len=128 rx_state=0 seq=-1 tx_mac=52:40:27:94:0a:bb
CSI_DATA: 28 -64 1 0 -8 -35 -10 -32 -12 -31 -13 -26 -13 -23 -11 -21 -10 -18 -8 -16 -5 -16 -3 -15 -1 -15 0 -16 2 -17 2 -19 2 -19 2 -19 1 -18 1 -17 1 -16 1 -15 1 -13 1 -12 2 -10 3 -9 5 -7 0 0 0 0 0 0 0 0 0 0 0 0 0 0 0 0 0 0 0 0 0 0 -13 0 -11 -1 -10 -3 -9 -4 -8 -6 -6 -8 -6 -10 -5 -13 -6 -15 -6 -18 -7 -20 -7 -22 -9 -22 -10 -23 -11 -22 -13 -22 -12 -20 -12 -19 -11 -17 -8 -17 -6 -18 -4 -19 -2 -22 -1 -25 0 -28 -1 -32
