{
  "empty": 11.10680079671595,
  "multi": 11.60680079671595,
  "metadata": {
    "version": "2.0",
    "timestamp": "2026-03-09",
    "method": "statistical-robust",
    "data_sources": [
      "occupied_dummy",
      "multi_dummy",
      "empty_myroom",
      "occupied_myroom",
      "multi_myroom",
      "movement_myroom"
    ],
    "statistics": {
      "empty": {
        "mean": 10.06497714557285,
        "median": 10.126406319106652,
        "std": 0.52091182557155,
        "variance": 0.27134913002028493,
        "coeff_variation": 0.05175489402367116,
        "min": 9.180106285935482,
        "max": 10.787811738377453,
        "q1": 9.655013423152845,
        "q2": 10.126406319106652,
        "q3": 10.506652537685333,
        "p5": 9.180106285935482,
        "p95": 10.787811738377453,
        "count": 667,
        "iqr": 0.8516391145324889
      },
      "movement": {
        "mean": 10.964722211325114,
        "median": 10.981417290009603,
        "std": 0.2966612954239903,
        "variance": 0.08800792420264004,
        "coeff_variation": 0.027055979137394128,
        "min": 10.504158834586528,
        "max": 11.405688625084832,
        "q1": 10.700151113076874,
        "q2": 10.981417290009603,
        "q3": 11.207095173595821,
        "p5": 10.504158834586528,
        "p95": 11.405688625084832,
        "count": 765,
        "iqr": 0.506944060518947
      },
      "multi": {
        "mean": 9.602520548444637,
        "median": 9.770772865423726,
        "std": 1.1850077515539523,
        "variance": 1.4042433712429536,
        "coeff_variation": 0.12340590634013143,
        "min": 7.545181888544937,
        "max": 11.315736263274047,
        "q1": 8.66183880350391,
        "q2": 9.770772865423726,
        "q3": 10.554434755840846,
        "p5": 7.545181888544937,
        "p95": 11.315736263274047,
        "count": 1164,
        "iqr": 1.8925959523369364
      },
      "occupied": {
        "mean": 9.583660265728431,
        "median": 9.866663647324451,
        "std": 1.3239325873570011,
        "variance": 1.7527974958658035,
        "coeff_variation": 0.13814477459653848,
        "min": 7.378669559929279,
        "max": 12.118692375040904,
        "q1": 8.40968118462764,
        "q2": 9.866663647324451,
        "q3": 10.707080488445442,
        "p5": 7.378669559929279,
        "p95": 11.261754556698909,
        "count": 1032,
        "iqr": 2.2973993038178016
      }
    }
  }
}